image_id,image_url,label,gender,age_group
1,https://images.unsplash.com/photo-1724225618359-a1d2763326f9?crop=entropy&cs=tinysrgb&fit=max&fm=jpg&ixid=M3w5NDQwMTV8MHwxfHNlYXJjaHwxfHxodW1hbiUyMGZhY2UlMjBwb3J0cmFpdHxlbnwwfHx8fDE3NzgwNjQ2ODd8MA&ixlib=rb-4.1.0&q=80&w=1080,REAL,Female,18-25
2,https://images.unsplash.com/photo-1724225618735-075be4f96a63?crop=entropy&cs=tinysrgb&fit=max&fm=jpg&ixid=M3w5NDQwMTV8MHwxfHNlYXJjaHwyfHxodW1hbiUyMGZhY2UlMjBwb3J0cmFpdHxlbnwwfHx8fDE3NzgwNjQ2ODd8MA&ixlib=rb-4.1.0&q=80&w=1080,REAL,Male,50+
3,https://images.unsplash.com/photo-1724225618348-636d316ef39b?crop=entropy&cs=tinysrgb&fit=max&fm=jpg&ixid=M3w5NDQwMTV8MHwxfHNlYXJjaHwzfHxodW1hbiUyMGZhY2UlMjBwb3J0cmFpdHxlbnwwfHx8fDE3NzgwNjQ2ODd8MA&ixlib=rb-4.1.0&q=80&w=1080,REAL,Female,36-50
4,https://images.unsplash.com/photo-1724225618557-cd687a6d2523?crop=entropy&cs=tinysrgb&fit=max&fm=jpg&ixid=M3w5NDQwMTV8MHwxfHNlYXJjaHw0fHxodW1hbiUyMGZhY2UlMjBwb3J0cmFpdHxlbnwwfHx8fDE3NzgwNjQ2ODd8MA&ixlib=rb-4.1.0&q=80&w=1080,REAL,Female,26-35
5,https://images.unsplash.com/photo-1724225618238-d03fc678f848?crop=entropy&cs=tinysrgb&fit=max&fm=jpg&ixid=M3w5NDQwMTV8MHwxfHNlYXJjaHw1fHxodW1hbiUyMGZhY2UlMjBwb3J0cmFpdHxlbnwwfHx8fDE3NzgwNjQ2ODd8MA&ixlib=rb-4.1.0&q=80&w=1080,REAL,Male,36-50
6,https://images.unsplash.com/photo-1724225618691-ff4daa0915a5?crop=entropy&cs=tinysrgb&fit=max&fm=jpg&ixid=M3w5NDQwMTV8MHwxfHNlYXJjaHw2fHxodW1hbiUyMGZhY2UlMjBwb3J0cmFpdHxlbnwwfHx8fDE3NzgwNjQ2ODd8MA&ixlib=rb-4.1.0&q=80&w=1080,REAL,Unknown,50+
7,https://images.unsplash.com/photo-1657403669233-a217f09e44a9?crop=entropy&cs=tinysrgb&fit=max&fm=jpg&ixid=M3w5NDQwMTV8MHwxfHNlYXJjaHw3fHxodW1hbiUyMGZhY2UlMjBwb3J0cmFpdHxlbnwwfHx8fDE3NzgwNjQ2ODd8MA&ixlib=rb-4.1.0&q=80&w=1080,REAL,Male,26-35
8,https://images.unsplash.com/photo-1724225618853-98b107ca6ba5?crop=entropy&cs=tinysrgb&fit=max&fm=jpg&ixid=M3w5NDQwMTV8MHwxfHNlYXJjaHw4fHxodW1hbiUyMGZhY2UlMjBwb3J0cmFpdHxlbnwwfHx8fDE3NzgwNjQ2ODd8MA&ixlib=rb-4.1.0&q=80&w=1080,REAL,Unknown,18-25
9,https://images.unsplash.com/photo-1724225618338-a2525076e0e2?crop=entropy&cs=tinysrgb&fit=max&fm=jpg&ixid=M3w5NDQwMTV8MHwxfHNlYXJjaHw5fHxodW1hbiUyMGZhY2UlMjBwb3J0cmFpdHxlbnwwfHx8fDE3NzgwNjQ2ODd8MA&ixlib=rb-4.1.0&q=80&w=1080,REAL,Male,26-35
10,https://images.unsplash.com/photo-1724225618730-9df5194c68a7?crop=entropy&cs=tinysrgb&fit=max&fm=jpg&ixid=M3w5NDQwMTV8MHwxfHNlYXJjaHwxMHx8aHVtYW4lMjBmYWNlJTIwcG9ydHJhaXR8ZW58MHx8fHwxNzc4MDY0Njg3fDA&ixlib=rb-4.1.0&q=80&w=1080,REAL,Unknown,26-35
11,https://images.unsplash.com/photo-1724225618124-0f0d51cf33f4?crop=entropy&cs=tinysrgb&fit=max&fm=jpg&ixid=M3w5NDQwMTV8MHwxfHNlYXJjaHwxMXx8aHVtYW4lMjBmYWNlJTIwcG9ydHJhaXR8ZW58MHx8fHwxNzc4MDY0Njg3fDA&ixlib=rb-4.1.0&q=80&w=1080,REAL,Unknown,26-35
12,https://images.unsplash.com/photo-1724225618062-b1f26758f9f5?crop=entropy&cs=tinysrgb&fit=max&fm=jpg&ixid=M3w5NDQwMTV8MHwxfHNlYXJjaHwxMnx8aHVtYW4lMjBmYWNlJTIwcG9ydHJhaXR8ZW58MHx8fHwxNzc4MDY0Njg3fDA&ixlib=rb-4.1.0&q=80&w=1080,REAL,Unknown,26-35
13,https://images.unsplash.com/photo-1724225619025-e140fb866dc5?crop=entropy&cs=tinysrgb&fit=max&fm=jpg&ixid=M3w5NDQwMTV8MHwxfHNlYXJjaHwxM3x8aHVtYW4lMjBmYWNlJTIwcG9ydHJhaXR8ZW58MHx8fHwxNzc4MDY0Njg3fDA&ixlib=rb-4.1.0&q=80&w=1080,REAL,Unknown,50+
14,https://images.unsplash.com/photo-1724225619075-3b71ea8af662?crop=entropy&cs=tinysrgb&fit=max&fm=jpg&ixid=M3w5NDQwMTV8MHwxfHNlYXJjaHwxNHx8aHVtYW4lMjBmYWNlJTIwcG9ydHJhaXR8ZW58MHx8fHwxNzc4MDY0Njg3fDA&ixlib=rb-4.1.0&q=80&w=1080,REAL,Female,18-25
15,https://images.unsplash.com/photo-1724225618644-2e08d79dac74?crop=entropy&cs=tinysrgb&fit=max&fm=jpg&ixid=M3w5NDQwMTV8MHwxfHNlYXJjaHwxNXx8aHVtYW4lMjBmYWNlJTIwcG9ydHJhaXR8ZW58MHx8fHwxNzc4MDY0Njg3fDA&ixlib=rb-4.1.0&q=80&w=1080,REAL,Female,26-35
16,https://images.unsplash.com/photo-1724225618183-359e8cbd00b9?crop=entropy&cs=tinysrgb&fit=max&fm=jpg&ixid=M3w5NDQwMTV8MHwxfHNlYXJjaHwxNnx8aHVtYW4lMjBmYWNlJTIwcG9ydHJhaXR8ZW58MHx8fHwxNzc4MDY0Njg3fDA&ixlib=rb-4.1.0&q=80&w=1080,REAL,Female,36-50
17,https://images.unsplash.com/photo-1724225618500-dc6837308097?crop=entropy&cs=tinysrgb&fit=max&fm=jpg&ixid=M3w5NDQwMTV8MHwxfHNlYXJjaHwxN3x8aHVtYW4lMjBmYWNlJTIwcG9ydHJhaXR8ZW58MHx8fHwxNzc4MDY0Njg3fDA&ixlib=rb-4.1.0&q=80&w=1080,REAL,Male,36-50
18,https://images.unsplash.com/photo-1724225618356-4af4289f62d9?crop=entropy&cs=tinysrgb&fit=max&fm=jpg&ixid=M3w5NDQwMTV8MHwxfHNlYXJjaHwxOHx8aHVtYW4lMjBmYWNlJTIwcG9ydHJhaXR8ZW58MHx8fHwxNzc4MDY0Njg3fDA&ixlib=rb-4.1.0&q=80&w=1080,REAL,Unknown,36-50
19,https://images.unsplash.com/photo-1724225618667-b0e37504f047?crop=entropy&cs=tinysrgb&fit=max&fm=jpg&ixid=M3w5NDQwMTV8MHwxfHNlYXJjaHwxOXx8aHVtYW4lMjBmYWNlJTIwcG9ydHJhaXR8ZW58MHx8fHwxNzc4MDY0Njg3fDA&ixlib=rb-4.1.0&q=80&w=1080,REAL,Unknown,18-25
20,https://images.unsplash.com/photo-1724225618444-39742c8185aa?crop=entropy&cs=tinysrgb&fit=max&fm=jpg&ixid=M3w5NDQwMTV8MHwxfHNlYXJjaHwyMHx8aHVtYW4lMjBmYWNlJTIwcG9ydHJhaXR8ZW58MHx8fHwxNzc4MDY0Njg3fDA&ixlib=rb-4.1.0&q=80&w=1080,REAL,Unknown,26-35
21,https://images.unsplash.com/photo-1724225618782-1efa4b0cea18?crop=entropy&cs=tinysrgb&fit=max&fm=jpg&ixid=M3w5NDQwMTV8MHwxfHNlYXJjaHwyMXx8aHVtYW4lMjBmYWNlJTIwcG9ydHJhaXR8ZW58MHx8fHwxNzc4MDY0Njg3fDA&ixlib=rb-4.1.0&q=80&w=1080,REAL,Unknown,50+
22,https://images.unsplash.com/photo-1776661154295-ed08a215eb9d?crop=entropy&cs=tinysrgb&fit=max&fm=jpg&ixid=M3w5NDQwMTV8MHwxfHNlYXJjaHwyMnx8aHVtYW4lMjBmYWNlJTIwcG9ydHJhaXR8ZW58MHx8fHwxNzc4MDY0Njg3fDA&ixlib=rb-4.1.0&q=80&w=1080,REAL,Unknown,50+
23,https://images.unsplash.com/photo-1648415041098-cd83c008e75b?crop=entropy&cs=tinysrgb&fit=max&fm=jpg&ixid=M3w5NDQwMTV8MHwxfHNlYXJjaHwyM3x8aHVtYW4lMjBmYWNlJTIwcG9ydHJhaXR8ZW58MHx8fHwxNzc4MDY0Njg3fDA&ixlib=rb-4.1.0&q=80&w=1080,REAL,Male,18-25
24,https://images.unsplash.com/photo-1628153277991-7a185ac84511?crop=entropy&cs=tinysrgb&fit=max&fm=jpg&ixid=M3w5NDQwMTV8MHwxfHNlYXJjaHwyNHx8aHVtYW4lMjBmYWNlJTIwcG9ydHJhaXR8ZW58MHx8fHwxNzc4MDY0Njg3fDA&ixlib=rb-4.1.0&q=80&w=1080,REAL,Female,26-35
25,https://images.unsplash.com/photo-1712153483492-cab99d90ca71?crop=entropy&cs=tinysrgb&fit=max&fm=jpg&ixid=M3w5NDQwMTV8MHwxfHNlYXJjaHwyNXx8aHVtYW4lMjBmYWNlJTIwcG9ydHJhaXR8ZW58MHx8fHwxNzc4MDY0Njg3fDA&ixlib=rb-4.1.0&q=80&w=1080,REAL,Female,50+
26,https://images.unsplash.com/photo-1673990318432-5fbeeb4617f6?crop=entropy&cs=tinysrgb&fit=max&fm=jpg&ixid=M3w5NDQwMTV8MHwxfHNlYXJjaHwyNnx8aHVtYW4lMjBmYWNlJTIwcG9ydHJhaXR8ZW58MHx8fHwxNzc4MDY0Njg3fDA&ixlib=rb-4.1.0&q=80&w=1080,REAL,Unknown,50+
27,https://images.unsplash.com/photo-1628152901512-e546b79b8768?crop=entropy&cs=tinysrgb&fit=max&fm=jpg&ixid=M3w5NDQwMTV8MHwxfHNlYXJjaHwyN3x8aHVtYW4lMjBmYWNlJTIwcG9ydHJhaXR8ZW58MHx8fHwxNzc4MDY0Njg3fDA&ixlib=rb-4.1.0&q=80&w=1080,REAL,Unknown,36-50
28,https://images.unsplash.com/photo-1652549751873-169b963ee4a2?crop=entropy&cs=tinysrgb&fit=max&fm=jpg&ixid=M3w5NDQwMTV8MHwxfHNlYXJjaHwyOHx8aHVtYW4lMjBmYWNlJTIwcG9ydHJhaXR8ZW58MHx8fHwxNzc4MDY0Njg3fDA&ixlib=rb-4.1.0&q=80&w=1080,REAL,Male,26-35
29,https://images.unsplash.com/photo-1652549751907-4126421aea04?crop=entropy&cs=tinysrgb&fit=max&fm=jpg&ixid=M3w5NDQwMTV8MHwxfHNlYXJjaHwyOXx8aHVtYW4lMjBmYWNlJTIwcG9ydHJhaXR8ZW58MHx8fHwxNzc4MDY0Njg3fDA&ixlib=rb-4.1.0&q=80&w=1080,REAL,Female,26-35
30,https://images.unsplash.com/photo-1652549752120-d9beb4c86bd4?crop=entropy&cs=tinysrgb&fit=max&fm=jpg&ixid=M3w5NDQwMTV8MHwxfHNlYXJjaHwzMHx8aHVtYW4lMjBmYWNlJTIwcG9ydHJhaXR8ZW58MHx8fHwxNzc4MDY0Njg3fDA&ixlib=rb-4.1.0&q=80&w=1080,REAL,Male,50+
31,https://images.unsplash.com/photo-1652549752001-d908cab07207?crop=entropy&cs=tinysrgb&fit=max&fm=jpg&ixid=M3w5NDQwMTV8MHwxfHNlYXJjaHwzMXx8aHVtYW4lMjBmYWNlJTIwcG9ydHJhaXR8ZW58MHx8fHwxNzc4MDY0NzA2fDA&ixlib=rb-4.1.0&q=80&w=1080,REAL,Male,50+
32,https://images.unsplash.com/photo-1755182592821-ebe9c68bd208?crop=entropy&cs=tinysrgb&fit=max&fm=jpg&ixid=M3w5NDQwMTV8MHwxfHNlYXJjaHwzMnx8aHVtYW4lMjBmYWNlJTIwcG9ydHJhaXR8ZW58MHx8fHwxNzc4MDY0NzA2fDA&ixlib=rb-4.1.0&q=80&w=1080,REAL,Male,18-25
33,https://images.unsplash.com/photo-1589552207803-c3247402952a?crop=entropy&cs=tinysrgb&fit=max&fm=jpg&ixid=M3w5NDQwMTV8MHwxfHNlYXJjaHwzM3x8aHVtYW4lMjBmYWNlJTIwcG9ydHJhaXR8ZW58MHx8fHwxNzc4MDY0NzA2fDA&ixlib=rb-4.1.0&q=80&w=1080,REAL,Unknown,50+
34,https://images.unsplash.com/photo-1652549752260-829ce42eb245?crop=entropy&cs=tinysrgb&fit=max&fm=jpg&ixid=M3w5NDQwMTV8MHwxfHNlYXJjaHwzNHx8aHVtYW4lMjBmYWNlJTIwcG9ydHJhaXR8ZW58MHx8fHwxNzc4MDY0NzA2fDA&ixlib=rb-4.1.0&q=80&w=1080,REAL,Unknown,36-50
35,https://images.unsplash.com/photo-1652549852897-7525dd07615c?crop=entropy&cs=tinysrgb&fit=max&fm=jpg&ixid=M3w5NDQwMTV8MHwxfHNlYXJjaHwzNXx8aHVtYW4lMjBmYWNlJTIwcG9ydHJhaXR8ZW58MHx8fHwxNzc4MDY0NzA2fDA&ixlib=rb-4.1.0&q=80&w=1080,REAL,Male,50+
36,https://images.unsplash.com/photo-1705940372495-ab4ed45d3102?crop=entropy&cs=tinysrgb&fit=max&fm=jpg&ixid=M3w5NDQwMTV8MHwxfHNlYXJjaHwzNnx8aHVtYW4lMjBmYWNlJTIwcG9ydHJhaXR8ZW58MHx8fHwxNzc4MDY0NzA2fDA&ixlib=rb-4.1.0&q=80&w=1080,REAL,Female,26-35
37,https://images.unsplash.com/photo-1652549852977-2b79d7b854b3?crop=entropy&cs=tinysrgb&fit=max&fm=jpg&ixid=M3w5NDQwMTV8MHwxfHNlYXJjaHwzN3x8aHVtYW4lMjBmYWNlJTIwcG9ydHJhaXR8ZW58MHx8fHwxNzc4MDY0NzA2fDA&ixlib=rb-4.1.0&q=80&w=1080,REAL,Female,36-50
38,https://images.unsplash.com/photo-1620772161696-e2e920ac31d3?crop=entropy&cs=tinysrgb&fit=max&fm=jpg&ixid=M3w5NDQwMTV8MHwxfHNlYXJjaHwzOHx8aHVtYW4lMjBmYWNlJTIwcG9ydHJhaXR8ZW58MHx8fHwxNzc4MDY0NzA2fDA&ixlib=rb-4.1.0&q=80&w=1080,REAL,Female,18-25
39,https://images.unsplash.com/photo-1652549852886-2229327e5130?crop=entropy&cs=tinysrgb&fit=max&fm=jpg&ixid=M3w5NDQwMTV8MHwxfHNlYXJjaHwzOXx8aHVtYW4lMjBmYWNlJTIwcG9ydHJhaXR8ZW58MHx8fHwxNzc4MDY0NzA2fDA&ixlib=rb-4.1.0&q=80&w=1080,REAL,Female,36-50
40,https://images.unsplash.com/photo-1718307874142-60e6f72e14a5?crop=entropy&cs=tinysrgb&fit=max&fm=jpg&ixid=M3w5NDQwMTV8MHwxfHNlYXJjaHw0MHx8aHVtYW4lMjBmYWNlJTIwcG9ydHJhaXR8ZW58MHx8fHwxNzc4MDY0NzA2fDA&ixlib=rb-4.1.0&q=80&w=1080,REAL,Male,18-25
41,https://images.unsplash.com/photo-1680104073282-8462cdf70b6a?crop=entropy&cs=tinysrgb&fit=max&fm=jpg&ixid=M3w5NDQwMTV8MHwxfHNlYXJjaHw0MXx8aHVtYW4lMjBmYWNlJTIwcG9ydHJhaXR8ZW58MHx8fHwxNzc4MDY0NzA2fDA&ixlib=rb-4.1.0&q=80&w=1080,REAL,Unknown,36-50
42,https://images.unsplash.com/photo-1669206053726-bfafe8d4537f?crop=entropy&cs=tinysrgb&fit=max&fm=jpg&ixid=M3w5NDQwMTV8MHwxfHNlYXJjaHw0Mnx8aHVtYW4lMjBmYWNlJTIwcG9ydHJhaXR8ZW58MHx8fHwxNzc4MDY0NzA2fDA&ixlib=rb-4.1.0&q=80&w=1080,REAL,Female,50+
43,https://images.unsplash.com/photo-1648414596876-cd3cdca6ed97?crop=entropy&cs=tinysrgb&fit=max&fm=jpg&ixid=M3w5NDQwMTV8MHwxfHNlYXJjaHw0M3x8aHVtYW4lMjBmYWNlJTIwcG9ydHJhaXR8ZW58MHx8fHwxNzc4MDY0NzA2fDA&ixlib=rb-4.1.0&q=80&w=1080,REAL,Female,36-50
44,https://images.unsplash.com/photo-1647058506318-b57fba286105?crop=entropy&cs=tinysrgb&fit=max&fm=jpg&ixid=M3w5NDQwMTV8MHwxfHNlYXJjaHw0NHx8aHVtYW4lMjBmYWNlJTIwcG9ydHJhaXR8ZW58MHx8fHwxNzc4MDY0NzA2fDA&ixlib=rb-4.1.0&q=80&w=1080,REAL,Unknown,18-25
45,https://images.unsplash.com/photo-1578437125368-2e73983e7cac?crop=entropy&cs=tinysrgb&fit=max&fm=jpg&ixid=M3w5NDQwMTV8MHwxfHNlYXJjaHw0NXx8aHVtYW4lMjBmYWNlJTIwcG9ydHJhaXR8ZW58MHx8fHwxNzc4MDY0NzA2fDA&ixlib=rb-4.1.0&q=80&w=1080,REAL,Unknown,50+
46,https://images.unsplash.com/photo-1662838496399-f8e312b566fc?crop=entropy&cs=tinysrgb&fit=max&fm=jpg&ixid=M3w5NDQwMTV8MHwxfHNlYXJjaHw0Nnx8aHVtYW4lMjBmYWNlJTIwcG9ydHJhaXR8ZW58MHx8fHwxNzc4MDY0NzA2fDA&ixlib=rb-4.1.0&q=80&w=1080,REAL,Male,36-50
47,https://images.unsplash.com/photo-1648415041078-d5b259c683be?crop=entropy&cs=tinysrgb&fit=max&fm=jpg&ixid=M3w5NDQwMTV8MHwxfHNlYXJjaHw0N3x8aHVtYW4lMjBmYWNlJTIwcG9ydHJhaXR8ZW58MHx8fHwxNzc4MDY0NzA2fDA&ixlib=rb-4.1.0&q=80&w=1080,REAL,Male,36-50
48,https://images.unsplash.com/photo-1657682041043-d6cc9df38657?crop=entropy&cs=tinysrgb&fit=max&fm=jpg&ixid=M3w5NDQwMTV8MHwxfHNlYXJjaHw0OHx8aHVtYW4lMjBmYWNlJTIwcG9ydHJhaXR8ZW58MHx8fHwxNzc4MDY0NzA2fDA&ixlib=rb-4.1.0&q=80&w=1080,REAL,Unknown,50+
49,https://images.unsplash.com/photo-1725270467347-ef96c6e0c0d7?crop=entropy&cs=tinysrgb&fit=max&fm=jpg&ixid=M3w5NDQwMTV8MHwxfHNlYXJjaHw0OXx8aHVtYW4lMjBmYWNlJTIwcG9ydHJhaXR8ZW58MHx8fHwxNzc4MDY0NzA2fDA&ixlib=rb-4.1.0&q=80&w=1080,REAL,Male,26-35
50,https://images.unsplash.com/photo-1717850654944-b6d2d5c3a910?crop=entropy&cs=tinysrgb&fit=max&fm=jpg&ixid=M3w5NDQwMTV8MHwxfHNlYXJjaHw1MHx8aHVtYW4lMjBmYWNlJTIwcG9ydHJhaXR8ZW58MHx8fHwxNzc4MDY0NzA2fDA&ixlib=rb-4.1.0&q=80&w=1080,REAL,Female,50+
51,https://images.unsplash.com/photo-1761961851855-575e74ccfa30?crop=entropy&cs=tinysrgb&fit=max&fm=jpg&ixid=M3w5NDQwMTV8MHwxfHNlYXJjaHw1MXx8aHVtYW4lMjBmYWNlJTIwcG9ydHJhaXR8ZW58MHx8fHwxNzc4MDY0NzA2fDA&ixlib=rb-4.1.0&q=80&w=1080,REAL,Female,36-50
52,https://images.unsplash.com/photo-1626764332993-0a505cbc6a5c?crop=entropy&cs=tinysrgb&fit=max&fm=jpg&ixid=M3w5NDQwMTV8MHwxfHNlYXJjaHw1Mnx8aHVtYW4lMjBmYWNlJTIwcG9ydHJhaXR8ZW58MHx8fHwxNzc4MDY0NzA2fDA&ixlib=rb-4.1.0&q=80&w=1080,REAL,Unknown,50+
53,https://images.unsplash.com/photo-1740855597684-719a84c8f2d3?crop=entropy&cs=tinysrgb&fit=max&fm=jpg&ixid=M3w5NDQwMTV8MHwxfHNlYXJjaHw1M3x8aHVtYW4lMjBmYWNlJTIwcG9ydHJhaXR8ZW58MHx8fHwxNzc4MDY0NzA2fDA&ixlib=rb-4.1.0&q=80&w=1080,REAL,Unknown,18-25
54,https://images.unsplash.com/photo-1567226028592-471d722e26ef?crop=entropy&cs=tinysrgb&fit=max&fm=jpg&ixid=M3w5NDQwMTV8MHwxfHNlYXJjaHw1NHx8aHVtYW4lMjBmYWNlJTIwcG9ydHJhaXR8ZW58MHx8fHwxNzc4MDY0NzA2fDA&ixlib=rb-4.1.0&q=80&w=1080,REAL,Female,26-35
55,https://images.unsplash.com/photo-1666011312995-e7a0cce85699?crop=entropy&cs=tinysrgb&fit=max&fm=jpg&ixid=M3w5NDQwMTV8MHwxfHNlYXJjaHw1NXx8aHVtYW4lMjBmYWNlJTIwcG9ydHJhaXR8ZW58MHx8fHwxNzc4MDY0NzA2fDA&ixlib=rb-4.1.0&q=80&w=1080,REAL,Unknown,36-50
56,https://images.unsplash.com/photo-1600938401231-5519d1a9ab84?crop=entropy&cs=tinysrgb&fit=max&fm=jpg&ixid=M3w5NDQwMTV8MHwxfHNlYXJjaHw1Nnx8aHVtYW4lMjBmYWNlJTIwcG9ydHJhaXR8ZW58MHx8fHwxNzc4MDY0NzA2fDA&ixlib=rb-4.1.0&q=80&w=1080,REAL,Male,36-50
57,https://images.unsplash.com/photo-1585950689374-86d54b0efd6c?crop=entropy&cs=tinysrgb&fit=max&fm=jpg&ixid=M3w5NDQwMTV8MHwxfHNlYXJjaHw1N3x8aHVtYW4lMjBmYWNlJTIwcG9ydHJhaXR8ZW58MHx8fHwxNzc4MDY0NzA2fDA&ixlib=rb-4.1.0&q=80&w=1080,REAL,Female,50+
58,https://images.unsplash.com/photo-1555474488-63096355d324?crop=entropy&cs=tinysrgb&fit=max&fm=jpg&ixid=M3w5NDQwMTV8MHwxfHNlYXJjaHw1OHx8aHVtYW4lMjBmYWNlJTIwcG9ydHJhaXR8ZW58MHx8fHwxNzc4MDY0NzA2fDA&ixlib=rb-4.1.0&q=80&w=1080,REAL,Female,26-35
59,https://images.unsplash.com/photo-1685564179811-acb4ede4f228?crop=entropy&cs=tinysrgb&fit=max&fm=jpg&ixid=M3w5NDQwMTV8MHwxfHNlYXJjaHw1OXx8aHVtYW4lMjBmYWNlJTIwcG9ydHJhaXR8ZW58MHx8fHwxNzc4MDY0NzA2fDA&ixlib=rb-4.1.0&q=80&w=1080,REAL,Unknown,26-35
60,https://images.unsplash.com/photo-1658500170826-83333c343727?crop=entropy&cs=tinysrgb&fit=max&fm=jpg&ixid=M3w5NDQwMTV8MHwxfHNlYXJjaHw2MHx8aHVtYW4lMjBmYWNlJTIwcG9ydHJhaXR8ZW58MHx8fHwxNzc4MDY0NzA2fDA&ixlib=rb-4.1.0&q=80&w=1080,REAL,Male,36-50
61,https://images.unsplash.com/photo-1748145210732-b75109742f14?crop=entropy&cs=tinysrgb&fit=max&fm=jpg&ixid=M3w5NDQwMTV8MHwxfHNlYXJjaHw2MXx8aHVtYW4lMjBmYWNlJTIwcG9ydHJhaXR8ZW58MHx8fHwxNzc4MDY0NzE3fDA&ixlib=rb-4.1.0&q=80&w=1080,REAL,Female,26-35
62,https://images.unsplash.com/photo-1588427949851-60099e293113?crop=entropy&cs=tinysrgb&fit=max&fm=jpg&ixid=M3w5NDQwMTV8MHwxfHNlYXJjaHw2Mnx8aHVtYW4lMjBmYWNlJTIwcG9ydHJhaXR8ZW58MHx8fHwxNzc4MDY0NzE3fDA&ixlib=rb-4.1.0&q=80&w=1080,REAL,Male,36-50
63,https://images.unsplash.com/photo-1555101863-4af4500fbc08?crop=entropy&cs=tinysrgb&fit=max&fm=jpg&ixid=M3w5NDQwMTV8MHwxfHNlYXJjaHw2M3x8aHVtYW4lMjBmYWNlJTIwcG9ydHJhaXR8ZW58MHx8fHwxNzc4MDY0NzE3fDA&ixlib=rb-4.1.0&q=80&w=1080,REAL,Unknown,36-50
64,https://images.unsplash.com/photo-1769007355270-a84ca1bc549f?crop=entropy&cs=tinysrgb&fit=max&fm=jpg&ixid=M3w5NDQwMTV8MHwxfHNlYXJjaHw2NHx8aHVtYW4lMjBmYWNlJTIwcG9ydHJhaXR8ZW58MHx8fHwxNzc4MDY0NzE3fDA&ixlib=rb-4.1.0&q=80&w=1080,REAL,Female,18-25
65,https://images.unsplash.com/photo-1731569120301-6dbd8eaf7cca?crop=entropy&cs=tinysrgb&fit=max&fm=jpg&ixid=M3w5NDQwMTV8MHwxfHNlYXJjaHw2NXx8aHVtYW4lMjBmYWNlJTIwcG9ydHJhaXR8ZW58MHx8fHwxNzc4MDY0NzE3fDA&ixlib=rb-4.1.0&q=80&w=1080,REAL,Female,36-50
66,https://images.unsplash.com/photo-1699206790546-dea327380b96?crop=entropy&cs=tinysrgb&fit=max&fm=jpg&ixid=M3w5NDQwMTV8MHwxfHNlYXJjaHw2Nnx8aHVtYW4lMjBmYWNlJTIwcG9ydHJhaXR8ZW58MHx8fHwxNzc4MDY0NzE3fDA&ixlib=rb-4.1.0&q=80&w=1080,REAL,Male,26-35
67,https://images.unsplash.com/photo-1653198020531-4a15524333e9?crop=entropy&cs=tinysrgb&fit=max&fm=jpg&ixid=M3w5NDQwMTV8MHwxfHNlYXJjaHw2N3x8aHVtYW4lMjBmYWNlJTIwcG9ydHJhaXR8ZW58MHx8fHwxNzc4MDY0NzE3fDA&ixlib=rb-4.1.0&q=80&w=1080,REAL,Unknown,50+
68,https://images.unsplash.com/photo-1770432052811-cf01f205a6b8?crop=entropy&cs=tinysrgb&fit=max&fm=jpg&ixid=M3w5NDQwMTV8MHwxfHNlYXJjaHw2OHx8aHVtYW4lMjBmYWNlJTIwcG9ydHJhaXR8ZW58MHx8fHwxNzc4MDY0NzE3fDA&ixlib=rb-4.1.0&q=80&w=1080,REAL,Male,36-50
69,https://images.unsplash.com/photo-1735063456221-91dcb101285b?crop=entropy&cs=tinysrgb&fit=max&fm=jpg&ixid=M3w5NDQwMTV8MHwxfHNlYXJjaHw2OXx8aHVtYW4lMjBmYWNlJTIwcG9ydHJhaXR8ZW58MHx8fHwxNzc4MDY0NzE3fDA&ixlib=rb-4.1.0&q=80&w=1080,REAL,Male,36-50
70,https://images.unsplash.com/photo-1631909112399-f295a25e3a8a?crop=entropy&cs=tinysrgb&fit=max&fm=jpg&ixid=M3w5NDQwMTV8MHwxfHNlYXJjaHw3MHx8aHVtYW4lMjBmYWNlJTIwcG9ydHJhaXR8ZW58MHx8fHwxNzc4MDY0NzE3fDA&ixlib=rb-4.1.0&q=80&w=1080,REAL,Female,50+
71,https://images.unsplash.com/photo-1725270467420-2981da624bf9?crop=entropy&cs=tinysrgb&fit=max&fm=jpg&ixid=M3w5NDQwMTV8MHwxfHNlYXJjaHw3MXx8aHVtYW4lMjBmYWNlJTIwcG9ydHJhaXR8ZW58MHx8fHwxNzc4MDY0NzE3fDA&ixlib=rb-4.1.0&q=80&w=1080,REAL,Female,50+
72,https://images.unsplash.com/photo-1714510380386-df1dc3111533?crop=entropy&cs=tinysrgb&fit=max&fm=jpg&ixid=M3w5NDQwMTV8MHwxfHNlYXJjaHw3Mnx8aHVtYW4lMjBmYWNlJTIwcG9ydHJhaXR8ZW58MHx8fHwxNzc4MDY0NzE3fDA&ixlib=rb-4.1.0&q=80&w=1080,REAL,Female,50+
73,https://images.unsplash.com/photo-1777103329028-5e181ceb7e51?crop=entropy&cs=tinysrgb&fit=max&fm=jpg&ixid=M3w5NDQwMTV8MHwxfHNlYXJjaHw3M3x8aHVtYW4lMjBmYWNlJTIwcG9ydHJhaXR8ZW58MHx8fHwxNzc4MDY0NzE3fDA&ixlib=rb-4.1.0&q=80&w=1080,REAL,Female,50+
74,https://images.unsplash.com/photo-1668834894230-d2ba3e55baa9?crop=entropy&cs=tinysrgb&fit=max&fm=jpg&ixid=M3w5NDQwMTV8MHwxfHNlYXJjaHw3NHx8aHVtYW4lMjBmYWNlJTIwcG9ydHJhaXR8ZW58MHx8fHwxNzc4MDY0NzE3fDA&ixlib=rb-4.1.0&q=80&w=1080,REAL,Unknown,18-25
75,https://images.unsplash.com/photo-1615125946289-16298a82d3c3?crop=entropy&cs=tinysrgb&fit=max&fm=jpg&ixid=M3w5NDQwMTV8MHwxfHNlYXJjaHw3NXx8aHVtYW4lMjBmYWNlJTIwcG9ydHJhaXR8ZW58MHx8fHwxNzc4MDY0NzE3fDA&ixlib=rb-4.1.0&q=80&w=1080,REAL,Unknown,26-35
76,https://images.unsplash.com/photo-1668536681456-817e4a575c6e?crop=entropy&cs=tinysrgb&fit=max&fm=jpg&ixid=M3w5NDQwMTV8MHwxfHNlYXJjaHw3Nnx8aHVtYW4lMjBmYWNlJTIwcG9ydHJhaXR8ZW58MHx8fHwxNzc4MDY0NzE3fDA&ixlib=rb-4.1.0&q=80&w=1080,REAL,Unknown,50+
77,https://images.unsplash.com/photo-1699207012725-72af224cca65?crop=entropy&cs=tinysrgb&fit=max&fm=jpg&ixid=M3w5NDQwMTV8MHwxfHNlYXJjaHw3N3x8aHVtYW4lMjBmYWNlJTIwcG9ydHJhaXR8ZW58MHx8fHwxNzc4MDY0NzE3fDA&ixlib=rb-4.1.0&q=80&w=1080,REAL,Male,36-50
78,https://images.unsplash.com/photo-1563235453-a57d94b5a552?crop=entropy&cs=tinysrgb&fit=max&fm=jpg&ixid=M3w5NDQwMTV8MHwxfHNlYXJjaHw3OHx8aHVtYW4lMjBmYWNlJTIwcG9ydHJhaXR8ZW58MHx8fHwxNzc4MDY0NzE3fDA&ixlib=rb-4.1.0&q=80&w=1080,REAL,Female,18-25
79,https://images.unsplash.com/photo-1675908910500-2dcef146f9cf?crop=entropy&cs=tinysrgb&fit=max&fm=jpg&ixid=M3w5NDQwMTV8MHwxfHNlYXJjaHw3OXx8aHVtYW4lMjBmYWNlJTIwcG9ydHJhaXR8ZW58MHx8fHwxNzc4MDY0NzE3fDA&ixlib=rb-4.1.0&q=80&w=1080,REAL,Unknown,36-50
80,https://images.unsplash.com/photo-1707050644833-5d1b934fb6c3?crop=entropy&cs=tinysrgb&fit=max&fm=jpg&ixid=M3w5NDQwMTV8MHwxfHNlYXJjaHw4MHx8aHVtYW4lMjBmYWNlJTIwcG9ydHJhaXR8ZW58MHx8fHwxNzc4MDY0NzE3fDA&ixlib=rb-4.1.0&q=80&w=1080,REAL,Male,26-35
81,https://images.unsplash.com/photo-1567225948400-262665798aff?crop=entropy&cs=tinysrgb&fit=max&fm=jpg&ixid=M3w5NDQwMTV8MHwxfHNlYXJjaHw4MXx8aHVtYW4lMjBmYWNlJTIwcG9ydHJhaXR8ZW58MHx8fHwxNzc4MDY0NzE3fDA&ixlib=rb-4.1.0&q=80&w=1080,REAL,Unknown,36-50
82,https://images.unsplash.com/photo-1584622244945-ae5b042565aa?crop=entropy&cs=tinysrgb&fit=max&fm=jpg&ixid=M3w5NDQwMTV8MHwxfHNlYXJjaHw4Mnx8aHVtYW4lMjBmYWNlJTIwcG9ydHJhaXR8ZW58MHx8fHwxNzc4MDY0NzE3fDA&ixlib=rb-4.1.0&q=80&w=1080,REAL,Unknown,36-50
83,https://images.unsplash.com/photo-1680078227776-a4ea97697f5c?crop=entropy&cs=tinysrgb&fit=max&fm=jpg&ixid=M3w5NDQwMTV8MHwxfHNlYXJjaHw4M3x8aHVtYW4lMjBmYWNlJTIwcG9ydHJhaXR8ZW58MHx8fHwxNzc4MDY0NzE3fDA&ixlib=rb-4.1.0&q=80&w=1080,REAL,Female,36-50
84,https://images.unsplash.com/photo-1655449195187-a51a4606b32d?crop=entropy&cs=tinysrgb&fit=max&fm=jpg&ixid=M3w5NDQwMTV8MHwxfHNlYXJjaHw4NHx8aHVtYW4lMjBmYWNlJTIwcG9ydHJhaXR8ZW58MHx8fHwxNzc4MDY0NzE3fDA&ixlib=rb-4.1.0&q=80&w=1080,REAL,Male,36-50
85,https://images.unsplash.com/photo-1680104072375-92c7fa04cd0e?crop=entropy&cs=tinysrgb&fit=max&fm=jpg&ixid=M3w5NDQwMTV8MHwxfHNlYXJjaHw4NXx8aHVtYW4lMjBmYWNlJTIwcG9ydHJhaXR8ZW58MHx8fHwxNzc4MDY0NzE3fDA&ixlib=rb-4.1.0&q=80&w=1080,REAL,Female,18-25
86,https://images.unsplash.com/photo-1717800747720-d5546819e258?crop=entropy&cs=tinysrgb&fit=max&fm=jpg&ixid=M3w5NDQwMTV8MHwxfHNlYXJjaHw4Nnx8aHVtYW4lMjBmYWNlJTIwcG9ydHJhaXR8ZW58MHx8fHwxNzc4MDY0NzE3fDA&ixlib=rb-4.1.0&q=80&w=1080,REAL,Unknown,36-50
87,https://images.unsplash.com/photo-1698681661285-3c4f4e4723ac?crop=entropy&cs=tinysrgb&fit=max&fm=jpg&ixid=M3w5NDQwMTV8MHwxfHNlYXJjaHw4N3x8aHVtYW4lMjBmYWNlJTIwcG9ydHJhaXR8ZW58MHx8fHwxNzc4MDY0NzE3fDA&ixlib=rb-4.1.0&q=80&w=1080,REAL,Female,50+
88,https://images.unsplash.com/photo-1698681688083-e36f6d6b62dd?crop=entropy&cs=tinysrgb&fit=max&fm=jpg&ixid=M3w5NDQwMTV8MHwxfHNlYXJjaHw4OHx8aHVtYW4lMjBmYWNlJTIwcG9ydHJhaXR8ZW58MHx8fHwxNzc4MDY0NzE3fDA&ixlib=rb-4.1.0&q=80&w=1080,REAL,Female,36-50
89,https://images.unsplash.com/photo-1680184985388-34bd6d5694b4?crop=entropy&cs=tinysrgb&fit=max&fm=jpg&ixid=M3w5NDQwMTV8MHwxfHNlYXJjaHw4OXx8aHVtYW4lMjBmYWNlJTIwcG9ydHJhaXR8ZW58MHx8fHwxNzc4MDY0NzE3fDA&ixlib=rb-4.1.0&q=80&w=1080,REAL,Unknown,18-25
90,https://images.unsplash.com/photo-1680104072294-e9e15e26c5cc?crop=entropy&cs=tinysrgb&fit=max&fm=jpg&ixid=M3w5NDQwMTV8MHwxfHNlYXJjaHw5MHx8aHVtYW4lMjBmYWNlJTIwcG9ydHJhaXR8ZW58MHx8fHwxNzc4MDY0NzE3fDA&ixlib=rb-4.1.0&q=80&w=1080,REAL,Female,26-35
91,https://images.unsplash.com/photo-1680184984902-94042b5550b6?crop=entropy&cs=tinysrgb&fit=max&fm=jpg&ixid=M3w5NDQwMTV8MHwxfHNlYXJjaHw5MXx8aHVtYW4lMjBmYWNlJTIwcG9ydHJhaXR8ZW58MHx8fHwxNzc4MDY0NzIxfDA&ixlib=rb-4.1.0&q=80&w=1080,REAL,Female,18-25
92,https://images.unsplash.com/photo-1639479965001-1fb319382286?crop=entropy&cs=tinysrgb&fit=max&fm=jpg&ixid=M3w5NDQwMTV8MHwxfHNlYXJjaHw5Mnx8aHVtYW4lMjBmYWNlJTIwcG9ydHJhaXR8ZW58MHx8fHwxNzc4MDY0NzIxfDA&ixlib=rb-4.1.0&q=80&w=1080,REAL,Unknown,18-25
93,https://images.unsplash.com/photo-1680104072720-ae824ef15c0e?crop=entropy&cs=tinysrgb&fit=max&fm=jpg&ixid=M3w5NDQwMTV8MHwxfHNlYXJjaHw5M3x8aHVtYW4lMjBmYWNlJTIwcG9ydHJhaXR8ZW58MHx8fHwxNzc4MDY0NzIxfDA&ixlib=rb-4.1.0&q=80&w=1080,REAL,Unknown,18-25
94,https://images.unsplash.com/photo-1623567533471-2c789007ce34?crop=entropy&cs=tinysrgb&fit=max&fm=jpg&ixid=M3w5NDQwMTV8MHwxfHNlYXJjaHw5NHx8aHVtYW4lMjBmYWNlJTIwcG9ydHJhaXR8ZW58MHx8fHwxNzc4MDY0NzIxfDA&ixlib=rb-4.1.0&q=80&w=1080,REAL,Male,36-50
95,https://images.unsplash.com/photo-1680184984979-5da729b9e6de?crop=entropy&cs=tinysrgb&fit=max&fm=jpg&ixid=M3w5NDQwMTV8MHwxfHNlYXJjaHw5NXx8aHVtYW4lMjBmYWNlJTIwcG9ydHJhaXR8ZW58MHx8fHwxNzc4MDY0NzIxfDA&ixlib=rb-4.1.0&q=80&w=1080,REAL,Unknown,18-25
96,https://images.unsplash.com/photo-1591135576895-a23c6e8e24af?crop=entropy&cs=tinysrgb&fit=max&fm=jpg&ixid=M3w5NDQwMTV8MHwxfHNlYXJjaHw5Nnx8aHVtYW4lMjBmYWNlJTIwcG9ydHJhaXR8ZW58MHx8fHwxNzc4MDY0NzIxfDA&ixlib=rb-4.1.0&q=80&w=1080,REAL,Male,18-25
97,https://images.unsplash.com/photo-1580046868072-debd27601ae2?crop=entropy&cs=tinysrgb&fit=max&fm=jpg&ixid=M3w5NDQwMTV8MHwxfHNlYXJjaHw5N3x8aHVtYW4lMjBmYWNlJTIwcG9ydHJhaXR8ZW58MHx8fHwxNzc4MDY0NzIxfDA&ixlib=rb-4.1.0&q=80&w=1080,REAL,Unknown,26-35
98,https://images.unsplash.com/photo-1589837396034-518c01de601a?crop=entropy&cs=tinysrgb&fit=max&fm=jpg&ixid=M3w5NDQwMTV8MHwxfHNlYXJjaHw5OHx8aHVtYW4lMjBmYWNlJTIwcG9ydHJhaXR8ZW58MHx8fHwxNzc4MDY0NzIxfDA&ixlib=rb-4.1.0&q=80&w=1080,REAL,Female,18-25
99,https://images.unsplash.com/photo-1590702841774-45166f031529?crop=entropy&cs=tinysrgb&fit=max&fm=jpg&ixid=M3w5NDQwMTV8MHwxfHNlYXJjaHw5OXx8aHVtYW4lMjBmYWNlJTIwcG9ydHJhaXR8ZW58MHx8fHwxNzc4MDY0NzIxfDA&ixlib=rb-4.1.0&q=80&w=1080,REAL,Female,18-25
100,https://images.unsplash.com/photo-1680104073088-ad3ef1ba4a1c?crop=entropy&cs=tinysrgb&fit=max&fm=jpg&ixid=M3w5NDQwMTV8MHwxfHNlYXJjaHwxMDB8fGh1bWFuJTIwZmFjZSUyMHBvcnRyYWl0fGVufDB8fHx8MTc3ODA2NDcyMXww&ixlib=rb-4.1.0&q=80&w=1080,REAL,Female,36-50
101,https://images.unsplash.com/photo-1776661165348-63e1d4ad7b9f?crop=entropy&cs=tinysrgb&fit=max&fm=jpg&ixid=M3w5NDQwMTV8MHwxfHNlYXJjaHwxMDF8fGh1bWFuJTIwZmFjZSUyMHBvcnRyYWl0fGVufDB8fHx8MTc3ODA2NDcyMXww&ixlib=rb-4.1.0&q=80&w=1080,REAL,Male,36-50
102,https://images.unsplash.com/photo-1569438839910-0879d27a29c4?crop=entropy&cs=tinysrgb&fit=max&fm=jpg&ixid=M3w5NDQwMTV8MHwxfHNlYXJjaHwxMDJ8fGh1bWFuJTIwZmFjZSUyMHBvcnRyYWl0fGVufDB8fHx8MTc3ODA2NDcyMXww&ixlib=rb-4.1.0&q=80&w=1080,REAL,Unknown,36-50
103,https://images.unsplash.com/photo-1635902549184-cf89a051e463?crop=entropy&cs=tinysrgb&fit=max&fm=jpg&ixid=M3w5NDQwMTV8MHwxfHNlYXJjaHwxMDN8fGh1bWFuJTIwZmFjZSUyMHBvcnRyYWl0fGVufDB8fHx8MTc3ODA2NDcyMXww&ixlib=rb-4.1.0&q=80&w=1080,REAL,Male,50+
104,https://images.unsplash.com/photo-1771380089194-cfd2877e93f2?crop=entropy&cs=tinysrgb&fit=max&fm=jpg&ixid=M3w5NDQwMTV8MHwxfHNlYXJjaHwxMDR8fGh1bWFuJTIwZmFjZSUyMHBvcnRyYWl0fGVufDB8fHx8MTc3ODA2NDcyMXww&ixlib=rb-4.1.0&q=80&w=1080,REAL,Unknown,18-25
105,https://images.unsplash.com/photo-1561649716-83cbc40728a7?crop=entropy&cs=tinysrgb&fit=max&fm=jpg&ixid=M3w5NDQwMTV8MHwxfHNlYXJjaHwxMDV8fGh1bWFuJTIwZmFjZSUyMHBvcnRyYWl0fGVufDB8fHx8MTc3ODA2NDcyMXww&ixlib=rb-4.1.0&q=80&w=1080,REAL,Unknown,26-35
106,https://images.unsplash.com/photo-1564484653732-d26db45fdfc7?crop=entropy&cs=tinysrgb&fit=max&fm=jpg&ixid=M3w5NDQwMTV8MHwxfHNlYXJjaHwxMDZ8fGh1bWFuJTIwZmFjZSUyMHBvcnRyYWl0fGVufDB8fHx8MTc3ODA2NDcyMXww&ixlib=rb-4.1.0&q=80&w=1080,REAL,Female,26-35
107,https://images.unsplash.com/photo-1720604819305-e942adb200ce?crop=entropy&cs=tinysrgb&fit=max&fm=jpg&ixid=M3w5NDQwMTV8MHwxfHNlYXJjaHwxMDd8fGh1bWFuJTIwZmFjZSUyMHBvcnRyYWl0fGVufDB8fHx8MTc3ODA2NDcyMXww&ixlib=rb-4.1.0&q=80&w=1080,REAL,Unknown,26-35
108,https://images.unsplash.com/photo-1662838496660-61af6ffa3788?crop=entropy&cs=tinysrgb&fit=max&fm=jpg&ixid=M3w5NDQwMTV8MHwxfHNlYXJjaHwxMDh8fGh1bWFuJTIwZmFjZSUyMHBvcnRyYWl0fGVufDB8fHx8MTc3ODA2NDcyMXww&ixlib=rb-4.1.0&q=80&w=1080,REAL,Male,50+
109,https://images.unsplash.com/photo-1694618221680-c294a88d86e5?crop=entropy&cs=tinysrgb&fit=max&fm=jpg&ixid=M3w5NDQwMTV8MHwxfHNlYXJjaHwxMDl8fGh1bWFuJTIwZmFjZSUyMHBvcnRyYWl0fGVufDB8fHx8MTc3ODA2NDcyMXww&ixlib=rb-4.1.0&q=80&w=1080,REAL,Unknown,18-25
110,https://images.unsplash.com/photo-1662838497180-d03e1f61e954?crop=entropy&cs=tinysrgb&fit=max&fm=jpg&ixid=M3w5NDQwMTV8MHwxfHNlYXJjaHwxMTB8fGh1bWFuJTIwZmFjZSUyMHBvcnRyYWl0fGVufDB8fHx8MTc3ODA2NDcyMXww&ixlib=rb-4.1.0&q=80&w=1080,REAL,Male,50+
111,https://images.unsplash.com/photo-1697143028295-c9501e57925c?crop=entropy&cs=tinysrgb&fit=max&fm=jpg&ixid=M3w5NDQwMTV8MHwxfHNlYXJjaHwxMTF8fGh1bWFuJTIwZmFjZSUyMHBvcnRyYWl0fGVufDB8fHx8MTc3ODA2NDcyMXww&ixlib=rb-4.1.0&q=80&w=1080,REAL,Male,18-25
112,https://images.unsplash.com/photo-1634052970539-224813476367?crop=entropy&cs=tinysrgb&fit=max&fm=jpg&ixid=M3w5NDQwMTV8MHwxfHNlYXJjaHwxMTJ8fGh1bWFuJTIwZmFjZSUyMHBvcnRyYWl0fGVufDB8fHx8MTc3ODA2NDcyMXww&ixlib=rb-4.1.0&q=80&w=1080,REAL,Unknown,26-35
113,https://images.unsplash.com/photo-1661343809458-8a448545faa8?crop=entropy&cs=tinysrgb&fit=max&fm=jpg&ixid=M3w5NDQwMTV8MHwxfHNlYXJjaHwxMTN8fGh1bWFuJTIwZmFjZSUyMHBvcnRyYWl0fGVufDB8fHx8MTc3ODA2NDcyMXww&ixlib=rb-4.1.0&q=80&w=1080,REAL,Female,18-25
114,https://images.unsplash.com/photo-1623410357547-e8b1b638b568?crop=entropy&cs=tinysrgb&fit=max&fm=jpg&ixid=M3w5NDQwMTV8MHwxfHNlYXJjaHwxMTR8fGh1bWFuJTIwZmFjZSUyMHBvcnRyYWl0fGVufDB8fHx8MTc3ODA2NDcyMXww&ixlib=rb-4.1.0&q=80&w=1080,REAL,Unknown,50+
115,https://images.unsplash.com/photo-1629902077041-5509cf0a1a20?crop=entropy&cs=tinysrgb&fit=max&fm=jpg&ixid=M3w5NDQwMTV8MHwxfHNlYXJjaHwxMTV8fGh1bWFuJTIwZmFjZSUyMHBvcnRyYWl0fGVufDB8fHx8MTc3ODA2NDcyMXww&ixlib=rb-4.1.0&q=80&w=1080,REAL,Unknown,36-50
116,https://images.unsplash.com/photo-1594751684241-bcef815d5a57?crop=entropy&cs=tinysrgb&fit=max&fm=jpg&ixid=M3w5NDQwMTV8MHwxfHNlYXJjaHwxMTZ8fGh1bWFuJTIwZmFjZSUyMHBvcnRyYWl0fGVufDB8fHx8MTc3ODA2NDcyMXww&ixlib=rb-4.1.0&q=80&w=1080,REAL,Male,36-50
117,https://images.unsplash.com/photo-1755190897791-7040dfdb988f?crop=entropy&cs=tinysrgb&fit=max&fm=jpg&ixid=M3w5NDQwMTV8MHwxfHNlYXJjaHwxMTd8fGh1bWFuJTIwZmFjZSUyMHBvcnRyYWl0fGVufDB8fHx8MTc3ODA2NDcyMXww&ixlib=rb-4.1.0&q=80&w=1080,REAL,Unknown,18-25
118,https://images.unsplash.com/photo-1638399777047-1467818f3f9f?crop=entropy&cs=tinysrgb&fit=max&fm=jpg&ixid=M3w5NDQwMTV8MHwxfHNlYXJjaHwxMTh8fGh1bWFuJTIwZmFjZSUyMHBvcnRyYWl0fGVufDB8fHx8MTc3ODA2NDcyMXww&ixlib=rb-4.1.0&q=80&w=1080,REAL,Male,18-25
119,https://images.unsplash.com/photo-1611063507812-3f9eea0b46e7?crop=entropy&cs=tinysrgb&fit=max&fm=jpg&ixid=M3w5NDQwMTV8MHwxfHNlYXJjaHwxMTl8fGh1bWFuJTIwZmFjZSUyMHBvcnRyYWl0fGVufDB8fHx8MTc3ODA2NDcyMXww&ixlib=rb-4.1.0&q=80&w=1080,REAL,Unknown,50+
120,https://images.unsplash.com/photo-1601118448652-9d5dd675fa96?crop=entropy&cs=tinysrgb&fit=max&fm=jpg&ixid=M3w5NDQwMTV8MHwxfHNlYXJjaHwxMjB8fGh1bWFuJTIwZmFjZSUyMHBvcnRyYWl0fGVufDB8fHx8MTc3ODA2NDcyMXww&ixlib=rb-4.1.0&q=80&w=1080,REAL,Female,36-50
121,https://images.unsplash.com/photo-1580353836390-a4867846d63a?crop=entropy&cs=tinysrgb&fit=max&fm=jpg&ixid=M3w5NDQwMTV8MHwxfHNlYXJjaHwxMjF8fGh1bWFuJTIwZmFjZSUyMHBvcnRyYWl0fGVufDB8fHx8MTc3ODA2NDcyNXww&ixlib=rb-4.1.0&q=80&w=1080,REAL,Unknown,36-50
122,https://images.unsplash.com/photo-1691760774863-3ad7c874bdb6?crop=entropy&cs=tinysrgb&fit=max&fm=jpg&ixid=M3w5NDQwMTV8MHwxfHNlYXJjaHwxMjJ8fGh1bWFuJTIwZmFjZSUyMHBvcnRyYWl0fGVufDB8fHx8MTc3ODA2NDcyNXww&ixlib=rb-4.1.0&q=80&w=1080,REAL,Unknown,18-25
123,https://images.unsplash.com/photo-1713607434266-22c6fec4c3fa?crop=entropy&cs=tinysrgb&fit=max&fm=jpg&ixid=M3w5NDQwMTV8MHwxfHNlYXJjaHwxMjN8fGh1bWFuJTIwZmFjZSUyMHBvcnRyYWl0fGVufDB8fHx8MTc3ODA2NDcyNXww&ixlib=rb-4.1.0&q=80&w=1080,REAL,Female,26-35
124,https://images.unsplash.com/photo-1586822339087-80cc375ac083?crop=entropy&cs=tinysrgb&fit=max&fm=jpg&ixid=M3w5NDQwMTV8MHwxfHNlYXJjaHwxMjR8fGh1bWFuJTIwZmFjZSUyMHBvcnRyYWl0fGVufDB8fHx8MTc3ODA2NDcyNXww&ixlib=rb-4.1.0&q=80&w=1080,REAL,Female,50+
125,https://images.unsplash.com/photo-1550535499-6c8990291bcf?crop=entropy&cs=tinysrgb&fit=max&fm=jpg&ixid=M3w5NDQwMTV8MHwxfHNlYXJjaHwxMjV8fGh1bWFuJTIwZmFjZSUyMHBvcnRyYWl0fGVufDB8fHx8MTc3ODA2NDcyNXww&ixlib=rb-4.1.0&q=80&w=1080,REAL,Unknown,26-35
126,https://images.unsplash.com/photo-1582497678426-2e06e3c408ec?crop=entropy&cs=tinysrgb&fit=max&fm=jpg&ixid=M3w5NDQwMTV8MHwxfHNlYXJjaHwxMjZ8fGh1bWFuJTIwZmFjZSUyMHBvcnRyYWl0fGVufDB8fHx8MTc3ODA2NDcyNXww&ixlib=rb-4.1.0&q=80&w=1080,REAL,Male,36-50
127,https://images.unsplash.com/photo-1611435334812-556711033ac9?crop=entropy&cs=tinysrgb&fit=max&fm=jpg&ixid=M3w5NDQwMTV8MHwxfHNlYXJjaHwxMjd8fGh1bWFuJTIwZmFjZSUyMHBvcnRyYWl0fGVufDB8fHx8MTc3ODA2NDcyNXww&ixlib=rb-4.1.0&q=80&w=1080,REAL,Female,18-25
128,https://images.unsplash.com/photo-1606926528684-f4a1470401c2?crop=entropy&cs=tinysrgb&fit=max&fm=jpg&ixid=M3w5NDQwMTV8MHwxfHNlYXJjaHwxMjh8fGh1bWFuJTIwZmFjZSUyMHBvcnRyYWl0fGVufDB8fHx8MTc3ODA2NDcyNXww&ixlib=rb-4.1.0&q=80&w=1080,REAL,Male,50+
129,https://images.unsplash.com/photo-1686464907994-3a9789d27178?crop=entropy&cs=tinysrgb&fit=max&fm=jpg&ixid=M3w5NDQwMTV8MHwxfHNlYXJjaHwxMjl8fGh1bWFuJTIwZmFjZSUyMHBvcnRyYWl0fGVufDB8fHx8MTc3ODA2NDcyNXww&ixlib=rb-4.1.0&q=80&w=1080,REAL,Male,36-50
130,https://images.unsplash.com/photo-1686464906226-cb9c76cd14e5?crop=entropy&cs=tinysrgb&fit=max&fm=jpg&ixid=M3w5NDQwMTV8MHwxfHNlYXJjaHwxMzB8fGh1bWFuJTIwZmFjZSUyMHBvcnRyYWl0fGVufDB8fHx8MTc3ODA2NDcyNXww&ixlib=rb-4.1.0&q=80&w=1080,REAL,Male,26-35
131,https://images.unsplash.com/photo-1686464907521-a8855aa3a75c?crop=entropy&cs=tinysrgb&fit=max&fm=jpg&ixid=M3w5NDQwMTV8MHwxfHNlYXJjaHwxMzF8fGh1bWFuJTIwZmFjZSUyMHBvcnRyYWl0fGVufDB8fHx8MTc3ODA2NDcyNXww&ixlib=rb-4.1.0&q=80&w=1080,REAL,Unknown,50+
132,https://images.unsplash.com/photo-1686464906297-6fdab81cf3d8?crop=entropy&cs=tinysrgb&fit=max&fm=jpg&ixid=M3w5NDQwMTV8MHwxfHNlYXJjaHwxMzJ8fGh1bWFuJTIwZmFjZSUyMHBvcnRyYWl0fGVufDB8fHx8MTc3ODA2NDcyNXww&ixlib=rb-4.1.0&q=80&w=1080,REAL,Unknown,18-25
133,https://images.unsplash.com/photo-1686464905831-4474889501f3?crop=entropy&cs=tinysrgb&fit=max&fm=jpg&ixid=M3w5NDQwMTV8MHwxfHNlYXJjaHwxMzN8fGh1bWFuJTIwZmFjZSUyMHBvcnRyYWl0fGVufDB8fHx8MTc3ODA2NDcyNXww&ixlib=rb-4.1.0&q=80&w=1080,REAL,Unknown,18-25
134,https://images.unsplash.com/photo-1697143029985-e3cf268ddff7?crop=entropy&cs=tinysrgb&fit=max&fm=jpg&ixid=M3w5NDQwMTV8MHwxfHNlYXJjaHwxMzR8fGh1bWFuJTIwZmFjZSUyMHBvcnRyYWl0fGVufDB8fHx8MTc3ODA2NDcyNXww&ixlib=rb-4.1.0&q=80&w=1080,REAL,Female,50+
135,https://images.unsplash.com/photo-1680557345345-6f9ef109d252?crop=entropy&cs=tinysrgb&fit=max&fm=jpg&ixid=M3w5NDQwMTV8MHwxfHNlYXJjaHwxMzV8fGh1bWFuJTIwZmFjZSUyMHBvcnRyYWl0fGVufDB8fHx8MTc3ODA2NDcyNXww&ixlib=rb-4.1.0&q=80&w=1080,REAL,Female,36-50
136,https://images.unsplash.com/photo-1680557345429-45da1bfa5872?crop=entropy&cs=tinysrgb&fit=max&fm=jpg&ixid=M3w5NDQwMTV8MHwxfHNlYXJjaHwxMzZ8fGh1bWFuJTIwZmFjZSUyMHBvcnRyYWl0fGVufDB8fHx8MTc3ODA2NDcyNXww&ixlib=rb-4.1.0&q=80&w=1080,REAL,Female,36-50
137,https://images.unsplash.com/photo-1579610520129-963c74781ffb?crop=entropy&cs=tinysrgb&fit=max&fm=jpg&ixid=M3w5NDQwMTV8MHwxfHNlYXJjaHwxMzd8fGh1bWFuJTIwZmFjZSUyMHBvcnRyYWl0fGVufDB8fHx8MTc3ODA2NDcyNXww&ixlib=rb-4.1.0&q=80&w=1080,REAL,Male,18-25
138,https://images.unsplash.com/photo-1612587704555-22472e377776?crop=entropy&cs=tinysrgb&fit=max&fm=jpg&ixid=M3w5NDQwMTV8MHwxfHNlYXJjaHwxMzh8fGh1bWFuJTIwZmFjZSUyMHBvcnRyYWl0fGVufDB8fHx8MTc3ODA2NDcyNXww&ixlib=rb-4.1.0&q=80&w=1080,REAL,Male,18-25
139,https://images.unsplash.com/photo-1621012649112-d1724740b0da?crop=entropy&cs=tinysrgb&fit=max&fm=jpg&ixid=M3w5NDQwMTV8MHwxfHNlYXJjaHwxMzl8fGh1bWFuJTIwZmFjZSUyMHBvcnRyYWl0fGVufDB8fHx8MTc3ODA2NDcyNXww&ixlib=rb-4.1.0&q=80&w=1080,REAL,Unknown,26-35
140,https://images.unsplash.com/photo-1533205376856-493253fd33f1?crop=entropy&cs=tinysrgb&fit=max&fm=jpg&ixid=M3w5NDQwMTV8MHwxfHNlYXJjaHwxNDB8fGh1bWFuJTIwZmFjZSUyMHBvcnRyYWl0fGVufDB8fHx8MTc3ODA2NDcyNXww&ixlib=rb-4.1.0&q=80&w=1080,REAL,Unknown,36-50
141,https://images.unsplash.com/photo-1732562793918-7b7816cfa1e4?crop=entropy&cs=tinysrgb&fit=max&fm=jpg&ixid=M3w5NDQwMTV8MHwxfHNlYXJjaHwxNDF8fGh1bWFuJTIwZmFjZSUyMHBvcnRyYWl0fGVufDB8fHx8MTc3ODA2NDcyNXww&ixlib=rb-4.1.0&q=80&w=1080,REAL,Unknown,50+
142,https://images.unsplash.com/photo-1579623374984-462747d13f28?crop=entropy&cs=tinysrgb&fit=max&fm=jpg&ixid=M3w5NDQwMTV8MHwxfHNlYXJjaHwxNDJ8fGh1bWFuJTIwZmFjZSUyMHBvcnRyYWl0fGVufDB8fHx8MTc3ODA2NDcyNXww&ixlib=rb-4.1.0&q=80&w=1080,REAL,Male,36-50
143,https://images.unsplash.com/photo-1658845489483-6d54f6d5a766?crop=entropy&cs=tinysrgb&fit=max&fm=jpg&ixid=M3w5NDQwMTV8MHwxfHNlYXJjaHwxNDN8fGh1bWFuJTIwZmFjZSUyMHBvcnRyYWl0fGVufDB8fHx8MTc3ODA2NDcyNXww&ixlib=rb-4.1.0&q=80&w=1080,REAL,Unknown,18-25
144,https://images.unsplash.com/photo-1616117690865-1aadc7aa6666?crop=entropy&cs=tinysrgb&fit=max&fm=jpg&ixid=M3w5NDQwMTV8MHwxfHNlYXJjaHwxNDR8fGh1bWFuJTIwZmFjZSUyMHBvcnRyYWl0fGVufDB8fHx8MTc3ODA2NDcyNXww&ixlib=rb-4.1.0&q=80&w=1080,REAL,Male,26-35
145,https://images.unsplash.com/photo-1727535579880-5d64c86a096d?crop=entropy&cs=tinysrgb&fit=max&fm=jpg&ixid=M3w5NDQwMTV8MHwxfHNlYXJjaHwxNDV8fGh1bWFuJTIwZmFjZSUyMHBvcnRyYWl0fGVufDB8fHx8MTc3ODA2NDcyNXww&ixlib=rb-4.1.0&q=80&w=1080,REAL,Unknown,18-25
146,https://images.unsplash.com/photo-1635457802326-d2274dfd5572?crop=entropy&cs=tinysrgb&fit=max&fm=jpg&ixid=M3w5NDQwMTV8MHwxfHNlYXJjaHwxNDZ8fGh1bWFuJTIwZmFjZSUyMHBvcnRyYWl0fGVufDB8fHx8MTc3ODA2NDcyNXww&ixlib=rb-4.1.0&q=80&w=1080,REAL,Unknown,50+
147,https://images.unsplash.com/photo-1569778059929-3f1e5557add4?crop=entropy&cs=tinysrgb&fit=max&fm=jpg&ixid=M3w5NDQwMTV8MHwxfHNlYXJjaHwxNDd8fGh1bWFuJTIwZmFjZSUyMHBvcnRyYWl0fGVufDB8fHx8MTc3ODA2NDcyNXww&ixlib=rb-4.1.0&q=80&w=1080,REAL,Unknown,36-50
148,https://images.unsplash.com/photo-1584965042035-8a330fe876df?crop=entropy&cs=tinysrgb&fit=max&fm=jpg&ixid=M3w5NDQwMTV8MHwxfHNlYXJjaHwxNDh8fGh1bWFuJTIwZmFjZSUyMHBvcnRyYWl0fGVufDB8fHx8MTc3ODA2NDcyNXww&ixlib=rb-4.1.0&q=80&w=1080,REAL,Unknown,36-50
149,https://images.unsplash.com/photo-1567225990314-020f9acce2e4?crop=entropy&cs=tinysrgb&fit=max&fm=jpg&ixid=M3w5NDQwMTV8MHwxfHNlYXJjaHwxNDl8fGh1bWFuJTIwZmFjZSUyMHBvcnRyYWl0fGVufDB8fHx8MTc3ODA2NDcyNXww&ixlib=rb-4.1.0&q=80&w=1080,REAL,Male,50+
150,https://images.unsplash.com/photo-1495914510314-ba3164b1321f?crop=entropy&cs=tinysrgb&fit=max&fm=jpg&ixid=M3w5NDQwMTV8MHwxfHNlYXJjaHwxNTB8fGh1bWFuJTIwZmFjZSUyMHBvcnRyYWl0fGVufDB8fHx8MTc3ODA2NDcyNXww&ixlib=rb-4.1.0&q=80&w=1080,REAL,Female,18-25
151,https://images.unsplash.com/photo-1761961851913-b8bded320850?crop=entropy&cs=tinysrgb&fit=max&fm=jpg&ixid=M3w5NDQwMTV8MHwxfHNlYXJjaHwxNTF8fGh1bWFuJTIwZmFjZSUyMHBvcnRyYWl0fGVufDB8fHx8MTc3ODA2NDc0OXww&ixlib=rb-4.1.0&q=80&w=1080,REAL,Unknown,50+
152,https://images.unsplash.com/photo-1631015225323-0b0afd716ae8?crop=entropy&cs=tinysrgb&fit=max&fm=jpg&ixid=M3w5NDQwMTV8MHwxfHNlYXJjaHwxNTJ8fGh1bWFuJTIwZmFjZSUyMHBvcnRyYWl0fGVufDB8fHx8MTc3ODA2NDc0OXww&ixlib=rb-4.1.0&q=80&w=1080,REAL,Female,50+
153,https://images.unsplash.com/photo-1634235258432-7c7f871220a7?crop=entropy&cs=tinysrgb&fit=max&fm=jpg&ixid=M3w5NDQwMTV8MHwxfHNlYXJjaHwxNTN8fGh1bWFuJTIwZmFjZSUyMHBvcnRyYWl0fGVufDB8fHx8MTc3ODA2NDc0OXww&ixlib=rb-4.1.0&q=80&w=1080,REAL,Unknown,36-50
154,https://images.unsplash.com/photo-1628196737965-ef631bf48783?crop=entropy&cs=tinysrgb&fit=max&fm=jpg&ixid=M3w5NDQwMTV8MHwxfHNlYXJjaHwxNTR8fGh1bWFuJTIwZmFjZSUyMHBvcnRyYWl0fGVufDB8fHx8MTc3ODA2NDc0OXww&ixlib=rb-4.1.0&q=80&w=1080,REAL,Male,18-25
155,https://images.unsplash.com/photo-1646795203092-02a581387f25?crop=entropy&cs=tinysrgb&fit=max&fm=jpg&ixid=M3w5NDQwMTV8MHwxfHNlYXJjaHwxNTV8fGh1bWFuJTIwZmFjZSUyMHBvcnRyYWl0fGVufDB8fHx8MTc3ODA2NDc0OXww&ixlib=rb-4.1.0&q=80&w=1080,REAL,Male,50+
156,https://images.unsplash.com/photo-1646795203086-12e47c6ca6a1?crop=entropy&cs=tinysrgb&fit=max&fm=jpg&ixid=M3w5NDQwMTV8MHwxfHNlYXJjaHwxNTZ8fGh1bWFuJTIwZmFjZSUyMHBvcnRyYWl0fGVufDB8fHx8MTc3ODA2NDc0OXww&ixlib=rb-4.1.0&q=80&w=1080,REAL,Male,18-25
157,https://images.unsplash.com/photo-1646795203221-d2a791724c4a?crop=entropy&cs=tinysrgb&fit=max&fm=jpg&ixid=M3w5NDQwMTV8MHwxfHNlYXJjaHwxNTd8fGh1bWFuJTIwZmFjZSUyMHBvcnRyYWl0fGVufDB8fHx8MTc3ODA2NDc0OXww&ixlib=rb-4.1.0&q=80&w=1080,REAL,Unknown,18-25
158,https://images.unsplash.com/photo-1646795203089-c7fe40f908c4?crop=entropy&cs=tinysrgb&fit=max&fm=jpg&ixid=M3w5NDQwMTV8MHwxfHNlYXJjaHwxNTh8fGh1bWFuJTIwZmFjZSUyMHBvcnRyYWl0fGVufDB8fHx8MTc3ODA2NDc0OXww&ixlib=rb-4.1.0&q=80&w=1080,REAL,Unknown,36-50
159,https://images.unsplash.com/photo-1646795203148-e509e1f27c9d?crop=entropy&cs=tinysrgb&fit=max&fm=jpg&ixid=M3w5NDQwMTV8MHwxfHNlYXJjaHwxNTl8fGh1bWFuJTIwZmFjZSUyMHBvcnRyYWl0fGVufDB8fHx8MTc3ODA2NDc0OXww&ixlib=rb-4.1.0&q=80&w=1080,REAL,Unknown,26-35
160,https://images.unsplash.com/photo-1602485787735-afe240df59f5?crop=entropy&cs=tinysrgb&fit=max&fm=jpg&ixid=M3w5NDQwMTV8MHwxfHNlYXJjaHwxNjB8fGh1bWFuJTIwZmFjZSUyMHBvcnRyYWl0fGVufDB8fHx8MTc3ODA2NDc0OXww&ixlib=rb-4.1.0&q=80&w=1080,REAL,Male,26-35
161,https://images.unsplash.com/photo-1567227278154-0b83bcf237e1?crop=entropy&cs=tinysrgb&fit=max&fm=jpg&ixid=M3w5NDQwMTV8MHwxfHNlYXJjaHwxNjF8fGh1bWFuJTIwZmFjZSUyMHBvcnRyYWl0fGVufDB8fHx8MTc3ODA2NDc0OXww&ixlib=rb-4.1.0&q=80&w=1080,REAL,Female,18-25
162,https://images.unsplash.com/photo-1633623163142-698bf3fe5062?crop=entropy&cs=tinysrgb&fit=max&fm=jpg&ixid=M3w5NDQwMTV8MHwxfHNlYXJjaHwxNjJ8fGh1bWFuJTIwZmFjZSUyMHBvcnRyYWl0fGVufDB8fHx8MTc3ODA2NDc0OXww&ixlib=rb-4.1.0&q=80&w=1080,REAL,Female,18-25
163,https://images.unsplash.com/photo-1584319521091-da8108479731?crop=entropy&cs=tinysrgb&fit=max&fm=jpg&ixid=M3w5NDQwMTV8MHwxfHNlYXJjaHwxNjN8fGh1bWFuJTIwZmFjZSUyMHBvcnRyYWl0fGVufDB8fHx8MTc3ODA2NDc0OXww&ixlib=rb-4.1.0&q=80&w=1080,REAL,Male,36-50
164,https://images.unsplash.com/photo-1600938401231-5519d1a9ab84?crop=entropy&cs=tinysrgb&fit=max&fm=jpg&ixid=M3w5NDQwMTV8MHwxfHNlYXJjaHwxNjR8fGh1bWFuJTIwZmFjZSUyMHBvcnRyYWl0fGVufDB8fHx8MTc3ODA2NDc0OXww&ixlib=rb-4.1.0&q=80&w=1080,REAL,Male,36-50
165,https://images.unsplash.com/photo-1645005898494-cd57181f3adc?crop=entropy&cs=tinysrgb&fit=max&fm=jpg&ixid=M3w5NDQwMTV8MHwxfHNlYXJjaHwxNjV8fGh1bWFuJTIwZmFjZSUyMHBvcnRyYWl0fGVufDB8fHx8MTc3ODA2NDc0OXww&ixlib=rb-4.1.0&q=80&w=1080,REAL,Unknown,18-25
166,https://images.unsplash.com/photo-1748145210748-4a5394bee700?crop=entropy&cs=tinysrgb&fit=max&fm=jpg&ixid=M3w5NDQwMTV8MHwxfHNlYXJjaHwxNjZ8fGh1bWFuJTIwZmFjZSUyMHBvcnRyYWl0fGVufDB8fHx8MTc3ODA2NDc0OXww&ixlib=rb-4.1.0&q=80&w=1080,REAL,Unknown,18-25
167,https://images.unsplash.com/photo-1636721342571-5a6f304cfc1e?crop=entropy&cs=tinysrgb&fit=max&fm=jpg&ixid=M3w5NDQwMTV8MHwxfHNlYXJjaHwxNjd8fGh1bWFuJTIwZmFjZSUyMHBvcnRyYWl0fGVufDB8fHx8MTc3ODA2NDc0OXww&ixlib=rb-4.1.0&q=80&w=1080,REAL,Unknown,18-25
168,https://images.unsplash.com/photo-1567227278042-f78c52fafae7?crop=entropy&cs=tinysrgb&fit=max&fm=jpg&ixid=M3w5NDQwMTV8MHwxfHNlYXJjaHwxNjh8fGh1bWFuJTIwZmFjZSUyMHBvcnRyYWl0fGVufDB8fHx8MTc3ODA2NDc0OXww&ixlib=rb-4.1.0&q=80&w=1080,REAL,Female,18-25
169,https://images.unsplash.com/photo-1646795203120-99002af3901b?crop=entropy&cs=tinysrgb&fit=max&fm=jpg&ixid=M3w5NDQwMTV8MHwxfHNlYXJjaHwxNjl8fGh1bWFuJTIwZmFjZSUyMHBvcnRyYWl0fGVufDB8fHx8MTc3ODA2NDc0OXww&ixlib=rb-4.1.0&q=80&w=1080,REAL,Male,36-50
170,https://images.unsplash.com/photo-1646795202164-128b9f0cb107?crop=entropy&cs=tinysrgb&fit=max&fm=jpg&ixid=M3w5NDQwMTV8MHwxfHNlYXJjaHwxNzB8fGh1bWFuJTIwZmFjZSUyMHBvcnRyYWl0fGVufDB8fHx8MTc3ODA2NDc0OXww&ixlib=rb-4.1.0&q=80&w=1080,REAL,Male,36-50
171,https://images.unsplash.com/photo-1495924979005-79104481a52f?crop=entropy&cs=tinysrgb&fit=max&fm=jpg&ixid=M3w5NDQwMTV8MHwxfHNlYXJjaHwxNzF8fGh1bWFuJTIwZmFjZSUyMHBvcnRyYWl0fGVufDB8fHx8MTc3ODA2NDc0OXww&ixlib=rb-4.1.0&q=80&w=1080,REAL,Unknown,26-35
172,https://images.unsplash.com/photo-1555474488-63096355d324?crop=entropy&cs=tinysrgb&fit=max&fm=jpg&ixid=M3w5NDQwMTV8MHwxfHNlYXJjaHwxNzJ8fGh1bWFuJTIwZmFjZSUyMHBvcnRyYWl0fGVufDB8fHx8MTc3ODA2NDc0OXww&ixlib=rb-4.1.0&q=80&w=1080,REAL,Male,18-25
173,https://images.unsplash.com/photo-1752330161642-63fa7cdfdbd1?crop=entropy&cs=tinysrgb&fit=max&fm=jpg&ixid=M3w5NDQwMTV8MHwxfHNlYXJjaHwxNzN8fGh1bWFuJTIwZmFjZSUyMHBvcnRyYWl0fGVufDB8fHx8MTc3ODA2NDc0OXww&ixlib=rb-4.1.0&q=80&w=1080,REAL,Female,36-50
174,https://images.unsplash.com/photo-1579205149708-f5b24c5a04e5?crop=entropy&cs=tinysrgb&fit=max&fm=jpg&ixid=M3w5NDQwMTV8MHwxfHNlYXJjaHwxNzR8fGh1bWFuJTIwZmFjZSUyMHBvcnRyYWl0fGVufDB8fHx8MTc3ODA2NDc0OXww&ixlib=rb-4.1.0&q=80&w=1080,REAL,Female,18-25
175,https://images.unsplash.com/photo-1566916863707-1fd693023479?crop=entropy&cs=tinysrgb&fit=max&fm=jpg&ixid=M3w5NDQwMTV8MHwxfHNlYXJjaHwxNzV8fGh1bWFuJTIwZmFjZSUyMHBvcnRyYWl0fGVufDB8fHx8MTc3ODA2NDc0OXww&ixlib=rb-4.1.0&q=80&w=1080,REAL,Unknown,36-50
176,https://images.unsplash.com/photo-1752330161625-6580ef7cdac0?crop=entropy&cs=tinysrgb&fit=max&fm=jpg&ixid=M3w5NDQwMTV8MHwxfHNlYXJjaHwxNzZ8fGh1bWFuJTIwZmFjZSUyMHBvcnRyYWl0fGVufDB8fHx8MTc3ODA2NDc0OXww&ixlib=rb-4.1.0&q=80&w=1080,REAL,Unknown,26-35
177,https://images.unsplash.com/photo-1566916864015-fbdeac25a463?crop=entropy&cs=tinysrgb&fit=max&fm=jpg&ixid=M3w5NDQwMTV8MHwxfHNlYXJjaHwxNzd8fGh1bWFuJTIwZmFjZSUyMHBvcnRyYWl0fGVufDB8fHx8MTc3ODA2NDc0OXww&ixlib=rb-4.1.0&q=80&w=1080,REAL,Female,36-50
178,https://images.unsplash.com/photo-1766603065074-d27834fd20b1?crop=entropy&cs=tinysrgb&fit=max&fm=jpg&ixid=M3w5NDQwMTV8MHwxfHNlYXJjaHwxNzh8fGh1bWFuJTIwZmFjZSUyMHBvcnRyYWl0fGVufDB8fHx8MTc3ODA2NDc0OXww&ixlib=rb-4.1.0&q=80&w=1080,REAL,Male,18-25
179,https://images.unsplash.com/photo-1583486791623-57f75eb2d4a9?crop=entropy&cs=tinysrgb&fit=max&fm=jpg&ixid=M3w5NDQwMTV8MHwxfHNlYXJjaHwxNzl8fGh1bWFuJTIwZmFjZSUyMHBvcnRyYWl0fGVufDB8fHx8MTc3ODA2NDc0OXww&ixlib=rb-4.1.0&q=80&w=1080,REAL,Male,26-35
180,https://images.unsplash.com/photo-1769636930451-e8df6d839e4d?crop=entropy&cs=tinysrgb&fit=max&fm=jpg&ixid=M3w5NDQwMTV8MHwxfHNlYXJjaHwxODB8fGh1bWFuJTIwZmFjZSUyMHBvcnRyYWl0fGVufDB8fHx8MTc3ODA2NDc0OXww&ixlib=rb-4.1.0&q=80&w=1080,REAL,Male,36-50
181,https://images.unsplash.com/photo-1566916863707-1fd693023479?crop=entropy&cs=tinysrgb&fit=max&fm=jpg&ixid=M3w5NDQwMTV8MHwxfHNlYXJjaHwxODF8fGh1bWFuJTIwZmFjZSUyMHBvcnRyYWl0fGVufDB8fHx8MTc3ODA2NDc1M3ww&ixlib=rb-4.1.0&q=80&w=1080,REAL,Unknown,36-50
182,https://images.unsplash.com/photo-1583486791623-57f75eb2d4a9?crop=entropy&cs=tinysrgb&fit=max&fm=jpg&ixid=M3w5NDQwMTV8MHwxfHNlYXJjaHwxODJ8fGh1bWFuJTIwZmFjZSUyMHBvcnRyYWl0fGVufDB8fHx8MTc3ODA2NDc1M3ww&ixlib=rb-4.1.0&q=80&w=1080,REAL,Unknown,18-25
183,https://images.unsplash.com/photo-1766603065074-d27834fd20b1?crop=entropy&cs=tinysrgb&fit=max&fm=jpg&ixid=M3w5NDQwMTV8MHwxfHNlYXJjaHwxODN8fGh1bWFuJTIwZmFjZSUyMHBvcnRyYWl0fGVufDB8fHx8MTc3ODA2NDc1M3ww&ixlib=rb-4.1.0&q=80&w=1080,REAL,Male,36-50
184,https://images.unsplash.com/photo-1759349107284-fdd3b76c57eb?crop=entropy&cs=tinysrgb&fit=max&fm=jpg&ixid=M3w5NDQwMTV8MHwxfHNlYXJjaHwxODR8fGh1bWFuJTIwZmFjZSUyMHBvcnRyYWl0fGVufDB8fHx8MTc3ODA2NDc1M3ww&ixlib=rb-4.1.0&q=80&w=1080,REAL,Female,50+
185,https://images.unsplash.com/photo-1611035423762-264252561b38?crop=entropy&cs=tinysrgb&fit=max&fm=jpg&ixid=M3w5NDQwMTV8MHwxfHNlYXJjaHwxODV8fGh1bWFuJTIwZmFjZSUyMHBvcnRyYWl0fGVufDB8fHx8MTc3ODA2NDc1M3ww&ixlib=rb-4.1.0&q=80&w=1080,REAL,Male,36-50
186,https://images.unsplash.com/photo-1680730591140-7a8845ebd9b7?crop=entropy&cs=tinysrgb&fit=max&fm=jpg&ixid=M3w5NDQwMTV8MHwxfHNlYXJjaHwxODZ8fGh1bWFuJTIwZmFjZSUyMHBvcnRyYWl0fGVufDB8fHx8MTc3ODA2NDc1M3ww&ixlib=rb-4.1.0&q=80&w=1080,REAL,Unknown,36-50
187,https://images.unsplash.com/photo-1758598497232-e89e4cb1f5d4?crop=entropy&cs=tinysrgb&fit=max&fm=jpg&ixid=M3w5NDQwMTV8MHwxfHNlYXJjaHwxODd8fGh1bWFuJTIwZmFjZSUyMHBvcnRyYWl0fGVufDB8fHx8MTc3ODA2NDc1M3ww&ixlib=rb-4.1.0&q=80&w=1080,REAL,Unknown,50+
188,https://images.unsplash.com/photo-1711913322812-b22ef78adef2?crop=entropy&cs=tinysrgb&fit=max&fm=jpg&ixid=M3w5NDQwMTV8MHwxfHNlYXJjaHwxODh8fGh1bWFuJTIwZmFjZSUyMHBvcnRyYWl0fGVufDB8fHx8MTc3ODA2NDc1M3ww&ixlib=rb-4.1.0&q=80&w=1080,REAL,Unknown,18-25
189,https://images.unsplash.com/photo-1766999712371-1a475df0820b?crop=entropy&cs=tinysrgb&fit=max&fm=jpg&ixid=M3w5NDQwMTV8MHwxfHNlYXJjaHwxODl8fGh1bWFuJTIwZmFjZSUyMHBvcnRyYWl0fGVufDB8fHx8MTc3ODA2NDc1M3ww&ixlib=rb-4.1.0&q=80&w=1080,REAL,Unknown,18-25
190,https://images.unsplash.com/photo-1647058461777-b78da345422e?crop=entropy&cs=tinysrgb&fit=max&fm=jpg&ixid=M3w5NDQwMTV8MHwxfHNlYXJjaHwxOTB8fGh1bWFuJTIwZmFjZSUyMHBvcnRyYWl0fGVufDB8fHx8MTc3ODA2NDc1M3ww&ixlib=rb-4.1.0&q=80&w=1080,REAL,Female,18-25
191,https://images.unsplash.com/photo-1639479964650-267b49ea3af6?crop=entropy&cs=tinysrgb&fit=max&fm=jpg&ixid=M3w5NDQwMTV8MHwxfHNlYXJjaHwxOTF8fGh1bWFuJTIwZmFjZSUyMHBvcnRyYWl0fGVufDB8fHx8MTc3ODA2NDc1M3ww&ixlib=rb-4.1.0&q=80&w=1080,REAL,Female,18-25
192,https://images.unsplash.com/photo-1687699553800-dde9d84ac002?crop=entropy&cs=tinysrgb&fit=max&fm=jpg&ixid=M3w5NDQwMTV8MHwxfHNlYXJjaHwxOTJ8fGh1bWFuJTIwZmFjZSUyMHBvcnRyYWl0fGVufDB8fHx8MTc3ODA2NDc1M3ww&ixlib=rb-4.1.0&q=80&w=1080,REAL,Male,50+
193,https://images.unsplash.com/photo-1629974952957-686485f3e849?crop=entropy&cs=tinysrgb&fit=max&fm=jpg&ixid=M3w5NDQwMTV8MHwxfHNlYXJjaHwxOTN8fGh1bWFuJTIwZmFjZSUyMHBvcnRyYWl0fGVufDB8fHx8MTc3ODA2NDc1M3ww&ixlib=rb-4.1.0&q=80&w=1080,REAL,Unknown,36-50
194,https://images.unsplash.com/photo-1731569120619-9cf86973691a?crop=entropy&cs=tinysrgb&fit=max&fm=jpg&ixid=M3w5NDQwMTV8MHwxfHNlYXJjaHwxOTR8fGh1bWFuJTIwZmFjZSUyMHBvcnRyYWl0fGVufDB8fHx8MTc3ODA2NDc1M3ww&ixlib=rb-4.1.0&q=80&w=1080,REAL,Male,26-35
195,https://images.unsplash.com/photo-1721136271661-4dcfe1d788ec?crop=entropy&cs=tinysrgb&fit=max&fm=jpg&ixid=M3w5NDQwMTV8MHwxfHNlYXJjaHwxOTV8fGh1bWFuJTIwZmFjZSUyMHBvcnRyYWl0fGVufDB8fHx8MTc3ODA2NDc1M3ww&ixlib=rb-4.1.0&q=80&w=1080,REAL,Male,18-25
196,https://images.unsplash.com/photo-1758598497219-45e77afc5b53?crop=entropy&cs=tinysrgb&fit=max&fm=jpg&ixid=M3w5NDQwMTV8MHwxfHNlYXJjaHwxOTZ8fGh1bWFuJTIwZmFjZSUyMHBvcnRyYWl0fGVufDB8fHx8MTc3ODA2NDc1M3ww&ixlib=rb-4.1.0&q=80&w=1080,REAL,Unknown,26-35
197,https://images.unsplash.com/photo-1731569120347-ad91b1a742fa?crop=entropy&cs=tinysrgb&fit=max&fm=jpg&ixid=M3w5NDQwMTV8MHwxfHNlYXJjaHwxOTd8fGh1bWFuJTIwZmFjZSUyMHBvcnRyYWl0fGVufDB8fHx8MTc3ODA2NDc1M3ww&ixlib=rb-4.1.0&q=80&w=1080,REAL,Unknown,50+
198,https://images.unsplash.com/photo-1721136271663-5f582cd17d9b?crop=entropy&cs=tinysrgb&fit=max&fm=jpg&ixid=M3w5NDQwMTV8MHwxfHNlYXJjaHwxOTh8fGh1bWFuJTIwZmFjZSUyMHBvcnRyYWl0fGVufDB8fHx8MTc3ODA2NDc1M3ww&ixlib=rb-4.1.0&q=80&w=1080,REAL,Female,50+
199,https://images.unsplash.com/photo-1633660038798-59a3a30335e8?crop=entropy&cs=tinysrgb&fit=max&fm=jpg&ixid=M3w5NDQwMTV8MHwxfHNlYXJjaHwxOTl8fGh1bWFuJTIwZmFjZSUyMHBvcnRyYWl0fGVufDB8fHx8MTc3ODA2NDc1M3ww&ixlib=rb-4.1.0&q=80&w=1080,REAL,Male,26-35
200,https://images.unsplash.com/photo-1711913379515-22eb558372c6?crop=entropy&cs=tinysrgb&fit=max&fm=jpg&ixid=M3w5NDQwMTV8MHwxfHNlYXJjaHwyMDB8fGh1bWFuJTIwZmFjZSUyMHBvcnRyYWl0fGVufDB8fHx8MTc3ODA2NDc1M3ww&ixlib=rb-4.1.0&q=80&w=1080,REAL,Female,18-25
201,https://images.unsplash.com/photo-1721136271672-e86448e2504e?crop=entropy&cs=tinysrgb&fit=max&fm=jpg&ixid=M3w5NDQwMTV8MHwxfHNlYXJjaHwyMDF8fGh1bWFuJTIwZmFjZSUyMHBvcnRyYWl0fGVufDB8fHx8MTc3ODA2NDc1M3ww&ixlib=rb-4.1.0&q=80&w=1080,REAL,Male,26-35
202,https://images.unsplash.com/photo-1764105647126-c54dce2cab31?crop=entropy&cs=tinysrgb&fit=max&fm=jpg&ixid=M3w5NDQwMTV8MHwxfHNlYXJjaHwyMDJ8fGh1bWFuJTIwZmFjZSUyMHBvcnRyYWl0fGVufDB8fHx8MTc3ODA2NDc1M3ww&ixlib=rb-4.1.0&q=80&w=1080,REAL,Unknown,36-50
203,https://images.unsplash.com/photo-1628619488538-f4ce88739f56?crop=entropy&cs=tinysrgb&fit=max&fm=jpg&ixid=M3w5NDQwMTV8MHwxfHNlYXJjaHwyMDN8fGh1bWFuJTIwZmFjZSUyMHBvcnRyYWl0fGVufDB8fHx8MTc3ODA2NDc1M3ww&ixlib=rb-4.1.0&q=80&w=1080,REAL,Male,36-50
204,https://images.unsplash.com/photo-1595831539686-095b2be9c9c9?crop=entropy&cs=tinysrgb&fit=max&fm=jpg&ixid=M3w5NDQwMTV8MHwxfHNlYXJjaHwyMDR8fGh1bWFuJTIwZmFjZSUyMHBvcnRyYWl0fGVufDB8fHx8MTc3ODA2NDc1M3ww&ixlib=rb-4.1.0&q=80&w=1080,REAL,Male,50+
205,https://images.unsplash.com/photo-1711913322813-1307565f8d88?crop=entropy&cs=tinysrgb&fit=max&fm=jpg&ixid=M3w5NDQwMTV8MHwxfHNlYXJjaHwyMDV8fGh1bWFuJTIwZmFjZSUyMHBvcnRyYWl0fGVufDB8fHx8MTc3ODA2NDc1M3ww&ixlib=rb-4.1.0&q=80&w=1080,REAL,Male,26-35
206,https://images.unsplash.com/photo-1705045206745-1b2f9f19a1f1?crop=entropy&cs=tinysrgb&fit=max&fm=jpg&ixid=M3w5NDQwMTV8MHwxfHNlYXJjaHwyMDZ8fGh1bWFuJTIwZmFjZSUyMHBvcnRyYWl0fGVufDB8fHx8MTc3ODA2NDc1M3ww&ixlib=rb-4.1.0&q=80&w=1080,REAL,Female,26-35
207,https://images.unsplash.com/photo-1560884117-8e9be30e4aec?crop=entropy&cs=tinysrgb&fit=max&fm=jpg&ixid=M3w5NDQwMTV8MHwxfHNlYXJjaHwyMDd8fGh1bWFuJTIwZmFjZSUyMHBvcnRyYWl0fGVufDB8fHx8MTc3ODA2NDc1M3ww&ixlib=rb-4.1.0&q=80&w=1080,REAL,Male,36-50
208,https://images.unsplash.com/photo-1646593566754-33812d8de899?crop=entropy&cs=tinysrgb&fit=max&fm=jpg&ixid=M3w5NDQwMTV8MHwxfHNlYXJjaHwyMDh8fGh1bWFuJTIwZmFjZSUyMHBvcnRyYWl0fGVufDB8fHx8MTc3ODA2NDc1M3ww&ixlib=rb-4.1.0&q=80&w=1080,REAL,Unknown,36-50
209,https://images.unsplash.com/photo-1534528741775-53994a69daeb?crop=entropy&cs=tinysrgb&fit=max&fm=jpg&ixid=M3w5NDQwMTV8MHwxfHNlYXJjaHwyMDl8fGh1bWFuJTIwZmFjZSUyMHBvcnRyYWl0fGVufDB8fHx8MTc3ODA2NDc1M3ww&ixlib=rb-4.1.0&q=80&w=1080,REAL,Unknown,50+
210,https://images.unsplash.com/photo-1613017187064-e0322914d4cc?crop=entropy&cs=tinysrgb&fit=max&fm=jpg&ixid=M3w5NDQwMTV8MHwxfHNlYXJjaHwyMTB8fGh1bWFuJTIwZmFjZSUyMHBvcnRyYWl0fGVufDB8fHx8MTc3ODA2NDc1M3ww&ixlib=rb-4.1.0&q=80&w=1080,REAL,Unknown,50+
211,https://images.unsplash.com/photo-1699206790960-87c88c897db7?crop=entropy&cs=tinysrgb&fit=max&fm=jpg&ixid=M3w5NDQwMTV8MHwxfHNlYXJjaHwyNDF8fGh1bWFuJTIwZmFjZSUyMHBvcnRyYWl0fGVufDB8fHx8MTc3ODA2NDg3MHww&ixlib=rb-4.1.0&q=80&w=1080,REAL,Male,26-35
212,https://images.unsplash.com/photo-1632957801446-d0a26e1b1302?crop=entropy&cs=tinysrgb&fit=max&fm=jpg&ixid=M3w5NDQwMTV8MHwxfHNlYXJjaHwyNDJ8fGh1bWFuJTIwZmFjZSUyMHBvcnRyYWl0fGVufDB8fHx8MTc3ODA2NDg3MHww&ixlib=rb-4.1.0&q=80&w=1080,REAL,Male,36-50
213,https://images.unsplash.com/photo-1558085771-2f289f56cccd?crop=entropy&cs=tinysrgb&fit=max&fm=jpg&ixid=M3w5NDQwMTV8MHwxfHNlYXJjaHwyNDN8fGh1bWFuJTIwZmFjZSUyMHBvcnRyYWl0fGVufDB8fHx8MTc3ODA2NDg3MHww&ixlib=rb-4.1.0&q=80&w=1080,REAL,Unknown,50+
214,https://images.unsplash.com/photo-1587993988358-20b3f588eb97?crop=entropy&cs=tinysrgb&fit=max&fm=jpg&ixid=M3w5NDQwMTV8MHwxfHNlYXJjaHwyNDR8fGh1bWFuJTIwZmFjZSUyMHBvcnRyYWl0fGVufDB8fHx8MTc3ODA2NDg3MHww&ixlib=rb-4.1.0&q=80&w=1080,REAL,Unknown,18-25
215,https://images.unsplash.com/photo-1657682041300-804b68d609fa?crop=entropy&cs=tinysrgb&fit=max&fm=jpg&ixid=M3w5NDQwMTV8MHwxfHNlYXJjaHwyNDV8fGh1bWFuJTIwZmFjZSUyMHBvcnRyYWl0fGVufDB8fHx8MTc3ODA2NDg3MHww&ixlib=rb-4.1.0&q=80&w=1080,REAL,Male,18-25
216,https://images.unsplash.com/photo-1646797151620-4f20c2d16944?crop=entropy&cs=tinysrgb&fit=max&fm=jpg&ixid=M3w5NDQwMTV8MHwxfHNlYXJjaHwyNDZ8fGh1bWFuJTIwZmFjZSUyMHBvcnRyYWl0fGVufDB8fHx8MTc3ODA2NDg3MHww&ixlib=rb-4.1.0&q=80&w=1080,REAL,Male,18-25
217,https://images.unsplash.com/photo-1607867856297-085b093eb8e8?crop=entropy&cs=tinysrgb&fit=max&fm=jpg&ixid=M3w5NDQwMTV8MHwxfHNlYXJjaHwyNDd8fGh1bWFuJTIwZmFjZSUyMHBvcnRyYWl0fGVufDB8fHx8MTc3ODA2NDg3MHww&ixlib=rb-4.1.0&q=80&w=1080,REAL,Female,36-50
218,https://images.unsplash.com/photo-1597198670583-45d17643d71b?crop=entropy&cs=tinysrgb&fit=max&fm=jpg&ixid=M3w5NDQwMTV8MHwxfHNlYXJjaHwyNDh8fGh1bWFuJTIwZmFjZSUyMHBvcnRyYWl0fGVufDB8fHx8MTc3ODA2NDg3MHww&ixlib=rb-4.1.0&q=80&w=1080,REAL,Unknown,50+
219,https://images.unsplash.com/photo-1714510380386-df1dc3111533?crop=entropy&cs=tinysrgb&fit=max&fm=jpg&ixid=M3w5NDQwMTV8MHwxfHNlYXJjaHwyNDl8fGh1bWFuJTIwZmFjZSUyMHBvcnRyYWl0fGVufDB8fHx8MTc3ODA2NDg3MHww&ixlib=rb-4.1.0&q=80&w=1080,REAL,Unknown,36-50
220,https://images.unsplash.com/photo-1745426358430-7d88183c1b90?crop=entropy&cs=tinysrgb&fit=max&fm=jpg&ixid=M3w5NDQwMTV8MHwxfHNlYXJjaHwyNTB8fGh1bWFuJTIwZmFjZSUyMHBvcnRyYWl0fGVufDB8fHx8MTc3ODA2NDg3MHww&ixlib=rb-4.1.0&q=80&w=1080,REAL,Male,18-25
221,https://images.unsplash.com/photo-1698681296890-a772cdec87f8?crop=entropy&cs=tinysrgb&fit=max&fm=jpg&ixid=M3w5NDQwMTV8MHwxfHNlYXJjaHwyNTF8fGh1bWFuJTIwZmFjZSUyMHBvcnRyYWl0fGVufDB8fHx8MTc3ODA2NDg3MHww&ixlib=rb-4.1.0&q=80&w=1080,REAL,Unknown,18-25
222,https://images.unsplash.com/photo-1694507158843-8e1d81d977c2?crop=entropy&cs=tinysrgb&fit=max&fm=jpg&ixid=M3w5NDQwMTV8MHwxfHNlYXJjaHwyNTJ8fGh1bWFuJTIwZmFjZSUyMHBvcnRyYWl0fGVufDB8fHx8MTc3ODA2NDg3MHww&ixlib=rb-4.1.0&q=80&w=1080,REAL,Unknown,36-50
223,https://images.unsplash.com/photo-1605661363111-5e415073cdd8?crop=entropy&cs=tinysrgb&fit=max&fm=jpg&ixid=M3w5NDQwMTV8MHwxfHNlYXJjaHwyNTN8fGh1bWFuJTIwZmFjZSUyMHBvcnRyYWl0fGVufDB8fHx8MTc3ODA2NDg3MHww&ixlib=rb-4.1.0&q=80&w=1080,REAL,Unknown,18-25
224,https://images.unsplash.com/photo-1620136094441-02b6622f5968?crop=entropy&cs=tinysrgb&fit=max&fm=jpg&ixid=M3w5NDQwMTV8MHwxfHNlYXJjaHwyNTR8fGh1bWFuJTIwZmFjZSUyMHBvcnRyYWl0fGVufDB8fHx8MTc3ODA2NDg3MHww&ixlib=rb-4.1.0&q=80&w=1080,REAL,Male,36-50
225,https://images.unsplash.com/photo-1730937012608-1b77e4574a59?crop=entropy&cs=tinysrgb&fit=max&fm=jpg&ixid=M3w5NDQwMTV8MHwxfHNlYXJjaHwyNTV8fGh1bWFuJTIwZmFjZSUyMHBvcnRyYWl0fGVufDB8fHx8MTc3ODA2NDg3MHww&ixlib=rb-4.1.0&q=80&w=1080,REAL,Unknown,18-25
226,https://images.unsplash.com/photo-1601848513074-f3d6cf141544?crop=entropy&cs=tinysrgb&fit=max&fm=jpg&ixid=M3w5NDQwMTV8MHwxfHNlYXJjaHwyNTZ8fGh1bWFuJTIwZmFjZSUyMHBvcnRyYWl0fGVufDB8fHx8MTc3ODA2NDg3MHww&ixlib=rb-4.1.0&q=80&w=1080,REAL,Unknown,26-35
227,https://images.unsplash.com/photo-1576003781339-ecb9f17b3e98?crop=entropy&cs=tinysrgb&fit=max&fm=jpg&ixid=M3w5NDQwMTV8MHwxfHNlYXJjaHwyNTd8fGh1bWFuJTIwZmFjZSUyMHBvcnRyYWl0fGVufDB8fHx8MTc3ODA2NDg3MHww&ixlib=rb-4.1.0&q=80&w=1080,REAL,Male,26-35
228,https://images.unsplash.com/photo-1635969064571-5aa8b24b9a62?crop=entropy&cs=tinysrgb&fit=max&fm=jpg&ixid=M3w5NDQwMTV8MHwxfHNlYXJjaHwyNTh8fGh1bWFuJTIwZmFjZSUyMHBvcnRyYWl0fGVufDB8fHx8MTc3ODA2NDg3MHww&ixlib=rb-4.1.0&q=80&w=1080,REAL,Female,36-50
229,https://images.unsplash.com/photo-1570571054888-aa5e6b878160?crop=entropy&cs=tinysrgb&fit=max&fm=jpg&ixid=M3w5NDQwMTV8MHwxfHNlYXJjaHwyNTl8fGh1bWFuJTIwZmFjZSUyMHBvcnRyYWl0fGVufDB8fHx8MTc3ODA2NDg3MHww&ixlib=rb-4.1.0&q=80&w=1080,REAL,Female,26-35
230,https://images.unsplash.com/photo-1581518873005-89be78a8b673?crop=entropy&cs=tinysrgb&fit=max&fm=jpg&ixid=M3w5NDQwMTV8MHwxfHNlYXJjaHwyNjB8fGh1bWFuJTIwZmFjZSUyMHBvcnRyYWl0fGVufDB8fHx8MTc3ODA2NDg3MHww&ixlib=rb-4.1.0&q=80&w=1080,REAL,Unknown,36-50
231,https://images.unsplash.com/photo-1633549446051-82a0599e9e02?crop=entropy&cs=tinysrgb&fit=max&fm=jpg&ixid=M3w5NDQwMTV8MHwxfHNlYXJjaHwyNjF8fGh1bWFuJTIwZmFjZSUyMHBvcnRyYWl0fGVufDB8fHx8MTc3ODA2NDg3MHww&ixlib=rb-4.1.0&q=80&w=1080,REAL,Unknown,36-50
232,https://images.unsplash.com/photo-1603759039427-8f6d7525330d?crop=entropy&cs=tinysrgb&fit=max&fm=jpg&ixid=M3w5NDQwMTV8MHwxfHNlYXJjaHwyNjJ8fGh1bWFuJTIwZmFjZSUyMHBvcnRyYWl0fGVufDB8fHx8MTc3ODA2NDg3MHww&ixlib=rb-4.1.0&q=80&w=1080,REAL,Male,26-35
233,https://images.unsplash.com/photo-1580008006944-bb3b7e890d5d?crop=entropy&cs=tinysrgb&fit=max&fm=jpg&ixid=M3w5NDQwMTV8MHwxfHNlYXJjaHwyNjN8fGh1bWFuJTIwZmFjZSUyMHBvcnRyYWl0fGVufDB8fHx8MTc3ODA2NDg3MHww&ixlib=rb-4.1.0&q=80&w=1080,REAL,Female,26-35
234,https://images.unsplash.com/photo-1600938401217-6bbe7ff6641e?crop=entropy&cs=tinysrgb&fit=max&fm=jpg&ixid=M3w5NDQwMTV8MHwxfHNlYXJjaHwyNjR8fGh1bWFuJTIwZmFjZSUyMHBvcnRyYWl0fGVufDB8fHx8MTc3ODA2NDg3MHww&ixlib=rb-4.1.0&q=80&w=1080,REAL,Female,18-25
235,https://images.unsplash.com/photo-1626451430188-c377211fcf42?crop=entropy&cs=tinysrgb&fit=max&fm=jpg&ixid=M3w5NDQwMTV8MHwxfHNlYXJjaHwyNjV8fGh1bWFuJTIwZmFjZSUyMHBvcnRyYWl0fGVufDB8fHx8MTc3ODA2NDg3MHww&ixlib=rb-4.1.0&q=80&w=1080,REAL,Male,26-35
236,https://images.unsplash.com/photo-1601118448163-0f9363e5bbb4?crop=entropy&cs=tinysrgb&fit=max&fm=jpg&ixid=M3w5NDQwMTV8MHwxfHNlYXJjaHwyNjZ8fGh1bWFuJTIwZmFjZSUyMHBvcnRyYWl0fGVufDB8fHx8MTc3ODA2NDg3MHww&ixlib=rb-4.1.0&q=80&w=1080,REAL,Unknown,18-25
237,https://images.unsplash.com/photo-1727341557531-343cd4364501?crop=entropy&cs=tinysrgb&fit=max&fm=jpg&ixid=M3w5NDQwMTV8MHwxfHNlYXJjaHwyNjd8fGh1bWFuJTIwZmFjZSUyMHBvcnRyYWl0fGVufDB8fHx8MTc3ODA2NDg3MHww&ixlib=rb-4.1.0&q=80&w=1080,REAL,Male,26-35
238,https://images.unsplash.com/photo-1727341555918-df1d76cbdbe0?crop=entropy&cs=tinysrgb&fit=max&fm=jpg&ixid=M3w5NDQwMTV8MHwxfHNlYXJjaHwyNjh8fGh1bWFuJTIwZmFjZSUyMHBvcnRyYWl0fGVufDB8fHx8MTc3ODA2NDg3MHww&ixlib=rb-4.1.0&q=80&w=1080,REAL,Unknown,50+
239,https://images.unsplash.com/photo-1727341553976-8456538f2009?crop=entropy&cs=tinysrgb&fit=max&fm=jpg&ixid=M3w5NDQwMTV8MHwxfHNlYXJjaHwyNjl8fGh1bWFuJTIwZmFjZSUyMHBvcnRyYWl0fGVufDB8fHx8MTc3ODA2NDg3MHww&ixlib=rb-4.1.0&q=80&w=1080,REAL,Female,26-35
240,https://images.unsplash.com/photo-1656338997878-279d71d48f6e?crop=entropy&cs=tinysrgb&fit=max&fm=jpg&ixid=M3w5NDQwMTV8MHwxfHNlYXJjaHwyNzB8fGh1bWFuJTIwZmFjZSUyMHBvcnRyYWl0fGVufDB8fHx8MTc3ODA2NDg3MHww&ixlib=rb-4.1.0&q=80&w=1080,REAL,Female,26-35
241,https://images.unsplash.com/photo-1727341557376-f05c5c96087d?crop=entropy&cs=tinysrgb&fit=max&fm=jpg&ixid=M3w5NDQwMTV8MHwxfHNlYXJjaHwyNzF8fGh1bWFuJTIwZmFjZSUyMHBvcnRyYWl0fGVufDB8fHx8MTc3ODA2NDkwMnww&ixlib=rb-4.1.0&q=80&w=1080,REAL,Male,18-25
242,https://images.unsplash.com/photo-1714510395218-ff27b9f1f978?crop=entropy&cs=tinysrgb&fit=max&fm=jpg&ixid=M3w5NDQwMTV8MHwxfHNlYXJjaHwyNzJ8fGh1bWFuJTIwZmFjZSUyMHBvcnRyYWl0fGVufDB8fHx8MTc3ODA2NDkwMnww&ixlib=rb-4.1.0&q=80&w=1080,REAL,Male,36-50
243,https://images.unsplash.com/photo-1733227800842-dcc9d4cfeabc?crop=entropy&cs=tinysrgb&fit=max&fm=jpg&ixid=M3w5NDQwMTV8MHwxfHNlYXJjaHwyNzN8fGh1bWFuJTIwZmFjZSUyMHBvcnRyYWl0fGVufDB8fHx8MTc3ODA2NDkwMnww&ixlib=rb-4.1.0&q=80&w=1080,REAL,Male,50+
244,https://images.unsplash.com/photo-1732968158464-ac12038326d3?crop=entropy&cs=tinysrgb&fit=max&fm=jpg&ixid=M3w5NDQwMTV8MHwxfHNlYXJjaHwyNzR8fGh1bWFuJTIwZmFjZSUyMHBvcnRyYWl0fGVufDB8fHx8MTc3ODA2NDkwMnww&ixlib=rb-4.1.0&q=80&w=1080,REAL,Male,18-25
245,https://images.unsplash.com/photo-1668536681456-817e4a575c6e?crop=entropy&cs=tinysrgb&fit=max&fm=jpg&ixid=M3w5NDQwMTV8MHwxfHNlYXJjaHwyNzV8fGh1bWFuJTIwZmFjZSUyMHBvcnRyYWl0fGVufDB8fHx8MTc3ODA2NDkwMnww&ixlib=rb-4.1.0&q=80&w=1080,REAL,Unknown,18-25
246,https://images.unsplash.com/photo-1699206790550-e0da8f6e2cec?crop=entropy&cs=tinysrgb&fit=max&fm=jpg&ixid=M3w5NDQwMTV8MHwxfHNlYXJjaHwyNzZ8fGh1bWFuJTIwZmFjZSUyMHBvcnRyYWl0fGVufDB8fHx8MTc3ODA2NDkwMnww&ixlib=rb-4.1.0&q=80&w=1080,REAL,Female,50+
247,https://images.unsplash.com/photo-1584464441663-3d23cb39b041?crop=entropy&cs=tinysrgb&fit=max&fm=jpg&ixid=M3w5NDQwMTV8MHwxfHNlYXJjaHwyNzd8fGh1bWFuJTIwZmFjZSUyMHBvcnRyYWl0fGVufDB8fHx8MTc3ODA2NDkwMnww&ixlib=rb-4.1.0&q=80&w=1080,REAL,Unknown,36-50
248,https://images.unsplash.com/photo-1727341556787-7292f7515aec?crop=entropy&cs=tinysrgb&fit=max&fm=jpg&ixid=M3w5NDQwMTV8MHwxfHNlYXJjaHwyNzh8fGh1bWFuJTIwZmFjZSUyMHBvcnRyYWl0fGVufDB8fHx8MTc3ODA2NDkwMnww&ixlib=rb-4.1.0&q=80&w=1080,REAL,Female,18-25
249,https://images.unsplash.com/photo-1727341556241-e6f5e1029522?crop=entropy&cs=tinysrgb&fit=max&fm=jpg&ixid=M3w5NDQwMTV8MHwxfHNlYXJjaHwyNzl8fGh1bWFuJTIwZmFjZSUyMHBvcnRyYWl0fGVufDB8fHx8MTc3ODA2NDkwMnww&ixlib=rb-4.1.0&q=80&w=1080,REAL,Unknown,26-35
250,https://images.unsplash.com/photo-1581884300154-ab4f1ed26a9e?crop=entropy&cs=tinysrgb&fit=max&fm=jpg&ixid=M3w5NDQwMTV8MHwxfHNlYXJjaHwyODB8fGh1bWFuJTIwZmFjZSUyMHBvcnRyYWl0fGVufDB8fHx8MTc3ODA2NDkwMnww&ixlib=rb-4.1.0&q=80&w=1080,REAL,Unknown,26-35
251,https://images.unsplash.com/photo-1720463671506-7da8ab4a7040?crop=entropy&cs=tinysrgb&fit=max&fm=jpg&ixid=M3w5NDQwMTV8MHwxfHNlYXJjaHwyODF8fGh1bWFuJTIwZmFjZSUyMHBvcnRyYWl0fGVufDB8fHx8MTc3ODA2NDkwMnww&ixlib=rb-4.1.0&q=80&w=1080,REAL,Male,26-35
252,https://images.unsplash.com/photo-1614030390686-e639c3b1e0cb?crop=entropy&cs=tinysrgb&fit=max&fm=jpg&ixid=M3w5NDQwMTV8MHwxfHNlYXJjaHwyODJ8fGh1bWFuJTIwZmFjZSUyMHBvcnRyYWl0fGVufDB8fHx8MTc3ODA2NDkwMnww&ixlib=rb-4.1.0&q=80&w=1080,REAL,Female,36-50
253,https://images.unsplash.com/photo-1587835526880-c3065417ee7d?crop=entropy&cs=tinysrgb&fit=max&fm=jpg&ixid=M3w5NDQwMTV8MHwxfHNlYXJjaHwyODN8fGh1bWFuJTIwZmFjZSUyMHBvcnRyYWl0fGVufDB8fHx8MTc3ODA2NDkwMnww&ixlib=rb-4.1.0&q=80&w=1080,REAL,Unknown,50+
254,https://images.unsplash.com/photo-1656339504243-2df4c5ebf1c0?crop=entropy&cs=tinysrgb&fit=max&fm=jpg&ixid=M3w5NDQwMTV8MHwxfHNlYXJjaHwyODR8fGh1bWFuJTIwZmFjZSUyMHBvcnRyYWl0fGVufDB8fHx8MTc3ODA2NDkwMnww&ixlib=rb-4.1.0&q=80&w=1080,REAL,Unknown,36-50
255,https://images.unsplash.com/photo-1586447804843-672a67e1de3b?crop=entropy&cs=tinysrgb&fit=max&fm=jpg&ixid=M3w5NDQwMTV8MHwxfHNlYXJjaHwyODV8fGh1bWFuJTIwZmFjZSUyMHBvcnRyYWl0fGVufDB8fHx8MTc3ODA2NDkwMnww&ixlib=rb-4.1.0&q=80&w=1080,REAL,Male,50+
256,https://images.unsplash.com/photo-1630026317249-c1c83b21ea07?crop=entropy&cs=tinysrgb&fit=max&fm=jpg&ixid=M3w5NDQwMTV8MHwxfHNlYXJjaHwyODZ8fGh1bWFuJTIwZmFjZSUyMHBvcnRyYWl0fGVufDB8fHx8MTc3ODA2NDkwMnww&ixlib=rb-4.1.0&q=80&w=1080,REAL,Female,50+
257,https://images.unsplash.com/photo-1772544797306-42ffcda5c63b?crop=entropy&cs=tinysrgb&fit=max&fm=jpg&ixid=M3w5NDQwMTV8MHwxfHNlYXJjaHwyODd8fGh1bWFuJTIwZmFjZSUyMHBvcnRyYWl0fGVufDB8fHx8MTc3ODA2NDkwMnww&ixlib=rb-4.1.0&q=80&w=1080,REAL,Female,18-25
258,https://images.unsplash.com/photo-1587763827518-2c007fb948d2?crop=entropy&cs=tinysrgb&fit=max&fm=jpg&ixid=M3w5NDQwMTV8MHwxfHNlYXJjaHwyODh8fGh1bWFuJTIwZmFjZSUyMHBvcnRyYWl0fGVufDB8fHx8MTc3ODA2NDkwMnww&ixlib=rb-4.1.0&q=80&w=1080,REAL,Male,36-50
259,https://images.unsplash.com/photo-1612582631307-9824f3a5dfd2?crop=entropy&cs=tinysrgb&fit=max&fm=jpg&ixid=M3w5NDQwMTV8MHwxfHNlYXJjaHwyODl8fGh1bWFuJTIwZmFjZSUyMHBvcnRyYWl0fGVufDB8fHx8MTc3ODA2NDkwMnww&ixlib=rb-4.1.0&q=80&w=1080,REAL,Female,50+
260,https://images.unsplash.com/photo-1758874383973-83166565759c?crop=entropy&cs=tinysrgb&fit=max&fm=jpg&ixid=M3w5NDQwMTV8MHwxfHNlYXJjaHwyOTB8fGh1bWFuJTIwZmFjZSUyMHBvcnRyYWl0fGVufDB8fHx8MTc3ODA2NDkwMnww&ixlib=rb-4.1.0&q=80&w=1080,REAL,Unknown,18-25
261,https://images.unsplash.com/photo-1586447824866-3dbe5c051fcf?crop=entropy&cs=tinysrgb&fit=max&fm=jpg&ixid=M3w5NDQwMTV8MHwxfHNlYXJjaHwyOTF8fGh1bWFuJTIwZmFjZSUyMHBvcnRyYWl0fGVufDB8fHx8MTc3ODA2NDkwMnww&ixlib=rb-4.1.0&q=80&w=1080,REAL,Female,36-50
262,https://images.unsplash.com/photo-1587763805894-192e6ed3c101?crop=entropy&cs=tinysrgb&fit=max&fm=jpg&ixid=M3w5NDQwMTV8MHwxfHNlYXJjaHwyOTJ8fGh1bWFuJTIwZmFjZSUyMHBvcnRyYWl0fGVufDB8fHx8MTc3ODA2NDkwMnww&ixlib=rb-4.1.0&q=80&w=1080,REAL,Male,18-25
263,https://images.unsplash.com/photo-1588028217292-e2d584014cbf?crop=entropy&cs=tinysrgb&fit=max&fm=jpg&ixid=M3w5NDQwMTV8MHwxfHNlYXJjaHwyOTN8fGh1bWFuJTIwZmFjZSUyMHBvcnRyYWl0fGVufDB8fHx8MTc3ODA2NDkwMnww&ixlib=rb-4.1.0&q=80&w=1080,REAL,Male,26-35
264,https://images.unsplash.com/photo-1585584011184-55cf0de2ea25?crop=entropy&cs=tinysrgb&fit=max&fm=jpg&ixid=M3w5NDQwMTV8MHwxfHNlYXJjaHwyOTR8fGh1bWFuJTIwZmFjZSUyMHBvcnRyYWl0fGVufDB8fHx8MTc3ODA2NDkwMnww&ixlib=rb-4.1.0&q=80&w=1080,REAL,Male,50+
265,https://images.unsplash.com/photo-1651164777745-dbe45f485f73?crop=entropy&cs=tinysrgb&fit=max&fm=jpg&ixid=M3w5NDQwMTV8MHwxfHNlYXJjaHwyOTV8fGh1bWFuJTIwZmFjZSUyMHBvcnRyYWl0fGVufDB8fHx8MTc3ODA2NDkwMnww&ixlib=rb-4.1.0&q=80&w=1080,REAL,Male,50+
266,https://images.unsplash.com/photo-1612361210970-f978159c3be6?crop=entropy&cs=tinysrgb&fit=max&fm=jpg&ixid=M3w5NDQwMTV8MHwxfHNlYXJjaHwyOTZ8fGh1bWFuJTIwZmFjZSUyMHBvcnRyYWl0fGVufDB8fHx8MTc3ODA2NDkwMnww&ixlib=rb-4.1.0&q=80&w=1080,REAL,Male,26-35
267,https://images.unsplash.com/photo-1587668223851-c157d8d353ab?crop=entropy&cs=tinysrgb&fit=max&fm=jpg&ixid=M3w5NDQwMTV8MHwxfHNlYXJjaHwyOTd8fGh1bWFuJTIwZmFjZSUyMHBvcnRyYWl0fGVufDB8fHx8MTc3ODA2NDkwMnww&ixlib=rb-4.1.0&q=80&w=1080,REAL,Unknown,26-35
268,https://images.unsplash.com/photo-1587409962662-eea5eec666d0?crop=entropy&cs=tinysrgb&fit=max&fm=jpg&ixid=M3w5NDQwMTV8MHwxfHNlYXJjaHwyOTh8fGh1bWFuJTIwZmFjZSUyMHBvcnRyYWl0fGVufDB8fHx8MTc3ODA2NDkwMnww&ixlib=rb-4.1.0&q=80&w=1080,REAL,Male,18-25
269,https://images.unsplash.com/photo-1586501081992-de543a5b8778?crop=entropy&cs=tinysrgb&fit=max&fm=jpg&ixid=M3w5NDQwMTV8MHwxfHNlYXJjaHwyOTl8fGh1bWFuJTIwZmFjZSUyMHBvcnRyYWl0fGVufDB8fHx8MTc3ODA2NDkwMnww&ixlib=rb-4.1.0&q=80&w=1080,REAL,Unknown,18-25
270,https://images.unsplash.com/photo-1656339781704-0afb3becfd90?crop=entropy&cs=tinysrgb&fit=max&fm=jpg&ixid=M3w5NDQwMTV8MHwxfHNlYXJjaHwzMDB8fGh1bWFuJTIwZmFjZSUyMHBvcnRyYWl0fGVufDB8fHx8MTc3ODA2NDkwMnww&ixlib=rb-4.1.0&q=80&w=1080,REAL,Unknown,50+
271,https://images.unsplash.com/photo-1698681417703-5dbd88010397?crop=entropy&cs=tinysrgb&fit=max&fm=jpg&ixid=M3w5NDQwMTV8MHwxfHNlYXJjaHwzMDF8fGh1bWFuJTIwZmFjZSUyMHBvcnRyYWl0fGVufDB8fHx8MTc3ODA2NDk4N3ww&ixlib=rb-4.1.0&q=80&w=1080,REAL,Female,26-35
272,https://images.unsplash.com/photo-1584464341079-68652a00b284?crop=entropy&cs=tinysrgb&fit=max&fm=jpg&ixid=M3w5NDQwMTV8MHwxfHNlYXJjaHwzMDJ8fGh1bWFuJTIwZmFjZSUyMHBvcnRyYWl0fGVufDB8fHx8MTc3ODA2NDk4N3ww&ixlib=rb-4.1.0&q=80&w=1080,REAL,Female,50+
273,https://images.unsplash.com/photo-1698681199606-3af85c3e1f26?crop=entropy&cs=tinysrgb&fit=max&fm=jpg&ixid=M3w5NDQwMTV8MHwxfHNlYXJjaHwzMDN8fGh1bWFuJTIwZmFjZSUyMHBvcnRyYWl0fGVufDB8fHx8MTc3ODA2NDk4N3ww&ixlib=rb-4.1.0&q=80&w=1080,REAL,Male,18-25
274,https://images.unsplash.com/photo-1683411830860-3d131ffa2a59?crop=entropy&cs=tinysrgb&fit=max&fm=jpg&ixid=M3w5NDQwMTV8MHwxfHNlYXJjaHwzMDR8fGh1bWFuJTIwZmFjZSUyMHBvcnRyYWl0fGVufDB8fHx8MTc3ODA2NDk4N3ww&ixlib=rb-4.1.0&q=80&w=1080,REAL,Unknown,26-35
275,https://images.unsplash.com/photo-1577682760849-74d78f5206c3?crop=entropy&cs=tinysrgb&fit=max&fm=jpg&ixid=M3w5NDQwMTV8MHwxfHNlYXJjaHwzMDV8fGh1bWFuJTIwZmFjZSUyMHBvcnRyYWl0fGVufDB8fHx8MTc3ODA2NDk4N3ww&ixlib=rb-4.1.0&q=80&w=1080,REAL,Female,50+
276,https://images.unsplash.com/photo-1597094665178-a8ecb785a82a?crop=entropy&cs=tinysrgb&fit=max&fm=jpg&ixid=M3w5NDQwMTV8MHwxfHNlYXJjaHwzMDZ8fGh1bWFuJTIwZmFjZSUyMHBvcnRyYWl0fGVufDB8fHx8MTc3ODA2NDk4N3ww&ixlib=rb-4.1.0&q=80&w=1080,REAL,Male,36-50
277,https://images.unsplash.com/photo-1734188571985-452a7288907c?crop=entropy&cs=tinysrgb&fit=max&fm=jpg&ixid=M3w5NDQwMTV8MHwxfHNlYXJjaHwzMDd8fGh1bWFuJTIwZmFjZSUyMHBvcnRyYWl0fGVufDB8fHx8MTc3ODA2NDk4N3ww&ixlib=rb-4.1.0&q=80&w=1080,REAL,Unknown,18-25
278,https://images.unsplash.com/photo-1607867708773-da3a6f8d0614?crop=entropy&cs=tinysrgb&fit=max&fm=jpg&ixid=M3w5NDQwMTV8MHwxfHNlYXJjaHwzMDh8fGh1bWFuJTIwZmFjZSUyMHBvcnRyYWl0fGVufDB8fHx8MTc3ODA2NDk4N3ww&ixlib=rb-4.1.0&q=80&w=1080,REAL,Female,50+
279,https://images.unsplash.com/photo-1576527194426-7009645f8b5f?crop=entropy&cs=tinysrgb&fit=max&fm=jpg&ixid=M3w5NDQwMTV8MHwxfHNlYXJjaHwzMDl8fGh1bWFuJTIwZmFjZSUyMHBvcnRyYWl0fGVufDB8fHx8MTc3ODA2NDk4N3ww&ixlib=rb-4.1.0&q=80&w=1080,REAL,Female,36-50
280,https://images.unsplash.com/photo-1768677129657-bb93b8216570?crop=entropy&cs=tinysrgb&fit=max&fm=jpg&ixid=M3w5NDQwMTV8MHwxfHNlYXJjaHwzMTB8fGh1bWFuJTIwZmFjZSUyMHBvcnRyYWl0fGVufDB8fHx8MTc3ODA2NDk4N3ww&ixlib=rb-4.1.0&q=80&w=1080,REAL,Unknown,36-50
281,https://images.unsplash.com/photo-1694507159144-b761fc2d61c3?crop=entropy&cs=tinysrgb&fit=max&fm=jpg&ixid=M3w5NDQwMTV8MHwxfHNlYXJjaHwzMTF8fGh1bWFuJTIwZmFjZSUyMHBvcnRyYWl0fGVufDB8fHx8MTc3ODA2NDk4N3ww&ixlib=rb-4.1.0&q=80&w=1080,REAL,Female,36-50
282,https://images.unsplash.com/photo-1588398810387-88d16611e7ce?crop=entropy&cs=tinysrgb&fit=max&fm=jpg&ixid=M3w5NDQwMTV8MHwxfHNlYXJjaHwzMTJ8fGh1bWFuJTIwZmFjZSUyMHBvcnRyYWl0fGVufDB8fHx8MTc3ODA2NDk4N3ww&ixlib=rb-4.1.0&q=80&w=1080,REAL,Female,50+
283,https://images.unsplash.com/photo-1581423879860-bb9cc94ac3a9?crop=entropy&cs=tinysrgb&fit=max&fm=jpg&ixid=M3w5NDQwMTV8MHwxfHNlYXJjaHwzMTN8fGh1bWFuJTIwZmFjZSUyMHBvcnRyYWl0fGVufDB8fHx8MTc3ODA2NDk4N3ww&ixlib=rb-4.1.0&q=80&w=1080,REAL,Female,26-35
284,https://images.unsplash.com/photo-1579830341173-519fb8c07ca2?crop=entropy&cs=tinysrgb&fit=max&fm=jpg&ixid=M3w5NDQwMTV8MHwxfHNlYXJjaHwzMTR8fGh1bWFuJTIwZmFjZSUyMHBvcnRyYWl0fGVufDB8fHx8MTc3ODA2NDk4N3ww&ixlib=rb-4.1.0&q=80&w=1080,REAL,Unknown,50+
285,https://images.unsplash.com/photo-1593529772620-47f36b5bf724?crop=entropy&cs=tinysrgb&fit=max&fm=jpg&ixid=M3w5NDQwMTV8MHwxfHNlYXJjaHwzMTV8fGh1bWFuJTIwZmFjZSUyMHBvcnRyYWl0fGVufDB8fHx8MTc3ODA2NDk4N3ww&ixlib=rb-4.1.0&q=80&w=1080,REAL,Female,36-50
286,https://images.unsplash.com/photo-1591261064063-c5a3f90c9256?crop=entropy&cs=tinysrgb&fit=max&fm=jpg&ixid=M3w5NDQwMTV8MHwxfHNlYXJjaHwzMTZ8fGh1bWFuJTIwZmFjZSUyMHBvcnRyYWl0fGVufDB8fHx8MTc3ODA2NDk4N3ww&ixlib=rb-4.1.0&q=80&w=1080,REAL,Female,36-50
287,https://images.unsplash.com/photo-1600886102552-a5d774464ede?crop=entropy&cs=tinysrgb&fit=max&fm=jpg&ixid=M3w5NDQwMTV8MHwxfHNlYXJjaHwzMTd8fGh1bWFuJTIwZmFjZSUyMHBvcnRyYWl0fGVufDB8fHx8MTc3ODA2NDk4N3ww&ixlib=rb-4.1.0&q=80&w=1080,REAL,Unknown,50+
288,https://images.unsplash.com/photo-1642241184548-7a6aabbab769?crop=entropy&cs=tinysrgb&fit=max&fm=jpg&ixid=M3w5NDQwMTV8MHwxfHNlYXJjaHwzMTh8fGh1bWFuJTIwZmFjZSUyMHBvcnRyYWl0fGVufDB8fHx8MTc3ODA2NDk4N3ww&ixlib=rb-4.1.0&q=80&w=1080,REAL,Female,50+
289,https://images.unsplash.com/photo-1605989572011-114a2428a30e?crop=entropy&cs=tinysrgb&fit=max&fm=jpg&ixid=M3w5NDQwMTV8MHwxfHNlYXJjaHwzMTl8fGh1bWFuJTIwZmFjZSUyMHBvcnRyYWl0fGVufDB8fHx8MTc3ODA2NDk4N3ww&ixlib=rb-4.1.0&q=80&w=1080,REAL,Male,50+
290,https://images.unsplash.com/photo-1646161143800-fcdbec5d7738?crop=entropy&cs=tinysrgb&fit=max&fm=jpg&ixid=M3w5NDQwMTV8MHwxfHNlYXJjaHwzMjB8fGh1bWFuJTIwZmFjZSUyMHBvcnRyYWl0fGVufDB8fHx8MTc3ODA2NDk4N3ww&ixlib=rb-4.1.0&q=80&w=1080,REAL,Male,36-50
291,https://images.unsplash.com/photo-1607867810523-d10955f2a8df?crop=entropy&cs=tinysrgb&fit=max&fm=jpg&ixid=M3w5NDQwMTV8MHwxfHNlYXJjaHwzMjF8fGh1bWFuJTIwZmFjZSUyMHBvcnRyYWl0fGVufDB8fHx8MTc3ODA2NDk4N3ww&ixlib=rb-4.1.0&q=80&w=1080,REAL,Female,18-25
292,https://images.unsplash.com/photo-1611455159106-ef9acece52f4?crop=entropy&cs=tinysrgb&fit=max&fm=jpg&ixid=M3w5NDQwMTV8MHwxfHNlYXJjaHwzMjJ8fGh1bWFuJTIwZmFjZSUyMHBvcnRyYWl0fGVufDB8fHx8MTc3ODA2NDk4N3ww&ixlib=rb-4.1.0&q=80&w=1080,REAL,Male,36-50
293,https://images.unsplash.com/photo-1612585409010-b8e079e68a86?crop=entropy&cs=tinysrgb&fit=max&fm=jpg&ixid=M3w5NDQwMTV8MHwxfHNlYXJjaHwzMjN8fGh1bWFuJTIwZmFjZSUyMHBvcnRyYWl0fGVufDB8fHx8MTc3ODA2NDk4N3ww&ixlib=rb-4.1.0&q=80&w=1080,REAL,Female,50+
294,https://images.unsplash.com/photo-1590860053579-2d11ce0adbd9?crop=entropy&cs=tinysrgb&fit=max&fm=jpg&ixid=M3w5NDQwMTV8MHwxfHNlYXJjaHwzMjR8fGh1bWFuJTIwZmFjZSUyMHBvcnRyYWl0fGVufDB8fHx8MTc3ODA2NDk4N3ww&ixlib=rb-4.1.0&q=80&w=1080,REAL,Unknown,36-50
295,https://images.unsplash.com/photo-1586201211804-d42188aba233?crop=entropy&cs=tinysrgb&fit=max&fm=jpg&ixid=M3w5NDQwMTV8MHwxfHNlYXJjaHwzMjV8fGh1bWFuJTIwZmFjZSUyMHBvcnRyYWl0fGVufDB8fHx8MTc3ODA2NDk4N3ww&ixlib=rb-4.1.0&q=80&w=1080,REAL,Unknown,36-50
296,https://images.unsplash.com/photo-1707593377592-2a84a1a85c09?crop=entropy&cs=tinysrgb&fit=max&fm=jpg&ixid=M3w5NDQwMTV8MHwxfHNlYXJjaHwzMjZ8fGh1bWFuJTIwZmFjZSUyMHBvcnRyYWl0fGVufDB8fHx8MTc3ODA2NDk4N3ww&ixlib=rb-4.1.0&q=80&w=1080,REAL,Unknown,50+
297,https://images.unsplash.com/photo-1620911394207-a8be81575bc9?crop=entropy&cs=tinysrgb&fit=max&fm=jpg&ixid=M3w5NDQwMTV8MHwxfHNlYXJjaHwzMjd8fGh1bWFuJTIwZmFjZSUyMHBvcnRyYWl0fGVufDB8fHx8MTc3ODA2NDk4N3ww&ixlib=rb-4.1.0&q=80&w=1080,REAL,Female,36-50
298,https://images.unsplash.com/photo-1597199204011-e6e704645213?crop=entropy&cs=tinysrgb&fit=max&fm=jpg&ixid=M3w5NDQwMTV8MHwxfHNlYXJjaHwzMjh8fGh1bWFuJTIwZmFjZSUyMHBvcnRyYWl0fGVufDB8fHx8MTc3ODA2NDk4N3ww&ixlib=rb-4.1.0&q=80&w=1080,REAL,Unknown,36-50
299,https://images.unsplash.com/photo-1720521181253-17620a1f1a35?crop=entropy&cs=tinysrgb&fit=max&fm=jpg&ixid=M3w5NDQwMTV8MHwxfHNlYXJjaHwzMjl8fGh1bWFuJTIwZmFjZSUyMHBvcnRyYWl0fGVufDB8fHx8MTc3ODA2NDk4N3ww&ixlib=rb-4.1.0&q=80&w=1080,REAL,Male,36-50
300,https://images.unsplash.com/photo-1749566906468-c86cd838d789?crop=entropy&cs=tinysrgb&fit=max&fm=jpg&ixid=M3w5NDQwMTV8MHwxfHNlYXJjaHwzMzB8fGh1bWFuJTIwZmFjZSUyMHBvcnRyYWl0fGVufDB8fHx8MTc3ODA2NDk4N3ww&ixlib=rb-4.1.0&q=80&w=1080,REAL,Female,50+
301,https://images.unsplash.com/photo-1558482089-e99f9086e662?crop=entropy&cs=tinysrgb&fit=max&fm=jpg&ixid=M3w5NDQwMTV8MHwxfHNlYXJjaHwzMzF8fGh1bWFuJTIwZmFjZSUyMHBvcnRyYWl0fGVufDB8fHx8MTc3ODA2NDk5MHww&ixlib=rb-4.1.0&q=80&w=1080,REAL,Male,36-50
302,https://images.unsplash.com/photo-1485011136168-8c69d1e193ea?crop=entropy&cs=tinysrgb&fit=max&fm=jpg&ixid=M3w5NDQwMTV8MHwxfHNlYXJjaHwzMzJ8fGh1bWFuJTIwZmFjZSUyMHBvcnRyYWl0fGVufDB8fHx8MTc3ODA2NDk5MHww&ixlib=rb-4.1.0&q=80&w=1080,REAL,Unknown,26-35
303,https://images.unsplash.com/photo-1711913322813-fd6f3c039e06?crop=entropy&cs=tinysrgb&fit=max&fm=jpg&ixid=M3w5NDQwMTV8MHwxfHNlYXJjaHwzMzN8fGh1bWFuJTIwZmFjZSUyMHBvcnRyYWl0fGVufDB8fHx8MTc3ODA2NDk5MHww&ixlib=rb-4.1.0&q=80&w=1080,REAL,Male,26-35
304,https://images.unsplash.com/photo-1589818350331-a2a1ec411f84?crop=entropy&cs=tinysrgb&fit=max&fm=jpg&ixid=M3w5NDQwMTV8MHwxfHNlYXJjaHwzMzR8fGh1bWFuJTIwZmFjZSUyMHBvcnRyYWl0fGVufDB8fHx8MTc3ODA2NDk5MHww&ixlib=rb-4.1.0&q=80&w=1080,REAL,Female,50+
305,https://images.unsplash.com/photo-1645281365698-483a80514aa5?crop=entropy&cs=tinysrgb&fit=max&fm=jpg&ixid=M3w5NDQwMTV8MHwxfHNlYXJjaHwzMzV8fGh1bWFuJTIwZmFjZSUyMHBvcnRyYWl0fGVufDB8fHx8MTc3ODA2NDk5MHww&ixlib=rb-4.1.0&q=80&w=1080,REAL,Unknown,36-50
306,https://images.unsplash.com/photo-1626963100598-5aba4ad154a3?crop=entropy&cs=tinysrgb&fit=max&fm=jpg&ixid=M3w5NDQwMTV8MHwxfHNlYXJjaHwzMzZ8fGh1bWFuJTIwZmFjZSUyMHBvcnRyYWl0fGVufDB8fHx8MTc3ODA2NDk5MHww&ixlib=rb-4.1.0&q=80&w=1080,REAL,Male,26-35
307,https://images.unsplash.com/photo-1565934267499-93bdf927ae90?crop=entropy&cs=tinysrgb&fit=max&fm=jpg&ixid=M3w5NDQwMTV8MHwxfHNlYXJjaHwzMzd8fGh1bWFuJTIwZmFjZSUyMHBvcnRyYWl0fGVufDB8fHx8MTc3ODA2NDk5MHww&ixlib=rb-4.1.0&q=80&w=1080,REAL,Female,50+
308,https://images.unsplash.com/photo-1637766640439-91a8be01ec60?crop=entropy&cs=tinysrgb&fit=max&fm=jpg&ixid=M3w5NDQwMTV8MHwxfHNlYXJjaHwzMzh8fGh1bWFuJTIwZmFjZSUyMHBvcnRyYWl0fGVufDB8fHx8MTc3ODA2NDk5MHww&ixlib=rb-4.1.0&q=80&w=1080,REAL,Male,50+
309,https://images.unsplash.com/photo-1568324328423-60af661da9c7?crop=entropy&cs=tinysrgb&fit=max&fm=jpg&ixid=M3w5NDQwMTV8MHwxfHNlYXJjaHwzMzl8fGh1bWFuJTIwZmFjZSUyMHBvcnRyYWl0fGVufDB8fHx8MTc3ODA2NDk5MHww&ixlib=rb-4.1.0&q=80&w=1080,REAL,Female,36-50
310,https://images.unsplash.com/photo-1624359057398-f277e6ad114a?crop=entropy&cs=tinysrgb&fit=max&fm=jpg&ixid=M3w5NDQwMTV8MHwxfHNlYXJjaHwzNDB8fGh1bWFuJTIwZmFjZSUyMHBvcnRyYWl0fGVufDB8fHx8MTc3ODA2NDk5MHww&ixlib=rb-4.1.0&q=80&w=1080,REAL,Male,36-50
311,https://images.unsplash.com/photo-1558470676-36712b8882ec?crop=entropy&cs=tinysrgb&fit=max&fm=jpg&ixid=M3w5NDQwMTV8MHwxfHNlYXJjaHwzNDF8fGh1bWFuJTIwZmFjZSUyMHBvcnRyYWl0fGVufDB8fHx8MTc3ODA2NDk5MHww&ixlib=rb-4.1.0&q=80&w=1080,REAL,Male,26-35
312,https://images.unsplash.com/photo-1581423880761-b15ee286d2a8?crop=entropy&cs=tinysrgb&fit=max&fm=jpg&ixid=M3w5NDQwMTV8MHwxfHNlYXJjaHwzNDJ8fGh1bWFuJTIwZmFjZSUyMHBvcnRyYWl0fGVufDB8fHx8MTc3ODA2NDk5MHww&ixlib=rb-4.1.0&q=80&w=1080,REAL,Female,36-50
313,https://images.unsplash.com/photo-1612999590549-978cfde66b66?crop=entropy&cs=tinysrgb&fit=max&fm=jpg&ixid=M3w5NDQwMTV8MHwxfHNlYXJjaHwzNDN8fGh1bWFuJTIwZmFjZSUyMHBvcnRyYWl0fGVufDB8fHx8MTc3ODA2NDk5MHww&ixlib=rb-4.1.0&q=80&w=1080,REAL,Male,18-25
314,https://images.unsplash.com/photo-1587337905415-bb0d87a75610?crop=entropy&cs=tinysrgb&fit=max&fm=jpg&ixid=M3w5NDQwMTV8MHwxfHNlYXJjaHwzNDR8fGh1bWFuJTIwZmFjZSUyMHBvcnRyYWl0fGVufDB8fHx8MTc3ODA2NDk5MHww&ixlib=rb-4.1.0&q=80&w=1080,REAL,Unknown,26-35
315,https://images.unsplash.com/photo-1620781443478-e64b816a1398?crop=entropy&cs=tinysrgb&fit=max&fm=jpg&ixid=M3w5NDQwMTV8MHwxfHNlYXJjaHwzNDV8fGh1bWFuJTIwZmFjZSUyMHBvcnRyYWl0fGVufDB8fHx8MTc3ODA2NDk5MHww&ixlib=rb-4.1.0&q=80&w=1080,REAL,Female,50+
316,https://images.unsplash.com/photo-1701615004837-40d8573b6652?crop=entropy&cs=tinysrgb&fit=max&fm=jpg&ixid=M3w5NDQwMTV8MHwxfHNlYXJjaHwzNDZ8fGh1bWFuJTIwZmFjZSUyMHBvcnRyYWl0fGVufDB8fHx8MTc3ODA2NDk5MHww&ixlib=rb-4.1.0&q=80&w=1080,REAL,Female,18-25
317,https://images.unsplash.com/photo-1601526584389-48c50008701e?crop=entropy&cs=tinysrgb&fit=max&fm=jpg&ixid=M3w5NDQwMTV8MHwxfHNlYXJjaHwzNDd8fGh1bWFuJTIwZmFjZSUyMHBvcnRyYWl0fGVufDB8fHx8MTc3ODA2NDk5MHww&ixlib=rb-4.1.0&q=80&w=1080,REAL,Unknown,36-50
318,https://images.unsplash.com/photo-1639986162619-78e93c413c65?crop=entropy&cs=tinysrgb&fit=max&fm=jpg&ixid=M3w5NDQwMTV8MHwxfHNlYXJjaHwzNDh8fGh1bWFuJTIwZmFjZSUyMHBvcnRyYWl0fGVufDB8fHx8MTc3ODA2NDk5MHww&ixlib=rb-4.1.0&q=80&w=1080,REAL,Unknown,26-35
319,https://images.unsplash.com/photo-1585584004599-1927cb291903?crop=entropy&cs=tinysrgb&fit=max&fm=jpg&ixid=M3w5NDQwMTV8MHwxfHNlYXJjaHwzNDl8fGh1bWFuJTIwZmFjZSUyMHBvcnRyYWl0fGVufDB8fHx8MTc3ODA2NDk5MHww&ixlib=rb-4.1.0&q=80&w=1080,REAL,Male,26-35
320,https://images.unsplash.com/photo-1584969405346-5230ae2bc4fc?crop=entropy&cs=tinysrgb&fit=max&fm=jpg&ixid=M3w5NDQwMTV8MHwxfHNlYXJjaHwzNTB8fGh1bWFuJTIwZmFjZSUyMHBvcnRyYWl0fGVufDB8fHx8MTc3ODA2NDk5MHww&ixlib=rb-4.1.0&q=80&w=1080,REAL,Male,36-50
321,https://images.unsplash.com/photo-1587366802383-2e3e3e07aaf5?crop=entropy&cs=tinysrgb&fit=max&fm=jpg&ixid=M3w5NDQwMTV8MHwxfHNlYXJjaHwzNTF8fGh1bWFuJTIwZmFjZSUyMHBvcnRyYWl0fGVufDB8fHx8MTc3ODA2NDk5MHww&ixlib=rb-4.1.0&q=80&w=1080,REAL,Female,18-25
322,https://images.unsplash.com/photo-1706496366816-f589fadff1cd?crop=entropy&cs=tinysrgb&fit=max&fm=jpg&ixid=M3w5NDQwMTV8MHwxfHNlYXJjaHwzNTJ8fGh1bWFuJTIwZmFjZSUyMHBvcnRyYWl0fGVufDB8fHx8MTc3ODA2NDk5MHww&ixlib=rb-4.1.0&q=80&w=1080,REAL,Female,50+
323,https://images.unsplash.com/photo-1588028223998-d0332f67341d?crop=entropy&cs=tinysrgb&fit=max&fm=jpg&ixid=M3w5NDQwMTV8MHwxfHNlYXJjaHwzNTN8fGh1bWFuJTIwZmFjZSUyMHBvcnRyYWl0fGVufDB8fHx8MTc3ODA2NDk5MHww&ixlib=rb-4.1.0&q=80&w=1080,REAL,Unknown,50+
324,https://images.unsplash.com/photo-1563302000-a1a1268259f6?crop=entropy&cs=tinysrgb&fit=max&fm=jpg&ixid=M3w5NDQwMTV8MHwxfHNlYXJjaHwzNTR8fGh1bWFuJTIwZmFjZSUyMHBvcnRyYWl0fGVufDB8fHx8MTc3ODA2NDk5MHww&ixlib=rb-4.1.0&q=80&w=1080,REAL,Female,50+
325,https://images.unsplash.com/photo-1614477323662-66300f4e033c?crop=entropy&cs=tinysrgb&fit=max&fm=jpg&ixid=M3w5NDQwMTV8MHwxfHNlYXJjaHwzNTV8fGh1bWFuJTIwZmFjZSUyMHBvcnRyYWl0fGVufDB8fHx8MTc3ODA2NDk5MHww&ixlib=rb-4.1.0&q=80&w=1080,REAL,Unknown,18-25
326,https://images.unsplash.com/photo-1576632113313-f6615aa75b44?crop=entropy&cs=tinysrgb&fit=max&fm=jpg&ixid=M3w5NDQwMTV8MHwxfHNlYXJjaHwzNTZ8fGh1bWFuJTIwZmFjZSUyMHBvcnRyYWl0fGVufDB8fHx8MTc3ODA2NDk5MHww&ixlib=rb-4.1.0&q=80&w=1080,REAL,Unknown,50+
327,https://images.unsplash.com/photo-1590859952186-4a5f06af936a?crop=entropy&cs=tinysrgb&fit=max&fm=jpg&ixid=M3w5NDQwMTV8MHwxfHNlYXJjaHwzNTd8fGh1bWFuJTIwZmFjZSUyMHBvcnRyYWl0fGVufDB8fHx8MTc3ODA2NDk5MHww&ixlib=rb-4.1.0&q=80&w=1080,REAL,Male,36-50
328,https://images.unsplash.com/photo-1586425254691-f556554aeb12?crop=entropy&cs=tinysrgb&fit=max&fm=jpg&ixid=M3w5NDQwMTV8MHwxfHNlYXJjaHwzNTh8fGh1bWFuJTIwZmFjZSUyMHBvcnRyYWl0fGVufDB8fHx8MTc3ODA2NDk5MHww&ixlib=rb-4.1.0&q=80&w=1080,REAL,Male,50+
329,https://images.unsplash.com/photo-1579830341203-ab32d752ecaf?crop=entropy&cs=tinysrgb&fit=max&fm=jpg&ixid=M3w5NDQwMTV8MHwxfHNlYXJjaHwzNTl8fGh1bWFuJTIwZmFjZSUyMHBvcnRyYWl0fGVufDB8fHx8MTc3ODA2NDk5MHww&ixlib=rb-4.1.0&q=80&w=1080,REAL,Male,36-50
330,https://images.unsplash.com/photo-1590806758167-be790f75a167?crop=entropy&cs=tinysrgb&fit=max&fm=jpg&ixid=M3w5NDQwMTV8MHwxfHNlYXJjaHwzNjB8fGh1bWFuJTIwZmFjZSUyMHBvcnRyYWl0fGVufDB8fHx8MTc3ODA2NDk5MHww&ixlib=rb-4.1.0&q=80&w=1080,REAL,Male,18-25
331,https://images.unsplash.com/photo-1588028223998-d0332f67341d?crop=entropy&cs=tinysrgb&fit=max&fm=jpg&ixid=M3w5NDQwMTV8MHwxfHNlYXJjaHwzNjF8fGh1bWFuJTIwZmFjZSUyMHBvcnRyYWl0fGVufDB8fHx8MTc3ODA2NDk5N3ww&ixlib=rb-4.1.0&q=80&w=1080,REAL,Male,50+
332,https://images.unsplash.com/photo-1648740366598-7fb7c5e73fa5?crop=entropy&cs=tinysrgb&fit=max&fm=jpg&ixid=M3w5NDQwMTV8MHwxfHNlYXJjaHwzNjJ8fGh1bWFuJTIwZmFjZSUyMHBvcnRyYWl0fGVufDB8fHx8MTc3ODA2NDk5N3ww&ixlib=rb-4.1.0&q=80&w=1080,REAL,Unknown,26-35
333,https://images.unsplash.com/photo-1639986162619-78e93c413c65?crop=entropy&cs=tinysrgb&fit=max&fm=jpg&ixid=M3w5NDQwMTV8MHwxfHNlYXJjaHwzNjN8fGh1bWFuJTIwZmFjZSUyMHBvcnRyYWl0fGVufDB8fHx8MTc3ODA2NDk5N3ww&ixlib=rb-4.1.0&q=80&w=1080,REAL,Male,50+
334,https://images.unsplash.com/photo-1585584004599-1927cb291903?crop=entropy&cs=tinysrgb&fit=max&fm=jpg&ixid=M3w5NDQwMTV8MHwxfHNlYXJjaHwzNjR8fGh1bWFuJTIwZmFjZSUyMHBvcnRyYWl0fGVufDB8fHx8MTc3ODA2NDk5N3ww&ixlib=rb-4.1.0&q=80&w=1080,REAL,Female,36-50
335,https://images.unsplash.com/photo-1587366802383-2e3e3e07aaf5?crop=entropy&cs=tinysrgb&fit=max&fm=jpg&ixid=M3w5NDQwMTV8MHwxfHNlYXJjaHwzNjV8fGh1bWFuJTIwZmFjZSUyMHBvcnRyYWl0fGVufDB8fHx8MTc3ODA2NDk5N3ww&ixlib=rb-4.1.0&q=80&w=1080,REAL,Male,50+
336,https://images.unsplash.com/photo-1706496366816-f589fadff1cd?crop=entropy&cs=tinysrgb&fit=max&fm=jpg&ixid=M3w5NDQwMTV8MHwxfHNlYXJjaHwzNjZ8fGh1bWFuJTIwZmFjZSUyMHBvcnRyYWl0fGVufDB8fHx8MTc3ODA2NDk5N3ww&ixlib=rb-4.1.0&q=80&w=1080,REAL,Female,26-35
337,https://images.unsplash.com/photo-1590806758167-be790f75a167?crop=entropy&cs=tinysrgb&fit=max&fm=jpg&ixid=M3w5NDQwMTV8MHwxfHNlYXJjaHwzNjd8fGh1bWFuJTIwZmFjZSUyMHBvcnRyYWl0fGVufDB8fHx8MTc3ODA2NDk5N3ww&ixlib=rb-4.1.0&q=80&w=1080,REAL,Male,50+
338,https://images.unsplash.com/photo-1584464001688-4de9c48ca54b?crop=entropy&cs=tinysrgb&fit=max&fm=jpg&ixid=M3w5NDQwMTV8MHwxfHNlYXJjaHwzNjh8fGh1bWFuJTIwZmFjZSUyMHBvcnRyYWl0fGVufDB8fHx8MTc3ODA2NDk5N3ww&ixlib=rb-4.1.0&q=80&w=1080,REAL,Male,50+
339,https://images.unsplash.com/photo-1590859952186-4a5f06af936a?crop=entropy&cs=tinysrgb&fit=max&fm=jpg&ixid=M3w5NDQwMTV8MHwxfHNlYXJjaHwzNjl8fGh1bWFuJTIwZmFjZSUyMHBvcnRyYWl0fGVufDB8fHx8MTc3ODA2NDk5N3ww&ixlib=rb-4.1.0&q=80&w=1080,REAL,Female,26-35
340,https://images.unsplash.com/photo-1579830341203-ab32d752ecaf?crop=entropy&cs=tinysrgb&fit=max&fm=jpg&ixid=M3w5NDQwMTV8MHwxfHNlYXJjaHwzNzB8fGh1bWFuJTIwZmFjZSUyMHBvcnRyYWl0fGVufDB8fHx8MTc3ODA2NDk5N3ww&ixlib=rb-4.1.0&q=80&w=1080,REAL,Unknown,50+
341,https://images.unsplash.com/photo-1621765963104-ec84b4dd99ca?crop=entropy&cs=tinysrgb&fit=max&fm=jpg&ixid=M3w5NDQwMTV8MHwxfHNlYXJjaHwzNzF8fGh1bWFuJTIwZmFjZSUyMHBvcnRyYWl0fGVufDB8fHx8MTc3ODA2NDk5N3ww&ixlib=rb-4.1.0&q=80&w=1080,REAL,Male,50+
342,https://images.unsplash.com/photo-1590794249657-4ef14206142e?crop=entropy&cs=tinysrgb&fit=max&fm=jpg&ixid=M3w5NDQwMTV8MHwxfHNlYXJjaHwzNzJ8fGh1bWFuJTIwZmFjZSUyMHBvcnRyYWl0fGVufDB8fHx8MTc3ODA2NDk5N3ww&ixlib=rb-4.1.0&q=80&w=1080,REAL,Unknown,50+
343,https://images.unsplash.com/photo-1606388279631-abe112ffcf69?crop=entropy&cs=tinysrgb&fit=max&fm=jpg&ixid=M3w5NDQwMTV8MHwxfHNlYXJjaHwzNzN8fGh1bWFuJTIwZmFjZSUyMHBvcnRyYWl0fGVufDB8fHx8MTc3ODA2NDk5N3ww&ixlib=rb-4.1.0&q=80&w=1080,REAL,Male,26-35
344,https://images.unsplash.com/photo-1639985575097-97d9f89fc4e4?crop=entropy&cs=tinysrgb&fit=max&fm=jpg&ixid=M3w5NDQwMTV8MHwxfHNlYXJjaHwzNzR8fGh1bWFuJTIwZmFjZSUyMHBvcnRyYWl0fGVufDB8fHx8MTc3ODA2NDk5N3ww&ixlib=rb-4.1.0&q=80&w=1080,REAL,Female,26-35
345,https://images.unsplash.com/flagged/photo-1595514191830-3e96a518989b?crop=entropy&cs=tinysrgb&fit=max&fm=jpg&ixid=M3w5NDQwMTV8MHwxfHNlYXJjaHwzNzV8fGh1bWFuJTIwZmFjZSUyMHBvcnRyYWl0fGVufDB8fHx8MTc3ODA2NDk5N3ww&ixlib=rb-4.1.0&q=80&w=1080,REAL,Male,36-50
346,https://images.unsplash.com/photo-1581423880761-b15ee286d2a8?crop=entropy&cs=tinysrgb&fit=max&fm=jpg&ixid=M3w5NDQwMTV8MHwxfHNlYXJjaHwzNzZ8fGh1bWFuJTIwZmFjZSUyMHBvcnRyYWl0fGVufDB8fHx8MTc3ODA2NDk5N3ww&ixlib=rb-4.1.0&q=80&w=1080,REAL,Female,50+
347,https://images.unsplash.com/photo-1698681375999-8faa3e824cd9?crop=entropy&cs=tinysrgb&fit=max&fm=jpg&ixid=M3w5NDQwMTV8MHwxfHNlYXJjaHwzNzd8fGh1bWFuJTIwZmFjZSUyMHBvcnRyYWl0fGVufDB8fHx8MTc3ODA2NDk5N3ww&ixlib=rb-4.1.0&q=80&w=1080,REAL,Female,36-50
348,https://images.unsplash.com/photo-1698681506588-67bab56f2e2c?crop=entropy&cs=tinysrgb&fit=max&fm=jpg&ixid=M3w5NDQwMTV8MHwxfHNlYXJjaHwzNzh8fGh1bWFuJTIwZmFjZSUyMHBvcnRyYWl0fGVufDB8fHx8MTc3ODA2NDk5N3ww&ixlib=rb-4.1.0&q=80&w=1080,REAL,Female,50+
349,https://images.unsplash.com/photo-1668536681484-6dd1dd3d6809?crop=entropy&cs=tinysrgb&fit=max&fm=jpg&ixid=M3w5NDQwMTV8MHwxfHNlYXJjaHwzNzl8fGh1bWFuJTIwZmFjZSUyMHBvcnRyYWl0fGVufDB8fHx8MTc3ODA2NDk5N3ww&ixlib=rb-4.1.0&q=80&w=1080,REAL,Unknown,36-50
350,https://images.unsplash.com/photo-1600518077305-7e1d7b71d0f3?crop=entropy&cs=tinysrgb&fit=max&fm=jpg&ixid=M3w5NDQwMTV8MHwxfHNlYXJjaHwzODB8fGh1bWFuJTIwZmFjZSUyMHBvcnRyYWl0fGVufDB8fHx8MTc3ODA2NDk5N3ww&ixlib=rb-4.1.0&q=80&w=1080,REAL,Male,26-35
351,https://images.unsplash.com/photo-1688395199230-ab7c7170a4b6?crop=entropy&cs=tinysrgb&fit=max&fm=jpg&ixid=M3w5NDQwMTV8MHwxfHNlYXJjaHwzODF8fGh1bWFuJTIwZmFjZSUyMHBvcnRyYWl0fGVufDB8fHx8MTc3ODA2NDk5N3ww&ixlib=rb-4.1.0&q=80&w=1080,REAL,Female,50+
352,https://images.unsplash.com/photo-1581922138954-b0310131b725?crop=entropy&cs=tinysrgb&fit=max&fm=jpg&ixid=M3w5NDQwMTV8MHwxfHNlYXJjaHwzODJ8fGh1bWFuJTIwZmFjZSUyMHBvcnRyYWl0fGVufDB8fHx8MTc3ODA2NDk5N3ww&ixlib=rb-4.1.0&q=80&w=1080,REAL,Male,36-50
353,https://images.unsplash.com/photo-1687699541092-3cf82e3f7112?crop=entropy&cs=tinysrgb&fit=max&fm=jpg&ixid=M3w5NDQwMTV8MHwxfHNlYXJjaHwzODN8fGh1bWFuJTIwZmFjZSUyMHBvcnRyYWl0fGVufDB8fHx8MTc3ODA2NDk5N3ww&ixlib=rb-4.1.0&q=80&w=1080,REAL,Male,18-25
354,https://images.unsplash.com/photo-1688395197085-908b2bccbb9e?crop=entropy&cs=tinysrgb&fit=max&fm=jpg&ixid=M3w5NDQwMTV8MHwxfHNlYXJjaHwzODR8fGh1bWFuJTIwZmFjZSUyMHBvcnRyYWl0fGVufDB8fHx8MTc3ODA2NDk5N3ww&ixlib=rb-4.1.0&q=80&w=1080,REAL,Unknown,18-25
355,https://images.unsplash.com/photo-1696908983765-5ae4722819f2?crop=entropy&cs=tinysrgb&fit=max&fm=jpg&ixid=M3w5NDQwMTV8MHwxfHNlYXJjaHwzODV8fGh1bWFuJTIwZmFjZSUyMHBvcnRyYWl0fGVufDB8fHx8MTc3ODA2NDk5N3ww&ixlib=rb-4.1.0&q=80&w=1080,REAL,Male,18-25
356,https://images.unsplash.com/photo-1639755110405-39f9f079217a?crop=entropy&cs=tinysrgb&fit=max&fm=jpg&ixid=M3w5NDQwMTV8MHwxfHNlYXJjaHwzODZ8fGh1bWFuJTIwZmFjZSUyMHBvcnRyYWl0fGVufDB8fHx8MTc3ODA2NDk5N3ww&ixlib=rb-4.1.0&q=80&w=1080,REAL,Female,50+
357,https://images.unsplash.com/photo-1586425254904-66e1576a340a?crop=entropy&cs=tinysrgb&fit=max&fm=jpg&ixid=M3w5NDQwMTV8MHwxfHNlYXJjaHwzODd8fGh1bWFuJTIwZmFjZSUyMHBvcnRyYWl0fGVufDB8fHx8MTc3ODA2NDk5N3ww&ixlib=rb-4.1.0&q=80&w=1080,REAL,Male,50+
358,https://images.unsplash.com/photo-1574609048226-e899db6615da?crop=entropy&cs=tinysrgb&fit=max&fm=jpg&ixid=M3w5NDQwMTV8MHwxfHNlYXJjaHwzODh8fGh1bWFuJTIwZmFjZSUyMHBvcnRyYWl0fGVufDB8fHx8MTc3ODA2NDk5N3ww&ixlib=rb-4.1.0&q=80&w=1080,REAL,Unknown,18-25
359,https://images.unsplash.com/photo-1639986162505-c9bcccfc9712?crop=entropy&cs=tinysrgb&fit=max&fm=jpg&ixid=M3w5NDQwMTV8MHwxfHNlYXJjaHwzODl8fGh1bWFuJTIwZmFjZSUyMHBvcnRyYWl0fGVufDB8fHx8MTc3ODA2NDk5N3ww&ixlib=rb-4.1.0&q=80&w=1080,REAL,Unknown,36-50
360,https://images.unsplash.com/photo-1590806758115-ba7371154126?crop=entropy&cs=tinysrgb&fit=max&fm=jpg&ixid=M3w5NDQwMTV8MHwxfHNlYXJjaHwzOTB8fGh1bWFuJTIwZmFjZSUyMHBvcnRyYWl0fGVufDB8fHx8MTc3ODA2NDk5N3ww&ixlib=rb-4.1.0&q=80&w=1080,REAL,Unknown,50+
361,https://images.unsplash.com/photo-1624948736182-7841d1cf2441?crop=entropy&cs=tinysrgb&fit=max&fm=jpg&ixid=M3w5NDQwMTV8MHwxfHNlYXJjaHwzOTF8fGh1bWFuJTIwZmFjZSUyMHBvcnRyYWl0fGVufDB8fHx8MTc3ODA2NTAwMXww&ixlib=rb-4.1.0&q=80&w=1080,REAL,Male,36-50
362,https://images.unsplash.com/photo-1698402654606-28e2b59dea54?crop=entropy&cs=tinysrgb&fit=max&fm=jpg&ixid=M3w5NDQwMTV8MHwxfHNlYXJjaHwzOTJ8fGh1bWFuJTIwZmFjZSUyMHBvcnRyYWl0fGVufDB8fHx8MTc3ODA2NTAwMXww&ixlib=rb-4.1.0&q=80&w=1080,REAL,Unknown,36-50
363,https://images.unsplash.com/photo-1620688346108-db25bea43809?crop=entropy&cs=tinysrgb&fit=max&fm=jpg&ixid=M3w5NDQwMTV8MHwxfHNlYXJjaHwzOTN8fGh1bWFuJTIwZmFjZSUyMHBvcnRyYWl0fGVufDB8fHx8MTc3ODA2NTAwMXww&ixlib=rb-4.1.0&q=80&w=1080,REAL,Unknown,50+
364,https://images.unsplash.com/photo-1730137776306-119a2f4555a0?crop=entropy&cs=tinysrgb&fit=max&fm=jpg&ixid=M3w5NDQwMTV8MHwxfHNlYXJjaHwzOTR8fGh1bWFuJTIwZmFjZSUyMHBvcnRyYWl0fGVufDB8fHx8MTc3ODA2NTAwMXww&ixlib=rb-4.1.0&q=80&w=1080,REAL,Female,36-50
365,https://images.unsplash.com/photo-1596725576022-b04e58389b25?crop=entropy&cs=tinysrgb&fit=max&fm=jpg&ixid=M3w5NDQwMTV8MHwxfHNlYXJjaHwzOTV8fGh1bWFuJTIwZmFjZSUyMHBvcnRyYWl0fGVufDB8fHx8MTc3ODA2NTAwMXww&ixlib=rb-4.1.0&q=80&w=1080,REAL,Male,36-50
366,https://images.unsplash.com/photo-1614830499230-dd6cfbc50a4e?crop=entropy&cs=tinysrgb&fit=max&fm=jpg&ixid=M3w5NDQwMTV8MHwxfHNlYXJjaHwzOTZ8fGh1bWFuJTIwZmFjZSUyMHBvcnRyYWl0fGVufDB8fHx8MTc3ODA2NTAwMXww&ixlib=rb-4.1.0&q=80&w=1080,REAL,Female,18-25
367,https://images.unsplash.com/photo-1586425256112-540157de33f8?crop=entropy&cs=tinysrgb&fit=max&fm=jpg&ixid=M3w5NDQwMTV8MHwxfHNlYXJjaHwzOTd8fGh1bWFuJTIwZmFjZSUyMHBvcnRyYWl0fGVufDB8fHx8MTc3ODA2NTAwMXww&ixlib=rb-4.1.0&q=80&w=1080,REAL,Unknown,18-25
368,https://images.unsplash.com/photo-1579411345433-bb529fa30881?crop=entropy&cs=tinysrgb&fit=max&fm=jpg&ixid=M3w5NDQwMTV8MHwxfHNlYXJjaHwzOTh8fGh1bWFuJTIwZmFjZSUyMHBvcnRyYWl0fGVufDB8fHx8MTc3ODA2NTAwMXww&ixlib=rb-4.1.0&q=80&w=1080,REAL,Female,26-35
369,https://images.unsplash.com/photo-1590244443259-0961bbb42e91?crop=entropy&cs=tinysrgb&fit=max&fm=jpg&ixid=M3w5NDQwMTV8MHwxfHNlYXJjaHwzOTl8fGh1bWFuJTIwZmFjZSUyMHBvcnRyYWl0fGVufDB8fHx8MTc3ODA2NTAwMXww&ixlib=rb-4.1.0&q=80&w=1080,REAL,Male,50+
370,https://images.unsplash.com/photo-1593882376093-789408f90746?crop=entropy&cs=tinysrgb&fit=max&fm=jpg&ixid=M3w5NDQwMTV8MHwxfHNlYXJjaHw0MDB8fGh1bWFuJTIwZmFjZSUyMHBvcnRyYWl0fGVufDB8fHx8MTc3ODA2NTAwMXww&ixlib=rb-4.1.0&q=80&w=1080,REAL,Unknown,26-35
371,https://images.unsplash.com/photo-1586092979708-c33ebaaddbc4?crop=entropy&cs=tinysrgb&fit=max&fm=jpg&ixid=M3w5NDQwMTV8MHwxfHNlYXJjaHw0MDF8fGh1bWFuJTIwZmFjZSUyMHBvcnRyYWl0fGVufDB8fHx8MTc3ODA2NTAwMXww&ixlib=rb-4.1.0&q=80&w=1080,REAL,Male,26-35
372,https://images.unsplash.com/photo-1769961982389-bb243681421a?crop=entropy&cs=tinysrgb&fit=max&fm=jpg&ixid=M3w5NDQwMTV8MHwxfHNlYXJjaHw0MDJ8fGh1bWFuJTIwZmFjZSUyMHBvcnRyYWl0fGVufDB8fHx8MTc3ODA2NTAwMXww&ixlib=rb-4.1.0&q=80&w=1080,REAL,Unknown,18-25
373,https://images.unsplash.com/photo-1733232315174-cb774bc7d046?crop=entropy&cs=tinysrgb&fit=max&fm=jpg&ixid=M3w5NDQwMTV8MHwxfHNlYXJjaHw0MDN8fGh1bWFuJTIwZmFjZSUyMHBvcnRyYWl0fGVufDB8fHx8MTc3ODA2NTAwMXww&ixlib=rb-4.1.0&q=80&w=1080,REAL,Female,36-50
374,https://images.unsplash.com/photo-1583333002255-6d7998a6558e?crop=entropy&cs=tinysrgb&fit=max&fm=jpg&ixid=M3w5NDQwMTV8MHwxfHNlYXJjaHw0MDR8fGh1bWFuJTIwZmFjZSUyMHBvcnRyYWl0fGVufDB8fHx8MTc3ODA2NTAwMXww&ixlib=rb-4.1.0&q=80&w=1080,REAL,Unknown,36-50
375,https://images.unsplash.com/photo-1579171817110-e4aa2d543305?crop=entropy&cs=tinysrgb&fit=max&fm=jpg&ixid=M3w5NDQwMTV8MHwxfHNlYXJjaHw0MDV8fGh1bWFuJTIwZmFjZSUyMHBvcnRyYWl0fGVufDB8fHx8MTc3ODA2NTAwMXww&ixlib=rb-4.1.0&q=80&w=1080,REAL,Unknown,26-35
376,https://images.unsplash.com/photo-1589207622595-e17ab23faa36?crop=entropy&cs=tinysrgb&fit=max&fm=jpg&ixid=M3w5NDQwMTV8MHwxfHNlYXJjaHw0MDZ8fGh1bWFuJTIwZmFjZSUyMHBvcnRyYWl0fGVufDB8fHx8MTc3ODA2NTAwMXww&ixlib=rb-4.1.0&q=80&w=1080,REAL,Male,36-50
377,https://images.unsplash.com/photo-1600893991601-2ae282ba2822?crop=entropy&cs=tinysrgb&fit=max&fm=jpg&ixid=M3w5NDQwMTV8MHwxfHNlYXJjaHw0MDd8fGh1bWFuJTIwZmFjZSUyMHBvcnRyYWl0fGVufDB8fHx8MTc3ODA2NTAwMXww&ixlib=rb-4.1.0&q=80&w=1080,REAL,Male,26-35
378,https://images.unsplash.com/photo-1581629774175-42f704962488?crop=entropy&cs=tinysrgb&fit=max&fm=jpg&ixid=M3w5NDQwMTV8MHwxfHNlYXJjaHw0MDh8fGh1bWFuJTIwZmFjZSUyMHBvcnRyYWl0fGVufDB8fHx8MTc3ODA2NTAwMXww&ixlib=rb-4.1.0&q=80&w=1080,REAL,Unknown,18-25
379,https://images.unsplash.com/photo-1770808499470-66f53691efe2?crop=entropy&cs=tinysrgb&fit=max&fm=jpg&ixid=M3w5NDQwMTV8MHwxfHNlYXJjaHw0MDl8fGh1bWFuJTIwZmFjZSUyMHBvcnRyYWl0fGVufDB8fHx8MTc3ODA2NTAwMXww&ixlib=rb-4.1.0&q=80&w=1080,REAL,Female,50+
380,https://images.unsplash.com/photo-1624948734651-8ef7d616f972?crop=entropy&cs=tinysrgb&fit=max&fm=jpg&ixid=M3w5NDQwMTV8MHwxfHNlYXJjaHw0MTB8fGh1bWFuJTIwZmFjZSUyMHBvcnRyYWl0fGVufDB8fHx8MTc3ODA2NTAwMXww&ixlib=rb-4.1.0&q=80&w=1080,REAL,Male,26-35
381,https://images.unsplash.com/photo-1585583931931-cf08fad02dd1?crop=entropy&cs=tinysrgb&fit=max&fm=jpg&ixid=M3w5NDQwMTV8MHwxfHNlYXJjaHw0MTF8fGh1bWFuJTIwZmFjZSUyMHBvcnRyYWl0fGVufDB8fHx8MTc3ODA2NTAwMXww&ixlib=rb-4.1.0&q=80&w=1080,REAL,Male,18-25
382,https://images.unsplash.com/photo-1766139887733-da3886cc6908?crop=entropy&cs=tinysrgb&fit=max&fm=jpg&ixid=M3w5NDQwMTV8MHwxfHNlYXJjaHw0MTJ8fGh1bWFuJTIwZmFjZSUyMHBvcnRyYWl0fGVufDB8fHx8MTc3ODA2NTAwMXww&ixlib=rb-4.1.0&q=80&w=1080,REAL,Male,26-35
383,https://images.unsplash.com/photo-1714750977930-e7a7f4611257?crop=entropy&cs=tinysrgb&fit=max&fm=jpg&ixid=M3w5NDQwMTV8MHwxfHNlYXJjaHw0MTN8fGh1bWFuJTIwZmFjZSUyMHBvcnRyYWl0fGVufDB8fHx8MTc3ODA2NTAwMXww&ixlib=rb-4.1.0&q=80&w=1080,REAL,Unknown,36-50
384,https://images.unsplash.com/photo-1655368664164-997ec31a3344?crop=entropy&cs=tinysrgb&fit=max&fm=jpg&ixid=M3w5NDQwMTV8MHwxfHNlYXJjaHw0MTR8fGh1bWFuJTIwZmFjZSUyMHBvcnRyYWl0fGVufDB8fHx8MTc3ODA2NTAwMXww&ixlib=rb-4.1.0&q=80&w=1080,REAL,Male,26-35
385,https://images.unsplash.com/photo-1645742285825-4248e07338b9?crop=entropy&cs=tinysrgb&fit=max&fm=jpg&ixid=M3w5NDQwMTV8MHwxfHNlYXJjaHw0MTV8fGh1bWFuJTIwZmFjZSUyMHBvcnRyYWl0fGVufDB8fHx8MTc3ODA2NTAwMXww&ixlib=rb-4.1.0&q=80&w=1080,REAL,Unknown,50+
386,https://images.unsplash.com/photo-1749566906398-0b2abc4c6258?crop=entropy&cs=tinysrgb&fit=max&fm=jpg&ixid=M3w5NDQwMTV8MHwxfHNlYXJjaHw0MTZ8fGh1bWFuJTIwZmFjZSUyMHBvcnRyYWl0fGVufDB8fHx8MTc3ODA2NTAwMXww&ixlib=rb-4.1.0&q=80&w=1080,REAL,Male,18-25
387,https://images.unsplash.com/photo-1588747020515-92911c10c574?crop=entropy&cs=tinysrgb&fit=max&fm=jpg&ixid=M3w5NDQwMTV8MHwxfHNlYXJjaHw0MTd8fGh1bWFuJTIwZmFjZSUyMHBvcnRyYWl0fGVufDB8fHx8MTc3ODA2NTAwMXww&ixlib=rb-4.1.0&q=80&w=1080,REAL,Male,18-25
388,https://images.unsplash.com/photo-1767926178468-0ad624709f39?crop=entropy&cs=tinysrgb&fit=max&fm=jpg&ixid=M3w5NDQwMTV8MHwxfHNlYXJjaHw0MTh8fGh1bWFuJTIwZmFjZSUyMHBvcnRyYWl0fGVufDB8fHx8MTc3ODA2NTAwMXww&ixlib=rb-4.1.0&q=80&w=1080,REAL,Female,26-35
389,https://images.unsplash.com/photo-1586447811171-a58747afce27?crop=entropy&cs=tinysrgb&fit=max&fm=jpg&ixid=M3w5NDQwMTV8MHwxfHNlYXJjaHw0MTl8fGh1bWFuJTIwZmFjZSUyMHBvcnRyYWl0fGVufDB8fHx8MTc3ODA2NTAwMXww&ixlib=rb-4.1.0&q=80&w=1080,REAL,Female,36-50
390,https://images.unsplash.com/photo-1555442377-b4e6db530485?crop=entropy&cs=tinysrgb&fit=max&fm=jpg&ixid=M3w5NDQwMTV8MHwxfHNlYXJjaHw0MjB8fGh1bWFuJTIwZmFjZSUyMHBvcnRyYWl0fGVufDB8fHx8MTc3ODA2NTAwMXww&ixlib=rb-4.1.0&q=80&w=1080,REAL,Unknown,36-50
391,https://images.unsplash.com/photo-1585583931931-cf08fad02dd1?crop=entropy&cs=tinysrgb&fit=max&fm=jpg&ixid=M3w5NDQwMTV8MHwxfHNlYXJjaHw0MjF8fGh1bWFuJTIwZmFjZSUyMHBvcnRyYWl0fGVufDB8fHx8MTc3ODA2NTAyMXww&ixlib=rb-4.1.0&q=80&w=1080,REAL,Female,50+
392,https://images.unsplash.com/photo-1697141520247-28ba1dd41791?crop=entropy&cs=tinysrgb&fit=max&fm=jpg&ixid=M3w5NDQwMTV8MHwxfHNlYXJjaHw0MjJ8fGh1bWFuJTIwZmFjZSUyMHBvcnRyYWl0fGVufDB8fHx8MTc3ODA2NTAyMXww&ixlib=rb-4.1.0&q=80&w=1080,REAL,Unknown,50+
393,https://images.unsplash.com/photo-1631700023489-2ab7f47f1e75?crop=entropy&cs=tinysrgb&fit=max&fm=jpg&ixid=M3w5NDQwMTV8MHwxfHNlYXJjaHw0MjN8fGh1bWFuJTIwZmFjZSUyMHBvcnRyYWl0fGVufDB8fHx8MTc3ODA2NTAyMXww&ixlib=rb-4.1.0&q=80&w=1080,REAL,Male,50+
394,https://images.unsplash.com/photo-1612191160114-d5778e665595?crop=entropy&cs=tinysrgb&fit=max&fm=jpg&ixid=M3w5NDQwMTV8MHwxfHNlYXJjaHw0MjR8fGh1bWFuJTIwZmFjZSUyMHBvcnRyYWl0fGVufDB8fHx8MTc3ODA2NTAyMXww&ixlib=rb-4.1.0&q=80&w=1080,REAL,Female,18-25
395,https://images.unsplash.com/photo-1596011406015-b9b847fd7053?crop=entropy&cs=tinysrgb&fit=max&fm=jpg&ixid=M3w5NDQwMTV8MHwxfHNlYXJjaHw0MjV8fGh1bWFuJTIwZmFjZSUyMHBvcnRyYWl0fGVufDB8fHx8MTc3ODA2NTAyMXww&ixlib=rb-4.1.0&q=80&w=1080,REAL,Unknown,18-25
396,https://images.unsplash.com/photo-1642180441676-98b97c7fc96e?crop=entropy&cs=tinysrgb&fit=max&fm=jpg&ixid=M3w5NDQwMTV8MHwxfHNlYXJjaHw0MjZ8fGh1bWFuJTIwZmFjZSUyMHBvcnRyYWl0fGVufDB8fHx8MTc3ODA2NTAyMXww&ixlib=rb-4.1.0&q=80&w=1080,REAL,Female,36-50
397,https://images.unsplash.com/photo-1749566906056-47cea0c2a363?crop=entropy&cs=tinysrgb&fit=max&fm=jpg&ixid=M3w5NDQwMTV8MHwxfHNlYXJjaHw0Mjd8fGh1bWFuJTIwZmFjZSUyMHBvcnRyYWl0fGVufDB8fHx8MTc3ODA2NTAyMXww&ixlib=rb-4.1.0&q=80&w=1080,REAL,Unknown,26-35
398,https://images.unsplash.com/photo-1714750977930-e7a7f4611257?crop=entropy&cs=tinysrgb&fit=max&fm=jpg&ixid=M3w5NDQwMTV8MHwxfHNlYXJjaHw0Mjh8fGh1bWFuJTIwZmFjZSUyMHBvcnRyYWl0fGVufDB8fHx8MTc3ODA2NTAyMXww&ixlib=rb-4.1.0&q=80&w=1080,REAL,Male,50+
399,https://images.unsplash.com/photo-1720607633865-5fb9e22ad5fb?crop=entropy&cs=tinysrgb&fit=max&fm=jpg&ixid=M3w5NDQwMTV8MHwxfHNlYXJjaHw0Mjl8fGh1bWFuJTIwZmFjZSUyMHBvcnRyYWl0fGVufDB8fHx8MTc3ODA2NTAyMXww&ixlib=rb-4.1.0&q=80&w=1080,REAL,Female,50+
400,https://images.unsplash.com/photo-1645742285825-4248e07338b9?crop=entropy&cs=tinysrgb&fit=max&fm=jpg&ixid=M3w5NDQwMTV8MHwxfHNlYXJjaHw0MzB8fGh1bWFuJTIwZmFjZSUyMHBvcnRyYWl0fGVufDB8fHx8MTc3ODA2NTAyMXww&ixlib=rb-4.1.0&q=80&w=1080,REAL,Unknown,18-25
401,https://images.unsplash.com/photo-1749566906398-0b2abc4c6258?crop=entropy&cs=tinysrgb&fit=max&fm=jpg&ixid=M3w5NDQwMTV8MHwxfHNlYXJjaHw0MzF8fGh1bWFuJTIwZmFjZSUyMHBvcnRyYWl0fGVufDB8fHx8MTc3ODA2NTAyMXww&ixlib=rb-4.1.0&q=80&w=1080,REAL,Male,26-35
402,https://images.unsplash.com/photo-1635130822347-90f923e64ced?crop=entropy&cs=tinysrgb&fit=max&fm=jpg&ixid=M3w5NDQwMTV8MHwxfHNlYXJjaHw0MzJ8fGh1bWFuJTIwZmFjZSUyMHBvcnRyYWl0fGVufDB8fHx8MTc3ODA2NTAyMXww&ixlib=rb-4.1.0&q=80&w=1080,REAL,Male,26-35
403,https://images.unsplash.com/photo-1600893991241-1edbeeff43f7?crop=entropy&cs=tinysrgb&fit=max&fm=jpg&ixid=M3w5NDQwMTV8MHwxfHNlYXJjaHw0MzN8fGh1bWFuJTIwZmFjZSUyMHBvcnRyYWl0fGVufDB8fHx8MTc3ODA2NTAyMXww&ixlib=rb-4.1.0&q=80&w=1080,REAL,Female,36-50
404,https://images.unsplash.com/photo-1600893993435-fb35391535c2?crop=entropy&cs=tinysrgb&fit=max&fm=jpg&ixid=M3w5NDQwMTV8MHwxfHNlYXJjaHw0MzR8fGh1bWFuJTIwZmFjZSUyMHBvcnRyYWl0fGVufDB8fHx8MTc3ODA2NTAyMXww&ixlib=rb-4.1.0&q=80&w=1080,REAL,Female,50+
405,https://images.unsplash.com/photo-1600893991601-2ae282ba2822?crop=entropy&cs=tinysrgb&fit=max&fm=jpg&ixid=M3w5NDQwMTV8MHwxfHNlYXJjaHw0MzV8fGh1bWFuJTIwZmFjZSUyMHBvcnRyYWl0fGVufDB8fHx8MTc3ODA2NTAyMXww&ixlib=rb-4.1.0&q=80&w=1080,REAL,Unknown,36-50
406,https://images.unsplash.com/photo-1581629774175-42f704962488?crop=entropy&cs=tinysrgb&fit=max&fm=jpg&ixid=M3w5NDQwMTV8MHwxfHNlYXJjaHw0MzZ8fGh1bWFuJTIwZmFjZSUyMHBvcnRyYWl0fGVufDB8fHx8MTc3ODA2NTAyMXww&ixlib=rb-4.1.0&q=80&w=1080,REAL,Male,36-50
407,https://images.unsplash.com/photo-1767926178468-0ad624709f39?crop=entropy&cs=tinysrgb&fit=max&fm=jpg&ixid=M3w5NDQwMTV8MHwxfHNlYXJjaHw0Mzd8fGh1bWFuJTIwZmFjZSUyMHBvcnRyYWl0fGVufDB8fHx8MTc3ODA2NTAyMXww&ixlib=rb-4.1.0&q=80&w=1080,REAL,Female,18-25
408,https://images.unsplash.com/photo-1600893993343-25710f4f14c7?crop=entropy&cs=tinysrgb&fit=max&fm=jpg&ixid=M3w5NDQwMTV8MHwxfHNlYXJjaHw0Mzh8fGh1bWFuJTIwZmFjZSUyMHBvcnRyYWl0fGVufDB8fHx8MTc3ODA2NTAyMXww&ixlib=rb-4.1.0&q=80&w=1080,REAL,Unknown,50+
409,https://images.unsplash.com/photo-1601726547170-e5145b39eb5a?crop=entropy&cs=tinysrgb&fit=max&fm=jpg&ixid=M3w5NDQwMTV8MHwxfHNlYXJjaHw0Mzl8fGh1bWFuJTIwZmFjZSUyMHBvcnRyYWl0fGVufDB8fHx8MTc3ODA2NTAyMXww&ixlib=rb-4.1.0&q=80&w=1080,REAL,Male,26-35
410,https://images.unsplash.com/photo-1620688346934-759f085a00ae?crop=entropy&cs=tinysrgb&fit=max&fm=jpg&ixid=M3w5NDQwMTV8MHwxfHNlYXJjaHw0NDB8fGh1bWFuJTIwZmFjZSUyMHBvcnRyYWl0fGVufDB8fHx8MTc3ODA2NTAyMXww&ixlib=rb-4.1.0&q=80&w=1080,REAL,Unknown,36-50
411,https://images.unsplash.com/photo-1706732881978-153e118daf08?crop=entropy&cs=tinysrgb&fit=max&fm=jpg&ixid=M3w5NDQwMTV8MHwxfHNlYXJjaHw0NDF8fGh1bWFuJTIwZmFjZSUyMHBvcnRyYWl0fGVufDB8fHx8MTc3ODA2NTAyMXww&ixlib=rb-4.1.0&q=80&w=1080,REAL,Male,36-50
412,https://images.unsplash.com/photo-1617457204897-91034442a08c?crop=entropy&cs=tinysrgb&fit=max&fm=jpg&ixid=M3w5NDQwMTV8MHwxfHNlYXJjaHw0NDJ8fGh1bWFuJTIwZmFjZSUyMHBvcnRyYWl0fGVufDB8fHx8MTc3ODA2NTAyMXww&ixlib=rb-4.1.0&q=80&w=1080,REAL,Male,50+
413,https://images.unsplash.com/photo-1557236027-bdcccd767dc5?crop=entropy&cs=tinysrgb&fit=max&fm=jpg&ixid=M3w5NDQwMTV8MHwxfHNlYXJjaHw0NDN8fGh1bWFuJTIwZmFjZSUyMHBvcnRyYWl0fGVufDB8fHx8MTc3ODA2NTAyMXww&ixlib=rb-4.1.0&q=80&w=1080,REAL,Unknown,18-25
414,https://images.unsplash.com/photo-1476101751557-bbe4d57684e9?crop=entropy&cs=tinysrgb&fit=max&fm=jpg&ixid=M3w5NDQwMTV8MHwxfHNlYXJjaHw0NDR8fGh1bWFuJTIwZmFjZSUyMHBvcnRyYWl0fGVufDB8fHx8MTc3ODA2NTAyMXww&ixlib=rb-4.1.0&q=80&w=1080,REAL,Female,36-50
415,https://images.unsplash.com/photo-1600893993267-b177b025fdd2?crop=entropy&cs=tinysrgb&fit=max&fm=jpg&ixid=M3w5NDQwMTV8MHwxfHNlYXJjaHw0NDV8fGh1bWFuJTIwZmFjZSUyMHBvcnRyYWl0fGVufDB8fHx8MTc3ODA2NTAyMXww&ixlib=rb-4.1.0&q=80&w=1080,REAL,Unknown,26-35
416,https://images.unsplash.com/photo-1590563184299-79b339583979?crop=entropy&cs=tinysrgb&fit=max&fm=jpg&ixid=M3w5NDQwMTV8MHwxfHNlYXJjaHw0NDZ8fGh1bWFuJTIwZmFjZSUyMHBvcnRyYWl0fGVufDB8fHx8MTc3ODA2NTAyMXww&ixlib=rb-4.1.0&q=80&w=1080,REAL,Male,36-50
417,https://images.unsplash.com/photo-1624948734603-fa79d6ad36d5?crop=entropy&cs=tinysrgb&fit=max&fm=jpg&ixid=M3w5NDQwMTV8MHwxfHNlYXJjaHw0NDd8fGh1bWFuJTIwZmFjZSUyMHBvcnRyYWl0fGVufDB8fHx8MTc3ODA2NTAyMXww&ixlib=rb-4.1.0&q=80&w=1080,REAL,Unknown,50+
418,https://images.unsplash.com/photo-1758600434324-41712d1f530e?crop=entropy&cs=tinysrgb&fit=max&fm=jpg&ixid=M3w5NDQwMTV8MHwxfHNlYXJjaHw0NDh8fGh1bWFuJTIwZmFjZSUyMHBvcnRyYWl0fGVufDB8fHx8MTc3ODA2NTAyMXww&ixlib=rb-4.1.0&q=80&w=1080,REAL,Male,50+
419,https://images.unsplash.com/photo-1766139887733-da3886cc6908?crop=entropy&cs=tinysrgb&fit=max&fm=jpg&ixid=M3w5NDQwMTV8MHwxfHNlYXJjaHw0NDl8fGh1bWFuJTIwZmFjZSUyMHBvcnRyYWl0fGVufDB8fHx8MTc3ODA2NTAyMXww&ixlib=rb-4.1.0&q=80&w=1080,REAL,Female,18-25
420,https://images.unsplash.com/photo-1597094334139-41c34c805e95?crop=entropy&cs=tinysrgb&fit=max&fm=jpg&ixid=M3w5NDQwMTV8MHwxfHNlYXJjaHw0NTB8fGh1bWFuJTIwZmFjZSUyMHBvcnRyYWl0fGVufDB8fHx8MTc3ODA2NTAyMXww&ixlib=rb-4.1.0&q=80&w=1080,REAL,Unknown,18-25
421,https://images.unsplash.com/photo-1766995310575-5740ceb4eb95?crop=entropy&cs=tinysrgb&fit=max&fm=jpg&ixid=M3w5NDQwMTV8MHwxfHNlYXJjaHw0NTF8fGh1bWFuJTIwZmFjZSUyMHBvcnRyYWl0fGVufDB8fHx8MTc3ODA2NTAzM3ww&ixlib=rb-4.1.0&q=80&w=1080,REAL,Female,18-25
422,https://images.unsplash.com/photo-1633531903209-f3c61fcdf1d3?crop=entropy&cs=tinysrgb&fit=max&fm=jpg&ixid=M3w5NDQwMTV8MHwxfHNlYXJjaHw0NTJ8fGh1bWFuJTIwZmFjZSUyMHBvcnRyYWl0fGVufDB8fHx8MTc3ODA2NTAzM3ww&ixlib=rb-4.1.0&q=80&w=1080,REAL,Female,26-35
423,https://images.unsplash.com/photo-1637152851930-e95d1a31acef?crop=entropy&cs=tinysrgb&fit=max&fm=jpg&ixid=M3w5NDQwMTV8MHwxfHNlYXJjaHw0NTN8fGh1bWFuJTIwZmFjZSUyMHBvcnRyYWl0fGVufDB8fHx8MTc3ODA2NTAzM3ww&ixlib=rb-4.1.0&q=80&w=1080,REAL,Unknown,18-25
424,https://images.unsplash.com/photo-1718184310601-eb098434ea99?crop=entropy&cs=tinysrgb&fit=max&fm=jpg&ixid=M3w5NDQwMTV8MHwxfHNlYXJjaHw0NTR8fGh1bWFuJTIwZmFjZSUyMHBvcnRyYWl0fGVufDB8fHx8MTc3ODA2NTAzM3ww&ixlib=rb-4.1.0&q=80&w=1080,REAL,Female,18-25
425,https://images.unsplash.com/photo-1589150348172-a1c6bdb1de00?crop=entropy&cs=tinysrgb&fit=max&fm=jpg&ixid=M3w5NDQwMTV8MHwxfHNlYXJjaHw0NTV8fGh1bWFuJTIwZmFjZSUyMHBvcnRyYWl0fGVufDB8fHx8MTc3ODA2NTAzM3ww&ixlib=rb-4.1.0&q=80&w=1080,REAL,Unknown,18-25
426,https://images.unsplash.com/photo-1714023498660-e4c470b285b7?crop=entropy&cs=tinysrgb&fit=max&fm=jpg&ixid=M3w5NDQwMTV8MHwxfHNlYXJjaHw0NTZ8fGh1bWFuJTIwZmFjZSUyMHBvcnRyYWl0fGVufDB8fHx8MTc3ODA2NTAzM3ww&ixlib=rb-4.1.0&q=80&w=1080,REAL,Male,18-25
427,https://images.unsplash.com/photo-1637152858697-b128c68d20b7?crop=entropy&cs=tinysrgb&fit=max&fm=jpg&ixid=M3w5NDQwMTV8MHwxfHNlYXJjaHw0NTd8fGh1bWFuJTIwZmFjZSUyMHBvcnRyYWl0fGVufDB8fHx8MTc3ODA2NTAzM3ww&ixlib=rb-4.1.0&q=80&w=1080,REAL,Unknown,18-25
428,https://images.unsplash.com/photo-1768131502495-225688569436?crop=entropy&cs=tinysrgb&fit=max&fm=jpg&ixid=M3w5NDQwMTV8MHwxfHNlYXJjaHw0NTh8fGh1bWFuJTIwZmFjZSUyMHBvcnRyYWl0fGVufDB8fHx8MTc3ODA2NTAzM3ww&ixlib=rb-4.1.0&q=80&w=1080,REAL,Unknown,36-50
429,https://images.unsplash.com/photo-1631700026971-36f60c985c36?crop=entropy&cs=tinysrgb&fit=max&fm=jpg&ixid=M3w5NDQwMTV8MHwxfHNlYXJjaHw0NTl8fGh1bWFuJTIwZmFjZSUyMHBvcnRyYWl0fGVufDB8fHx8MTc3ODA2NTAzM3ww&ixlib=rb-4.1.0&q=80&w=1080,REAL,Male,50+
430,https://images.unsplash.com/photo-1732195636258-7b5a60f8d0ca?crop=entropy&cs=tinysrgb&fit=max&fm=jpg&ixid=M3w5NDQwMTV8MHwxfHNlYXJjaHw0NjB8fGh1bWFuJTIwZmFjZSUyMHBvcnRyYWl0fGVufDB8fHx8MTc3ODA2NTAzM3ww&ixlib=rb-4.1.0&q=80&w=1080,REAL,Female,18-25
431,https://images.unsplash.com/photo-1754671246404-5de19bf22b68?crop=entropy&cs=tinysrgb&fit=max&fm=jpg&ixid=M3w5NDQwMTV8MHwxfHNlYXJjaHw0NjF8fGh1bWFuJTIwZmFjZSUyMHBvcnRyYWl0fGVufDB8fHx8MTc3ODA2NTAzM3ww&ixlib=rb-4.1.0&q=80&w=1080,REAL,Female,26-35
432,https://images.unsplash.com/photo-1576576245194-8590304ae967?crop=entropy&cs=tinysrgb&fit=max&fm=jpg&ixid=M3w5NDQwMTV8MHwxfHNlYXJjaHw0NjJ8fGh1bWFuJTIwZmFjZSUyMHBvcnRyYWl0fGVufDB8fHx8MTc3ODA2NTAzM3ww&ixlib=rb-4.1.0&q=80&w=1080,REAL,Female,18-25
433,https://images.unsplash.com/photo-1661879261024-c375bf5f37f8?crop=entropy&cs=tinysrgb&fit=max&fm=jpg&ixid=M3w5NDQwMTV8MHwxfHNlYXJjaHw0NjN8fGh1bWFuJTIwZmFjZSUyMHBvcnRyYWl0fGVufDB8fHx8MTc3ODA2NTAzM3ww&ixlib=rb-4.1.0&q=80&w=1080,REAL,Female,50+
434,https://images.unsplash.com/photo-1648636801291-2383d2254819?crop=entropy&cs=tinysrgb&fit=max&fm=jpg&ixid=M3w5NDQwMTV8MHwxfHNlYXJjaHw0NjR8fGh1bWFuJTIwZmFjZSUyMHBvcnRyYWl0fGVufDB8fHx8MTc3ODA2NTAzM3ww&ixlib=rb-4.1.0&q=80&w=1080,REAL,Unknown,50+
435,https://images.unsplash.com/photo-1558179974-98148e2450e9?crop=entropy&cs=tinysrgb&fit=max&fm=jpg&ixid=M3w5NDQwMTV8MHwxfHNlYXJjaHw0NjV8fGh1bWFuJTIwZmFjZSUyMHBvcnRyYWl0fGVufDB8fHx8MTc3ODA2NTAzM3ww&ixlib=rb-4.1.0&q=80&w=1080,REAL,Unknown,36-50
436,https://images.unsplash.com/photo-1623864653909-0104b412f75d?crop=entropy&cs=tinysrgb&fit=max&fm=jpg&ixid=M3w5NDQwMTV8MHwxfHNlYXJjaHw0NjZ8fGh1bWFuJTIwZmFjZSUyMHBvcnRyYWl0fGVufDB8fHx8MTc3ODA2NTAzM3ww&ixlib=rb-4.1.0&q=80&w=1080,REAL,Male,50+
437,https://images.unsplash.com/photo-1659344827896-ddde55316a4e?crop=entropy&cs=tinysrgb&fit=max&fm=jpg&ixid=M3w5NDQwMTV8MHwxfHNlYXJjaHw0Njd8fGh1bWFuJTIwZmFjZSUyMHBvcnRyYWl0fGVufDB8fHx8MTc3ODA2NTAzM3ww&ixlib=rb-4.1.0&q=80&w=1080,REAL,Male,50+
438,https://images.unsplash.com/photo-1732195636236-c28e6852de3a?crop=entropy&cs=tinysrgb&fit=max&fm=jpg&ixid=M3w5NDQwMTV8MHwxfHNlYXJjaHw0Njh8fGh1bWFuJTIwZmFjZSUyMHBvcnRyYWl0fGVufDB8fHx8MTc3ODA2NTAzM3ww&ixlib=rb-4.1.0&q=80&w=1080,REAL,Female,18-25
439,https://images.unsplash.com/photo-1694507158296-230e3b6d9307?crop=entropy&cs=tinysrgb&fit=max&fm=jpg&ixid=M3w5NDQwMTV8MHwxfHNlYXJjaHw0Njl8fGh1bWFuJTIwZmFjZSUyMHBvcnRyYWl0fGVufDB8fHx8MTc3ODA2NTAzM3ww&ixlib=rb-4.1.0&q=80&w=1080,REAL,Male,18-25
440,https://images.unsplash.com/photo-1643742325159-011b6078d5fe?crop=entropy&cs=tinysrgb&fit=max&fm=jpg&ixid=M3w5NDQwMTV8MHwxfHNlYXJjaHw0NzB8fGh1bWFuJTIwZmFjZSUyMHBvcnRyYWl0fGVufDB8fHx8MTc3ODA2NTAzM3ww&ixlib=rb-4.1.0&q=80&w=1080,REAL,Male,26-35
441,https://images.unsplash.com/photo-1702449269565-8bbe32972f65?crop=entropy&cs=tinysrgb&fit=max&fm=jpg&ixid=M3w5NDQwMTV8MHwxfHNlYXJjaHw0NzF8fGh1bWFuJTIwZmFjZSUyMHBvcnRyYWl0fGVufDB8fHx8MTc3ODA2NTAzM3ww&ixlib=rb-4.1.0&q=80&w=1080,REAL,Unknown,36-50
442,https://images.unsplash.com/photo-1615039704129-a5a4cfbb3594?crop=entropy&cs=tinysrgb&fit=max&fm=jpg&ixid=M3w5NDQwMTV8MHwxfHNlYXJjaHw0NzJ8fGh1bWFuJTIwZmFjZSUyMHBvcnRyYWl0fGVufDB8fHx8MTc3ODA2NTAzM3ww&ixlib=rb-4.1.0&q=80&w=1080,REAL,Unknown,18-25
443,https://images.unsplash.com/photo-1665432799330-febd5d40bd00?crop=entropy&cs=tinysrgb&fit=max&fm=jpg&ixid=M3w5NDQwMTV8MHwxfHNlYXJjaHw0NzN8fGh1bWFuJTIwZmFjZSUyMHBvcnRyYWl0fGVufDB8fHx8MTc3ODA2NTAzM3ww&ixlib=rb-4.1.0&q=80&w=1080,REAL,Female,26-35
444,https://images.unsplash.com/photo-1647437671948-8c5e7fd00bdc?crop=entropy&cs=tinysrgb&fit=max&fm=jpg&ixid=M3w5NDQwMTV8MHwxfHNlYXJjaHw0NzR8fGh1bWFuJTIwZmFjZSUyMHBvcnRyYWl0fGVufDB8fHx8MTc3ODA2NTAzM3ww&ixlib=rb-4.1.0&q=80&w=1080,REAL,Male,50+
445,https://images.unsplash.com/photo-1714510632806-86d775c67c88?crop=entropy&cs=tinysrgb&fit=max&fm=jpg&ixid=M3w5NDQwMTV8MHwxfHNlYXJjaHw0NzV8fGh1bWFuJTIwZmFjZSUyMHBvcnRyYWl0fGVufDB8fHx8MTc3ODA2NTAzM3ww&ixlib=rb-4.1.0&q=80&w=1080,REAL,Male,50+
446,https://images.unsplash.com/photo-1746116572566-7e14bd735f6f?crop=entropy&cs=tinysrgb&fit=max&fm=jpg&ixid=M3w5NDQwMTV8MHwxfHNlYXJjaHw0NzZ8fGh1bWFuJTIwZmFjZSUyMHBvcnRyYWl0fGVufDB8fHx8MTc3ODA2NTAzM3ww&ixlib=rb-4.1.0&q=80&w=1080,REAL,Male,50+
447,https://images.unsplash.com/photo-1622022169552-82259e7c324c?crop=entropy&cs=tinysrgb&fit=max&fm=jpg&ixid=M3w5NDQwMTV8MHwxfHNlYXJjaHw0Nzd8fGh1bWFuJTIwZmFjZSUyMHBvcnRyYWl0fGVufDB8fHx8MTc3ODA2NTAzM3ww&ixlib=rb-4.1.0&q=80&w=1080,REAL,Male,26-35
448,https://images.unsplash.com/photo-1611780133619-f27d7b6ed77f?crop=entropy&cs=tinysrgb&fit=max&fm=jpg&ixid=M3w5NDQwMTV8MHwxfHNlYXJjaHw0Nzh8fGh1bWFuJTIwZmFjZSUyMHBvcnRyYWl0fGVufDB8fHx8MTc3ODA2NTAzM3ww&ixlib=rb-4.1.0&q=80&w=1080,REAL,Male,36-50
449,https://images.unsplash.com/photo-1732195636370-fed44c34d6ef?crop=entropy&cs=tinysrgb&fit=max&fm=jpg&ixid=M3w5NDQwMTV8MHwxfHNlYXJjaHw0Nzl8fGh1bWFuJTIwZmFjZSUyMHBvcnRyYWl0fGVufDB8fHx8MTc3ODA2NTAzM3ww&ixlib=rb-4.1.0&q=80&w=1080,REAL,Unknown,18-25
450,https://images.unsplash.com/photo-1590838855320-43fe04e3c29c?crop=entropy&cs=tinysrgb&fit=max&fm=jpg&ixid=M3w5NDQwMTV8MHwxfHNlYXJjaHw0ODB8fGh1bWFuJTIwZmFjZSUyMHBvcnRyYWl0fGVufDB8fHx8MTc3ODA2NTAzM3ww&ixlib=rb-4.1.0&q=80&w=1080,REAL,Male,26-35
451,https://images.unsplash.com/photo-1639881255077-424edb5a3ead?crop=entropy&cs=tinysrgb&fit=max&fm=jpg&ixid=M3w5NDQwMTV8MHwxfHNlYXJjaHw0ODF8fGh1bWFuJTIwZmFjZSUyMHBvcnRyYWl0fGVufDB8fHx8MTc3ODA2NTAzN3ww&ixlib=rb-4.1.0&q=80&w=1080,REAL,Unknown,50+
452,https://images.unsplash.com/photo-1746116572316-fde4373f0700?crop=entropy&cs=tinysrgb&fit=max&fm=jpg&ixid=M3w5NDQwMTV8MHwxfHNlYXJjaHw0ODJ8fGh1bWFuJTIwZmFjZSUyMHBvcnRyYWl0fGVufDB8fHx8MTc3ODA2NTAzN3ww&ixlib=rb-4.1.0&q=80&w=1080,REAL,Male,50+
453,https://images.unsplash.com/photo-1629711710402-a44e0fa3eea1?crop=entropy&cs=tinysrgb&fit=max&fm=jpg&ixid=M3w5NDQwMTV8MHwxfHNlYXJjaHw0ODN8fGh1bWFuJTIwZmFjZSUyMHBvcnRyYWl0fGVufDB8fHx8MTc3ODA2NTAzN3ww&ixlib=rb-4.1.0&q=80&w=1080,REAL,Female,50+
454,https://images.unsplash.com/photo-1749566906788-bb9c08c328d5?crop=entropy&cs=tinysrgb&fit=max&fm=jpg&ixid=M3w5NDQwMTV8MHwxfHNlYXJjaHw0ODR8fGh1bWFuJTIwZmFjZSUyMHBvcnRyYWl0fGVufDB8fHx8MTc3ODA2NTAzN3ww&ixlib=rb-4.1.0&q=80&w=1080,REAL,Female,18-25
455,https://images.unsplash.com/photo-1581041309171-6e4bf1ee5781?crop=entropy&cs=tinysrgb&fit=max&fm=jpg&ixid=M3w5NDQwMTV8MHwxfHNlYXJjaHw0ODV8fGh1bWFuJTIwZmFjZSUyMHBvcnRyYWl0fGVufDB8fHx8MTc3ODA2NTAzN3ww&ixlib=rb-4.1.0&q=80&w=1080,REAL,Unknown,18-25
456,https://images.unsplash.com/photo-1732195636301-6427fc87e09a?crop=entropy&cs=tinysrgb&fit=max&fm=jpg&ixid=M3w5NDQwMTV8MHwxfHNlYXJjaHw0ODZ8fGh1bWFuJTIwZmFjZSUyMHBvcnRyYWl0fGVufDB8fHx8MTc3ODA2NTAzN3ww&ixlib=rb-4.1.0&q=80&w=1080,REAL,Unknown,50+
457,https://images.unsplash.com/photo-1732195636321-3b83cb00669f?crop=entropy&cs=tinysrgb&fit=max&fm=jpg&ixid=M3w5NDQwMTV8MHwxfHNlYXJjaHw0ODd8fGh1bWFuJTIwZmFjZSUyMHBvcnRyYWl0fGVufDB8fHx8MTc3ODA2NTAzN3ww&ixlib=rb-4.1.0&q=80&w=1080,REAL,Female,36-50
458,https://images.unsplash.com/photo-1754671246332-c1735faffbe1?crop=entropy&cs=tinysrgb&fit=max&fm=jpg&ixid=M3w5NDQwMTV8MHwxfHNlYXJjaHw0ODh8fGh1bWFuJTIwZmFjZSUyMHBvcnRyYWl0fGVufDB8fHx8MTc3ODA2NTAzN3ww&ixlib=rb-4.1.0&q=80&w=1080,REAL,Female,50+
459,https://images.unsplash.com/photo-1754671246369-ee51e6208a44?crop=entropy&cs=tinysrgb&fit=max&fm=jpg&ixid=M3w5NDQwMTV8MHwxfHNlYXJjaHw0ODl8fGh1bWFuJTIwZmFjZSUyMHBvcnRyYWl0fGVufDB8fHx8MTc3ODA2NTAzN3ww&ixlib=rb-4.1.0&q=80&w=1080,REAL,Male,26-35
460,https://images.unsplash.com/photo-1647437672243-bcc441b175c5?crop=entropy&cs=tinysrgb&fit=max&fm=jpg&ixid=M3w5NDQwMTV8MHwxfHNlYXJjaHw0OTB8fGh1bWFuJTIwZmFjZSUyMHBvcnRyYWl0fGVufDB8fHx8MTc3ODA2NTAzN3ww&ixlib=rb-4.1.0&q=80&w=1080,REAL,Unknown,26-35
461,https://images.unsplash.com/photo-1603822483961-3e52ed26c15d?crop=entropy&cs=tinysrgb&fit=max&fm=jpg&ixid=M3w5NDQwMTV8MHwxfHNlYXJjaHw0OTF8fGh1bWFuJTIwZmFjZSUyMHBvcnRyYWl0fGVufDB8fHx8MTc3ODA2NTAzN3ww&ixlib=rb-4.1.0&q=80&w=1080,REAL,Male,26-35
462,https://images.unsplash.com/photo-1621765694732-543cbae5325c?crop=entropy&cs=tinysrgb&fit=max&fm=jpg&ixid=M3w5NDQwMTV8MHwxfHNlYXJjaHw0OTJ8fGh1bWFuJTIwZmFjZSUyMHBvcnRyYWl0fGVufDB8fHx8MTc3ODA2NTAzN3ww&ixlib=rb-4.1.0&q=80&w=1080,REAL,Unknown,18-25
463,https://images.unsplash.com/photo-1572262131865-0e2bbdd5b779?crop=entropy&cs=tinysrgb&fit=max&fm=jpg&ixid=M3w5NDQwMTV8MHwxfHNlYXJjaHw0OTN8fGh1bWFuJTIwZmFjZSUyMHBvcnRyYWl0fGVufDB8fHx8MTc3ODA2NTAzN3ww&ixlib=rb-4.1.0&q=80&w=1080,REAL,Male,26-35
464,https://images.unsplash.com/photo-1732195636312-5f3aa589bb5d?crop=entropy&cs=tinysrgb&fit=max&fm=jpg&ixid=M3w5NDQwMTV8MHwxfHNlYXJjaHw0OTR8fGh1bWFuJTIwZmFjZSUyMHBvcnRyYWl0fGVufDB8fHx8MTc3ODA2NTAzN3ww&ixlib=rb-4.1.0&q=80&w=1080,REAL,Male,36-50
465,https://images.unsplash.com/photo-1558481588-c473c13b8743?crop=entropy&cs=tinysrgb&fit=max&fm=jpg&ixid=M3w5NDQwMTV8MHwxfHNlYXJjaHw0OTV8fGh1bWFuJTIwZmFjZSUyMHBvcnRyYWl0fGVufDB8fHx8MTc3ODA2NTAzN3ww&ixlib=rb-4.1.0&q=80&w=1080,REAL,Male,36-50
466,https://images.unsplash.com/photo-1677543167033-af3c688aa4df?crop=entropy&cs=tinysrgb&fit=max&fm=jpg&ixid=M3w5NDQwMTV8MHwxfHNlYXJjaHw0OTZ8fGh1bWFuJTIwZmFjZSUyMHBvcnRyYWl0fGVufDB8fHx8MTc3ODA2NTAzN3ww&ixlib=rb-4.1.0&q=80&w=1080,REAL,Female,36-50
467,https://images.unsplash.com/photo-1589006227094-fc2fcf082f87?crop=entropy&cs=tinysrgb&fit=max&fm=jpg&ixid=M3w5NDQwMTV8MHwxfHNlYXJjaHw0OTd8fGh1bWFuJTIwZmFjZSUyMHBvcnRyYWl0fGVufDB8fHx8MTc3ODA2NTAzN3ww&ixlib=rb-4.1.0&q=80&w=1080,REAL,Male,50+
468,https://images.unsplash.com/photo-1670682311321-935d10d29d5b?crop=entropy&cs=tinysrgb&fit=max&fm=jpg&ixid=M3w5NDQwMTV8MHwxfHNlYXJjaHw0OTh8fGh1bWFuJTIwZmFjZSUyMHBvcnRyYWl0fGVufDB8fHx8MTc3ODA2NTAzN3ww&ixlib=rb-4.1.0&q=80&w=1080,REAL,Female,50+
469,https://images.unsplash.com/photo-1595506951595-2d3de8d889c1?crop=entropy&cs=tinysrgb&fit=max&fm=jpg&ixid=M3w5NDQwMTV8MHwxfHNlYXJjaHw0OTl8fGh1bWFuJTIwZmFjZSUyMHBvcnRyYWl0fGVufDB8fHx8MTc3ODA2NTAzN3ww&ixlib=rb-4.1.0&q=80&w=1080,REAL,Female,50+
470,https://images.unsplash.com/photo-1623853434105-8e7a72898180?crop=entropy&cs=tinysrgb&fit=max&fm=jpg&ixid=M3w5NDQwMTV8MHwxfHNlYXJjaHw1MDB8fGh1bWFuJTIwZmFjZSUyMHBvcnRyYWl0fGVufDB8fHx8MTc3ODA2NTAzN3ww&ixlib=rb-4.1.0&q=80&w=1080,REAL,Unknown,18-25
471,https://images.unsplash.com/photo-1579105728744-9d6b14a45389?crop=entropy&cs=tinysrgb&fit=max&fm=jpg&ixid=M3w5NDQwMTV8MHwxfHNlYXJjaHw1MDF8fGh1bWFuJTIwZmFjZSUyMHBvcnRyYWl0fGVufDB8fHx8MTc3ODA2NTAzN3ww&ixlib=rb-4.1.0&q=80&w=1080,REAL,Female,50+
472,https://images.unsplash.com/photo-1578910985276-6cd1a7bc6dd4?crop=entropy&cs=tinysrgb&fit=max&fm=jpg&ixid=M3w5NDQwMTV8MHwxfHNlYXJjaHw1MDJ8fGh1bWFuJTIwZmFjZSUyMHBvcnRyYWl0fGVufDB8fHx8MTc3ODA2NTAzN3ww&ixlib=rb-4.1.0&q=80&w=1080,REAL,Male,18-25
473,https://images.unsplash.com/photo-1652550220140-1320362fe43d?crop=entropy&cs=tinysrgb&fit=max&fm=jpg&ixid=M3w5NDQwMTV8MHwxfHNlYXJjaHw1MDN8fGh1bWFuJTIwZmFjZSUyMHBvcnRyYWl0fGVufDB8fHx8MTc3ODA2NTAzN3ww&ixlib=rb-4.1.0&q=80&w=1080,REAL,Female,50+
474,https://images.unsplash.com/photo-1754671246380-b34ecfb2ac9a?crop=entropy&cs=tinysrgb&fit=max&fm=jpg&ixid=M3w5NDQwMTV8MHwxfHNlYXJjaHw1MDR8fGh1bWFuJTIwZmFjZSUyMHBvcnRyYWl0fGVufDB8fHx8MTc3ODA2NTAzN3ww&ixlib=rb-4.1.0&q=80&w=1080,REAL,Unknown,50+
475,https://images.unsplash.com/photo-1597094334944-7b13b87d941a?crop=entropy&cs=tinysrgb&fit=max&fm=jpg&ixid=M3w5NDQwMTV8MHwxfHNlYXJjaHw1MDV8fGh1bWFuJTIwZmFjZSUyMHBvcnRyYWl0fGVufDB8fHx8MTc3ODA2NTAzN3ww&ixlib=rb-4.1.0&q=80&w=1080,REAL,Female,36-50
476,https://images.unsplash.com/photo-1732195636362-998c67bcbebc?crop=entropy&cs=tinysrgb&fit=max&fm=jpg&ixid=M3w5NDQwMTV8MHwxfHNlYXJjaHw1MDZ8fGh1bWFuJTIwZmFjZSUyMHBvcnRyYWl0fGVufDB8fHx8MTc3ODA2NTAzN3ww&ixlib=rb-4.1.0&q=80&w=1080,REAL,Female,26-35
477,https://images.unsplash.com/photo-1583852703203-2f27c781388d?crop=entropy&cs=tinysrgb&fit=max&fm=jpg&ixid=M3w5NDQwMTV8MHwxfHNlYXJjaHw1MDd8fGh1bWFuJTIwZmFjZSUyMHBvcnRyYWl0fGVufDB8fHx8MTc3ODA2NTAzN3ww&ixlib=rb-4.1.0&q=80&w=1080,REAL,Female,26-35
478,https://images.unsplash.com/photo-1585835582181-6b1accea23e0?crop=entropy&cs=tinysrgb&fit=max&fm=jpg&ixid=M3w5NDQwMTV8MHwxfHNlYXJjaHw1MDh8fGh1bWFuJTIwZmFjZSUyMHBvcnRyYWl0fGVufDB8fHx8MTc3ODA2NTAzN3ww&ixlib=rb-4.1.0&q=80&w=1080,REAL,Male,50+
479,https://images.unsplash.com/photo-1749639002356-7dac5abc8d0c?crop=entropy&cs=tinysrgb&fit=max&fm=jpg&ixid=M3w5NDQwMTV8MHwxfHNlYXJjaHw1MDl8fGh1bWFuJTIwZmFjZSUyMHBvcnRyYWl0fGVufDB8fHx8MTc3ODA2NTAzN3ww&ixlib=rb-4.1.0&q=80&w=1080,REAL,Unknown,26-35
480,https://images.unsplash.com/photo-1578302302942-10cfe0c4cf93?crop=entropy&cs=tinysrgb&fit=max&fm=jpg&ixid=M3w5NDQwMTV8MHwxfHNlYXJjaHw1MTB8fGh1bWFuJTIwZmFjZSUyMHBvcnRyYWl0fGVufDB8fHx8MTc3ODA2NTAzN3ww&ixlib=rb-4.1.0&q=80&w=1080,REAL,Female,26-35
481,https://images.unsplash.com/photo-1634402134815-cd41de10a46c?crop=entropy&cs=tinysrgb&fit=max&fm=jpg&ixid=M3w5NDQwMTV8MHwxfHNlYXJjaHw1MTF8fGh1bWFuJTIwZmFjZSUyMHBvcnRyYWl0fGVufDB8fHx8MTc3ODA2NTA0OXww&ixlib=rb-4.1.0&q=80&w=1080,REAL,Female,36-50
482,https://images.unsplash.com/photo-1617047671901-34035b399153?crop=entropy&cs=tinysrgb&fit=max&fm=jpg&ixid=M3w5NDQwMTV8MHwxfHNlYXJjaHw1MTJ8fGh1bWFuJTIwZmFjZSUyMHBvcnRyYWl0fGVufDB8fHx8MTc3ODA2NTA0OXww&ixlib=rb-4.1.0&q=80&w=1080,REAL,Unknown,50+
483,https://images.unsplash.com/photo-1600408124684-5b8a5739c8f6?crop=entropy&cs=tinysrgb&fit=max&fm=jpg&ixid=M3w5NDQwMTV8MHwxfHNlYXJjaHw1MTN8fGh1bWFuJTIwZmFjZSUyMHBvcnRyYWl0fGVufDB8fHx8MTc3ODA2NTA0OXww&ixlib=rb-4.1.0&q=80&w=1080,REAL,Unknown,50+
484,https://images.unsplash.com/photo-1585718540843-11b15b63a18f?crop=entropy&cs=tinysrgb&fit=max&fm=jpg&ixid=M3w5NDQwMTV8MHwxfHNlYXJjaHw1MTR8fGh1bWFuJTIwZmFjZSUyMHBvcnRyYWl0fGVufDB8fHx8MTc3ODA2NTA0OXww&ixlib=rb-4.1.0&q=80&w=1080,REAL,Unknown,36-50
485,https://images.unsplash.com/photo-1690199827094-5a3c8d740eae?crop=entropy&cs=tinysrgb&fit=max&fm=jpg&ixid=M3w5NDQwMTV8MHwxfHNlYXJjaHw1MTV8fGh1bWFuJTIwZmFjZSUyMHBvcnRyYWl0fGVufDB8fHx8MTc3ODA2NTA0OXww&ixlib=rb-4.1.0&q=80&w=1080,REAL,Female,18-25
486,https://images.unsplash.com/photo-1572288236082-e363d5121568?crop=entropy&cs=tinysrgb&fit=max&fm=jpg&ixid=M3w5NDQwMTV8MHwxfHNlYXJjaHw1MTZ8fGh1bWFuJTIwZmFjZSUyMHBvcnRyYWl0fGVufDB8fHx8MTc3ODA2NTA0OXww&ixlib=rb-4.1.0&q=80&w=1080,REAL,Male,50+
487,https://images.unsplash.com/photo-1588582519635-1c3817210bd3?crop=entropy&cs=tinysrgb&fit=max&fm=jpg&ixid=M3w5NDQwMTV8MHwxfHNlYXJjaHw1MTd8fGh1bWFuJTIwZmFjZSUyMHBvcnRyYWl0fGVufDB8fHx8MTc3ODA2NTA0OXww&ixlib=rb-4.1.0&q=80&w=1080,REAL,Female,18-25
488,https://images.unsplash.com/photo-1629645982786-ac07cdc4ee82?crop=entropy&cs=tinysrgb&fit=max&fm=jpg&ixid=M3w5NDQwMTV8MHwxfHNlYXJjaHw1MTh8fGh1bWFuJTIwZmFjZSUyMHBvcnRyYWl0fGVufDB8fHx8MTc3ODA2NTA0OXww&ixlib=rb-4.1.0&q=80&w=1080,REAL,Female,50+
489,https://images.unsplash.com/photo-1617956697742-985ca8714403?crop=entropy&cs=tinysrgb&fit=max&fm=jpg&ixid=M3w5NDQwMTV8MHwxfHNlYXJjaHw1MTl8fGh1bWFuJTIwZmFjZSUyMHBvcnRyYWl0fGVufDB8fHx8MTc3ODA2NTA0OXww&ixlib=rb-4.1.0&q=80&w=1080,REAL,Male,36-50
490,https://images.unsplash.com/photo-1589948800952-156ece44e9ff?crop=entropy&cs=tinysrgb&fit=max&fm=jpg&ixid=M3w5NDQwMTV8MHwxfHNlYXJjaHw1MjB8fGh1bWFuJTIwZmFjZSUyMHBvcnRyYWl0fGVufDB8fHx8MTc3ODA2NTA0OXww&ixlib=rb-4.1.0&q=80&w=1080,REAL,Male,26-35
491,https://images.unsplash.com/photo-1579610520129-963c74781ffb?crop=entropy&cs=tinysrgb&fit=max&fm=jpg&ixid=M3w5NDQwMTV8MHwxfHNlYXJjaHw1MjF8fGh1bWFuJTIwZmFjZSUyMHBvcnRyYWl0fGVufDB8fHx8MTc3ODA2NTA0OXww&ixlib=rb-4.1.0&q=80&w=1080,REAL,Unknown,50+
492,https://images.unsplash.com/photo-1612587704555-22472e377776?crop=entropy&cs=tinysrgb&fit=max&fm=jpg&ixid=M3w5NDQwMTV8MHwxfHNlYXJjaHw1MjJ8fGh1bWFuJTIwZmFjZSUyMHBvcnRyYWl0fGVufDB8fHx8MTc3ODA2NTA0OXww&ixlib=rb-4.1.0&q=80&w=1080,REAL,Unknown,26-35
493,https://images.unsplash.com/photo-1650750587998-d524e8bca874?crop=entropy&cs=tinysrgb&fit=max&fm=jpg&ixid=M3w5NDQwMTV8MHwxfHNlYXJjaHw1MjN8fGh1bWFuJTIwZmFjZSUyMHBvcnRyYWl0fGVufDB8fHx8MTc3ODA2NTA0OXww&ixlib=rb-4.1.0&q=80&w=1080,REAL,Male,26-35
494,https://images.unsplash.com/photo-1567442543701-9c08909d22d5?crop=entropy&cs=tinysrgb&fit=max&fm=jpg&ixid=M3w5NDQwMTV8MHwxfHNlYXJjaHw1MjR8fGh1bWFuJTIwZmFjZSUyMHBvcnRyYWl0fGVufDB8fHx8MTc3ODA2NTA0OXww&ixlib=rb-4.1.0&q=80&w=1080,REAL,Female,50+
495,https://images.unsplash.com/photo-1732562793918-7b7816cfa1e4?crop=entropy&cs=tinysrgb&fit=max&fm=jpg&ixid=M3w5NDQwMTV8MHwxfHNlYXJjaHw1MjV8fGh1bWFuJTIwZmFjZSUyMHBvcnRyYWl0fGVufDB8fHx8MTc3ODA2NTA0OXww&ixlib=rb-4.1.0&q=80&w=1080,REAL,Female,36-50
496,https://images.unsplash.com/photo-1652002039648-8e2026e099cb?crop=entropy&cs=tinysrgb&fit=max&fm=jpg&ixid=M3w5NDQwMTV8MHwxfHNlYXJjaHw1MjZ8fGh1bWFuJTIwZmFjZSUyMHBvcnRyYWl0fGVufDB8fHx8MTc3ODA2NTA0OXww&ixlib=rb-4.1.0&q=80&w=1080,REAL,Male,50+
497,https://images.unsplash.com/photo-1645528943905-cfe67ac3305a?crop=entropy&cs=tinysrgb&fit=max&fm=jpg&ixid=M3w5NDQwMTV8MHwxfHNlYXJjaHw1Mjd8fGh1bWFuJTIwZmFjZSUyMHBvcnRyYWl0fGVufDB8fHx8MTc3ODA2NTA0OXww&ixlib=rb-4.1.0&q=80&w=1080,REAL,Unknown,36-50
498,https://images.unsplash.com/photo-1707414038637-5059128cea85?crop=entropy&cs=tinysrgb&fit=max&fm=jpg&ixid=M3w5NDQwMTV8MHwxfHNlYXJjaHw1Mjh8fGh1bWFuJTIwZmFjZSUyMHBvcnRyYWl0fGVufDB8fHx8MTc3ODA2NTA0OXww&ixlib=rb-4.1.0&q=80&w=1080,REAL,Female,50+
499,https://images.unsplash.com/photo-1636397754200-1bb318032c69?crop=entropy&cs=tinysrgb&fit=max&fm=jpg&ixid=M3w5NDQwMTV8MHwxfHNlYXJjaHw1Mjl8fGh1bWFuJTIwZmFjZSUyMHBvcnRyYWl0fGVufDB8fHx8MTc3ODA2NTA0OXww&ixlib=rb-4.1.0&q=80&w=1080,REAL,Male,36-50
500,https://images.unsplash.com/photo-1650750588473-c187151ef420?crop=entropy&cs=tinysrgb&fit=max&fm=jpg&ixid=M3w5NDQwMTV8MHwxfHNlYXJjaHw1MzB8fGh1bWFuJTIwZmFjZSUyMHBvcnRyYWl0fGVufDB8fHx8MTc3ODA2NTA0OXww&ixlib=rb-4.1.0&q=80&w=1080,REAL,Unknown,36-50
501,https://images.unsplash.com/photo-1645790786298-d9f18f32848a?crop=entropy&cs=tinysrgb&fit=max&fm=jpg&ixid=M3w5NDQwMTV8MHwxfHNlYXJjaHw1MzF8fGh1bWFuJTIwZmFjZSUyMHBvcnRyYWl0fGVufDB8fHx8MTc3ODA2NTA0OXww&ixlib=rb-4.1.0&q=80&w=1080,REAL,Male,18-25
502,https://images.unsplash.com/photo-1635953869014-072895df9786?crop=entropy&cs=tinysrgb&fit=max&fm=jpg&ixid=M3w5NDQwMTV8MHwxfHNlYXJjaHw1MzJ8fGh1bWFuJTIwZmFjZSUyMHBvcnRyYWl0fGVufDB8fHx8MTc3ODA2NTA0OXww&ixlib=rb-4.1.0&q=80&w=1080,REAL,Unknown,50+
503,https://images.unsplash.com/photo-1579623374984-462747d13f28?crop=entropy&cs=tinysrgb&fit=max&fm=jpg&ixid=M3w5NDQwMTV8MHwxfHNlYXJjaHw1MzN8fGh1bWFuJTIwZmFjZSUyMHBvcnRyYWl0fGVufDB8fHx8MTc3ODA2NTA0OXww&ixlib=rb-4.1.0&q=80&w=1080,REAL,Male,18-25
504,https://images.unsplash.com/photo-1777654300908-e25bba73f35b?crop=entropy&cs=tinysrgb&fit=max&fm=jpg&ixid=M3w5NDQwMTV8MHwxfHNlYXJjaHw1MzR8fGh1bWFuJTIwZmFjZSUyMHBvcnRyYWl0fGVufDB8fHx8MTc3ODA2NTA0OXww&ixlib=rb-4.1.0&q=80&w=1080,REAL,Male,18-25
505,https://images.unsplash.com/photo-1650784422954-9e522e77f473?crop=entropy&cs=tinysrgb&fit=max&fm=jpg&ixid=M3w5NDQwMTV8MHwxfHNlYXJjaHw1MzV8fGh1bWFuJTIwZmFjZSUyMHBvcnRyYWl0fGVufDB8fHx8MTc3ODA2NTA0OXww&ixlib=rb-4.1.0&q=80&w=1080,REAL,Unknown,50+
506,https://images.unsplash.com/photo-1565749232874-2fc740099200?crop=entropy&cs=tinysrgb&fit=max&fm=jpg&ixid=M3w5NDQwMTV8MHwxfHNlYXJjaHw1MzZ8fGh1bWFuJTIwZmFjZSUyMHBvcnRyYWl0fGVufDB8fHx8MTc3ODA2NTA0OXww&ixlib=rb-4.1.0&q=80&w=1080,REAL,Unknown,36-50
507,https://images.unsplash.com/photo-1570999450155-7dc85b841f3a?crop=entropy&cs=tinysrgb&fit=max&fm=jpg&ixid=M3w5NDQwMTV8MHwxfHNlYXJjaHw1Mzd8fGh1bWFuJTIwZmFjZSUyMHBvcnRyYWl0fGVufDB8fHx8MTc3ODA2NTA0OXww&ixlib=rb-4.1.0&q=80&w=1080,REAL,Female,26-35
508,https://images.unsplash.com/photo-1746116572267-ee2a20c9f5cd?crop=entropy&cs=tinysrgb&fit=max&fm=jpg&ixid=M3w5NDQwMTV8MHwxfHNlYXJjaHw1Mzh8fGh1bWFuJTIwZmFjZSUyMHBvcnRyYWl0fGVufDB8fHx8MTc3ODA2NTA0OXww&ixlib=rb-4.1.0&q=80&w=1080,REAL,Male,50+
509,https://images.unsplash.com/photo-1567136270461-e6357fe3e105?crop=entropy&cs=tinysrgb&fit=max&fm=jpg&ixid=M3w5NDQwMTV8MHwxfHNlYXJjaHw1Mzl8fGh1bWFuJTIwZmFjZSUyMHBvcnRyYWl0fGVufDB8fHx8MTc3ODA2NTA0OXww&ixlib=rb-4.1.0&q=80&w=1080,REAL,Male,36-50
510,https://images.unsplash.com/photo-1727535579876-d58cf6149f73?crop=entropy&cs=tinysrgb&fit=max&fm=jpg&ixid=M3w5NDQwMTV8MHwxfHNlYXJjaHw1NDB8fGh1bWFuJTIwZmFjZSUyMHBvcnRyYWl0fGVufDB8fHx8MTc3ODA2NTA0OXww&ixlib=rb-4.1.0&q=80&w=1080,REAL,Female,50+
511,https://images.unsplash.com/photo-1732195636322-7ae3383e0620?crop=entropy&cs=tinysrgb&fit=max&fm=jpg&ixid=M3w5NDQwMTV8MHwxfHNlYXJjaHw1NDF8fGh1bWFuJTIwZmFjZSUyMHBvcnRyYWl0fGVufDB8fHx8MTc3ODA2NTA1NXww&ixlib=rb-4.1.0&q=80&w=1080,REAL,Male,18-25
512,https://images.unsplash.com/photo-1746116572124-43b10c20df90?crop=entropy&cs=tinysrgb&fit=max&fm=jpg&ixid=M3w5NDQwMTV8MHwxfHNlYXJjaHw1NDJ8fGh1bWFuJTIwZmFjZSUyMHBvcnRyYWl0fGVufDB8fHx8MTc3ODA2NTA1NXww&ixlib=rb-4.1.0&q=80&w=1080,REAL,Female,18-25
513,https://images.unsplash.com/photo-1746116572305-6884f0bbad4d?crop=entropy&cs=tinysrgb&fit=max&fm=jpg&ixid=M3w5NDQwMTV8MHwxfHNlYXJjaHw1NDN8fGh1bWFuJTIwZmFjZSUyMHBvcnRyYWl0fGVufDB8fHx8MTc3ODA2NTA1NXww&ixlib=rb-4.1.0&q=80&w=1080,REAL,Male,26-35
514,https://images.unsplash.com/photo-1605972508994-a29759038123?crop=entropy&cs=tinysrgb&fit=max&fm=jpg&ixid=M3w5NDQwMTV8MHwxfHNlYXJjaHw1NDR8fGh1bWFuJTIwZmFjZSUyMHBvcnRyYWl0fGVufDB8fHx8MTc3ODA2NTA1NXww&ixlib=rb-4.1.0&q=80&w=1080,REAL,Male,50+
515,https://images.unsplash.com/photo-1738349901054-51eda25b657d?crop=entropy&cs=tinysrgb&fit=max&fm=jpg&ixid=M3w5NDQwMTV8MHwxfHNlYXJjaHw1NDV8fGh1bWFuJTIwZmFjZSUyMHBvcnRyYWl0fGVufDB8fHx8MTc3ODA2NTA1NXww&ixlib=rb-4.1.0&q=80&w=1080,REAL,Male,36-50
516,https://images.unsplash.com/photo-1664641560008-b66517f2f0cc?crop=entropy&cs=tinysrgb&fit=max&fm=jpg&ixid=M3w5NDQwMTV8MHwxfHNlYXJjaHw1NDZ8fGh1bWFuJTIwZmFjZSUyMHBvcnRyYWl0fGVufDB8fHx8MTc3ODA2NTA1NXww&ixlib=rb-4.1.0&q=80&w=1080,REAL,Unknown,50+
517,https://images.unsplash.com/photo-1605284909169-5e93b375cd4d?crop=entropy&cs=tinysrgb&fit=max&fm=jpg&ixid=M3w5NDQwMTV8MHwxfHNlYXJjaHw1NDd8fGh1bWFuJTIwZmFjZSUyMHBvcnRyYWl0fGVufDB8fHx8MTc3ODA2NTA1NXww&ixlib=rb-4.1.0&q=80&w=1080,REAL,Unknown,50+
518,https://images.unsplash.com/photo-1623677271918-cbb0745702c8?crop=entropy&cs=tinysrgb&fit=max&fm=jpg&ixid=M3w5NDQwMTV8MHwxfHNlYXJjaHw1NDh8fGh1bWFuJTIwZmFjZSUyMHBvcnRyYWl0fGVufDB8fHx8MTc3ODA2NTA1NXww&ixlib=rb-4.1.0&q=80&w=1080,REAL,Female,18-25
519,https://images.unsplash.com/photo-1708779379055-7a92f00cc090?crop=entropy&cs=tinysrgb&fit=max&fm=jpg&ixid=M3w5NDQwMTV8MHwxfHNlYXJjaHw1NDl8fGh1bWFuJTIwZmFjZSUyMHBvcnRyYWl0fGVufDB8fHx8MTc3ODA2NTA1NXww&ixlib=rb-4.1.0&q=80&w=1080,REAL,Female,26-35
520,https://images.unsplash.com/photo-1584457362406-70df676951e7?crop=entropy&cs=tinysrgb&fit=max&fm=jpg&ixid=M3w5NDQwMTV8MHwxfHNlYXJjaHw1NTB8fGh1bWFuJTIwZmFjZSUyMHBvcnRyYWl0fGVufDB8fHx8MTc3ODA2NTA1NXww&ixlib=rb-4.1.0&q=80&w=1080,REAL,Unknown,18-25
521,https://images.unsplash.com/photo-1641252525354-4026216c3916?crop=entropy&cs=tinysrgb&fit=max&fm=jpg&ixid=M3w5NDQwMTV8MHwxfHNlYXJjaHw1NTF8fGh1bWFuJTIwZmFjZSUyMHBvcnRyYWl0fGVufDB8fHx8MTc3ODA2NTA1NXww&ixlib=rb-4.1.0&q=80&w=1080,REAL,Female,18-25
522,https://images.unsplash.com/photo-1622842182823-28bfbfba47e3?crop=entropy&cs=tinysrgb&fit=max&fm=jpg&ixid=M3w5NDQwMTV8MHwxfHNlYXJjaHw1NTJ8fGh1bWFuJTIwZmFjZSUyMHBvcnRyYWl0fGVufDB8fHx8MTc3ODA2NTA1NXww&ixlib=rb-4.1.0&q=80&w=1080,REAL,Unknown,18-25
523,https://images.unsplash.com/photo-1746116572199-f4cde00db1da?crop=entropy&cs=tinysrgb&fit=max&fm=jpg&ixid=M3w5NDQwMTV8MHwxfHNlYXJjaHw1NTN8fGh1bWFuJTIwZmFjZSUyMHBvcnRyYWl0fGVufDB8fHx8MTc3ODA2NTA1NXww&ixlib=rb-4.1.0&q=80&w=1080,REAL,Female,36-50
524,https://images.unsplash.com/photo-1746116572307-f0a44493613f?crop=entropy&cs=tinysrgb&fit=max&fm=jpg&ixid=M3w5NDQwMTV8MHwxfHNlYXJjaHw1NTR8fGh1bWFuJTIwZmFjZSUyMHBvcnRyYWl0fGVufDB8fHx8MTc3ODA2NTA1NXww&ixlib=rb-4.1.0&q=80&w=1080,REAL,Unknown,26-35
525,https://images.unsplash.com/photo-1572883475077-fb5aca766ace?crop=entropy&cs=tinysrgb&fit=max&fm=jpg&ixid=M3w5NDQwMTV8MHwxfHNlYXJjaHw1NTV8fGh1bWFuJTIwZmFjZSUyMHBvcnRyYWl0fGVufDB8fHx8MTc3ODA2NTA1NXww&ixlib=rb-4.1.0&q=80&w=1080,REAL,Unknown,18-25
526,https://images.unsplash.com/photo-1656337789708-cdf37b07112d?crop=entropy&cs=tinysrgb&fit=max&fm=jpg&ixid=M3w5NDQwMTV8MHwxfHNlYXJjaHw1NTZ8fGh1bWFuJTIwZmFjZSUyMHBvcnRyYWl0fGVufDB8fHx8MTc3ODA2NTA1NXww&ixlib=rb-4.1.0&q=80&w=1080,REAL,Female,36-50
527,https://images.unsplash.com/photo-1622022170039-5c3342a288ad?crop=entropy&cs=tinysrgb&fit=max&fm=jpg&ixid=M3w5NDQwMTV8MHwxfHNlYXJjaHw1NTd8fGh1bWFuJTIwZmFjZSUyMHBvcnRyYWl0fGVufDB8fHx8MTc3ODA2NTA1NXww&ixlib=rb-4.1.0&q=80&w=1080,REAL,Male,50+
528,https://images.unsplash.com/photo-1761026968474-1c7eda24be14?crop=entropy&cs=tinysrgb&fit=max&fm=jpg&ixid=M3w5NDQwMTV8MHwxfHNlYXJjaHw1NTh8fGh1bWFuJTIwZmFjZSUyMHBvcnRyYWl0fGVufDB8fHx8MTc3ODA2NTA1NXww&ixlib=rb-4.1.0&q=80&w=1080,REAL,Female,26-35
529,https://images.unsplash.com/photo-1621912577629-24f35b0bb034?crop=entropy&cs=tinysrgb&fit=max&fm=jpg&ixid=M3w5NDQwMTV8MHwxfHNlYXJjaHw1NTl8fGh1bWFuJTIwZmFjZSUyMHBvcnRyYWl0fGVufDB8fHx8MTc3ODA2NTA1NXww&ixlib=rb-4.1.0&q=80&w=1080,REAL,Male,26-35
530,https://images.unsplash.com/photo-1713392899774-5f1c261c4a77?crop=entropy&cs=tinysrgb&fit=max&fm=jpg&ixid=M3w5NDQwMTV8MHwxfHNlYXJjaHw1NjB8fGh1bWFuJTIwZmFjZSUyMHBvcnRyYWl0fGVufDB8fHx8MTc3ODA2NTA1NXww&ixlib=rb-4.1.0&q=80&w=1080,REAL,Female,18-25
531,https://images.unsplash.com/photo-1694507158250-40d3e083d1f3?crop=entropy&cs=tinysrgb&fit=max&fm=jpg&ixid=M3w5NDQwMTV8MHwxfHNlYXJjaHw1NjF8fGh1bWFuJTIwZmFjZSUyMHBvcnRyYWl0fGVufDB8fHx8MTc3ODA2NTA1NXww&ixlib=rb-4.1.0&q=80&w=1080,REAL,Female,18-25
532,https://images.unsplash.com/photo-1746116572201-cc9328b8831d?crop=entropy&cs=tinysrgb&fit=max&fm=jpg&ixid=M3w5NDQwMTV8MHwxfHNlYXJjaHw1NjJ8fGh1bWFuJTIwZmFjZSUyMHBvcnRyYWl0fGVufDB8fHx8MTc3ODA2NTA1NXww&ixlib=rb-4.1.0&q=80&w=1080,REAL,Unknown,36-50
533,https://images.unsplash.com/photo-1654155427842-a4a249bf693e?crop=entropy&cs=tinysrgb&fit=max&fm=jpg&ixid=M3w5NDQwMTV8MHwxfHNlYXJjaHw1NjN8fGh1bWFuJTIwZmFjZSUyMHBvcnRyYWl0fGVufDB8fHx8MTc3ODA2NTA1NXww&ixlib=rb-4.1.0&q=80&w=1080,REAL,Unknown,26-35
534,https://images.unsplash.com/photo-1732490451492-a05ed556deb8?crop=entropy&cs=tinysrgb&fit=max&fm=jpg&ixid=M3w5NDQwMTV8MHwxfHNlYXJjaHw1NjR8fGh1bWFuJTIwZmFjZSUyMHBvcnRyYWl0fGVufDB8fHx8MTc3ODA2NTA1NXww&ixlib=rb-4.1.0&q=80&w=1080,REAL,Male,18-25
535,https://images.unsplash.com/photo-1754671246394-9e8ce0175f3d?crop=entropy&cs=tinysrgb&fit=max&fm=jpg&ixid=M3w5NDQwMTV8MHwxfHNlYXJjaHw1NjV8fGh1bWFuJTIwZmFjZSUyMHBvcnRyYWl0fGVufDB8fHx8MTc3ODA2NTA1NXww&ixlib=rb-4.1.0&q=80&w=1080,REAL,Female,50+
536,https://images.unsplash.com/photo-1750857739293-7db6290b1c65?crop=entropy&cs=tinysrgb&fit=max&fm=jpg&ixid=M3w5NDQwMTV8MHwxfHNlYXJjaHw1NjZ8fGh1bWFuJTIwZmFjZSUyMHBvcnRyYWl0fGVufDB8fHx8MTc3ODA2NTA1NXww&ixlib=rb-4.1.0&q=80&w=1080,REAL,Unknown,36-50
537,https://images.unsplash.com/photo-1696082599666-f8bcac01b4e0?crop=entropy&cs=tinysrgb&fit=max&fm=jpg&ixid=M3w5NDQwMTV8MHwxfHNlYXJjaHw1Njd8fGh1bWFuJTIwZmFjZSUyMHBvcnRyYWl0fGVufDB8fHx8MTc3ODA2NTA1NXww&ixlib=rb-4.1.0&q=80&w=1080,REAL,Unknown,50+
538,https://images.unsplash.com/photo-1603032068418-b42bc9ae3239?crop=entropy&cs=tinysrgb&fit=max&fm=jpg&ixid=M3w5NDQwMTV8MHwxfHNlYXJjaHw1Njh8fGh1bWFuJTIwZmFjZSUyMHBvcnRyYWl0fGVufDB8fHx8MTc3ODA2NTA1NXww&ixlib=rb-4.1.0&q=80&w=1080,REAL,Female,50+
539,https://images.unsplash.com/photo-1732195636277-5b45fd3675fa?crop=entropy&cs=tinysrgb&fit=max&fm=jpg&ixid=M3w5NDQwMTV8MHwxfHNlYXJjaHw1Njl8fGh1bWFuJTIwZmFjZSUyMHBvcnRyYWl0fGVufDB8fHx8MTc3ODA2NTA1NXww&ixlib=rb-4.1.0&q=80&w=1080,REAL,Male,18-25
540,https://images.unsplash.com/photo-1731136508636-be70733180a4?crop=entropy&cs=tinysrgb&fit=max&fm=jpg&ixid=M3w5NDQwMTV8MHwxfHNlYXJjaHw1NzB8fGh1bWFuJTIwZmFjZSUyMHBvcnRyYWl0fGVufDB8fHx8MTc3ODA2NTA1NXww&ixlib=rb-4.1.0&q=80&w=1080,REAL,Female,18-25
541,https://images.unsplash.com/photo-1566645320874-9c88e86af873?crop=entropy&cs=tinysrgb&fit=max&fm=jpg&ixid=M3w5NDQwMTV8MHwxfHNlYXJjaHwxfHxtYW4lMjBmYWNlJTIwY2xvc2V1cHxlbnwwfHx8fDE3NzgwNjUwNjN8MA&ixlib=rb-4.1.0&q=80&w=1080,REAL,Male,36-50
542,https://images.unsplash.com/photo-1593075826385-75cdecda064c?crop=entropy&cs=tinysrgb&fit=max&fm=jpg&ixid=M3w5NDQwMTV8MHwxfHNlYXJjaHwyfHxtYW4lMjBmYWNlJTIwY2xvc2V1cHxlbnwwfHx8fDE3NzgwNjUwNjN8MA&ixlib=rb-4.1.0&q=80&w=1080,REAL,Unknown,36-50
543,https://images.unsplash.com/photo-1727179380219-bb0b15a97e05?crop=entropy&cs=tinysrgb&fit=max&fm=jpg&ixid=M3w5NDQwMTV8MHwxfHNlYXJjaHwzfHxtYW4lMjBmYWNlJTIwY2xvc2V1cHxlbnwwfHx8fDE3NzgwNjUwNjN8MA&ixlib=rb-4.1.0&q=80&w=1080,REAL,Unknown,18-25
544,https://images.unsplash.com/photo-1602492314031-f35f1b450677?crop=entropy&cs=tinysrgb&fit=max&fm=jpg&ixid=M3w5NDQwMTV8MHwxfHNlYXJjaHw0fHxtYW4lMjBmYWNlJTIwY2xvc2V1cHxlbnwwfHx8fDE3NzgwNjUwNjN8MA&ixlib=rb-4.1.0&q=80&w=1080,REAL,Unknown,18-25
545,https://images.unsplash.com/photo-1746721931312-9a630c0bc00d?crop=entropy&cs=tinysrgb&fit=max&fm=jpg&ixid=M3w5NDQwMTV8MHwxfHNlYXJjaHw1fHxtYW4lMjBmYWNlJTIwY2xvc2V1cHxlbnwwfHx8fDE3NzgwNjUwNjN8MA&ixlib=rb-4.1.0&q=80&w=1080,REAL,Male,26-35
546,https://images.unsplash.com/photo-1745426358430-7d88183c1b90?crop=entropy&cs=tinysrgb&fit=max&fm=jpg&ixid=M3w5NDQwMTV8MHwxfHNlYXJjaHw2fHxtYW4lMjBmYWNlJTIwY2xvc2V1cHxlbnwwfHx8fDE3NzgwNjUwNjN8MA&ixlib=rb-4.1.0&q=80&w=1080,REAL,Female,50+
547,https://images.unsplash.com/photo-1702034651937-3c3443e6a851?crop=entropy&cs=tinysrgb&fit=max&fm=jpg&ixid=M3w5NDQwMTV8MHwxfHNlYXJjaHw3fHxtYW4lMjBmYWNlJTIwY2xvc2V1cHxlbnwwfHx8fDE3NzgwNjUwNjN8MA&ixlib=rb-4.1.0&q=80&w=1080,REAL,Male,26-35
548,https://images.unsplash.com/photo-1727179380240-3e10c1e66613?crop=entropy&cs=tinysrgb&fit=max&fm=jpg&ixid=M3w5NDQwMTV8MHwxfHNlYXJjaHw4fHxtYW4lMjBmYWNlJTIwY2xvc2V1cHxlbnwwfHx8fDE3NzgwNjUwNjN8MA&ixlib=rb-4.1.0&q=80&w=1080,REAL,Female,50+
549,https://images.unsplash.com/photo-1618256225993-969b636364a3?crop=entropy&cs=tinysrgb&fit=max&fm=jpg&ixid=M3w5NDQwMTV8MHwxfHNlYXJjaHw5fHxtYW4lMjBmYWNlJTIwY2xvc2V1cHxlbnwwfHx8fDE3NzgwNjUwNjN8MA&ixlib=rb-4.1.0&q=80&w=1080,REAL,Unknown,36-50
550,https://images.unsplash.com/photo-1602697579058-cb09b4cc9a6e?crop=entropy&cs=tinysrgb&fit=max&fm=jpg&ixid=M3w5NDQwMTV8MHwxfHNlYXJjaHwxMHx8bWFuJTIwZmFjZSUyMGNsb3NldXB8ZW58MHx8fHwxNzc4MDY1MDYzfDA&ixlib=rb-4.1.0&q=80&w=1080,REAL,Female,26-35
551,https://images.unsplash.com/photo-1758525589261-e98c55e5aefd?crop=entropy&cs=tinysrgb&fit=max&fm=jpg&ixid=M3w5NDQwMTV8MHwxfHNlYXJjaHwxMXx8bWFuJTIwZmFjZSUyMGNsb3NldXB8ZW58MHx8fHwxNzc4MDY1MDYzfDA&ixlib=rb-4.1.0&q=80&w=1080,REAL,Female,36-50
552,https://images.unsplash.com/photo-1618593706014-06782cd3bb3b?crop=entropy&cs=tinysrgb&fit=max&fm=jpg&ixid=M3w5NDQwMTV8MHwxfHNlYXJjaHwxMnx8bWFuJTIwZmFjZSUyMGNsb3NldXB8ZW58MHx8fHwxNzc4MDY1MDYzfDA&ixlib=rb-4.1.0&q=80&w=1080,REAL,Male,50+
553,https://images.unsplash.com/photo-1440734813913-2fc4a083a1d7?crop=entropy&cs=tinysrgb&fit=max&fm=jpg&ixid=M3w5NDQwMTV8MHwxfHNlYXJjaHwxM3x8bWFuJTIwZmFjZSUyMGNsb3NldXB8ZW58MHx8fHwxNzc4MDY1MDYzfDA&ixlib=rb-4.1.0&q=80&w=1080,REAL,Male,18-25
554,https://images.unsplash.com/photo-1636822506571-684102f16c43?crop=entropy&cs=tinysrgb&fit=max&fm=jpg&ixid=M3w5NDQwMTV8MHwxfHNlYXJjaHwxNHx8bWFuJTIwZmFjZSUyMGNsb3NldXB8ZW58MHx8fHwxNzc4MDY1MDYzfDA&ixlib=rb-4.1.0&q=80&w=1080,REAL,Female,26-35
555,https://images.unsplash.com/photo-1577202214328-c04b77cefb5d?crop=entropy&cs=tinysrgb&fit=max&fm=jpg&ixid=M3w5NDQwMTV8MHwxfHNlYXJjaHwxNXx8bWFuJTIwZmFjZSUyMGNsb3NldXB8ZW58MHx8fHwxNzc4MDY1MDYzfDA&ixlib=rb-4.1.0&q=80&w=1080,REAL,Male,26-35
556,https://images.unsplash.com/photo-1542652410-b02b18ef97ee?crop=entropy&cs=tinysrgb&fit=max&fm=jpg&ixid=M3w5NDQwMTV8MHwxfHNlYXJjaHwxNnx8bWFuJTIwZmFjZSUyMGNsb3NldXB8ZW58MHx8fHwxNzc4MDY1MDYzfDA&ixlib=rb-4.1.0&q=80&w=1080,REAL,Female,36-50
557,https://images.unsplash.com/photo-1572702907968-e4399eb6016b?crop=entropy&cs=tinysrgb&fit=max&fm=jpg&ixid=M3w5NDQwMTV8MHwxfHNlYXJjaHwxN3x8bWFuJTIwZmFjZSUyMGNsb3NldXB8ZW58MHx8fHwxNzc4MDY1MDYzfDA&ixlib=rb-4.1.0&q=80&w=1080,REAL,Unknown,26-35
558,https://images.unsplash.com/photo-1638290047807-4c9d389b9aa6?crop=entropy&cs=tinysrgb&fit=max&fm=jpg&ixid=M3w5NDQwMTV8MHwxfHNlYXJjaHwxOHx8bWFuJTIwZmFjZSUyMGNsb3NldXB8ZW58MHx8fHwxNzc4MDY1MDYzfDA&ixlib=rb-4.1.0&q=80&w=1080,REAL,Male,18-25
559,https://images.unsplash.com/photo-1638792798086-cda710046525?crop=entropy&cs=tinysrgb&fit=max&fm=jpg&ixid=M3w5NDQwMTV8MHwxfHNlYXJjaHwxOXx8bWFuJTIwZmFjZSUyMGNsb3NldXB8ZW58MHx8fHwxNzc4MDY1MDYzfDA&ixlib=rb-4.1.0&q=80&w=1080,REAL,Male,36-50
560,https://images.unsplash.com/photo-1604160450680-b749dfebab6d?crop=entropy&cs=tinysrgb&fit=max&fm=jpg&ixid=M3w5NDQwMTV8MHwxfHNlYXJjaHwyMHx8bWFuJTIwZmFjZSUyMGNsb3NldXB8ZW58MHx8fHwxNzc4MDY1MDYzfDA&ixlib=rb-4.1.0&q=80&w=1080,REAL,Male,26-35
561,https://images.unsplash.com/photo-1758523672156-7a7b62d701f1?crop=entropy&cs=tinysrgb&fit=max&fm=jpg&ixid=M3w5NDQwMTV8MHwxfHNlYXJjaHwyMXx8bWFuJTIwZmFjZSUyMGNsb3NldXB8ZW58MHx8fHwxNzc4MDY1MDYzfDA&ixlib=rb-4.1.0&q=80&w=1080,REAL,Male,50+
562,https://images.unsplash.com/photo-1608649443926-1e224443ef88?crop=entropy&cs=tinysrgb&fit=max&fm=jpg&ixid=M3w5NDQwMTV8MHwxfHNlYXJjaHwyMnx8bWFuJTIwZmFjZSUyMGNsb3NldXB8ZW58MHx8fHwxNzc4MDY1MDYzfDA&ixlib=rb-4.1.0&q=80&w=1080,REAL,Male,26-35
563,https://images.unsplash.com/photo-1604160450925-0eecf551fa86?crop=entropy&cs=tinysrgb&fit=max&fm=jpg&ixid=M3w5NDQwMTV8MHwxfHNlYXJjaHwyM3x8bWFuJTIwZmFjZSUyMGNsb3NldXB8ZW58MHx8fHwxNzc4MDY1MDYzfDA&ixlib=rb-4.1.0&q=80&w=1080,REAL,Unknown,26-35
564,https://images.unsplash.com/photo-1758523671894-b5891a2ef3b6?crop=entropy&cs=tinysrgb&fit=max&fm=jpg&ixid=M3w5NDQwMTV8MHwxfHNlYXJjaHwyNHx8bWFuJTIwZmFjZSUyMGNsb3NldXB8ZW58MHx8fHwxNzc4MDY1MDYzfDA&ixlib=rb-4.1.0&q=80&w=1080,REAL,Male,26-35
565,https://images.unsplash.com/photo-1580635327346-2ec746c270a2?crop=entropy&cs=tinysrgb&fit=max&fm=jpg&ixid=M3w5NDQwMTV8MHwxfHNlYXJjaHwyNXx8bWFuJTIwZmFjZSUyMGNsb3NldXB8ZW58MHx8fHwxNzc4MDY1MDYzfDA&ixlib=rb-4.1.0&q=80&w=1080,REAL,Male,36-50
566,https://images.unsplash.com/photo-1758525589507-1d64a20415ac?crop=entropy&cs=tinysrgb&fit=max&fm=jpg&ixid=M3w5NDQwMTV8MHwxfHNlYXJjaHwyNnx8bWFuJTIwZmFjZSUyMGNsb3NldXB8ZW58MHx8fHwxNzc4MDY1MDYzfDA&ixlib=rb-4.1.0&q=80&w=1080,REAL,Female,18-25
567,https://images.unsplash.com/photo-1653146886059-06f022c6edb5?crop=entropy&cs=tinysrgb&fit=max&fm=jpg&ixid=M3w5NDQwMTV8MHwxfHNlYXJjaHwyN3x8bWFuJTIwZmFjZSUyMGNsb3NldXB8ZW58MHx8fHwxNzc4MDY1MDYzfDA&ixlib=rb-4.1.0&q=80&w=1080,REAL,Unknown,18-25
568,https://images.unsplash.com/photo-1571335734354-2b6148195f75?crop=entropy&cs=tinysrgb&fit=max&fm=jpg&ixid=M3w5NDQwMTV8MHwxfHNlYXJjaHwyOHx8bWFuJTIwZmFjZSUyMGNsb3NldXB8ZW58MHx8fHwxNzc4MDY1MDYzfDA&ixlib=rb-4.1.0&q=80&w=1080,REAL,Male,18-25
569,https://images.unsplash.com/photo-1647106484742-8767aa6104dd?crop=entropy&cs=tinysrgb&fit=max&fm=jpg&ixid=M3w5NDQwMTV8MHwxfHNlYXJjaHwyOXx8bWFuJTIwZmFjZSUyMGNsb3NldXB8ZW58MHx8fHwxNzc4MDY1MDYzfDA&ixlib=rb-4.1.0&q=80&w=1080,REAL,Female,26-35
570,https://images.unsplash.com/photo-1647106485596-24646623bd7f?crop=entropy&cs=tinysrgb&fit=max&fm=jpg&ixid=M3w5NDQwMTV8MHwxfHNlYXJjaHwzMHx8bWFuJTIwZmFjZSUyMGNsb3NldXB8ZW58MHx8fHwxNzc4MDY1MDYzfDA&ixlib=rb-4.1.0&q=80&w=1080,REAL,Male,26-35
571,https://images.unsplash.com/photo-1647106485413-6611e86c00cd?crop=entropy&cs=tinysrgb&fit=max&fm=jpg&ixid=M3w5NDQwMTV8MHwxfHNlYXJjaHwzMXx8bWFuJTIwZmFjZSUyMGNsb3NldXB8ZW58MHx8fHwxNzc4MDY1MDc4fDA&ixlib=rb-4.1.0&q=80&w=1080,REAL,Male,26-35
572,https://images.unsplash.com/photo-1638957361099-daf55b345543?crop=entropy&cs=tinysrgb&fit=max&fm=jpg&ixid=M3w5NDQwMTV8MHwxfHNlYXJjaHwzMnx8bWFuJTIwZmFjZSUyMGNsb3NldXB8ZW58MHx8fHwxNzc4MDY1MDc4fDA&ixlib=rb-4.1.0&q=80&w=1080,REAL,Unknown,18-25
573,https://images.unsplash.com/photo-1647106484748-ef385181abf2?crop=entropy&cs=tinysrgb&fit=max&fm=jpg&ixid=M3w5NDQwMTV8MHwxfHNlYXJjaHwzM3x8bWFuJTIwZmFjZSUyMGNsb3NldXB8ZW58MHx8fHwxNzc4MDY1MDc4fDA&ixlib=rb-4.1.0&q=80&w=1080,REAL,Unknown,26-35
574,https://images.unsplash.com/photo-1647106485511-2f66ed5962bf?crop=entropy&cs=tinysrgb&fit=max&fm=jpg&ixid=M3w5NDQwMTV8MHwxfHNlYXJjaHwzNHx8bWFuJTIwZmFjZSUyMGNsb3NldXB8ZW58MHx8fHwxNzc4MDY1MDc4fDA&ixlib=rb-4.1.0&q=80&w=1080,REAL,Male,26-35
575,https://images.unsplash.com/photo-1718434222112-685562b6ff94?crop=entropy&cs=tinysrgb&fit=max&fm=jpg&ixid=M3w5NDQwMTV8MHwxfHNlYXJjaHwzNXx8bWFuJTIwZmFjZSUyMGNsb3NldXB8ZW58MHx8fHwxNzc4MDY1MDc4fDA&ixlib=rb-4.1.0&q=80&w=1080,REAL,Unknown,18-25
576,https://images.unsplash.com/photo-1553774257-4d07e833aff1?crop=entropy&cs=tinysrgb&fit=max&fm=jpg&ixid=M3w5NDQwMTV8MHwxfHNlYXJjaHwzNnx8bWFuJTIwZmFjZSUyMGNsb3NldXB8ZW58MHx8fHwxNzc4MDY1MDc4fDA&ixlib=rb-4.1.0&q=80&w=1080,REAL,Female,36-50
577,https://images.unsplash.com/photo-1758525589308-66a6eb2177d4?crop=entropy&cs=tinysrgb&fit=max&fm=jpg&ixid=M3w5NDQwMTV8MHwxfHNlYXJjaHwzN3x8bWFuJTIwZmFjZSUyMGNsb3NldXB8ZW58MHx8fHwxNzc4MDY1MDc4fDA&ixlib=rb-4.1.0&q=80&w=1080,REAL,Unknown,36-50
578,https://images.unsplash.com/photo-1638957360822-ab455d8300d0?crop=entropy&cs=tinysrgb&fit=max&fm=jpg&ixid=M3w5NDQwMTV8MHwxfHNlYXJjaHwzOHx8bWFuJTIwZmFjZSUyMGNsb3NldXB8ZW58MHx8fHwxNzc4MDY1MDc4fDA&ixlib=rb-4.1.0&q=80&w=1080,REAL,Female,18-25
579,https://images.unsplash.com/photo-1632630141757-4b03e5a6a436?crop=entropy&cs=tinysrgb&fit=max&fm=jpg&ixid=M3w5NDQwMTV8MHwxfHNlYXJjaHwzOXx8bWFuJTIwZmFjZSUyMGNsb3NldXB8ZW58MHx8fHwxNzc4MDY1MDc4fDA&ixlib=rb-4.1.0&q=80&w=1080,REAL,Male,26-35
580,https://images.unsplash.com/photo-1615724320397-9d4db10ec2a5?crop=entropy&cs=tinysrgb&fit=max&fm=jpg&ixid=M3w5NDQwMTV8MHwxfHNlYXJjaHw0MHx8bWFuJTIwZmFjZSUyMGNsb3NldXB8ZW58MHx8fHwxNzc4MDY1MDc4fDA&ixlib=rb-4.1.0&q=80&w=1080,REAL,Male,26-35
581,https://images.unsplash.com/photo-1758525589296-3d02e5120874?crop=entropy&cs=tinysrgb&fit=max&fm=jpg&ixid=M3w5NDQwMTV8MHwxfHNlYXJjaHw0MXx8bWFuJTIwZmFjZSUyMGNsb3NldXB8ZW58MHx8fHwxNzc4MDY1MDc4fDA&ixlib=rb-4.1.0&q=80&w=1080,REAL,Unknown,18-25
582,https://images.unsplash.com/photo-1763570477604-8f70b3ca6d3c?crop=entropy&cs=tinysrgb&fit=max&fm=jpg&ixid=M3w5NDQwMTV8MHwxfHNlYXJjaHw0Mnx8bWFuJTIwZmFjZSUyMGNsb3NldXB8ZW58MHx8fHwxNzc4MDY1MDc4fDA&ixlib=rb-4.1.0&q=80&w=1080,REAL,Male,26-35
583,https://images.unsplash.com/photo-1747373354116-671ba01db71b?crop=entropy&cs=tinysrgb&fit=max&fm=jpg&ixid=M3w5NDQwMTV8MHwxfHNlYXJjaHw0M3x8bWFuJTIwZmFjZSUyMGNsb3NldXB8ZW58MHx8fHwxNzc4MDY1MDc4fDA&ixlib=rb-4.1.0&q=80&w=1080,REAL,Female,18-25
584,https://images.unsplash.com/photo-1672260299717-ee38750a779f?crop=entropy&cs=tinysrgb&fit=max&fm=jpg&ixid=M3w5NDQwMTV8MHwxfHNlYXJjaHw0NHx8bWFuJTIwZmFjZSUyMGNsb3NldXB8ZW58MHx8fHwxNzc4MDY1MDc4fDA&ixlib=rb-4.1.0&q=80&w=1080,REAL,Female,18-25
585,https://images.unsplash.com/photo-1758523671918-cfe797ba54cb?crop=entropy&cs=tinysrgb&fit=max&fm=jpg&ixid=M3w5NDQwMTV8MHwxfHNlYXJjaHw0NXx8bWFuJTIwZmFjZSUyMGNsb3NldXB8ZW58MHx8fHwxNzc4MDY1MDc4fDA&ixlib=rb-4.1.0&q=80&w=1080,REAL,Female,50+
586,https://images.unsplash.com/photo-1645864304100-04bb5f21e479?crop=entropy&cs=tinysrgb&fit=max&fm=jpg&ixid=M3w5NDQwMTV8MHwxfHNlYXJjaHw0Nnx8bWFuJTIwZmFjZSUyMGNsb3NldXB8ZW58MHx8fHwxNzc4MDY1MDc4fDA&ixlib=rb-4.1.0&q=80&w=1080,REAL,Unknown,26-35
587,https://images.unsplash.com/photo-1743674445265-b311b0ba8118?crop=entropy&cs=tinysrgb&fit=max&fm=jpg&ixid=M3w5NDQwMTV8MHwxfHNlYXJjaHw0N3x8bWFuJTIwZmFjZSUyMGNsb3NldXB8ZW58MHx8fHwxNzc4MDY1MDc4fDA&ixlib=rb-4.1.0&q=80&w=1080,REAL,Unknown,18-25
588,https://images.unsplash.com/photo-1758524571559-d30da3788e50?crop=entropy&cs=tinysrgb&fit=max&fm=jpg&ixid=M3w5NDQwMTV8MHwxfHNlYXJjaHw0OHx8bWFuJTIwZmFjZSUyMGNsb3NldXB8ZW58MHx8fHwxNzc4MDY1MDc4fDA&ixlib=rb-4.1.0&q=80&w=1080,REAL,Male,26-35
589,https://images.unsplash.com/photo-1758726948996-c2390f716d70?crop=entropy&cs=tinysrgb&fit=max&fm=jpg&ixid=M3w5NDQwMTV8MHwxfHNlYXJjaHw0OXx8bWFuJTIwZmFjZSUyMGNsb3NldXB8ZW58MHx8fHwxNzc4MDY1MDc4fDA&ixlib=rb-4.1.0&q=80&w=1080,REAL,Unknown,36-50
590,https://images.unsplash.com/photo-1611035423762-264252561b38?crop=entropy&cs=tinysrgb&fit=max&fm=jpg&ixid=M3w5NDQwMTV8MHwxfHNlYXJjaHw1MHx8bWFuJTIwZmFjZSUyMGNsb3NldXB8ZW58MHx8fHwxNzc4MDY1MDc4fDA&ixlib=rb-4.1.0&q=80&w=1080,REAL,Male,36-50
591,https://images.unsplash.com/photo-1626691321482-6c24a4f0903c?crop=entropy&cs=tinysrgb&fit=max&fm=jpg&ixid=M3w5NDQwMTV8MHwxfHNlYXJjaHw1MXx8bWFuJTIwZmFjZSUyMGNsb3NldXB8ZW58MHx8fHwxNzc4MDY1MDc4fDA&ixlib=rb-4.1.0&q=80&w=1080,REAL,Male,18-25
592,https://images.unsplash.com/photo-1675628121154-989e1f35dd56?crop=entropy&cs=tinysrgb&fit=max&fm=jpg&ixid=M3w5NDQwMTV8MHwxfHNlYXJjaHw1Mnx8bWFuJTIwZmFjZSUyMGNsb3NldXB8ZW58MHx8fHwxNzc4MDY1MDc4fDA&ixlib=rb-4.1.0&q=80&w=1080,REAL,Female,36-50
593,https://images.unsplash.com/photo-1598207950594-0fd066748f22?crop=entropy&cs=tinysrgb&fit=max&fm=jpg&ixid=M3w5NDQwMTV8MHwxfHNlYXJjaHw1M3x8bWFuJTIwZmFjZSUyMGNsb3NldXB8ZW58MHx8fHwxNzc4MDY1MDc4fDA&ixlib=rb-4.1.0&q=80&w=1080,REAL,Unknown,18-25
594,https://images.unsplash.com/photo-1577490618554-81f79dbf5a1e?crop=entropy&cs=tinysrgb&fit=max&fm=jpg&ixid=M3w5NDQwMTV8MHwxfHNlYXJjaHw1NHx8bWFuJTIwZmFjZSUyMGNsb3NldXB8ZW58MHx8fHwxNzc4MDY1MDc4fDA&ixlib=rb-4.1.0&q=80&w=1080,REAL,Unknown,18-25
595,https://images.unsplash.com/photo-1547729047-a1f1532c9a38?crop=entropy&cs=tinysrgb&fit=max&fm=jpg&ixid=M3w5NDQwMTV8MHwxfHNlYXJjaHw1NXx8bWFuJTIwZmFjZSUyMGNsb3NldXB8ZW58MHx8fHwxNzc4MDY1MDc4fDA&ixlib=rb-4.1.0&q=80&w=1080,REAL,Male,26-35
596,https://images.unsplash.com/photo-1542968784-2cca6bb6f576?crop=entropy&cs=tinysrgb&fit=max&fm=jpg&ixid=M3w5NDQwMTV8MHwxfHNlYXJjaHw1Nnx8bWFuJTIwZmFjZSUyMGNsb3NldXB8ZW58MHx8fHwxNzc4MDY1MDc4fDA&ixlib=rb-4.1.0&q=80&w=1080,REAL,Female,26-35
597,https://images.unsplash.com/photo-1631085274420-cbf05fb24e41?crop=entropy&cs=tinysrgb&fit=max&fm=jpg&ixid=M3w5NDQwMTV8MHwxfHNlYXJjaHw1N3x8bWFuJTIwZmFjZSUyMGNsb3NldXB8ZW58MHx8fHwxNzc4MDY1MDc4fDA&ixlib=rb-4.1.0&q=80&w=1080,REAL,Female,18-25
598,https://images.unsplash.com/photo-1626691318072-6f6e0ae5e799?crop=entropy&cs=tinysrgb&fit=max&fm=jpg&ixid=M3w5NDQwMTV8MHwxfHNlYXJjaHw1OHx8bWFuJTIwZmFjZSUyMGNsb3NldXB8ZW58MHx8fHwxNzc4MDY1MDc4fDA&ixlib=rb-4.1.0&q=80&w=1080,REAL,Unknown,36-50
599,https://images.unsplash.com/photo-1589221139800-3bd4c3b5a5d5?crop=entropy&cs=tinysrgb&fit=max&fm=jpg&ixid=M3w5NDQwMTV8MHwxfHNlYXJjaHw1OXx8bWFuJTIwZmFjZSUyMGNsb3NldXB8ZW58MHx8fHwxNzc4MDY1MDc4fDA&ixlib=rb-4.1.0&q=80&w=1080,REAL,Female,26-35
600,https://images.unsplash.com/photo-1522724709546-19901cb1818a?crop=entropy&cs=tinysrgb&fit=max&fm=jpg&ixid=M3w5NDQwMTV8MHwxfHNlYXJjaHw2MHx8bWFuJTIwZmFjZSUyMGNsb3NldXB8ZW58MHx8fHwxNzc4MDY1MDc4fDA&ixlib=rb-4.1.0&q=80&w=1080,REAL,Unknown,26-35
601,https://images.unsplash.com/photo-1680330386370-ed8c6e04db9d?crop=entropy&cs=tinysrgb&fit=max&fm=jpg&ixid=M3w5NDQwMTV8MHwxfHNlYXJjaHw2MXx8bWFuJTIwZmFjZSUyMGNsb3NldXB8ZW58MHx8fHwxNzc4MDY1MDgyfDA&ixlib=rb-4.1.0&q=80&w=1080,REAL,Female,18-25
602,https://images.unsplash.com/photo-1590505695083-a6ceb62cc40e?crop=entropy&cs=tinysrgb&fit=max&fm=jpg&ixid=M3w5NDQwMTV8MHwxfHNlYXJjaHw2Mnx8bWFuJTIwZmFjZSUyMGNsb3NldXB8ZW58MHx8fHwxNzc4MDY1MDgyfDA&ixlib=rb-4.1.0&q=80&w=1080,REAL,Unknown,36-50
603,https://images.unsplash.com/photo-1602425324649-6d129f8a636f?crop=entropy&cs=tinysrgb&fit=max&fm=jpg&ixid=M3w5NDQwMTV8MHwxfHNlYXJjaHw2M3x8bWFuJTIwZmFjZSUyMGNsb3NldXB8ZW58MHx8fHwxNzc4MDY1MDgyfDA&ixlib=rb-4.1.0&q=80&w=1080,REAL,Female,50+
604,https://images.unsplash.com/photo-1605552982479-5b15d93bf645?crop=entropy&cs=tinysrgb&fit=max&fm=jpg&ixid=M3w5NDQwMTV8MHwxfHNlYXJjaHw2NHx8bWFuJTIwZmFjZSUyMGNsb3NldXB8ZW58MHx8fHwxNzc4MDY1MDgyfDA&ixlib=rb-4.1.0&q=80&w=1080,REAL,Female,18-25
605,https://images.unsplash.com/photo-1675197783015-a023b99ec863?crop=entropy&cs=tinysrgb&fit=max&fm=jpg&ixid=M3w5NDQwMTV8MHwxfHNlYXJjaHw2NXx8bWFuJTIwZmFjZSUyMGNsb3NldXB8ZW58MHx8fHwxNzc4MDY1MDgyfDA&ixlib=rb-4.1.0&q=80&w=1080,REAL,Female,50+
606,https://images.unsplash.com/photo-1746291227799-91a7174fe983?crop=entropy&cs=tinysrgb&fit=max&fm=jpg&ixid=M3w5NDQwMTV8MHwxfHNlYXJjaHw2Nnx8bWFuJTIwZmFjZSUyMGNsb3NldXB8ZW58MHx8fHwxNzc4MDY1MDgyfDA&ixlib=rb-4.1.0&q=80&w=1080,REAL,Female,18-25
607,https://images.unsplash.com/photo-1677504047237-e1eff274275f?crop=entropy&cs=tinysrgb&fit=max&fm=jpg&ixid=M3w5NDQwMTV8MHwxfHNlYXJjaHw2N3x8bWFuJTIwZmFjZSUyMGNsb3NldXB8ZW58MHx8fHwxNzc4MDY1MDgyfDA&ixlib=rb-4.1.0&q=80&w=1080,REAL,Unknown,36-50
608,https://images.unsplash.com/photo-1724225618359-a1d2763326f9?crop=entropy&cs=tinysrgb&fit=max&fm=jpg&ixid=M3w5NDQwMTV8MHwxfHNlYXJjaHw2OHx8bWFuJTIwZmFjZSUyMGNsb3NldXB8ZW58MHx8fHwxNzc4MDY1MDgyfDA&ixlib=rb-4.1.0&q=80&w=1080,REAL,Female,36-50
609,https://images.unsplash.com/photo-1648844495307-aa5b4b591822?crop=entropy&cs=tinysrgb&fit=max&fm=jpg&ixid=M3w5NDQwMTV8MHwxfHNlYXJjaHw2OXx8bWFuJTIwZmFjZSUyMGNsb3NldXB8ZW58MHx8fHwxNzc4MDY1MDgyfDA&ixlib=rb-4.1.0&q=80&w=1080,REAL,Female,26-35
610,https://images.unsplash.com/photo-1613325263394-8a5d0540dfd5?crop=entropy&cs=tinysrgb&fit=max&fm=jpg&ixid=M3w5NDQwMTV8MHwxfHNlYXJjaHw3MHx8bWFuJTIwZmFjZSUyMGNsb3NldXB8ZW58MHx8fHwxNzc4MDY1MDgyfDA&ixlib=rb-4.1.0&q=80&w=1080,REAL,Female,26-35
611,https://images.unsplash.com/photo-1732135854118-f11191be3ba3?crop=entropy&cs=tinysrgb&fit=max&fm=jpg&ixid=M3w5NDQwMTV8MHwxfHNlYXJjaHw3MXx8bWFuJTIwZmFjZSUyMGNsb3NldXB8ZW58MHx8fHwxNzc4MDY1MDgyfDA&ixlib=rb-4.1.0&q=80&w=1080,REAL,Male,26-35
612,https://images.unsplash.com/photo-1641522198165-f5d420e556a3?crop=entropy&cs=tinysrgb&fit=max&fm=jpg&ixid=M3w5NDQwMTV8MHwxfHNlYXJjaHw3Mnx8bWFuJTIwZmFjZSUyMGNsb3NldXB8ZW58MHx8fHwxNzc4MDY1MDgyfDA&ixlib=rb-4.1.0&q=80&w=1080,REAL,Male,18-25
613,https://images.unsplash.com/photo-1610767541061-cc2cf8121199?crop=entropy&cs=tinysrgb&fit=max&fm=jpg&ixid=M3w5NDQwMTV8MHwxfHNlYXJjaHw3M3x8bWFuJTIwZmFjZSUyMGNsb3NldXB8ZW58MHx8fHwxNzc4MDY1MDgyfDA&ixlib=rb-4.1.0&q=80&w=1080,REAL,Male,18-25
614,https://images.unsplash.com/photo-1594930077027-f400df9b3fdd?crop=entropy&cs=tinysrgb&fit=max&fm=jpg&ixid=M3w5NDQwMTV8MHwxfHNlYXJjaHw3NHx8bWFuJTIwZmFjZSUyMGNsb3NldXB8ZW58MHx8fHwxNzc4MDY1MDgyfDA&ixlib=rb-4.1.0&q=80&w=1080,REAL,Female,50+
615,https://images.unsplash.com/photo-1610767618929-0db1b797cbc6?crop=entropy&cs=tinysrgb&fit=max&fm=jpg&ixid=M3w5NDQwMTV8MHwxfHNlYXJjaHw3NXx8bWFuJTIwZmFjZSUyMGNsb3NldXB8ZW58MHx8fHwxNzc4MDY1MDgyfDA&ixlib=rb-4.1.0&q=80&w=1080,REAL,Unknown,50+
616,https://images.unsplash.com/photo-1635004468032-e04c25d886b6?crop=entropy&cs=tinysrgb&fit=max&fm=jpg&ixid=M3w5NDQwMTV8MHwxfHNlYXJjaHw3Nnx8bWFuJTIwZmFjZSUyMGNsb3NldXB8ZW58MHx8fHwxNzc4MDY1MDgyfDA&ixlib=rb-4.1.0&q=80&w=1080,REAL,Unknown,50+
617,https://images.unsplash.com/photo-1626691321245-27a1dc356f17?crop=entropy&cs=tinysrgb&fit=max&fm=jpg&ixid=M3w5NDQwMTV8MHwxfHNlYXJjaHw3N3x8bWFuJTIwZmFjZSUyMGNsb3NldXB8ZW58MHx8fHwxNzc4MDY1MDgyfDA&ixlib=rb-4.1.0&q=80&w=1080,REAL,Male,50+
618,https://images.unsplash.com/photo-1626691322278-df90843dc741?crop=entropy&cs=tinysrgb&fit=max&fm=jpg&ixid=M3w5NDQwMTV8MHwxfHNlYXJjaHw3OHx8bWFuJTIwZmFjZSUyMGNsb3NldXB8ZW58MHx8fHwxNzc4MDY1MDgyfDA&ixlib=rb-4.1.0&q=80&w=1080,REAL,Female,36-50
619,https://images.unsplash.com/photo-1545996124-0501ebae84d0?crop=entropy&cs=tinysrgb&fit=max&fm=jpg&ixid=M3w5NDQwMTV8MHwxfHNlYXJjaHw3OXx8bWFuJTIwZmFjZSUyMGNsb3NldXB8ZW58MHx8fHwxNzc4MDY1MDgyfDA&ixlib=rb-4.1.0&q=80&w=1080,REAL,Male,50+
620,https://images.unsplash.com/photo-1552158732-06dc1d835de0?crop=entropy&cs=tinysrgb&fit=max&fm=jpg&ixid=M3w5NDQwMTV8MHwxfHNlYXJjaHw4MHx8bWFuJTIwZmFjZSUyMGNsb3NldXB8ZW58MHx8fHwxNzc4MDY1MDgyfDA&ixlib=rb-4.1.0&q=80&w=1080,REAL,Male,50+
621,https://images.unsplash.com/photo-1626691322133-55b61e45bbd0?crop=entropy&cs=tinysrgb&fit=max&fm=jpg&ixid=M3w5NDQwMTV8MHwxfHNlYXJjaHw4MXx8bWFuJTIwZmFjZSUyMGNsb3NldXB8ZW58MHx8fHwxNzc4MDY1MDgyfDA&ixlib=rb-4.1.0&q=80&w=1080,REAL,Female,18-25
622,https://images.unsplash.com/photo-1651161529237-93898dd6483d?crop=entropy&cs=tinysrgb&fit=max&fm=jpg&ixid=M3w5NDQwMTV8MHwxfHNlYXJjaHw4Mnx8bWFuJTIwZmFjZSUyMGNsb3NldXB8ZW58MHx8fHwxNzc4MDY1MDgyfDA&ixlib=rb-4.1.0&q=80&w=1080,REAL,Unknown,50+
623,https://images.unsplash.com/photo-1700046694069-1090e1ed0f66?crop=entropy&cs=tinysrgb&fit=max&fm=jpg&ixid=M3w5NDQwMTV8MHwxfHNlYXJjaHw4M3x8bWFuJTIwZmFjZSUyMGNsb3NldXB8ZW58MHx8fHwxNzc4MDY1MDgyfDA&ixlib=rb-4.1.0&q=80&w=1080,REAL,Male,36-50
624,https://images.unsplash.com/photo-1610767540471-dc35cf9d83cb?crop=entropy&cs=tinysrgb&fit=max&fm=jpg&ixid=M3w5NDQwMTV8MHwxfHNlYXJjaHw4NHx8bWFuJTIwZmFjZSUyMGNsb3NldXB8ZW58MHx8fHwxNzc4MDY1MDgyfDA&ixlib=rb-4.1.0&q=80&w=1080,REAL,Female,18-25
625,https://images.unsplash.com/photo-1617860341208-ff96b6b3264c?crop=entropy&cs=tinysrgb&fit=max&fm=jpg&ixid=M3w5NDQwMTV8MHwxfHNlYXJjaHw4NXx8bWFuJTIwZmFjZSUyMGNsb3NldXB8ZW58MHx8fHwxNzc4MDY1MDgyfDA&ixlib=rb-4.1.0&q=80&w=1080,REAL,Unknown,36-50
626,https://images.unsplash.com/photo-1477953303822-af4aacc937ea?crop=entropy&cs=tinysrgb&fit=max&fm=jpg&ixid=M3w5NDQwMTV8MHwxfHNlYXJjaHw4Nnx8bWFuJTIwZmFjZSUyMGNsb3NldXB8ZW58MHx8fHwxNzc4MDY1MDgyfDA&ixlib=rb-4.1.0&q=80&w=1080,REAL,Unknown,36-50
627,https://images.unsplash.com/photo-1759731645491-e511fde0f3fc?crop=entropy&cs=tinysrgb&fit=max&fm=jpg&ixid=M3w5NDQwMTV8MHwxfHNlYXJjaHw4N3x8bWFuJTIwZmFjZSUyMGNsb3NldXB8ZW58MHx8fHwxNzc4MDY1MDgyfDA&ixlib=rb-4.1.0&q=80&w=1080,REAL,Male,18-25
628,https://images.unsplash.com/photo-1594311009695-8d4304224a57?crop=entropy&cs=tinysrgb&fit=max&fm=jpg&ixid=M3w5NDQwMTV8MHwxfHNlYXJjaHw4OHx8bWFuJTIwZmFjZSUyMGNsb3NldXB8ZW58MHx8fHwxNzc4MDY1MDgyfDA&ixlib=rb-4.1.0&q=80&w=1080,REAL,Female,50+
629,https://images.unsplash.com/photo-1670253305093-5e97c0b32654?crop=entropy&cs=tinysrgb&fit=max&fm=jpg&ixid=M3w5NDQwMTV8MHwxfHNlYXJjaHw4OXx8bWFuJTIwZmFjZSUyMGNsb3NldXB8ZW58MHx8fHwxNzc4MDY1MDgyfDA&ixlib=rb-4.1.0&q=80&w=1080,REAL,Unknown,26-35
630,https://images.unsplash.com/photo-1621256983344-ec83d26bbfcf?crop=entropy&cs=tinysrgb&fit=max&fm=jpg&ixid=M3w5NDQwMTV8MHwxfHNlYXJjaHw5MHx8bWFuJTIwZmFjZSUyMGNsb3NldXB8ZW58MHx8fHwxNzc4MDY1MDgyfDA&ixlib=rb-4.1.0&q=80&w=1080,REAL,Unknown,50+
631,https://images.unsplash.com/photo-1437011165434-0b8d687711aa?crop=entropy&cs=tinysrgb&fit=max&fm=jpg&ixid=M3w5NDQwMTV8MHwxfHNlYXJjaHw5MXx8bWFuJTIwZmFjZSUyMGNsb3NldXB8ZW58MHx8fHwxNzc4MDY1MDg0fDA&ixlib=rb-4.1.0&q=80&w=1080,REAL,Unknown,18-25
632,https://images.unsplash.com/photo-1605741467414-dc32bf225e0a?crop=entropy&cs=tinysrgb&fit=max&fm=jpg&ixid=M3w5NDQwMTV8MHwxfHNlYXJjaHw5Mnx8bWFuJTIwZmFjZSUyMGNsb3NldXB8ZW58MHx8fHwxNzc4MDY1MDg0fDA&ixlib=rb-4.1.0&q=80&w=1080,REAL,Unknown,18-25
633,https://images.unsplash.com/photo-1697158608386-d670c8c4e3f9?crop=entropy&cs=tinysrgb&fit=max&fm=jpg&ixid=M3w5NDQwMTV8MHwxfHNlYXJjaHw5M3x8bWFuJTIwZmFjZSUyMGNsb3NldXB8ZW58MHx8fHwxNzc4MDY1MDg0fDA&ixlib=rb-4.1.0&q=80&w=1080,REAL,Unknown,50+
634,https://images.unsplash.com/photo-1562087926-662f8573327b?crop=entropy&cs=tinysrgb&fit=max&fm=jpg&ixid=M3w5NDQwMTV8MHwxfHNlYXJjaHw5NHx8bWFuJTIwZmFjZSUyMGNsb3NldXB8ZW58MHx8fHwxNzc4MDY1MDg0fDA&ixlib=rb-4.1.0&q=80&w=1080,REAL,Male,26-35
635,https://images.unsplash.com/photo-1758598307254-9a3dbcab42cb?crop=entropy&cs=tinysrgb&fit=max&fm=jpg&ixid=M3w5NDQwMTV8MHwxfHNlYXJjaHw5NXx8bWFuJTIwZmFjZSUyMGNsb3NldXB8ZW58MHx8fHwxNzc4MDY1MDg0fDA&ixlib=rb-4.1.0&q=80&w=1080,REAL,Female,26-35
636,https://images.unsplash.com/photo-1572223417139-d609a70c9538?crop=entropy&cs=tinysrgb&fit=max&fm=jpg&ixid=M3w5NDQwMTV8MHwxfHNlYXJjaHw5Nnx8bWFuJTIwZmFjZSUyMGNsb3NldXB8ZW58MHx8fHwxNzc4MDY1MDg0fDA&ixlib=rb-4.1.0&q=80&w=1080,REAL,Unknown,18-25
637,https://images.unsplash.com/photo-1638368349569-e49499196d9f?crop=entropy&cs=tinysrgb&fit=max&fm=jpg&ixid=M3w5NDQwMTV8MHwxfHNlYXJjaHw5N3x8bWFuJTIwZmFjZSUyMGNsb3NldXB8ZW58MHx8fHwxNzc4MDY1MDg0fDA&ixlib=rb-4.1.0&q=80&w=1080,REAL,Unknown,50+
638,https://images.unsplash.com/photo-1626691319224-eff735ad2e0e?crop=entropy&cs=tinysrgb&fit=max&fm=jpg&ixid=M3w5NDQwMTV8MHwxfHNlYXJjaHw5OHx8bWFuJTIwZmFjZSUyMGNsb3NldXB8ZW58MHx8fHwxNzc4MDY1MDg0fDA&ixlib=rb-4.1.0&q=80&w=1080,REAL,Male,26-35
639,https://images.unsplash.com/photo-1628653955906-609d5e8ecf76?crop=entropy&cs=tinysrgb&fit=max&fm=jpg&ixid=M3w5NDQwMTV8MHwxfHNlYXJjaHw5OXx8bWFuJTIwZmFjZSUyMGNsb3NldXB8ZW58MHx8fHwxNzc4MDY1MDg0fDA&ixlib=rb-4.1.0&q=80&w=1080,REAL,Male,26-35
640,https://images.unsplash.com/photo-1628134667148-1a5827a87702?crop=entropy&cs=tinysrgb&fit=max&fm=jpg&ixid=M3w5NDQwMTV8MHwxfHNlYXJjaHwxMDB8fG1hbiUyMGZhY2UlMjBjbG9zZXVwfGVufDB8fHx8MTc3ODA2NTA4NHww&ixlib=rb-4.1.0&q=80&w=1080,REAL,Male,36-50
641,https://images.unsplash.com/photo-1585772120450-3f2b91867930?crop=entropy&cs=tinysrgb&fit=max&fm=jpg&ixid=M3w5NDQwMTV8MHwxfHNlYXJjaHwxMDF8fG1hbiUyMGZhY2UlMjBjbG9zZXVwfGVufDB8fHx8MTc3ODA2NTA4NHww&ixlib=rb-4.1.0&q=80&w=1080,REAL,Male,36-50
642,https://images.unsplash.com/photo-1610767540785-96b4c65de306?crop=entropy&cs=tinysrgb&fit=max&fm=jpg&ixid=M3w5NDQwMTV8MHwxfHNlYXJjaHwxMDJ8fG1hbiUyMGZhY2UlMjBjbG9zZXVwfGVufDB8fHx8MTc3ODA2NTA4NHww&ixlib=rb-4.1.0&q=80&w=1080,REAL,Unknown,50+
643,https://images.unsplash.com/photo-1591425455143-76176a53dbee?crop=entropy&cs=tinysrgb&fit=max&fm=jpg&ixid=M3w5NDQwMTV8MHwxfHNlYXJjaHwxMDN8fG1hbiUyMGZhY2UlMjBjbG9zZXVwfGVufDB8fHx8MTc3ODA2NTA4NHww&ixlib=rb-4.1.0&q=80&w=1080,REAL,Male,18-25
644,https://images.unsplash.com/photo-1671718648176-ecbcae4c1dc9?crop=entropy&cs=tinysrgb&fit=max&fm=jpg&ixid=M3w5NDQwMTV8MHwxfHNlYXJjaHwxMDR8fG1hbiUyMGZhY2UlMjBjbG9zZXVwfGVufDB8fHx8MTc3ODA2NTA4NHww&ixlib=rb-4.1.0&q=80&w=1080,REAL,Male,18-25
645,https://images.unsplash.com/photo-1582812929624-19b1391bf3b9?crop=entropy&cs=tinysrgb&fit=max&fm=jpg&ixid=M3w5NDQwMTV8MHwxfHNlYXJjaHwxMDV8fG1hbiUyMGZhY2UlMjBjbG9zZXVwfGVufDB8fHx8MTc3ODA2NTA4NHww&ixlib=rb-4.1.0&q=80&w=1080,REAL,Female,50+
646,https://images.unsplash.com/photo-1548382090-41b621814031?crop=entropy&cs=tinysrgb&fit=max&fm=jpg&ixid=M3w5NDQwMTV8MHwxfHNlYXJjaHwxMDZ8fG1hbiUyMGZhY2UlMjBjbG9zZXVwfGVufDB8fHx8MTc3ODA2NTA4NHww&ixlib=rb-4.1.0&q=80&w=1080,REAL,Male,26-35
647,https://images.unsplash.com/photo-1666410262859-569d6592353e?crop=entropy&cs=tinysrgb&fit=max&fm=jpg&ixid=M3w5NDQwMTV8MHwxfHNlYXJjaHwxMDd8fG1hbiUyMGZhY2UlMjBjbG9zZXVwfGVufDB8fHx8MTc3ODA2NTA4NHww&ixlib=rb-4.1.0&q=80&w=1080,REAL,Female,50+
648,https://images.unsplash.com/photo-1545254644-a60835b8d36e?crop=entropy&cs=tinysrgb&fit=max&fm=jpg&ixid=M3w5NDQwMTV8MHwxfHNlYXJjaHwxMDh8fG1hbiUyMGZhY2UlMjBjbG9zZXVwfGVufDB8fHx8MTc3ODA2NTA4NHww&ixlib=rb-4.1.0&q=80&w=1080,REAL,Female,36-50
649,https://images.unsplash.com/photo-1604088320425-bb79cb7fa522?crop=entropy&cs=tinysrgb&fit=max&fm=jpg&ixid=M3w5NDQwMTV8MHwxfHNlYXJjaHwxMDl8fG1hbiUyMGZhY2UlMjBjbG9zZXVwfGVufDB8fHx8MTc3ODA2NTA4NHww&ixlib=rb-4.1.0&q=80&w=1080,REAL,Male,18-25
650,https://images.unsplash.com/photo-1617860341099-29cbce4ecdf3?crop=entropy&cs=tinysrgb&fit=max&fm=jpg&ixid=M3w5NDQwMTV8MHwxfHNlYXJjaHwxMTB8fG1hbiUyMGZhY2UlMjBjbG9zZXVwfGVufDB8fHx8MTc3ODA2NTA4NHww&ixlib=rb-4.1.0&q=80&w=1080,REAL,Unknown,26-35
651,https://images.unsplash.com/photo-1745233917406-b50b3a949f44?crop=entropy&cs=tinysrgb&fit=max&fm=jpg&ixid=M3w5NDQwMTV8MHwxfHNlYXJjaHwxMTF8fG1hbiUyMGZhY2UlMjBjbG9zZXVwfGVufDB8fHx8MTc3ODA2NTA4NHww&ixlib=rb-4.1.0&q=80&w=1080,REAL,Female,36-50
652,https://images.unsplash.com/photo-1611938782728-e5f1b1629983?crop=entropy&cs=tinysrgb&fit=max&fm=jpg&ixid=M3w5NDQwMTV8MHwxfHNlYXJjaHwxMTJ8fG1hbiUyMGZhY2UlMjBjbG9zZXVwfGVufDB8fHx8MTc3ODA2NTA4NHww&ixlib=rb-4.1.0&q=80&w=1080,REAL,Male,50+
653,https://images.unsplash.com/photo-1754794084957-55cd12d9be45?crop=entropy&cs=tinysrgb&fit=max&fm=jpg&ixid=M3w5NDQwMTV8MHwxfHNlYXJjaHwxMTN8fG1hbiUyMGZhY2UlMjBjbG9zZXVwfGVufDB8fHx8MTc3ODA2NTA4NHww&ixlib=rb-4.1.0&q=80&w=1080,REAL,Unknown,26-35
654,https://images.unsplash.com/photo-1619995580784-1d99b6e9b692?crop=entropy&cs=tinysrgb&fit=max&fm=jpg&ixid=M3w5NDQwMTV8MHwxfHNlYXJjaHwxMTR8fG1hbiUyMGZhY2UlMjBjbG9zZXVwfGVufDB8fHx8MTc3ODA2NTA4NHww&ixlib=rb-4.1.0&q=80&w=1080,REAL,Male,50+
655,https://images.unsplash.com/photo-1762344356131-7b2e93816e22?crop=entropy&cs=tinysrgb&fit=max&fm=jpg&ixid=M3w5NDQwMTV8MHwxfHNlYXJjaHwxMTV8fG1hbiUyMGZhY2UlMjBjbG9zZXVwfGVufDB8fHx8MTc3ODA2NTA4NHww&ixlib=rb-4.1.0&q=80&w=1080,REAL,Female,50+
656,https://images.unsplash.com/photo-1662128518851-d24e655f11c3?crop=entropy&cs=tinysrgb&fit=max&fm=jpg&ixid=M3w5NDQwMTV8MHwxfHNlYXJjaHwxMTZ8fG1hbiUyMGZhY2UlMjBjbG9zZXVwfGVufDB8fHx8MTc3ODA2NTA4NHww&ixlib=rb-4.1.0&q=80&w=1080,REAL,Unknown,26-35
657,https://images.unsplash.com/photo-1668368963543-2ada1c80da86?crop=entropy&cs=tinysrgb&fit=max&fm=jpg&ixid=M3w5NDQwMTV8MHwxfHNlYXJjaHwxMTd8fG1hbiUyMGZhY2UlMjBjbG9zZXVwfGVufDB8fHx8MTc3ODA2NTA4NHww&ixlib=rb-4.1.0&q=80&w=1080,REAL,Unknown,18-25
658,https://images.unsplash.com/photo-1599987404533-8a977a40cfe4?crop=entropy&cs=tinysrgb&fit=max&fm=jpg&ixid=M3w5NDQwMTV8MHwxfHNlYXJjaHwxMTh8fG1hbiUyMGZhY2UlMjBjbG9zZXVwfGVufDB8fHx8MTc3ODA2NTA4NHww&ixlib=rb-4.1.0&q=80&w=1080,REAL,Female,26-35
659,https://images.unsplash.com/photo-1653508036272-a3c11c6d5d8a?crop=entropy&cs=tinysrgb&fit=max&fm=jpg&ixid=M3w5NDQwMTV8MHwxfHNlYXJjaHwxMTl8fG1hbiUyMGZhY2UlMjBjbG9zZXVwfGVufDB8fHx8MTc3ODA2NTA4NHww&ixlib=rb-4.1.0&q=80&w=1080,REAL,Unknown,26-35
660,https://images.unsplash.com/photo-1577741639208-8a0c1da2460f?crop=entropy&cs=tinysrgb&fit=max&fm=jpg&ixid=M3w5NDQwMTV8MHwxfHNlYXJjaHwxMjB8fG1hbiUyMGZhY2UlMjBjbG9zZXVwfGVufDB8fHx8MTc3ODA2NTA4NHww&ixlib=rb-4.1.0&q=80&w=1080,REAL,Male,50+
661,https://images.unsplash.com/photo-1760047577832-5983cf200ff5?crop=entropy&cs=tinysrgb&fit=max&fm=jpg&ixid=M3w5NDQwMTV8MHwxfHNlYXJjaHwxMjF8fG1hbiUyMGZhY2UlMjBjbG9zZXVwfGVufDB8fHx8MTc3ODA2NTA4N3ww&ixlib=rb-4.1.0&q=80&w=1080,REAL,Unknown,50+
662,https://images.unsplash.com/photo-1600570848245-0439042581b7?crop=entropy&cs=tinysrgb&fit=max&fm=jpg&ixid=M3w5NDQwMTV8MHwxfHNlYXJjaHwxMjJ8fG1hbiUyMGZhY2UlMjBjbG9zZXVwfGVufDB8fHx8MTc3ODA2NTA4N3ww&ixlib=rb-4.1.0&q=80&w=1080,REAL,Female,50+
663,https://images.unsplash.com/photo-1676663111342-ca23e4efb425?crop=entropy&cs=tinysrgb&fit=max&fm=jpg&ixid=M3w5NDQwMTV8MHwxfHNlYXJjaHwxMjN8fG1hbiUyMGZhY2UlMjBjbG9zZXVwfGVufDB8fHx8MTc3ODA2NTA4N3ww&ixlib=rb-4.1.0&q=80&w=1080,REAL,Unknown,26-35
664,https://images.unsplash.com/photo-1700046694074-1d87d4214958?crop=entropy&cs=tinysrgb&fit=max&fm=jpg&ixid=M3w5NDQwMTV8MHwxfHNlYXJjaHwxMjR8fG1hbiUyMGZhY2UlMjBjbG9zZXVwfGVufDB8fHx8MTc3ODA2NTA4N3ww&ixlib=rb-4.1.0&q=80&w=1080,REAL,Female,18-25
665,https://images.unsplash.com/photo-1556652297-051ba518d51c?crop=entropy&cs=tinysrgb&fit=max&fm=jpg&ixid=M3w5NDQwMTV8MHwxfHNlYXJjaHwxMjV8fG1hbiUyMGZhY2UlMjBjbG9zZXVwfGVufDB8fHx8MTc3ODA2NTA4N3ww&ixlib=rb-4.1.0&q=80&w=1080,REAL,Female,36-50
666,https://images.unsplash.com/photo-1758598497219-45e77afc5b53?crop=entropy&cs=tinysrgb&fit=max&fm=jpg&ixid=M3w5NDQwMTV8MHwxfHNlYXJjaHwxMjZ8fG1hbiUyMGZhY2UlMjBjbG9zZXVwfGVufDB8fHx8MTc3ODA2NTA4N3ww&ixlib=rb-4.1.0&q=80&w=1080,REAL,Unknown,18-25
667,https://images.unsplash.com/photo-1583937911194-f2b3beb49209?crop=entropy&cs=tinysrgb&fit=max&fm=jpg&ixid=M3w5NDQwMTV8MHwxfHNlYXJjaHwxMjd8fG1hbiUyMGZhY2UlMjBjbG9zZXVwfGVufDB8fHx8MTc3ODA2NTA4N3ww&ixlib=rb-4.1.0&q=80&w=1080,REAL,Male,50+
668,https://images.unsplash.com/photo-1610767619216-94a37b9f3686?crop=entropy&cs=tinysrgb&fit=max&fm=jpg&ixid=M3w5NDQwMTV8MHwxfHNlYXJjaHwxMjh8fG1hbiUyMGZhY2UlMjBjbG9zZXVwfGVufDB8fHx8MTc3ODA2NTA4N3ww&ixlib=rb-4.1.0&q=80&w=1080,REAL,Female,50+
669,https://images.unsplash.com/photo-1770210982249-781dacb19442?crop=entropy&cs=tinysrgb&fit=max&fm=jpg&ixid=M3w5NDQwMTV8MHwxfHNlYXJjaHwxMjl8fG1hbiUyMGZhY2UlMjBjbG9zZXVwfGVufDB8fHx8MTc3ODA2NTA4N3ww&ixlib=rb-4.1.0&q=80&w=1080,REAL,Female,18-25
670,https://images.unsplash.com/photo-1587160964399-a1094e5c4e69?crop=entropy&cs=tinysrgb&fit=max&fm=jpg&ixid=M3w5NDQwMTV8MHwxfHNlYXJjaHwxMzB8fG1hbiUyMGZhY2UlMjBjbG9zZXVwfGVufDB8fHx8MTc3ODA2NTA4N3ww&ixlib=rb-4.1.0&q=80&w=1080,REAL,Female,18-25
671,https://images.unsplash.com/photo-1709621404595-9b3dda23b728?crop=entropy&cs=tinysrgb&fit=max&fm=jpg&ixid=M3w5NDQwMTV8MHwxfHNlYXJjaHwxMzF8fG1hbiUyMGZhY2UlMjBjbG9zZXVwfGVufDB8fHx8MTc3ODA2NTA4N3ww&ixlib=rb-4.1.0&q=80&w=1080,REAL,Male,18-25
672,https://images.unsplash.com/photo-1588333779083-8ece1abf4547?crop=entropy&cs=tinysrgb&fit=max&fm=jpg&ixid=M3w5NDQwMTV8MHwxfHNlYXJjaHwxMzJ8fG1hbiUyMGZhY2UlMjBjbG9zZXVwfGVufDB8fHx8MTc3ODA2NTA4N3ww&ixlib=rb-4.1.0&q=80&w=1080,REAL,Female,26-35
673,https://images.unsplash.com/photo-1566930753949-fc3ef91faf3a?crop=entropy&cs=tinysrgb&fit=max&fm=jpg&ixid=M3w5NDQwMTV8MHwxfHNlYXJjaHwxMzN8fG1hbiUyMGZhY2UlMjBjbG9zZXVwfGVufDB8fHx8MTc3ODA2NTA4N3ww&ixlib=rb-4.1.0&q=80&w=1080,REAL,Male,50+
674,https://images.unsplash.com/photo-1590048823026-651490eb7ff5?crop=entropy&cs=tinysrgb&fit=max&fm=jpg&ixid=M3w5NDQwMTV8MHwxfHNlYXJjaHwxMzR8fG1hbiUyMGZhY2UlMjBjbG9zZXVwfGVufDB8fHx8MTc3ODA2NTA4N3ww&ixlib=rb-4.1.0&q=80&w=1080,REAL,Female,26-35
675,https://images.unsplash.com/photo-1643168661877-6b18ae1716f2?crop=entropy&cs=tinysrgb&fit=max&fm=jpg&ixid=M3w5NDQwMTV8MHwxfHNlYXJjaHwxMzV8fG1hbiUyMGZhY2UlMjBjbG9zZXVwfGVufDB8fHx8MTc3ODA2NTA4N3ww&ixlib=rb-4.1.0&q=80&w=1080,REAL,Male,36-50
676,https://images.unsplash.com/photo-1608680674308-0563a7693047?crop=entropy&cs=tinysrgb&fit=max&fm=jpg&ixid=M3w5NDQwMTV8MHwxfHNlYXJjaHwxMzZ8fG1hbiUyMGZhY2UlMjBjbG9zZXVwfGVufDB8fHx8MTc3ODA2NTA4N3ww&ixlib=rb-4.1.0&q=80&w=1080,REAL,Unknown,36-50
677,https://images.unsplash.com/photo-1562413244-d75ecf88bd3b?crop=entropy&cs=tinysrgb&fit=max&fm=jpg&ixid=M3w5NDQwMTV8MHwxfHNlYXJjaHwxMzd8fG1hbiUyMGZhY2UlMjBjbG9zZXVwfGVufDB8fHx8MTc3ODA2NTA4N3ww&ixlib=rb-4.1.0&q=80&w=1080,REAL,Male,36-50
678,https://images.unsplash.com/photo-1769328524873-21200aa09dd2?crop=entropy&cs=tinysrgb&fit=max&fm=jpg&ixid=M3w5NDQwMTV8MHwxfHNlYXJjaHwxMzh8fG1hbiUyMGZhY2UlMjBjbG9zZXVwfGVufDB8fHx8MTc3ODA2NTA4N3ww&ixlib=rb-4.1.0&q=80&w=1080,REAL,Female,36-50
679,https://images.unsplash.com/photo-1668368962565-a1580f651e87?crop=entropy&cs=tinysrgb&fit=max&fm=jpg&ixid=M3w5NDQwMTV8MHwxfHNlYXJjaHwxMzl8fG1hbiUyMGZhY2UlMjBjbG9zZXVwfGVufDB8fHx8MTc3ODA2NTA4N3ww&ixlib=rb-4.1.0&q=80&w=1080,REAL,Unknown,50+
680,https://images.unsplash.com/photo-1668939110742-82585865c6c6?crop=entropy&cs=tinysrgb&fit=max&fm=jpg&ixid=M3w5NDQwMTV8MHwxfHNlYXJjaHwxNDB8fG1hbiUyMGZhY2UlMjBjbG9zZXVwfGVufDB8fHx8MTc3ODA2NTA4N3ww&ixlib=rb-4.1.0&q=80&w=1080,REAL,Male,26-35
681,https://images.unsplash.com/photo-1551735084-c0cb3f65bcf3?crop=entropy&cs=tinysrgb&fit=max&fm=jpg&ixid=M3w5NDQwMTV8MHwxfHNlYXJjaHwxNDF8fG1hbiUyMGZhY2UlMjBjbG9zZXVwfGVufDB8fHx8MTc3ODA2NTA4N3ww&ixlib=rb-4.1.0&q=80&w=1080,REAL,Female,26-35
682,https://images.unsplash.com/photo-1771380089194-cfd2877e93f2?crop=entropy&cs=tinysrgb&fit=max&fm=jpg&ixid=M3w5NDQwMTV8MHwxfHNlYXJjaHwxNDJ8fG1hbiUyMGZhY2UlMjBjbG9zZXVwfGVufDB8fHx8MTc3ODA2NTA4N3ww&ixlib=rb-4.1.0&q=80&w=1080,REAL,Female,18-25
683,https://images.unsplash.com/photo-1754648909591-1834fd577a4a?crop=entropy&cs=tinysrgb&fit=max&fm=jpg&ixid=M3w5NDQwMTV8MHwxfHNlYXJjaHwxNDN8fG1hbiUyMGZhY2UlMjBjbG9zZXVwfGVufDB8fHx8MTc3ODA2NTA4N3ww&ixlib=rb-4.1.0&q=80&w=1080,REAL,Male,18-25
684,https://images.unsplash.com/photo-1566837180312-3113a1ca8e17?crop=entropy&cs=tinysrgb&fit=max&fm=jpg&ixid=M3w5NDQwMTV8MHwxfHNlYXJjaHwxNDR8fG1hbiUyMGZhY2UlMjBjbG9zZXVwfGVufDB8fHx8MTc3ODA2NTA4N3ww&ixlib=rb-4.1.0&q=80&w=1080,REAL,Female,50+
685,https://images.unsplash.com/photo-1613772885273-03c797c91a87?crop=entropy&cs=tinysrgb&fit=max&fm=jpg&ixid=M3w5NDQwMTV8MHwxfHNlYXJjaHwxNDV8fG1hbiUyMGZhY2UlMjBjbG9zZXVwfGVufDB8fHx8MTc3ODA2NTA4N3ww&ixlib=rb-4.1.0&q=80&w=1080,REAL,Female,26-35
686,https://images.unsplash.com/photo-1677003833480-8b54fedeee93?crop=entropy&cs=tinysrgb&fit=max&fm=jpg&ixid=M3w5NDQwMTV8MHwxfHNlYXJjaHwxNDZ8fG1hbiUyMGZhY2UlMjBjbG9zZXVwfGVufDB8fHx8MTc3ODA2NTA4N3ww&ixlib=rb-4.1.0&q=80&w=1080,REAL,Male,36-50
687,https://images.unsplash.com/photo-1599974816500-b7c5c6641b2d?crop=entropy&cs=tinysrgb&fit=max&fm=jpg&ixid=M3w5NDQwMTV8MHwxfHNlYXJjaHwxNDd8fG1hbiUyMGZhY2UlMjBjbG9zZXVwfGVufDB8fHx8MTc3ODA2NTA4N3ww&ixlib=rb-4.1.0&q=80&w=1080,REAL,Unknown,50+
688,https://images.unsplash.com/flagged/photo-1578123420547-b61ec1082efb?crop=entropy&cs=tinysrgb&fit=max&fm=jpg&ixid=M3w5NDQwMTV8MHwxfHNlYXJjaHwxNDh8fG1hbiUyMGZhY2UlMjBjbG9zZXVwfGVufDB8fHx8MTc3ODA2NTA4N3ww&ixlib=rb-4.1.0&q=80&w=1080,REAL,Male,18-25
689,https://images.unsplash.com/photo-1599870419260-888d147905a6?crop=entropy&cs=tinysrgb&fit=max&fm=jpg&ixid=M3w5NDQwMTV8MHwxfHNlYXJjaHwxNDl8fG1hbiUyMGZhY2UlMjBjbG9zZXVwfGVufDB8fHx8MTc3ODA2NTA4N3ww&ixlib=rb-4.1.0&q=80&w=1080,REAL,Unknown,50+
690,https://images.unsplash.com/photo-1594903833720-f9a68102aae1?crop=entropy&cs=tinysrgb&fit=max&fm=jpg&ixid=M3w5NDQwMTV8MHwxfHNlYXJjaHwxNTB8fG1hbiUyMGZhY2UlMjBjbG9zZXVwfGVufDB8fHx8MTc3ODA2NTA4N3ww&ixlib=rb-4.1.0&q=80&w=1080,REAL,Unknown,26-35
691,https://images.unsplash.com/photo-1578863873955-40421002faa6?crop=entropy&cs=tinysrgb&fit=max&fm=jpg&ixid=M3w5NDQwMTV8MHwxfHNlYXJjaHwxODF8fG1hbiUyMGZhY2UlMjBjbG9zZXVwfGVufDB8fHx8MTc3ODA2NTIwOXww&ixlib=rb-4.1.0&q=80&w=1080,REAL,Unknown,50+
692,https://images.unsplash.com/photo-1598444528046-0fc784a8234c?crop=entropy&cs=tinysrgb&fit=max&fm=jpg&ixid=M3w5NDQwMTV8MHwxfHNlYXJjaHwxODJ8fG1hbiUyMGZhY2UlMjBjbG9zZXVwfGVufDB8fHx8MTc3ODA2NTIwOXww&ixlib=rb-4.1.0&q=80&w=1080,REAL,Unknown,26-35
693,https://images.unsplash.com/photo-1694015770845-89f7a3981451?crop=entropy&cs=tinysrgb&fit=max&fm=jpg&ixid=M3w5NDQwMTV8MHwxfHNlYXJjaHwxODN8fG1hbiUyMGZhY2UlMjBjbG9zZXVwfGVufDB8fHx8MTc3ODA2NTIwOXww&ixlib=rb-4.1.0&q=80&w=1080,REAL,Unknown,36-50
694,https://images.unsplash.com/photo-1775219589081-d14e71f7991c?crop=entropy&cs=tinysrgb&fit=max&fm=jpg&ixid=M3w5NDQwMTV8MHwxfHNlYXJjaHwxODR8fG1hbiUyMGZhY2UlMjBjbG9zZXVwfGVufDB8fHx8MTc3ODA2NTIwOXww&ixlib=rb-4.1.0&q=80&w=1080,REAL,Female,18-25
695,https://images.unsplash.com/photo-1580529725832-304320e6cb1f?crop=entropy&cs=tinysrgb&fit=max&fm=jpg&ixid=M3w5NDQwMTV8MHwxfHNlYXJjaHwxODV8fG1hbiUyMGZhY2UlMjBjbG9zZXVwfGVufDB8fHx8MTc3ODA2NTIwOXww&ixlib=rb-4.1.0&q=80&w=1080,REAL,Unknown,36-50
696,https://images.unsplash.com/photo-1674147241560-80bc0ff56cd0?crop=entropy&cs=tinysrgb&fit=max&fm=jpg&ixid=M3w5NDQwMTV8MHwxfHNlYXJjaHwxODZ8fG1hbiUyMGZhY2UlMjBjbG9zZXVwfGVufDB8fHx8MTc3ODA2NTIwOXww&ixlib=rb-4.1.0&q=80&w=1080,REAL,Male,26-35
697,https://images.unsplash.com/photo-1456693934704-633d98ea0371?crop=entropy&cs=tinysrgb&fit=max&fm=jpg&ixid=M3w5NDQwMTV8MHwxfHNlYXJjaHwxODd8fG1hbiUyMGZhY2UlMjBjbG9zZXVwfGVufDB8fHx8MTc3ODA2NTIwOXww&ixlib=rb-4.1.0&q=80&w=1080,REAL,Unknown,36-50
698,https://images.unsplash.com/photo-1649430264286-572cc6895a84?crop=entropy&cs=tinysrgb&fit=max&fm=jpg&ixid=M3w5NDQwMTV8MHwxfHNlYXJjaHwxODh8fG1hbiUyMGZhY2UlMjBjbG9zZXVwfGVufDB8fHx8MTc3ODA2NTIwOXww&ixlib=rb-4.1.0&q=80&w=1080,REAL,Female,18-25
699,https://images.unsplash.com/photo-1617428883138-a4d53c4e917d?crop=entropy&cs=tinysrgb&fit=max&fm=jpg&ixid=M3w5NDQwMTV8MHwxfHNlYXJjaHwxODl8fG1hbiUyMGZhY2UlMjBjbG9zZXVwfGVufDB8fHx8MTc3ODA2NTIwOXww&ixlib=rb-4.1.0&q=80&w=1080,REAL,Male,36-50
700,https://images.unsplash.com/photo-1627753779220-387ca0a1d952?crop=entropy&cs=tinysrgb&fit=max&fm=jpg&ixid=M3w5NDQwMTV8MHwxfHNlYXJjaHwxOTB8fG1hbiUyMGZhY2UlMjBjbG9zZXVwfGVufDB8fHx8MTc3ODA2NTIwOXww&ixlib=rb-4.1.0&q=80&w=1080,REAL,Unknown,18-25
701,https://images.unsplash.com/photo-1603346133925-f81519e36f7c?crop=entropy&cs=tinysrgb&fit=max&fm=jpg&ixid=M3w5NDQwMTV8MHwxfHNlYXJjaHwxOTF8fG1hbiUyMGZhY2UlMjBjbG9zZXVwfGVufDB8fHx8MTc3ODA2NTIwOXww&ixlib=rb-4.1.0&q=80&w=1080,REAL,Female,26-35
702,https://images.unsplash.com/photo-1762344348799-537e616ba202?crop=entropy&cs=tinysrgb&fit=max&fm=jpg&ixid=M3w5NDQwMTV8MHwxfHNlYXJjaHwxOTJ8fG1hbiUyMGZhY2UlMjBjbG9zZXVwfGVufDB8fHx8MTc3ODA2NTIwOXww&ixlib=rb-4.1.0&q=80&w=1080,REAL,Male,26-35
703,https://images.unsplash.com/photo-1732310375581-66dcf6699781?crop=entropy&cs=tinysrgb&fit=max&fm=jpg&ixid=M3w5NDQwMTV8MHwxfHNlYXJjaHwxOTN8fG1hbiUyMGZhY2UlMjBjbG9zZXVwfGVufDB8fHx8MTc3ODA2NTIwOXww&ixlib=rb-4.1.0&q=80&w=1080,REAL,Male,36-50
704,https://images.unsplash.com/photo-1690221733866-8bc530f97a0e?crop=entropy&cs=tinysrgb&fit=max&fm=jpg&ixid=M3w5NDQwMTV8MHwxfHNlYXJjaHwxOTR8fG1hbiUyMGZhY2UlMjBjbG9zZXVwfGVufDB8fHx8MTc3ODA2NTIwOXww&ixlib=rb-4.1.0&q=80&w=1080,REAL,Unknown,26-35
705,https://images.unsplash.com/photo-1668368961945-64de24b06637?crop=entropy&cs=tinysrgb&fit=max&fm=jpg&ixid=M3w5NDQwMTV8MHwxfHNlYXJjaHwxOTV8fG1hbiUyMGZhY2UlMjBjbG9zZXVwfGVufDB8fHx8MTc3ODA2NTIwOXww&ixlib=rb-4.1.0&q=80&w=1080,REAL,Male,50+
706,https://images.unsplash.com/photo-1634202201963-2dee751d2aa3?crop=entropy&cs=tinysrgb&fit=max&fm=jpg&ixid=M3w5NDQwMTV8MHwxfHNlYXJjaHwxOTZ8fG1hbiUyMGZhY2UlMjBjbG9zZXVwfGVufDB8fHx8MTc3ODA2NTIwOXww&ixlib=rb-4.1.0&q=80&w=1080,REAL,Male,18-25
707,https://images.unsplash.com/photo-1571933939478-bb7af756a45c?crop=entropy&cs=tinysrgb&fit=max&fm=jpg&ixid=M3w5NDQwMTV8MHwxfHNlYXJjaHwxOTd8fG1hbiUyMGZhY2UlMjBjbG9zZXVwfGVufDB8fHx8MTc3ODA2NTIwOXww&ixlib=rb-4.1.0&q=80&w=1080,REAL,Female,36-50
708,https://images.unsplash.com/photo-1537087851699-79d258bd71e4?crop=entropy&cs=tinysrgb&fit=max&fm=jpg&ixid=M3w5NDQwMTV8MHwxfHNlYXJjaHwxOTh8fG1hbiUyMGZhY2UlMjBjbG9zZXVwfGVufDB8fHx8MTc3ODA2NTIwOXww&ixlib=rb-4.1.0&q=80&w=1080,REAL,Unknown,36-50
709,https://images.unsplash.com/photo-1610767618947-90a057e488d8?crop=entropy&cs=tinysrgb&fit=max&fm=jpg&ixid=M3w5NDQwMTV8MHwxfHNlYXJjaHwxOTl8fG1hbiUyMGZhY2UlMjBjbG9zZXVwfGVufDB8fHx8MTc3ODA2NTIwOXww&ixlib=rb-4.1.0&q=80&w=1080,REAL,Female,36-50
710,https://images.unsplash.com/photo-1631691507991-441dee1f6892?crop=entropy&cs=tinysrgb&fit=max&fm=jpg&ixid=M3w5NDQwMTV8MHwxfHNlYXJjaHwyMDB8fG1hbiUyMGZhY2UlMjBjbG9zZXVwfGVufDB8fHx8MTc3ODA2NTIwOXww&ixlib=rb-4.1.0&q=80&w=1080,REAL,Female,18-25
711,https://images.unsplash.com/photo-1594903834278-706bdd91fdaa?crop=entropy&cs=tinysrgb&fit=max&fm=jpg&ixid=M3w5NDQwMTV8MHwxfHNlYXJjaHwyMDF8fG1hbiUyMGZhY2UlMjBjbG9zZXVwfGVufDB8fHx8MTc3ODA2NTIwOXww&ixlib=rb-4.1.0&q=80&w=1080,REAL,Female,18-25
712,https://images.unsplash.com/photo-1619069991208-c132aa634555?crop=entropy&cs=tinysrgb&fit=max&fm=jpg&ixid=M3w5NDQwMTV8MHwxfHNlYXJjaHwyMDJ8fG1hbiUyMGZhY2UlMjBjbG9zZXVwfGVufDB8fHx8MTc3ODA2NTIwOXww&ixlib=rb-4.1.0&q=80&w=1080,REAL,Unknown,26-35
713,https://images.unsplash.com/photo-1770210982109-04330651c310?crop=entropy&cs=tinysrgb&fit=max&fm=jpg&ixid=M3w5NDQwMTV8MHwxfHNlYXJjaHwyMDN8fG1hbiUyMGZhY2UlMjBjbG9zZXVwfGVufDB8fHx8MTc3ODA2NTIwOXww&ixlib=rb-4.1.0&q=80&w=1080,REAL,Female,36-50
714,https://images.unsplash.com/photo-1610767619432-4e743ac123cb?crop=entropy&cs=tinysrgb&fit=max&fm=jpg&ixid=M3w5NDQwMTV8MHwxfHNlYXJjaHwyMDR8fG1hbiUyMGZhY2UlMjBjbG9zZXVwfGVufDB8fHx8MTc3ODA2NTIwOXww&ixlib=rb-4.1.0&q=80&w=1080,REAL,Female,18-25
715,https://images.unsplash.com/photo-1511109918392-06b364875b26?crop=entropy&cs=tinysrgb&fit=max&fm=jpg&ixid=M3w5NDQwMTV8MHwxfHNlYXJjaHwyMDV8fG1hbiUyMGZhY2UlMjBjbG9zZXVwfGVufDB8fHx8MTc3ODA2NTIwOXww&ixlib=rb-4.1.0&q=80&w=1080,REAL,Female,50+
716,https://images.unsplash.com/photo-1552748062-9e1cb5534ef3?crop=entropy&cs=tinysrgb&fit=max&fm=jpg&ixid=M3w5NDQwMTV8MHwxfHNlYXJjaHwyMDZ8fG1hbiUyMGZhY2UlMjBjbG9zZXVwfGVufDB8fHx8MTc3ODA2NTIwOXww&ixlib=rb-4.1.0&q=80&w=1080,REAL,Unknown,36-50
717,https://images.unsplash.com/photo-1636405048352-ce817d760b9e?crop=entropy&cs=tinysrgb&fit=max&fm=jpg&ixid=M3w5NDQwMTV8MHwxfHNlYXJjaHwyMDd8fG1hbiUyMGZhY2UlMjBjbG9zZXVwfGVufDB8fHx8MTc3ODA2NTIwOXww&ixlib=rb-4.1.0&q=80&w=1080,REAL,Female,36-50
718,https://images.unsplash.com/photo-1581090466739-3086536d6935?crop=entropy&cs=tinysrgb&fit=max&fm=jpg&ixid=M3w5NDQwMTV8MHwxfHNlYXJjaHwyMDh8fG1hbiUyMGZhY2UlMjBjbG9zZXVwfGVufDB8fHx8MTc3ODA2NTIwOXww&ixlib=rb-4.1.0&q=80&w=1080,REAL,Female,18-25
719,https://images.unsplash.com/photo-1740948267260-a738065a4b66?crop=entropy&cs=tinysrgb&fit=max&fm=jpg&ixid=M3w5NDQwMTV8MHwxfHNlYXJjaHwyMDl8fG1hbiUyMGZhY2UlMjBjbG9zZXVwfGVufDB8fHx8MTc3ODA2NTIwOXww&ixlib=rb-4.1.0&q=80&w=1080,REAL,Female,50+
720,https://images.unsplash.com/photo-1626691319785-34adb1573cd7?crop=entropy&cs=tinysrgb&fit=max&fm=jpg&ixid=M3w5NDQwMTV8MHwxfHNlYXJjaHwyMTB8fG1hbiUyMGZhY2UlMjBjbG9zZXVwfGVufDB8fHx8MTc3ODA2NTIwOXww&ixlib=rb-4.1.0&q=80&w=1080,REAL,Unknown,50+
721,https://images.unsplash.com/photo-1513483460609-1c8a505ea990?crop=entropy&cs=tinysrgb&fit=max&fm=jpg&ixid=M3w5NDQwMTV8MHwxfHNlYXJjaHwyMTF8fG1hbiUyMGZhY2UlMjBjbG9zZXVwfGVufDB8fHx8MTc3ODA2NTIxMXww&ixlib=rb-4.1.0&q=80&w=1080,REAL,Male,26-35
722,https://images.unsplash.com/photo-1589221144674-e0ff116997f7?crop=entropy&cs=tinysrgb&fit=max&fm=jpg&ixid=M3w5NDQwMTV8MHwxfHNlYXJjaHwyMTJ8fG1hbiUyMGZhY2UlMjBjbG9zZXVwfGVufDB8fHx8MTc3ODA2NTIxMXww&ixlib=rb-4.1.0&q=80&w=1080,REAL,Male,36-50
723,https://images.unsplash.com/photo-1626691321519-84628b9ea9c9?crop=entropy&cs=tinysrgb&fit=max&fm=jpg&ixid=M3w5NDQwMTV8MHwxfHNlYXJjaHwyMTN8fG1hbiUyMGZhY2UlMjBjbG9zZXVwfGVufDB8fHx8MTc3ODA2NTIxMXww&ixlib=rb-4.1.0&q=80&w=1080,REAL,Female,18-25
724,https://images.unsplash.com/photo-1677962750686-ac7c014aad08?crop=entropy&cs=tinysrgb&fit=max&fm=jpg&ixid=M3w5NDQwMTV8MHwxfHNlYXJjaHwyMTR8fG1hbiUyMGZhY2UlMjBjbG9zZXVwfGVufDB8fHx8MTc3ODA2NTIxMXww&ixlib=rb-4.1.0&q=80&w=1080,REAL,Female,18-25
725,https://images.unsplash.com/photo-1626691322132-9f48da142f38?crop=entropy&cs=tinysrgb&fit=max&fm=jpg&ixid=M3w5NDQwMTV8MHwxfHNlYXJjaHwyMTV8fG1hbiUyMGZhY2UlMjBjbG9zZXVwfGVufDB8fHx8MTc3ODA2NTIxMXww&ixlib=rb-4.1.0&q=80&w=1080,REAL,Male,18-25
726,https://images.unsplash.com/photo-1582233479366-6d38bc390a08?crop=entropy&cs=tinysrgb&fit=max&fm=jpg&ixid=M3w5NDQwMTV8MHwxfHNlYXJjaHwyMTZ8fG1hbiUyMGZhY2UlMjBjbG9zZXVwfGVufDB8fHx8MTc3ODA2NTIxMXww&ixlib=rb-4.1.0&q=80&w=1080,REAL,Unknown,26-35
727,https://images.unsplash.com/photo-1733910578434-a8569d13d26d?crop=entropy&cs=tinysrgb&fit=max&fm=jpg&ixid=M3w5NDQwMTV8MHwxfHNlYXJjaHwyMTd8fG1hbiUyMGZhY2UlMjBjbG9zZXVwfGVufDB8fHx8MTc3ODA2NTIxMXww&ixlib=rb-4.1.0&q=80&w=1080,REAL,Unknown,18-25
728,https://images.unsplash.com/photo-1767607721203-8d345123f5bd?crop=entropy&cs=tinysrgb&fit=max&fm=jpg&ixid=M3w5NDQwMTV8MHwxfHNlYXJjaHwyMTh8fG1hbiUyMGZhY2UlMjBjbG9zZXVwfGVufDB8fHx8MTc3ODA2NTIxMXww&ixlib=rb-4.1.0&q=80&w=1080,REAL,Female,26-35
729,https://images.unsplash.com/photo-1484640916974-18503b9b0af6?crop=entropy&cs=tinysrgb&fit=max&fm=jpg&ixid=M3w5NDQwMTV8MHwxfHNlYXJjaHwyMTl8fG1hbiUyMGZhY2UlMjBjbG9zZXVwfGVufDB8fHx8MTc3ODA2NTIxMXww&ixlib=rb-4.1.0&q=80&w=1080,REAL,Unknown,26-35
730,https://images.unsplash.com/photo-1615848266524-c1e03af5f4cf?crop=entropy&cs=tinysrgb&fit=max&fm=jpg&ixid=M3w5NDQwMTV8MHwxfHNlYXJjaHwyMjB8fG1hbiUyMGZhY2UlMjBjbG9zZXVwfGVufDB8fHx8MTc3ODA2NTIxMXww&ixlib=rb-4.1.0&q=80&w=1080,REAL,Unknown,18-25
731,https://images.unsplash.com/photo-1610202961060-fcb8e5191edf?crop=entropy&cs=tinysrgb&fit=max&fm=jpg&ixid=M3w5NDQwMTV8MHwxfHNlYXJjaHwyMjF8fG1hbiUyMGZhY2UlMjBjbG9zZXVwfGVufDB8fHx8MTc3ODA2NTIxMXww&ixlib=rb-4.1.0&q=80&w=1080,REAL,Female,18-25
732,https://images.unsplash.com/photo-1496767981234-235c318a7b32?crop=entropy&cs=tinysrgb&fit=max&fm=jpg&ixid=M3w5NDQwMTV8MHwxfHNlYXJjaHwyMjJ8fG1hbiUyMGZhY2UlMjBjbG9zZXVwfGVufDB8fHx8MTc3ODA2NTIxMXww&ixlib=rb-4.1.0&q=80&w=1080,REAL,Male,36-50
733,https://images.unsplash.com/photo-1767939641721-90fe0a9c3374?crop=entropy&cs=tinysrgb&fit=max&fm=jpg&ixid=M3w5NDQwMTV8MHwxfHNlYXJjaHwyMjN8fG1hbiUyMGZhY2UlMjBjbG9zZXVwfGVufDB8fHx8MTc3ODA2NTIxMXww&ixlib=rb-4.1.0&q=80&w=1080,REAL,Male,18-25
734,https://images.unsplash.com/photo-1595979485160-808eaefcc314?crop=entropy&cs=tinysrgb&fit=max&fm=jpg&ixid=M3w5NDQwMTV8MHwxfHNlYXJjaHwyMjR8fG1hbiUyMGZhY2UlMjBjbG9zZXVwfGVufDB8fHx8MTc3ODA2NTIxMXww&ixlib=rb-4.1.0&q=80&w=1080,REAL,Unknown,50+
735,https://images.unsplash.com/photo-1634550541825-6c5b579a9550?crop=entropy&cs=tinysrgb&fit=max&fm=jpg&ixid=M3w5NDQwMTV8MHwxfHNlYXJjaHwyMjV8fG1hbiUyMGZhY2UlMjBjbG9zZXVwfGVufDB8fHx8MTc3ODA2NTIxMXww&ixlib=rb-4.1.0&q=80&w=1080,REAL,Male,50+
736,https://images.unsplash.com/photo-1637334673001-a2120b0b2326?crop=entropy&cs=tinysrgb&fit=max&fm=jpg&ixid=M3w5NDQwMTV8MHwxfHNlYXJjaHwyMjZ8fG1hbiUyMGZhY2UlMjBjbG9zZXVwfGVufDB8fHx8MTc3ODA2NTIxMXww&ixlib=rb-4.1.0&q=80&w=1080,REAL,Female,36-50
737,https://images.unsplash.com/photo-1643129370086-66990584902d?crop=entropy&cs=tinysrgb&fit=max&fm=jpg&ixid=M3w5NDQwMTV8MHwxfHNlYXJjaHwyMjd8fG1hbiUyMGZhY2UlMjBjbG9zZXVwfGVufDB8fHx8MTc3ODA2NTIxMXww&ixlib=rb-4.1.0&q=80&w=1080,REAL,Female,18-25
738,https://images.unsplash.com/photo-1673410623015-6b2d1894fcaa?crop=entropy&cs=tinysrgb&fit=max&fm=jpg&ixid=M3w5NDQwMTV8MHwxfHNlYXJjaHwyMjh8fG1hbiUyMGZhY2UlMjBjbG9zZXVwfGVufDB8fHx8MTc3ODA2NTIxMXww&ixlib=rb-4.1.0&q=80&w=1080,REAL,Male,50+
739,https://images.unsplash.com/photo-1515190962763-c7cd8b16b25c?crop=entropy&cs=tinysrgb&fit=max&fm=jpg&ixid=M3w5NDQwMTV8MHwxfHNlYXJjaHwyMjl8fG1hbiUyMGZhY2UlMjBjbG9zZXVwfGVufDB8fHx8MTc3ODA2NTIxMXww&ixlib=rb-4.1.0&q=80&w=1080,REAL,Female,50+
740,https://images.unsplash.com/photo-1756802522304-51a9236f902a?crop=entropy&cs=tinysrgb&fit=max&fm=jpg&ixid=M3w5NDQwMTV8MHwxfHNlYXJjaHwyMzB8fG1hbiUyMGZhY2UlMjBjbG9zZXVwfGVufDB8fHx8MTc3ODA2NTIxMXww&ixlib=rb-4.1.0&q=80&w=1080,REAL,Male,18-25
741,https://images.unsplash.com/photo-1616651630898-d140eff5efa5?crop=entropy&cs=tinysrgb&fit=max&fm=jpg&ixid=M3w5NDQwMTV8MHwxfHNlYXJjaHwyMzF8fG1hbiUyMGZhY2UlMjBjbG9zZXVwfGVufDB8fHx8MTc3ODA2NTIxMXww&ixlib=rb-4.1.0&q=80&w=1080,REAL,Male,18-25
742,https://images.unsplash.com/photo-1622977531769-69b95e953e35?crop=entropy&cs=tinysrgb&fit=max&fm=jpg&ixid=M3w5NDQwMTV8MHwxfHNlYXJjaHwyMzJ8fG1hbiUyMGZhY2UlMjBjbG9zZXVwfGVufDB8fHx8MTc3ODA2NTIxMXww&ixlib=rb-4.1.0&q=80&w=1080,REAL,Unknown,50+
743,https://images.unsplash.com/photo-1597985878218-bd8e6fb5881c?crop=entropy&cs=tinysrgb&fit=max&fm=jpg&ixid=M3w5NDQwMTV8MHwxfHNlYXJjaHwyMzN8fG1hbiUyMGZhY2UlMjBjbG9zZXVwfGVufDB8fHx8MTc3ODA2NTIxMXww&ixlib=rb-4.1.0&q=80&w=1080,REAL,Unknown,36-50
744,https://images.unsplash.com/photo-1627338852279-b81867ac4b72?crop=entropy&cs=tinysrgb&fit=max&fm=jpg&ixid=M3w5NDQwMTV8MHwxfHNlYXJjaHwyMzR8fG1hbiUyMGZhY2UlMjBjbG9zZXVwfGVufDB8fHx8MTc3ODA2NTIxMXww&ixlib=rb-4.1.0&q=80&w=1080,REAL,Male,18-25
745,https://images.unsplash.com/photo-1652544108276-f44c237c2c3c?crop=entropy&cs=tinysrgb&fit=max&fm=jpg&ixid=M3w5NDQwMTV8MHwxfHNlYXJjaHwyMzV8fG1hbiUyMGZhY2UlMjBjbG9zZXVwfGVufDB8fHx8MTc3ODA2NTIxMXww&ixlib=rb-4.1.0&q=80&w=1080,REAL,Male,26-35
746,https://images.unsplash.com/photo-1639033162421-0c8b243c3dc7?crop=entropy&cs=tinysrgb&fit=max&fm=jpg&ixid=M3w5NDQwMTV8MHwxfHNlYXJjaHwyMzZ8fG1hbiUyMGZhY2UlMjBjbG9zZXVwfGVufDB8fHx8MTc3ODA2NTIxMXww&ixlib=rb-4.1.0&q=80&w=1080,REAL,Male,26-35
747,https://images.unsplash.com/photo-1775219589116-f94b0ef68888?crop=entropy&cs=tinysrgb&fit=max&fm=jpg&ixid=M3w5NDQwMTV8MHwxfHNlYXJjaHwyMzd8fG1hbiUyMGZhY2UlMjBjbG9zZXVwfGVufDB8fHx8MTc3ODA2NTIxMXww&ixlib=rb-4.1.0&q=80&w=1080,REAL,Unknown,26-35
748,https://images.unsplash.com/photo-1508682359866-c8ea077eb90b?crop=entropy&cs=tinysrgb&fit=max&fm=jpg&ixid=M3w5NDQwMTV8MHwxfHNlYXJjaHwyMzh8fG1hbiUyMGZhY2UlMjBjbG9zZXVwfGVufDB8fHx8MTc3ODA2NTIxMXww&ixlib=rb-4.1.0&q=80&w=1080,REAL,Female,36-50
749,https://images.unsplash.com/photo-1758874383973-83166565759c?crop=entropy&cs=tinysrgb&fit=max&fm=jpg&ixid=M3w5NDQwMTV8MHwxfHNlYXJjaHwyMzl8fG1hbiUyMGZhY2UlMjBjbG9zZXVwfGVufDB8fHx8MTc3ODA2NTIxMXww&ixlib=rb-4.1.0&q=80&w=1080,REAL,Unknown,36-50
750,https://images.unsplash.com/photo-1533387912059-6044599bc4c5?crop=entropy&cs=tinysrgb&fit=max&fm=jpg&ixid=M3w5NDQwMTV8MHwxfHNlYXJjaHwyNDB8fG1hbiUyMGZhY2UlMjBjbG9zZXVwfGVufDB8fHx8MTc3ODA2NTIxMXww&ixlib=rb-4.1.0&q=80&w=1080,REAL,Female,26-35
751,https://images.unsplash.com/photo-1571262624963-c03bdef13a33?crop=entropy&cs=tinysrgb&fit=max&fm=jpg&ixid=M3w5NDQwMTV8MHwxfHNlYXJjaHwyNDF8fG1hbiUyMGZhY2UlMjBjbG9zZXVwfGVufDB8fHx8MTc3ODA2NTIxM3ww&ixlib=rb-4.1.0&q=80&w=1080,REAL,Male,50+
752,https://images.unsplash.com/photo-1639033163054-a1f744bea5ed?crop=entropy&cs=tinysrgb&fit=max&fm=jpg&ixid=M3w5NDQwMTV8MHwxfHNlYXJjaHwyNDJ8fG1hbiUyMGZhY2UlMjBjbG9zZXVwfGVufDB8fHx8MTc3ODA2NTIxM3ww&ixlib=rb-4.1.0&q=80&w=1080,REAL,Male,26-35
753,https://images.unsplash.com/photo-1730173728310-dc07a9374ced?crop=entropy&cs=tinysrgb&fit=max&fm=jpg&ixid=M3w5NDQwMTV8MHwxfHNlYXJjaHwyNDN8fG1hbiUyMGZhY2UlMjBjbG9zZXVwfGVufDB8fHx8MTc3ODA2NTIxM3ww&ixlib=rb-4.1.0&q=80&w=1080,REAL,Male,36-50
754,https://images.unsplash.com/photo-1617925357862-706bccbcf0bd?crop=entropy&cs=tinysrgb&fit=max&fm=jpg&ixid=M3w5NDQwMTV8MHwxfHNlYXJjaHwyNDR8fG1hbiUyMGZhY2UlMjBjbG9zZXVwfGVufDB8fHx8MTc3ODA2NTIxM3ww&ixlib=rb-4.1.0&q=80&w=1080,REAL,Male,50+
755,https://images.unsplash.com/photo-1625394606058-dadebd822447?crop=entropy&cs=tinysrgb&fit=max&fm=jpg&ixid=M3w5NDQwMTV8MHwxfHNlYXJjaHwyNDV8fG1hbiUyMGZhY2UlMjBjbG9zZXVwfGVufDB8fHx8MTc3ODA2NTIxM3ww&ixlib=rb-4.1.0&q=80&w=1080,REAL,Female,18-25
756,https://images.unsplash.com/photo-1500619698949-1e9d64ba7110?crop=entropy&cs=tinysrgb&fit=max&fm=jpg&ixid=M3w5NDQwMTV8MHwxfHNlYXJjaHwyNDZ8fG1hbiUyMGZhY2UlMjBjbG9zZXVwfGVufDB8fHx8MTc3ODA2NTIxM3ww&ixlib=rb-4.1.0&q=80&w=1080,REAL,Unknown,36-50
757,https://images.unsplash.com/photo-1672167922616-c509b985521e?crop=entropy&cs=tinysrgb&fit=max&fm=jpg&ixid=M3w5NDQwMTV8MHwxfHNlYXJjaHwyNDd8fG1hbiUyMGZhY2UlMjBjbG9zZXVwfGVufDB8fHx8MTc3ODA2NTIxM3ww&ixlib=rb-4.1.0&q=80&w=1080,REAL,Male,36-50
758,https://images.unsplash.com/photo-1553198006-8f63e9ee0ae9?crop=entropy&cs=tinysrgb&fit=max&fm=jpg&ixid=M3w5NDQwMTV8MHwxfHNlYXJjaHwyNDh8fG1hbiUyMGZhY2UlMjBjbG9zZXVwfGVufDB8fHx8MTc3ODA2NTIxM3ww&ixlib=rb-4.1.0&q=80&w=1080,REAL,Unknown,36-50
759,https://images.unsplash.com/photo-1678816439182-d7c3f5b4913a?crop=entropy&cs=tinysrgb&fit=max&fm=jpg&ixid=M3w5NDQwMTV8MHwxfHNlYXJjaHwyNDl8fG1hbiUyMGZhY2UlMjBjbG9zZXVwfGVufDB8fHx8MTc3ODA2NTIxM3ww&ixlib=rb-4.1.0&q=80&w=1080,REAL,Unknown,36-50
760,https://images.unsplash.com/photo-1661859425965-0dc4dd6fb907?crop=entropy&cs=tinysrgb&fit=max&fm=jpg&ixid=M3w5NDQwMTV8MHwxfHNlYXJjaHwyNTB8fG1hbiUyMGZhY2UlMjBjbG9zZXVwfGVufDB8fHx8MTc3ODA2NTIxM3ww&ixlib=rb-4.1.0&q=80&w=1080,REAL,Female,18-25
761,https://images.unsplash.com/photo-1659223165847-f131ed27941c?crop=entropy&cs=tinysrgb&fit=max&fm=jpg&ixid=M3w5NDQwMTV8MHwxfHNlYXJjaHwyNTF8fG1hbiUyMGZhY2UlMjBjbG9zZXVwfGVufDB8fHx8MTc3ODA2NTIxM3ww&ixlib=rb-4.1.0&q=80&w=1080,REAL,Unknown,50+
762,https://images.unsplash.com/photo-1658702157657-cb67f8268f38?crop=entropy&cs=tinysrgb&fit=max&fm=jpg&ixid=M3w5NDQwMTV8MHwxfHNlYXJjaHwyNTJ8fG1hbiUyMGZhY2UlMjBjbG9zZXVwfGVufDB8fHx8MTc3ODA2NTIxM3ww&ixlib=rb-4.1.0&q=80&w=1080,REAL,Male,36-50
763,https://images.unsplash.com/photo-1545518557-10d868430452?crop=entropy&cs=tinysrgb&fit=max&fm=jpg&ixid=M3w5NDQwMTV8MHwxfHNlYXJjaHwyNTN8fG1hbiUyMGZhY2UlMjBjbG9zZXVwfGVufDB8fHx8MTc3ODA2NTIxM3ww&ixlib=rb-4.1.0&q=80&w=1080,REAL,Female,36-50
764,https://images.unsplash.com/photo-1603297430243-9acf4f078372?crop=entropy&cs=tinysrgb&fit=max&fm=jpg&ixid=M3w5NDQwMTV8MHwxfHNlYXJjaHwyNTR8fG1hbiUyMGZhY2UlMjBjbG9zZXVwfGVufDB8fHx8MTc3ODA2NTIxM3ww&ixlib=rb-4.1.0&q=80&w=1080,REAL,Female,18-25
765,https://images.unsplash.com/photo-1603297430329-258045765c4a?crop=entropy&cs=tinysrgb&fit=max&fm=jpg&ixid=M3w5NDQwMTV8MHwxfHNlYXJjaHwyNTV8fG1hbiUyMGZhY2UlMjBjbG9zZXVwfGVufDB8fHx8MTc3ODA2NTIxM3ww&ixlib=rb-4.1.0&q=80&w=1080,REAL,Male,18-25
766,https://images.unsplash.com/photo-1508840719973-8737865a8eb6?crop=entropy&cs=tinysrgb&fit=max&fm=jpg&ixid=M3w5NDQwMTV8MHwxfHNlYXJjaHwyNTZ8fG1hbiUyMGZhY2UlMjBjbG9zZXVwfGVufDB8fHx8MTc3ODA2NTIxM3ww&ixlib=rb-4.1.0&q=80&w=1080,REAL,Unknown,18-25
767,https://images.unsplash.com/photo-1761144863268-219ece9568ce?crop=entropy&cs=tinysrgb&fit=max&fm=jpg&ixid=M3w5NDQwMTV8MHwxfHNlYXJjaHwyNTd8fG1hbiUyMGZhY2UlMjBjbG9zZXVwfGVufDB8fHx8MTc3ODA2NTIxM3ww&ixlib=rb-4.1.0&q=80&w=1080,REAL,Male,18-25
768,https://images.unsplash.com/photo-1609231443127-7e1e4c672ece?crop=entropy&cs=tinysrgb&fit=max&fm=jpg&ixid=M3w5NDQwMTV8MHwxfHNlYXJjaHwyNTh8fG1hbiUyMGZhY2UlMjBjbG9zZXVwfGVufDB8fHx8MTc3ODA2NTIxM3ww&ixlib=rb-4.1.0&q=80&w=1080,REAL,Unknown,18-25
769,https://images.unsplash.com/photo-1712744626380-1784362267a0?crop=entropy&cs=tinysrgb&fit=max&fm=jpg&ixid=M3w5NDQwMTV8MHwxfHNlYXJjaHwyNTl8fG1hbiUyMGZhY2UlMjBjbG9zZXVwfGVufDB8fHx8MTc3ODA2NTIxM3ww&ixlib=rb-4.1.0&q=80&w=1080,REAL,Female,26-35
770,https://images.unsplash.com/photo-1761397681665-71d443325886?crop=entropy&cs=tinysrgb&fit=max&fm=jpg&ixid=M3w5NDQwMTV8MHwxfHNlYXJjaHwyNjB8fG1hbiUyMGZhY2UlMjBjbG9zZXVwfGVufDB8fHx8MTc3ODA2NTIxM3ww&ixlib=rb-4.1.0&q=80&w=1080,REAL,Unknown,50+
771,https://images.unsplash.com/photo-1650038132376-5bb0e549e19f?crop=entropy&cs=tinysrgb&fit=max&fm=jpg&ixid=M3w5NDQwMTV8MHwxfHNlYXJjaHwyNjF8fG1hbiUyMGZhY2UlMjBjbG9zZXVwfGVufDB8fHx8MTc3ODA2NTIxM3ww&ixlib=rb-4.1.0&q=80&w=1080,REAL,Female,18-25
772,https://images.unsplash.com/photo-1543229912-d69e86dc1dc2?crop=entropy&cs=tinysrgb&fit=max&fm=jpg&ixid=M3w5NDQwMTV8MHwxfHNlYXJjaHwyNjJ8fG1hbiUyMGZhY2UlMjBjbG9zZXVwfGVufDB8fHx8MTc3ODA2NTIxM3ww&ixlib=rb-4.1.0&q=80&w=1080,REAL,Male,50+
773,https://images.unsplash.com/flagged/photo-1553705874-59507d79cc60?crop=entropy&cs=tinysrgb&fit=max&fm=jpg&ixid=M3w5NDQwMTV8MHwxfHNlYXJjaHwyNjN8fG1hbiUyMGZhY2UlMjBjbG9zZXVwfGVufDB8fHx8MTc3ODA2NTIxM3ww&ixlib=rb-4.1.0&q=80&w=1080,REAL,Female,50+
774,https://images.unsplash.com/photo-1611063507812-3f9eea0b46e7?crop=entropy&cs=tinysrgb&fit=max&fm=jpg&ixid=M3w5NDQwMTV8MHwxfHNlYXJjaHwyNjR8fG1hbiUyMGZhY2UlMjBjbG9zZXVwfGVufDB8fHx8MTc3ODA2NTIxM3ww&ixlib=rb-4.1.0&q=80&w=1080,REAL,Female,36-50
775,https://images.unsplash.com/photo-1600888682820-685d243aab55?crop=entropy&cs=tinysrgb&fit=max&fm=jpg&ixid=M3w5NDQwMTV8MHwxfHNlYXJjaHwyNjV8fG1hbiUyMGZhY2UlMjBjbG9zZXVwfGVufDB8fHx8MTc3ODA2NTIxM3ww&ixlib=rb-4.1.0&q=80&w=1080,REAL,Male,36-50
776,https://images.unsplash.com/photo-1594070351510-ee2abdc06e09?crop=entropy&cs=tinysrgb&fit=max&fm=jpg&ixid=M3w5NDQwMTV8MHwxfHNlYXJjaHwyNjZ8fG1hbiUyMGZhY2UlMjBjbG9zZXVwfGVufDB8fHx8MTc3ODA2NTIxM3ww&ixlib=rb-4.1.0&q=80&w=1080,REAL,Unknown,18-25
777,https://images.unsplash.com/photo-1776998584268-c6d0d6cfbfa7?crop=entropy&cs=tinysrgb&fit=max&fm=jpg&ixid=M3w5NDQwMTV8MHwxfHNlYXJjaHwyNjd8fG1hbiUyMGZhY2UlMjBjbG9zZXVwfGVufDB8fHx8MTc3ODA2NTIxM3ww&ixlib=rb-4.1.0&q=80&w=1080,REAL,Unknown,18-25
778,https://images.unsplash.com/photo-1603002885331-577f1751959b?crop=entropy&cs=tinysrgb&fit=max&fm=jpg&ixid=M3w5NDQwMTV8MHwxfHNlYXJjaHwyNjh8fG1hbiUyMGZhY2UlMjBjbG9zZXVwfGVufDB8fHx8MTc3ODA2NTIxM3ww&ixlib=rb-4.1.0&q=80&w=1080,REAL,Unknown,18-25
779,https://images.unsplash.com/photo-1636692323826-0cfb4d41ef42?crop=entropy&cs=tinysrgb&fit=max&fm=jpg&ixid=M3w5NDQwMTV8MHwxfHNlYXJjaHwyNjl8fG1hbiUyMGZhY2UlMjBjbG9zZXVwfGVufDB8fHx8MTc3ODA2NTIxM3ww&ixlib=rb-4.1.0&q=80&w=1080,REAL,Male,36-50
780,https://images.unsplash.com/photo-1758598497201-b1c9a1661bd9?crop=entropy&cs=tinysrgb&fit=max&fm=jpg&ixid=M3w5NDQwMTV8MHwxfHNlYXJjaHwyNzB8fG1hbiUyMGZhY2UlMjBjbG9zZXVwfGVufDB8fHx8MTc3ODA2NTIxM3ww&ixlib=rb-4.1.0&q=80&w=1080,REAL,Unknown,50+
781,https://images.unsplash.com/photo-1652883254451-a7c2b94cc35b?crop=entropy&cs=tinysrgb&fit=max&fm=jpg&ixid=M3w5NDQwMTV8MHwxfHNlYXJjaHwyNzF8fG1hbiUyMGZhY2UlMjBjbG9zZXVwfGVufDB8fHx8MTc3ODA2NTIxNnww&ixlib=rb-4.1.0&q=80&w=1080,REAL,Female,18-25
782,https://images.unsplash.com/photo-1540542432937-2749263b64fa?crop=entropy&cs=tinysrgb&fit=max&fm=jpg&ixid=M3w5NDQwMTV8MHwxfHNlYXJjaHwyNzJ8fG1hbiUyMGZhY2UlMjBjbG9zZXVwfGVufDB8fHx8MTc3ODA2NTIxNnww&ixlib=rb-4.1.0&q=80&w=1080,REAL,Female,18-25
783,https://images.unsplash.com/photo-1615890223236-932d93e2ae05?crop=entropy&cs=tinysrgb&fit=max&fm=jpg&ixid=M3w5NDQwMTV8MHwxfHNlYXJjaHwyNzN8fG1hbiUyMGZhY2UlMjBjbG9zZXVwfGVufDB8fHx8MTc3ODA2NTIxNnww&ixlib=rb-4.1.0&q=80&w=1080,REAL,Unknown,26-35
784,https://images.unsplash.com/photo-1746721705060-4c8f955f317c?crop=entropy&cs=tinysrgb&fit=max&fm=jpg&ixid=M3w5NDQwMTV8MHwxfHNlYXJjaHwyNzR8fG1hbiUyMGZhY2UlMjBjbG9zZXVwfGVufDB8fHx8MTc3ODA2NTIxNnww&ixlib=rb-4.1.0&q=80&w=1080,REAL,Female,50+
785,https://images.unsplash.com/photo-1636031479085-e7e34e7ad857?crop=entropy&cs=tinysrgb&fit=max&fm=jpg&ixid=M3w5NDQwMTV8MHwxfHNlYXJjaHwyNzV8fG1hbiUyMGZhY2UlMjBjbG9zZXVwfGVufDB8fHx8MTc3ODA2NTIxNnww&ixlib=rb-4.1.0&q=80&w=1080,REAL,Unknown,18-25
786,https://images.unsplash.com/photo-1581843499195-96cdd9824706?crop=entropy&cs=tinysrgb&fit=max&fm=jpg&ixid=M3w5NDQwMTV8MHwxfHNlYXJjaHwyNzZ8fG1hbiUyMGZhY2UlMjBjbG9zZXVwfGVufDB8fHx8MTc3ODA2NTIxNnww&ixlib=rb-4.1.0&q=80&w=1080,REAL,Male,18-25
787,https://images.unsplash.com/photo-1649428627389-c9be62583f68?crop=entropy&cs=tinysrgb&fit=max&fm=jpg&ixid=M3w5NDQwMTV8MHwxfHNlYXJjaHwyNzd8fG1hbiUyMGZhY2UlMjBjbG9zZXVwfGVufDB8fHx8MTc3ODA2NTIxNnww&ixlib=rb-4.1.0&q=80&w=1080,REAL,Unknown,18-25
788,https://images.unsplash.com/photo-1775219588608-9191846e6da3?crop=entropy&cs=tinysrgb&fit=max&fm=jpg&ixid=M3w5NDQwMTV8MHwxfHNlYXJjaHwyNzh8fG1hbiUyMGZhY2UlMjBjbG9zZXVwfGVufDB8fHx8MTc3ODA2NTIxNnww&ixlib=rb-4.1.0&q=80&w=1080,REAL,Female,18-25
789,https://images.unsplash.com/photo-1612719795150-b2971839afbe?crop=entropy&cs=tinysrgb&fit=max&fm=jpg&ixid=M3w5NDQwMTV8MHwxfHNlYXJjaHwyNzl8fG1hbiUyMGZhY2UlMjBjbG9zZXVwfGVufDB8fHx8MTc3ODA2NTIxNnww&ixlib=rb-4.1.0&q=80&w=1080,REAL,Male,26-35
790,https://images.unsplash.com/photo-1646734035877-4230056cea09?crop=entropy&cs=tinysrgb&fit=max&fm=jpg&ixid=M3w5NDQwMTV8MHwxfHNlYXJjaHwyODB8fG1hbiUyMGZhY2UlMjBjbG9zZXVwfGVufDB8fHx8MTc3ODA2NTIxNnww&ixlib=rb-4.1.0&q=80&w=1080,REAL,Unknown,18-25
791,https://images.unsplash.com/photo-1607017137021-5dc7e8cd4317?crop=entropy&cs=tinysrgb&fit=max&fm=jpg&ixid=M3w5NDQwMTV8MHwxfHNlYXJjaHwyODF8fG1hbiUyMGZhY2UlMjBjbG9zZXVwfGVufDB8fHx8MTc3ODA2NTIxNnww&ixlib=rb-4.1.0&q=80&w=1080,REAL,Female,26-35
792,https://images.unsplash.com/photo-1566759866053-442833810178?crop=entropy&cs=tinysrgb&fit=max&fm=jpg&ixid=M3w5NDQwMTV8MHwxfHNlYXJjaHwyODJ8fG1hbiUyMGZhY2UlMjBjbG9zZXVwfGVufDB8fHx8MTc3ODA2NTIxNnww&ixlib=rb-4.1.0&q=80&w=1080,REAL,Unknown,26-35
793,https://images.unsplash.com/photo-1649069601066-d77a95f621ac?crop=entropy&cs=tinysrgb&fit=max&fm=jpg&ixid=M3w5NDQwMTV8MHwxfHNlYXJjaHwyODN8fG1hbiUyMGZhY2UlMjBjbG9zZXVwfGVufDB8fHx8MTc3ODA2NTIxNnww&ixlib=rb-4.1.0&q=80&w=1080,REAL,Female,18-25
794,https://images.unsplash.com/photo-1578579462176-d17ea4857c18?crop=entropy&cs=tinysrgb&fit=max&fm=jpg&ixid=M3w5NDQwMTV8MHwxfHNlYXJjaHwyODR8fG1hbiUyMGZhY2UlMjBjbG9zZXVwfGVufDB8fHx8MTc3ODA2NTIxNnww&ixlib=rb-4.1.0&q=80&w=1080,REAL,Male,18-25
795,https://images.unsplash.com/photo-1717229769692-6a4a7de9b654?crop=entropy&cs=tinysrgb&fit=max&fm=jpg&ixid=M3w5NDQwMTV8MHwxfHNlYXJjaHwyODV8fG1hbiUyMGZhY2UlMjBjbG9zZXVwfGVufDB8fHx8MTc3ODA2NTIxNnww&ixlib=rb-4.1.0&q=80&w=1080,REAL,Female,36-50
796,https://images.unsplash.com/photo-1714118657863-2843a622718b?crop=entropy&cs=tinysrgb&fit=max&fm=jpg&ixid=M3w5NDQwMTV8MHwxfHNlYXJjaHwyODZ8fG1hbiUyMGZhY2UlMjBjbG9zZXVwfGVufDB8fHx8MTc3ODA2NTIxNnww&ixlib=rb-4.1.0&q=80&w=1080,REAL,Unknown,50+
797,https://images.unsplash.com/photo-1616468569371-2ad30a768fb1?crop=entropy&cs=tinysrgb&fit=max&fm=jpg&ixid=M3w5NDQwMTV8MHwxfHNlYXJjaHwyODd8fG1hbiUyMGZhY2UlMjBjbG9zZXVwfGVufDB8fHx8MTc3ODA2NTIxNnww&ixlib=rb-4.1.0&q=80&w=1080,REAL,Unknown,50+
798,https://images.unsplash.com/photo-1641479567742-89b589c2db8d?crop=entropy&cs=tinysrgb&fit=max&fm=jpg&ixid=M3w5NDQwMTV8MHwxfHNlYXJjaHwyODh8fG1hbiUyMGZhY2UlMjBjbG9zZXVwfGVufDB8fHx8MTc3ODA2NTIxNnww&ixlib=rb-4.1.0&q=80&w=1080,REAL,Unknown,36-50
799,https://images.unsplash.com/photo-1633077327944-11ec244dc9ca?crop=entropy&cs=tinysrgb&fit=max&fm=jpg&ixid=M3w5NDQwMTV8MHwxfHNlYXJjaHwyODl8fG1hbiUyMGZhY2UlMjBjbG9zZXVwfGVufDB8fHx8MTc3ODA2NTIxNnww&ixlib=rb-4.1.0&q=80&w=1080,REAL,Female,36-50
800,https://images.unsplash.com/photo-1591425454659-b0f601c8fce2?crop=entropy&cs=tinysrgb&fit=max&fm=jpg&ixid=M3w5NDQwMTV8MHwxfHNlYXJjaHwyOTB8fG1hbiUyMGZhY2UlMjBjbG9zZXVwfGVufDB8fHx8MTc3ODA2NTIxNnww&ixlib=rb-4.1.0&q=80&w=1080,REAL,Female,26-35
801,https://images.unsplash.com/photo-1600505570235-b30d6fe213f9?crop=entropy&cs=tinysrgb&fit=max&fm=jpg&ixid=M3w5NDQwMTV8MHwxfHNlYXJjaHwyOTF8fG1hbiUyMGZhY2UlMjBjbG9zZXVwfGVufDB8fHx8MTc3ODA2NTIxNnww&ixlib=rb-4.1.0&q=80&w=1080,REAL,Female,18-25
802,https://images.unsplash.com/photo-1577491092110-abc400137ce1?crop=entropy&cs=tinysrgb&fit=max&fm=jpg&ixid=M3w5NDQwMTV8MHwxfHNlYXJjaHwyOTJ8fG1hbiUyMGZhY2UlMjBjbG9zZXVwfGVufDB8fHx8MTc3ODA2NTIxNnww&ixlib=rb-4.1.0&q=80&w=1080,REAL,Unknown,50+
803,https://images.unsplash.com/photo-1581094360472-0e10ec8889c9?crop=entropy&cs=tinysrgb&fit=max&fm=jpg&ixid=M3w5NDQwMTV8MHwxfHNlYXJjaHwyOTN8fG1hbiUyMGZhY2UlMjBjbG9zZXVwfGVufDB8fHx8MTc3ODA2NTIxNnww&ixlib=rb-4.1.0&q=80&w=1080,REAL,Female,18-25
804,https://images.unsplash.com/photo-1602202771635-edb19b307d19?crop=entropy&cs=tinysrgb&fit=max&fm=jpg&ixid=M3w5NDQwMTV8MHwxfHNlYXJjaHwyOTR8fG1hbiUyMGZhY2UlMjBjbG9zZXVwfGVufDB8fHx8MTc3ODA2NTIxNnww&ixlib=rb-4.1.0&q=80&w=1080,REAL,Unknown,50+
805,https://images.unsplash.com/photo-1755190897791-7040dfdb988f?crop=entropy&cs=tinysrgb&fit=max&fm=jpg&ixid=M3w5NDQwMTV8MHwxfHNlYXJjaHwyOTV8fG1hbiUyMGZhY2UlMjBjbG9zZXVwfGVufDB8fHx8MTc3ODA2NTIxNnww&ixlib=rb-4.1.0&q=80&w=1080,REAL,Unknown,50+
806,https://images.unsplash.com/photo-1569001536545-4a620acee25a?crop=entropy&cs=tinysrgb&fit=max&fm=jpg&ixid=M3w5NDQwMTV8MHwxfHNlYXJjaHwyOTZ8fG1hbiUyMGZhY2UlMjBjbG9zZXVwfGVufDB8fHx8MTc3ODA2NTIxNnww&ixlib=rb-4.1.0&q=80&w=1080,REAL,Unknown,36-50
807,https://images.unsplash.com/photo-1518809595274-1471d16319b7?crop=entropy&cs=tinysrgb&fit=max&fm=jpg&ixid=M3w5NDQwMTV8MHwxfHNlYXJjaHwyOTd8fG1hbiUyMGZhY2UlMjBjbG9zZXVwfGVufDB8fHx8MTc3ODA2NTIxNnww&ixlib=rb-4.1.0&q=80&w=1080,REAL,Female,36-50
808,https://images.unsplash.com/photo-1612811861184-d156ea17be94?crop=entropy&cs=tinysrgb&fit=max&fm=jpg&ixid=M3w5NDQwMTV8MHwxfHNlYXJjaHwyOTh8fG1hbiUyMGZhY2UlMjBjbG9zZXVwfGVufDB8fHx8MTc3ODA2NTIxNnww&ixlib=rb-4.1.0&q=80&w=1080,REAL,Female,18-25
809,https://images.unsplash.com/photo-1604691423859-63e64723c6c3?crop=entropy&cs=tinysrgb&fit=max&fm=jpg&ixid=M3w5NDQwMTV8MHwxfHNlYXJjaHwyOTl8fG1hbiUyMGZhY2UlMjBjbG9zZXVwfGVufDB8fHx8MTc3ODA2NTIxNnww&ixlib=rb-4.1.0&q=80&w=1080,REAL,Unknown,26-35
810,https://images.unsplash.com/photo-1585950689374-86d54b0efd6c?crop=entropy&cs=tinysrgb&fit=max&fm=jpg&ixid=M3w5NDQwMTV8MHwxfHNlYXJjaHwzMDB8fG1hbiUyMGZhY2UlMjBjbG9zZXVwfGVufDB8fHx8MTc3ODA2NTIxNnww&ixlib=rb-4.1.0&q=80&w=1080,REAL,Unknown,50+
811,https://images.unsplash.com/photo-1517810095498-0f282469aba9?crop=entropy&cs=tinysrgb&fit=max&fm=jpg&ixid=M3w5NDQwMTV8MHwxfHNlYXJjaHwzMDF8fG1hbiUyMGZhY2UlMjBjbG9zZXVwfGVufDB8fHx8MTc3ODA2NTIxOHww&ixlib=rb-4.1.0&q=80&w=1080,REAL,Male,36-50
812,https://images.unsplash.com/photo-1754304966901-98004688fb05?crop=entropy&cs=tinysrgb&fit=max&fm=jpg&ixid=M3w5NDQwMTV8MHwxfHNlYXJjaHwzMDJ8fG1hbiUyMGZhY2UlMjBjbG9zZXVwfGVufDB8fHx8MTc3ODA2NTIxOHww&ixlib=rb-4.1.0&q=80&w=1080,REAL,Female,36-50
813,https://images.unsplash.com/photo-1559100293-a2470e7301e0?crop=entropy&cs=tinysrgb&fit=max&fm=jpg&ixid=M3w5NDQwMTV8MHwxfHNlYXJjaHwzMDN8fG1hbiUyMGZhY2UlMjBjbG9zZXVwfGVufDB8fHx8MTc3ODA2NTIxOHww&ixlib=rb-4.1.0&q=80&w=1080,REAL,Male,50+
814,https://images.unsplash.com/photo-1572979926275-0ae397d83bee?crop=entropy&cs=tinysrgb&fit=max&fm=jpg&ixid=M3w5NDQwMTV8MHwxfHNlYXJjaHwzMDR8fG1hbiUyMGZhY2UlMjBjbG9zZXVwfGVufDB8fHx8MTc3ODA2NTIxOHww&ixlib=rb-4.1.0&q=80&w=1080,REAL,Unknown,36-50
815,https://images.unsplash.com/photo-1771896768694-27a086335458?crop=entropy&cs=tinysrgb&fit=max&fm=jpg&ixid=M3w5NDQwMTV8MHwxfHNlYXJjaHwzMDV8fG1hbiUyMGZhY2UlMjBjbG9zZXVwfGVufDB8fHx8MTc3ODA2NTIxOHww&ixlib=rb-4.1.0&q=80&w=1080,REAL,Female,36-50
816,https://images.unsplash.com/photo-1649018282890-d0593f7b0989?crop=entropy&cs=tinysrgb&fit=max&fm=jpg&ixid=M3w5NDQwMTV8MHwxfHNlYXJjaHwzMDZ8fG1hbiUyMGZhY2UlMjBjbG9zZXVwfGVufDB8fHx8MTc3ODA2NTIxOHww&ixlib=rb-4.1.0&q=80&w=1080,REAL,Female,26-35
817,https://images.unsplash.com/photo-1699193995483-43d4a4525eaf?crop=entropy&cs=tinysrgb&fit=max&fm=jpg&ixid=M3w5NDQwMTV8MHwxfHNlYXJjaHwzMDd8fG1hbiUyMGZhY2UlMjBjbG9zZXVwfGVufDB8fHx8MTc3ODA2NTIxOHww&ixlib=rb-4.1.0&q=80&w=1080,REAL,Unknown,26-35
818,https://images.unsplash.com/photo-1588377976590-b0f5d831444a?crop=entropy&cs=tinysrgb&fit=max&fm=jpg&ixid=M3w5NDQwMTV8MHwxfHNlYXJjaHwzMDh8fG1hbiUyMGZhY2UlMjBjbG9zZXVwfGVufDB8fHx8MTc3ODA2NTIxOHww&ixlib=rb-4.1.0&q=80&w=1080,REAL,Unknown,26-35
819,https://images.unsplash.com/photo-1744726621156-97657fc54a9a?crop=entropy&cs=tinysrgb&fit=max&fm=jpg&ixid=M3w5NDQwMTV8MHwxfHNlYXJjaHwzMDl8fG1hbiUyMGZhY2UlMjBjbG9zZXVwfGVufDB8fHx8MTc3ODA2NTIxOHww&ixlib=rb-4.1.0&q=80&w=1080,REAL,Unknown,26-35
820,https://images.unsplash.com/photo-1607378119679-1b10e82b3704?crop=entropy&cs=tinysrgb&fit=max&fm=jpg&ixid=M3w5NDQwMTV8MHwxfHNlYXJjaHwzMTB8fG1hbiUyMGZhY2UlMjBjbG9zZXVwfGVufDB8fHx8MTc3ODA2NTIxOHww&ixlib=rb-4.1.0&q=80&w=1080,REAL,Male,18-25
821,https://images.unsplash.com/photo-1682954718462-1789b89ca643?crop=entropy&cs=tinysrgb&fit=max&fm=jpg&ixid=M3w5NDQwMTV8MHwxfHNlYXJjaHwzMTF8fG1hbiUyMGZhY2UlMjBjbG9zZXVwfGVufDB8fHx8MTc3ODA2NTIxOHww&ixlib=rb-4.1.0&q=80&w=1080,REAL,Unknown,26-35
822,https://images.unsplash.com/photo-1525797958722-0b6be58a1665?crop=entropy&cs=tinysrgb&fit=max&fm=jpg&ixid=M3w5NDQwMTV8MHwxfHNlYXJjaHwzMTJ8fG1hbiUyMGZhY2UlMjBjbG9zZXVwfGVufDB8fHx8MTc3ODA2NTIxOHww&ixlib=rb-4.1.0&q=80&w=1080,REAL,Female,50+
823,https://images.unsplash.com/photo-1627520674140-3e9328ce0ace?crop=entropy&cs=tinysrgb&fit=max&fm=jpg&ixid=M3w5NDQwMTV8MHwxfHNlYXJjaHwzMTN8fG1hbiUyMGZhY2UlMjBjbG9zZXVwfGVufDB8fHx8MTc3ODA2NTIxOHww&ixlib=rb-4.1.0&q=80&w=1080,REAL,Male,36-50
824,https://images.unsplash.com/photo-1777103329028-5e181ceb7e51?crop=entropy&cs=tinysrgb&fit=max&fm=jpg&ixid=M3w5NDQwMTV8MHwxfHNlYXJjaHwzMTR8fG1hbiUyMGZhY2UlMjBjbG9zZXVwfGVufDB8fHx8MTc3ODA2NTIxOHww&ixlib=rb-4.1.0&q=80&w=1080,REAL,Unknown,50+
825,https://images.unsplash.com/photo-1713606598304-3ee8778abe23?crop=entropy&cs=tinysrgb&fit=max&fm=jpg&ixid=M3w5NDQwMTV8MHwxfHNlYXJjaHwzMTV8fG1hbiUyMGZhY2UlMjBjbG9zZXVwfGVufDB8fHx8MTc3ODA2NTIxOHww&ixlib=rb-4.1.0&q=80&w=1080,REAL,Unknown,18-25
826,https://images.unsplash.com/photo-1571053047170-8897bf1e32db?crop=entropy&cs=tinysrgb&fit=max&fm=jpg&ixid=M3w5NDQwMTV8MHwxfHNlYXJjaHwzMTZ8fG1hbiUyMGZhY2UlMjBjbG9zZXVwfGVufDB8fHx8MTc3ODA2NTIxOHww&ixlib=rb-4.1.0&q=80&w=1080,REAL,Male,50+
827,https://images.unsplash.com/photo-1775219588643-8ae16e515028?crop=entropy&cs=tinysrgb&fit=max&fm=jpg&ixid=M3w5NDQwMTV8MHwxfHNlYXJjaHwzMTd8fG1hbiUyMGZhY2UlMjBjbG9zZXVwfGVufDB8fHx8MTc3ODA2NTIxOHww&ixlib=rb-4.1.0&q=80&w=1080,REAL,Male,26-35
828,https://images.unsplash.com/photo-1589225417472-8436b56647e0?crop=entropy&cs=tinysrgb&fit=max&fm=jpg&ixid=M3w5NDQwMTV8MHwxfHNlYXJjaHwzMTh8fG1hbiUyMGZhY2UlMjBjbG9zZXVwfGVufDB8fHx8MTc3ODA2NTIxOHww&ixlib=rb-4.1.0&q=80&w=1080,REAL,Unknown,36-50
829,https://images.unsplash.com/photo-1631881067255-446016deb8a4?crop=entropy&cs=tinysrgb&fit=max&fm=jpg&ixid=M3w5NDQwMTV8MHwxfHNlYXJjaHwzMTl8fG1hbiUyMGZhY2UlMjBjbG9zZXVwfGVufDB8fHx8MTc3ODA2NTIxOHww&ixlib=rb-4.1.0&q=80&w=1080,REAL,Male,36-50
830,https://images.unsplash.com/photo-1560820038-8417ab9669bb?crop=entropy&cs=tinysrgb&fit=max&fm=jpg&ixid=M3w5NDQwMTV8MHwxfHNlYXJjaHwzMjB8fG1hbiUyMGZhY2UlMjBjbG9zZXVwfGVufDB8fHx8MTc3ODA2NTIxOHww&ixlib=rb-4.1.0&q=80&w=1080,REAL,Male,50+
831,https://images.unsplash.com/photo-1663387114715-4cf6e89e762a?crop=entropy&cs=tinysrgb&fit=max&fm=jpg&ixid=M3w5NDQwMTV8MHwxfHNlYXJjaHwzMjF8fG1hbiUyMGZhY2UlMjBjbG9zZXVwfGVufDB8fHx8MTc3ODA2NTIxOHww&ixlib=rb-4.1.0&q=80&w=1080,REAL,Female,18-25
832,https://images.unsplash.com/photo-1517352778431-f8068bd39389?crop=entropy&cs=tinysrgb&fit=max&fm=jpg&ixid=M3w5NDQwMTV8MHwxfHNlYXJjaHwzMjJ8fG1hbiUyMGZhY2UlMjBjbG9zZXVwfGVufDB8fHx8MTc3ODA2NTIxOHww&ixlib=rb-4.1.0&q=80&w=1080,REAL,Male,26-35
833,https://images.unsplash.com/photo-1662809556629-4068241e8cd1?crop=entropy&cs=tinysrgb&fit=max&fm=jpg&ixid=M3w5NDQwMTV8MHwxfHNlYXJjaHwzMjN8fG1hbiUyMGZhY2UlMjBjbG9zZXVwfGVufDB8fHx8MTc3ODA2NTIxOHww&ixlib=rb-4.1.0&q=80&w=1080,REAL,Female,50+
834,https://images.unsplash.com/photo-1633574745797-191b3770dd09?crop=entropy&cs=tinysrgb&fit=max&fm=jpg&ixid=M3w5NDQwMTV8MHwxfHNlYXJjaHwzMjR8fG1hbiUyMGZhY2UlMjBjbG9zZXVwfGVufDB8fHx8MTc3ODA2NTIxOHww&ixlib=rb-4.1.0&q=80&w=1080,REAL,Male,26-35
835,https://images.unsplash.com/photo-1747352274986-85a38e4341e3?crop=entropy&cs=tinysrgb&fit=max&fm=jpg&ixid=M3w5NDQwMTV8MHwxfHNlYXJjaHwzMjV8fG1hbiUyMGZhY2UlMjBjbG9zZXVwfGVufDB8fHx8MTc3ODA2NTIxOHww&ixlib=rb-4.1.0&q=80&w=1080,REAL,Unknown,18-25
836,https://images.unsplash.com/photo-1559100292-aeb5a95cc6ae?crop=entropy&cs=tinysrgb&fit=max&fm=jpg&ixid=M3w5NDQwMTV8MHwxfHNlYXJjaHwzMjZ8fG1hbiUyMGZhY2UlMjBjbG9zZXVwfGVufDB8fHx8MTc3ODA2NTIxOHww&ixlib=rb-4.1.0&q=80&w=1080,REAL,Unknown,50+
837,https://images.unsplash.com/photo-1668184607899-bfbf4440d283?crop=entropy&cs=tinysrgb&fit=max&fm=jpg&ixid=M3w5NDQwMTV8MHwxfHNlYXJjaHwzMjd8fG1hbiUyMGZhY2UlMjBjbG9zZXVwfGVufDB8fHx8MTc3ODA2NTIxOHww&ixlib=rb-4.1.0&q=80&w=1080,REAL,Unknown,36-50
838,https://images.unsplash.com/photo-1560787313-5dff3307e257?crop=entropy&cs=tinysrgb&fit=max&fm=jpg&ixid=M3w5NDQwMTV8MHwxfHNlYXJjaHwzMjh8fG1hbiUyMGZhY2UlMjBjbG9zZXVwfGVufDB8fHx8MTc3ODA2NTIxOHww&ixlib=rb-4.1.0&q=80&w=1080,REAL,Female,50+
839,https://images.unsplash.com/photo-1631676173074-ae35ee1add7a?crop=entropy&cs=tinysrgb&fit=max&fm=jpg&ixid=M3w5NDQwMTV8MHwxfHNlYXJjaHwzMjl8fG1hbiUyMGZhY2UlMjBjbG9zZXVwfGVufDB8fHx8MTc3ODA2NTIxOHww&ixlib=rb-4.1.0&q=80&w=1080,REAL,Unknown,36-50
840,https://images.unsplash.com/photo-1670849878084-c1a94cd90e5c?crop=entropy&cs=tinysrgb&fit=max&fm=jpg&ixid=M3w5NDQwMTV8MHwxfHNlYXJjaHwzMzB8fG1hbiUyMGZhY2UlMjBjbG9zZXVwfGVufDB8fHx8MTc3ODA2NTIxOHww&ixlib=rb-4.1.0&q=80&w=1080,REAL,Unknown,26-35
841,https://images.unsplash.com/photo-1623004860181-70ce42daad92?crop=entropy&cs=tinysrgb&fit=max&fm=jpg&ixid=M3w5NDQwMTV8MHwxfHNlYXJjaHwzMzF8fG1hbiUyMGZhY2UlMjBjbG9zZXVwfGVufDB8fHx8MTc3ODA2NTIyMnww&ixlib=rb-4.1.0&q=80&w=1080,REAL,Female,18-25
842,https://images.unsplash.com/photo-1603297430336-03c3265b54f9?crop=entropy&cs=tinysrgb&fit=max&fm=jpg&ixid=M3w5NDQwMTV8MHwxfHNlYXJjaHwzMzJ8fG1hbiUyMGZhY2UlMjBjbG9zZXVwfGVufDB8fHx8MTc3ODA2NTIyMnww&ixlib=rb-4.1.0&q=80&w=1080,REAL,Unknown,18-25
843,https://images.unsplash.com/photo-1708144824610-f078a8cc926f?crop=entropy&cs=tinysrgb&fit=max&fm=jpg&ixid=M3w5NDQwMTV8MHwxfHNlYXJjaHwzMzN8fG1hbiUyMGZhY2UlMjBjbG9zZXVwfGVufDB8fHx8MTc3ODA2NTIyMnww&ixlib=rb-4.1.0&q=80&w=1080,REAL,Female,36-50
844,https://images.unsplash.com/photo-1590227110835-bb070162a506?crop=entropy&cs=tinysrgb&fit=max&fm=jpg&ixid=M3w5NDQwMTV8MHwxfHNlYXJjaHwzMzR8fG1hbiUyMGZhY2UlMjBjbG9zZXVwfGVufDB8fHx8MTc3ODA2NTIyMnww&ixlib=rb-4.1.0&q=80&w=1080,REAL,Female,18-25
845,https://images.unsplash.com/photo-1614750344860-bb819c28ff32?crop=entropy&cs=tinysrgb&fit=max&fm=jpg&ixid=M3w5NDQwMTV8MHwxfHNlYXJjaHwzMzV8fG1hbiUyMGZhY2UlMjBjbG9zZXVwfGVufDB8fHx8MTc3ODA2NTIyMnww&ixlib=rb-4.1.0&q=80&w=1080,REAL,Female,18-25
846,https://images.unsplash.com/photo-1586057280589-2222eb1cc081?crop=entropy&cs=tinysrgb&fit=max&fm=jpg&ixid=M3w5NDQwMTV8MHwxfHNlYXJjaHwzMzZ8fG1hbiUyMGZhY2UlMjBjbG9zZXVwfGVufDB8fHx8MTc3ODA2NTIyMnww&ixlib=rb-4.1.0&q=80&w=1080,REAL,Unknown,26-35
847,https://images.unsplash.com/photo-1762344356535-39b6eb0aba00?crop=entropy&cs=tinysrgb&fit=max&fm=jpg&ixid=M3w5NDQwMTV8MHwxfHNlYXJjaHwzMzd8fG1hbiUyMGZhY2UlMjBjbG9zZXVwfGVufDB8fHx8MTc3ODA2NTIyMnww&ixlib=rb-4.1.0&q=80&w=1080,REAL,Female,18-25
848,https://images.unsplash.com/photo-1576017614850-dd814d6219e7?crop=entropy&cs=tinysrgb&fit=max&fm=jpg&ixid=M3w5NDQwMTV8MHwxfHNlYXJjaHwzMzh8fG1hbiUyMGZhY2UlMjBjbG9zZXVwfGVufDB8fHx8MTc3ODA2NTIyMnww&ixlib=rb-4.1.0&q=80&w=1080,REAL,Male,26-35
849,https://images.unsplash.com/photo-1775260014779-dce3085fa73f?crop=entropy&cs=tinysrgb&fit=max&fm=jpg&ixid=M3w5NDQwMTV8MHwxfHNlYXJjaHwzMzl8fG1hbiUyMGZhY2UlMjBjbG9zZXVwfGVufDB8fHx8MTc3ODA2NTIyMnww&ixlib=rb-4.1.0&q=80&w=1080,REAL,Male,36-50
850,https://images.unsplash.com/photo-1580781545646-895329a2c749?crop=entropy&cs=tinysrgb&fit=max&fm=jpg&ixid=M3w5NDQwMTV8MHwxfHNlYXJjaHwzNDB8fG1hbiUyMGZhY2UlMjBjbG9zZXVwfGVufDB8fHx8MTc3ODA2NTIyMnww&ixlib=rb-4.1.0&q=80&w=1080,REAL,Male,18-25
851,https://images.unsplash.com/photo-1648293821694-6a4da72f68ea?crop=entropy&cs=tinysrgb&fit=max&fm=jpg&ixid=M3w5NDQwMTV8MHwxfHNlYXJjaHwzNDF8fG1hbiUyMGZhY2UlMjBjbG9zZXVwfGVufDB8fHx8MTc3ODA2NTIyMnww&ixlib=rb-4.1.0&q=80&w=1080,REAL,Female,18-25
852,https://images.unsplash.com/photo-1616651631044-fca5ae090024?crop=entropy&cs=tinysrgb&fit=max&fm=jpg&ixid=M3w5NDQwMTV8MHwxfHNlYXJjaHwzNDJ8fG1hbiUyMGZhY2UlMjBjbG9zZXVwfGVufDB8fHx8MTc3ODA2NTIyMnww&ixlib=rb-4.1.0&q=80&w=1080,REAL,Female,26-35
853,https://images.unsplash.com/photo-1552766990-9c55313f926f?crop=entropy&cs=tinysrgb&fit=max&fm=jpg&ixid=M3w5NDQwMTV8MHwxfHNlYXJjaHwzNDN8fG1hbiUyMGZhY2UlMjBjbG9zZXVwfGVufDB8fHx8MTc3ODA2NTIyMnww&ixlib=rb-4.1.0&q=80&w=1080,REAL,Unknown,36-50
854,https://images.unsplash.com/photo-1585402627084-e80d83061b76?crop=entropy&cs=tinysrgb&fit=max&fm=jpg&ixid=M3w5NDQwMTV8MHwxfHNlYXJjaHwzNDR8fG1hbiUyMGZhY2UlMjBjbG9zZXVwfGVufDB8fHx8MTc3ODA2NTIyMnww&ixlib=rb-4.1.0&q=80&w=1080,REAL,Female,26-35
855,https://images.unsplash.com/photo-1647958839400-de7c295fbc56?crop=entropy&cs=tinysrgb&fit=max&fm=jpg&ixid=M3w5NDQwMTV8MHwxfHNlYXJjaHwzNDV8fG1hbiUyMGZhY2UlMjBjbG9zZXVwfGVufDB8fHx8MTc3ODA2NTIyMnww&ixlib=rb-4.1.0&q=80&w=1080,REAL,Female,36-50
856,https://images.unsplash.com/photo-1589895510283-70b1e955a746?crop=entropy&cs=tinysrgb&fit=max&fm=jpg&ixid=M3w5NDQwMTV8MHwxfHNlYXJjaHwzNDZ8fG1hbiUyMGZhY2UlMjBjbG9zZXVwfGVufDB8fHx8MTc3ODA2NTIyM3ww&ixlib=rb-4.1.0&q=80&w=1080,REAL,Unknown,50+
857,https://images.unsplash.com/photo-1646799934828-79078c888e9c?crop=entropy&cs=tinysrgb&fit=max&fm=jpg&ixid=M3w5NDQwMTV8MHwxfHNlYXJjaHwzNDd8fG1hbiUyMGZhY2UlMjBjbG9zZXVwfGVufDB8fHx8MTc3ODA2NTIyM3ww&ixlib=rb-4.1.0&q=80&w=1080,REAL,Unknown,36-50
858,https://images.unsplash.com/photo-1739567995024-f63b6ad2b7d7?crop=entropy&cs=tinysrgb&fit=max&fm=jpg&ixid=M3w5NDQwMTV8MHwxfHNlYXJjaHwzNDh8fG1hbiUyMGZhY2UlMjBjbG9zZXVwfGVufDB8fHx8MTc3ODA2NTIyM3ww&ixlib=rb-4.1.0&q=80&w=1080,REAL,Female,18-25
859,https://images.unsplash.com/photo-1523901056858-1b233826cb15?crop=entropy&cs=tinysrgb&fit=max&fm=jpg&ixid=M3w5NDQwMTV8MHwxfHNlYXJjaHwzNDl8fG1hbiUyMGZhY2UlMjBjbG9zZXVwfGVufDB8fHx8MTc3ODA2NTIyM3ww&ixlib=rb-4.1.0&q=80&w=1080,REAL,Unknown,18-25
860,https://images.unsplash.com/photo-1687597875886-068a47dda648?crop=entropy&cs=tinysrgb&fit=max&fm=jpg&ixid=M3w5NDQwMTV8MHwxfHNlYXJjaHwzNTB8fG1hbiUyMGZhY2UlMjBjbG9zZXVwfGVufDB8fHx8MTc3ODA2NTIyM3ww&ixlib=rb-4.1.0&q=80&w=1080,REAL,Unknown,18-25
861,https://images.unsplash.com/photo-1564932436587-c6ea959a4053?crop=entropy&cs=tinysrgb&fit=max&fm=jpg&ixid=M3w5NDQwMTV8MHwxfHNlYXJjaHwzNTF8fG1hbiUyMGZhY2UlMjBjbG9zZXVwfGVufDB8fHx8MTc3ODA2NTIyM3ww&ixlib=rb-4.1.0&q=80&w=1080,REAL,Male,18-25
862,https://images.unsplash.com/photo-1617428882846-7e235cbeabe4?crop=entropy&cs=tinysrgb&fit=max&fm=jpg&ixid=M3w5NDQwMTV8MHwxfHNlYXJjaHwzNTJ8fG1hbiUyMGZhY2UlMjBjbG9zZXVwfGVufDB8fHx8MTc3ODA2NTIyM3ww&ixlib=rb-4.1.0&q=80&w=1080,REAL,Male,26-35
863,https://images.unsplash.com/photo-1568729745879-8fc48f697441?crop=entropy&cs=tinysrgb&fit=max&fm=jpg&ixid=M3w5NDQwMTV8MHwxfHNlYXJjaHwzNTN8fG1hbiUyMGZhY2UlMjBjbG9zZXVwfGVufDB8fHx8MTc3ODA2NTIyM3ww&ixlib=rb-4.1.0&q=80&w=1080,REAL,Female,36-50
864,https://images.unsplash.com/photo-1579993323047-8407bd1f21f7?crop=entropy&cs=tinysrgb&fit=max&fm=jpg&ixid=M3w5NDQwMTV8MHwxfHNlYXJjaHwzNTR8fG1hbiUyMGZhY2UlMjBjbG9zZXVwfGVufDB8fHx8MTc3ODA2NTIyM3ww&ixlib=rb-4.1.0&q=80&w=1080,REAL,Male,50+
865,https://images.unsplash.com/photo-1512521743077-a42eeaaa963c?crop=entropy&cs=tinysrgb&fit=max&fm=jpg&ixid=M3w5NDQwMTV8MHwxfHNlYXJjaHwzNTV8fG1hbiUyMGZhY2UlMjBjbG9zZXVwfGVufDB8fHx8MTc3ODA2NTIyM3ww&ixlib=rb-4.1.0&q=80&w=1080,REAL,Male,36-50
866,https://images.unsplash.com/photo-1756748371410-e4cd19a9ed23?crop=entropy&cs=tinysrgb&fit=max&fm=jpg&ixid=M3w5NDQwMTV8MHwxfHNlYXJjaHwzNTZ8fG1hbiUyMGZhY2UlMjBjbG9zZXVwfGVufDB8fHx8MTc3ODA2NTIyM3ww&ixlib=rb-4.1.0&q=80&w=1080,REAL,Male,36-50
867,https://images.unsplash.com/photo-1572707567502-90b57adeb97b?crop=entropy&cs=tinysrgb&fit=max&fm=jpg&ixid=M3w5NDQwMTV8MHwxfHNlYXJjaHwzNTd8fG1hbiUyMGZhY2UlMjBjbG9zZXVwfGVufDB8fHx8MTc3ODA2NTIyM3ww&ixlib=rb-4.1.0&q=80&w=1080,REAL,Female,36-50
868,https://images.unsplash.com/photo-1664207148557-71bc61a3809e?crop=entropy&cs=tinysrgb&fit=max&fm=jpg&ixid=M3w5NDQwMTV8MHwxfHNlYXJjaHwzNTh8fG1hbiUyMGZhY2UlMjBjbG9zZXVwfGVufDB8fHx8MTc3ODA2NTIyM3ww&ixlib=rb-4.1.0&q=80&w=1080,REAL,Female,36-50
869,https://images.unsplash.com/photo-1638026843135-b102cdefb88d?crop=entropy&cs=tinysrgb&fit=max&fm=jpg&ixid=M3w5NDQwMTV8MHwxfHNlYXJjaHwzNTl8fG1hbiUyMGZhY2UlMjBjbG9zZXVwfGVufDB8fHx8MTc3ODA2NTIyM3ww&ixlib=rb-4.1.0&q=80&w=1080,REAL,Female,18-25
870,https://images.unsplash.com/photo-1590335745924-8430837a573d?crop=entropy&cs=tinysrgb&fit=max&fm=jpg&ixid=M3w5NDQwMTV8MHwxfHNlYXJjaHwzNjB8fG1hbiUyMGZhY2UlMjBjbG9zZXVwfGVufDB8fHx8MTc3ODA2NTIyM3ww&ixlib=rb-4.1.0&q=80&w=1080,REAL,Female,18-25
871,https://images.unsplash.com/photo-1646749562932-312cbf98d080?crop=entropy&cs=tinysrgb&fit=max&fm=jpg&ixid=M3w5NDQwMTV8MHwxfHNlYXJjaHwzNjF8fG1hbiUyMGZhY2UlMjBjbG9zZXVwfGVufDB8fHx8MTc3ODA2NTIyNHww&ixlib=rb-4.1.0&q=80&w=1080,REAL,Female,36-50
872,https://images.unsplash.com/photo-1708359607671-78f9f64afe97?crop=entropy&cs=tinysrgb&fit=max&fm=jpg&ixid=M3w5NDQwMTV8MHwxfHNlYXJjaHwzNjJ8fG1hbiUyMGZhY2UlMjBjbG9zZXVwfGVufDB8fHx8MTc3ODA2NTIyNHww&ixlib=rb-4.1.0&q=80&w=1080,REAL,Male,36-50
873,https://images.unsplash.com/photo-1758598497232-e89e4cb1f5d4?crop=entropy&cs=tinysrgb&fit=max&fm=jpg&ixid=M3w5NDQwMTV8MHwxfHNlYXJjaHwzNjN8fG1hbiUyMGZhY2UlMjBjbG9zZXVwfGVufDB8fHx8MTc3ODA2NTIyNHww&ixlib=rb-4.1.0&q=80&w=1080,REAL,Unknown,50+
874,https://images.unsplash.com/photo-1681887002379-917c74f5313e?crop=entropy&cs=tinysrgb&fit=max&fm=jpg&ixid=M3w5NDQwMTV8MHwxfHNlYXJjaHwzNjR8fG1hbiUyMGZhY2UlMjBjbG9zZXVwfGVufDB8fHx8MTc3ODA2NTIyNHww&ixlib=rb-4.1.0&q=80&w=1080,REAL,Unknown,26-35
875,https://images.unsplash.com/photo-1516202648085-f93e477d1300?crop=entropy&cs=tinysrgb&fit=max&fm=jpg&ixid=M3w5NDQwMTV8MHwxfHNlYXJjaHwzNjV8fG1hbiUyMGZhY2UlMjBjbG9zZXVwfGVufDB8fHx8MTc3ODA2NTIyNHww&ixlib=rb-4.1.0&q=80&w=1080,REAL,Unknown,36-50
876,https://images.unsplash.com/photo-1642553881567-5efb36cefacb?crop=entropy&cs=tinysrgb&fit=max&fm=jpg&ixid=M3w5NDQwMTV8MHwxfHNlYXJjaHwzNjZ8fG1hbiUyMGZhY2UlMjBjbG9zZXVwfGVufDB8fHx8MTc3ODA2NTIyNHww&ixlib=rb-4.1.0&q=80&w=1080,REAL,Unknown,18-25
877,https://images.unsplash.com/photo-1540676257420-3d9a8a1ee6c2?crop=entropy&cs=tinysrgb&fit=max&fm=jpg&ixid=M3w5NDQwMTV8MHwxfHNlYXJjaHwzNjd8fG1hbiUyMGZhY2UlMjBjbG9zZXVwfGVufDB8fHx8MTc3ODA2NTIyNHww&ixlib=rb-4.1.0&q=80&w=1080,REAL,Unknown,26-35
878,https://images.unsplash.com/photo-1617428883064-011492edfbc3?crop=entropy&cs=tinysrgb&fit=max&fm=jpg&ixid=M3w5NDQwMTV8MHwxfHNlYXJjaHwzNjh8fG1hbiUyMGZhY2UlMjBjbG9zZXVwfGVufDB8fHx8MTc3ODA2NTIyNHww&ixlib=rb-4.1.0&q=80&w=1080,REAL,Unknown,18-25
879,https://images.unsplash.com/photo-1762344355741-75ace16e4515?crop=entropy&cs=tinysrgb&fit=max&fm=jpg&ixid=M3w5NDQwMTV8MHwxfHNlYXJjaHwzNjl8fG1hbiUyMGZhY2UlMjBjbG9zZXVwfGVufDB8fHx8MTc3ODA2NTIyNHww&ixlib=rb-4.1.0&q=80&w=1080,REAL,Female,36-50
880,https://images.unsplash.com/photo-1557178180-7baf4e4e9735?crop=entropy&cs=tinysrgb&fit=max&fm=jpg&ixid=M3w5NDQwMTV8MHwxfHNlYXJjaHwzNzB8fG1hbiUyMGZhY2UlMjBjbG9zZXVwfGVufDB8fHx8MTc3ODA2NTIyNHww&ixlib=rb-4.1.0&q=80&w=1080,REAL,Unknown,18-25
881,https://images.unsplash.com/photo-1693442596986-2803d0eb1249?crop=entropy&cs=tinysrgb&fit=max&fm=jpg&ixid=M3w5NDQwMTV8MHwxfHNlYXJjaHwzNzF8fG1hbiUyMGZhY2UlMjBjbG9zZXVwfGVufDB8fHx8MTc3ODA2NTIyNHww&ixlib=rb-4.1.0&q=80&w=1080,REAL,Unknown,26-35
882,https://images.unsplash.com/photo-1654188904201-6577de5ccc10?crop=entropy&cs=tinysrgb&fit=max&fm=jpg&ixid=M3w5NDQwMTV8MHwxfHNlYXJjaHwzNzJ8fG1hbiUyMGZhY2UlMjBjbG9zZXVwfGVufDB8fHx8MTc3ODA2NTIyNHww&ixlib=rb-4.1.0&q=80&w=1080,REAL,Male,26-35
883,https://images.unsplash.com/photo-1563686939697-0a131399fa9a?crop=entropy&cs=tinysrgb&fit=max&fm=jpg&ixid=M3w5NDQwMTV8MHwxfHNlYXJjaHwzNzN8fG1hbiUyMGZhY2UlMjBjbG9zZXVwfGVufDB8fHx8MTc3ODA2NTIyNHww&ixlib=rb-4.1.0&q=80&w=1080,REAL,Female,36-50
884,https://images.unsplash.com/photo-1567506045908-7b56ee159567?crop=entropy&cs=tinysrgb&fit=max&fm=jpg&ixid=M3w5NDQwMTV8MHwxfHNlYXJjaHwzNzR8fG1hbiUyMGZhY2UlMjBjbG9zZXVwfGVufDB8fHx8MTc3ODA2NTIyNHww&ixlib=rb-4.1.0&q=80&w=1080,REAL,Male,18-25
885,https://images.unsplash.com/photo-1670678848339-6a9a7b37d5b3?crop=entropy&cs=tinysrgb&fit=max&fm=jpg&ixid=M3w5NDQwMTV8MHwxfHNlYXJjaHwzNzV8fG1hbiUyMGZhY2UlMjBjbG9zZXVwfGVufDB8fHx8MTc3ODA2NTIyNHww&ixlib=rb-4.1.0&q=80&w=1080,REAL,Unknown,36-50
886,https://images.unsplash.com/photo-1613566160929-7d728d49cc8c?crop=entropy&cs=tinysrgb&fit=max&fm=jpg&ixid=M3w5NDQwMTV8MHwxfHNlYXJjaHwzNzZ8fG1hbiUyMGZhY2UlMjBjbG9zZXVwfGVufDB8fHx8MTc3ODA2NTIyNHww&ixlib=rb-4.1.0&q=80&w=1080,REAL,Unknown,36-50
887,https://images.unsplash.com/photo-1635438448699-20abb4b423fd?crop=entropy&cs=tinysrgb&fit=max&fm=jpg&ixid=M3w5NDQwMTV8MHwxfHNlYXJjaHwzNzd8fG1hbiUyMGZhY2UlMjBjbG9zZXVwfGVufDB8fHx8MTc3ODA2NTIyNHww&ixlib=rb-4.1.0&q=80&w=1080,REAL,Unknown,18-25
888,https://images.unsplash.com/photo-1607159157609-c0d075340efe?crop=entropy&cs=tinysrgb&fit=max&fm=jpg&ixid=M3w5NDQwMTV8MHwxfHNlYXJjaHwzNzh8fG1hbiUyMGZhY2UlMjBjbG9zZXVwfGVufDB8fHx8MTc3ODA2NTIyNHww&ixlib=rb-4.1.0&q=80&w=1080,REAL,Female,18-25
889,https://images.unsplash.com/photo-1629573414638-3828984d9628?crop=entropy&cs=tinysrgb&fit=max&fm=jpg&ixid=M3w5NDQwMTV8MHwxfHNlYXJjaHwzNzl8fG1hbiUyMGZhY2UlMjBjbG9zZXVwfGVufDB8fHx8MTc3ODA2NTIyNHww&ixlib=rb-4.1.0&q=80&w=1080,REAL,Male,26-35
890,https://images.unsplash.com/photo-1617746652804-f48af8e91ebc?crop=entropy&cs=tinysrgb&fit=max&fm=jpg&ixid=M3w5NDQwMTV8MHwxfHNlYXJjaHwzODB8fG1hbiUyMGZhY2UlMjBjbG9zZXVwfGVufDB8fHx8MTc3ODA2NTIyNHww&ixlib=rb-4.1.0&q=80&w=1080,REAL,Unknown,36-50
891,https://images.unsplash.com/photo-1756475394041-53bd65722fac?crop=entropy&cs=tinysrgb&fit=max&fm=jpg&ixid=M3w5NDQwMTV8MHwxfHNlYXJjaHwzODF8fG1hbiUyMGZhY2UlMjBjbG9zZXVwfGVufDB8fHx8MTc3ODA2NTIyNHww&ixlib=rb-4.1.0&q=80&w=1080,REAL,Female,50+
892,https://images.unsplash.com/photo-1618960160386-3f53d6e164ba?crop=entropy&cs=tinysrgb&fit=max&fm=jpg&ixid=M3w5NDQwMTV8MHwxfHNlYXJjaHwzODJ8fG1hbiUyMGZhY2UlMjBjbG9zZXVwfGVufDB8fHx8MTc3ODA2NTIyNHww&ixlib=rb-4.1.0&q=80&w=1080,REAL,Unknown,18-25
893,https://images.unsplash.com/photo-1542555674-43ae142a2208?crop=entropy&cs=tinysrgb&fit=max&fm=jpg&ixid=M3w5NDQwMTV8MHwxfHNlYXJjaHwzODN8fG1hbiUyMGZhY2UlMjBjbG9zZXVwfGVufDB8fHx8MTc3ODA2NTIyNHww&ixlib=rb-4.1.0&q=80&w=1080,REAL,Male,18-25
894,https://images.unsplash.com/photo-1578254090783-31fa81462b73?crop=entropy&cs=tinysrgb&fit=max&fm=jpg&ixid=M3w5NDQwMTV8MHwxfHNlYXJjaHwzODR8fG1hbiUyMGZhY2UlMjBjbG9zZXVwfGVufDB8fHx8MTc3ODA2NTIyNHww&ixlib=rb-4.1.0&q=80&w=1080,REAL,Unknown,36-50
895,https://images.unsplash.com/photo-1609870331197-27336df06edf?crop=entropy&cs=tinysrgb&fit=max&fm=jpg&ixid=M3w5NDQwMTV8MHwxfHNlYXJjaHwzODV8fG1hbiUyMGZhY2UlMjBjbG9zZXVwfGVufDB8fHx8MTc3ODA2NTIyNHww&ixlib=rb-4.1.0&q=80&w=1080,REAL,Female,50+
896,https://images.unsplash.com/photo-1542489136-d03f82c9c91e?crop=entropy&cs=tinysrgb&fit=max&fm=jpg&ixid=M3w5NDQwMTV8MHwxfHNlYXJjaHwzODZ8fG1hbiUyMGZhY2UlMjBjbG9zZXVwfGVufDB8fHx8MTc3ODA2NTIyNHww&ixlib=rb-4.1.0&q=80&w=1080,REAL,Female,50+
897,https://images.unsplash.com/photo-1613772885202-91574ae2a6a8?crop=entropy&cs=tinysrgb&fit=max&fm=jpg&ixid=M3w5NDQwMTV8MHwxfHNlYXJjaHwzODd8fG1hbiUyMGZhY2UlMjBjbG9zZXVwfGVufDB8fHx8MTc3ODA2NTIyNHww&ixlib=rb-4.1.0&q=80&w=1080,REAL,Female,36-50
898,https://images.unsplash.com/photo-1670253304675-ec157e695a35?crop=entropy&cs=tinysrgb&fit=max&fm=jpg&ixid=M3w5NDQwMTV8MHwxfHNlYXJjaHwzODh8fG1hbiUyMGZhY2UlMjBjbG9zZXVwfGVufDB8fHx8MTc3ODA2NTIyNHww&ixlib=rb-4.1.0&q=80&w=1080,REAL,Male,26-35
899,https://images.unsplash.com/photo-1608352247449-80201af5b320?crop=entropy&cs=tinysrgb&fit=max&fm=jpg&ixid=M3w5NDQwMTV8MHwxfHNlYXJjaHwzODl8fG1hbiUyMGZhY2UlMjBjbG9zZXVwfGVufDB8fHx8MTc3ODA2NTIyNHww&ixlib=rb-4.1.0&q=80&w=1080,REAL,Unknown,18-25
900,https://images.unsplash.com/photo-1650962903665-d66116fe94ef?crop=entropy&cs=tinysrgb&fit=max&fm=jpg&ixid=M3w5NDQwMTV8MHwxfHNlYXJjaHwzOTB8fG1hbiUyMGZhY2UlMjBjbG9zZXVwfGVufDB8fHx8MTc3ODA2NTIyNHww&ixlib=rb-4.1.0&q=80&w=1080,REAL,Unknown,50+
901,https://images.unsplash.com/photo-1546600882-2c3090f74c7e?crop=entropy&cs=tinysrgb&fit=max&fm=jpg&ixid=M3w5NDQwMTV8MHwxfHNlYXJjaHwzOTF8fG1hbiUyMGZhY2UlMjBjbG9zZXVwfGVufDB8fHx8MTc3ODA2NTIyNnww&ixlib=rb-4.1.0&q=80&w=1080,REAL,Female,18-25
902,https://images.unsplash.com/photo-1623861322369-c223d0cca97f?crop=entropy&cs=tinysrgb&fit=max&fm=jpg&ixid=M3w5NDQwMTV8MHwxfHNlYXJjaHwzOTJ8fG1hbiUyMGZhY2UlMjBjbG9zZXVwfGVufDB8fHx8MTc3ODA2NTIyNnww&ixlib=rb-4.1.0&q=80&w=1080,REAL,Male,36-50
903,https://images.unsplash.com/photo-1536111873776-77ca66928e33?crop=entropy&cs=tinysrgb&fit=max&fm=jpg&ixid=M3w5NDQwMTV8MHwxfHNlYXJjaHwzOTN8fG1hbiUyMGZhY2UlMjBjbG9zZXVwfGVufDB8fHx8MTc3ODA2NTIyNnww&ixlib=rb-4.1.0&q=80&w=1080,REAL,Unknown,50+
904,https://images.unsplash.com/photo-1635600814634-26d06f76f229?crop=entropy&cs=tinysrgb&fit=max&fm=jpg&ixid=M3w5NDQwMTV8MHwxfHNlYXJjaHwzOTR8fG1hbiUyMGZhY2UlMjBjbG9zZXVwfGVufDB8fHx8MTc3ODA2NTIyNnww&ixlib=rb-4.1.0&q=80&w=1080,REAL,Male,50+
905,https://images.unsplash.com/photo-1755603181706-0637350219b4?crop=entropy&cs=tinysrgb&fit=max&fm=jpg&ixid=M3w5NDQwMTV8MHwxfHNlYXJjaHwzOTV8fG1hbiUyMGZhY2UlMjBjbG9zZXVwfGVufDB8fHx8MTc3ODA2NTIyNnww&ixlib=rb-4.1.0&q=80&w=1080,REAL,Female,36-50
906,https://images.unsplash.com/photo-1514932535303-f7b1712cf831?crop=entropy&cs=tinysrgb&fit=max&fm=jpg&ixid=M3w5NDQwMTV8MHwxfHNlYXJjaHwzOTZ8fG1hbiUyMGZhY2UlMjBjbG9zZXVwfGVufDB8fHx8MTc3ODA2NTIyNnww&ixlib=rb-4.1.0&q=80&w=1080,REAL,Unknown,18-25
907,https://images.unsplash.com/photo-1731951039668-b4be12f751f3?crop=entropy&cs=tinysrgb&fit=max&fm=jpg&ixid=M3w5NDQwMTV8MHwxfHNlYXJjaHwzOTd8fG1hbiUyMGZhY2UlMjBjbG9zZXVwfGVufDB8fHx8MTc3ODA2NTIyNnww&ixlib=rb-4.1.0&q=80&w=1080,REAL,Unknown,50+
908,https://images.unsplash.com/photo-1774016591089-c9cb5f80fd75?crop=entropy&cs=tinysrgb&fit=max&fm=jpg&ixid=M3w5NDQwMTV8MHwxfHNlYXJjaHwzOTh8fG1hbiUyMGZhY2UlMjBjbG9zZXVwfGVufDB8fHx8MTc3ODA2NTIyNnww&ixlib=rb-4.1.0&q=80&w=1080,REAL,Unknown,26-35
909,https://images.unsplash.com/photo-1642878287141-1ae60278729e?crop=entropy&cs=tinysrgb&fit=max&fm=jpg&ixid=M3w5NDQwMTV8MHwxfHNlYXJjaHwzOTl8fG1hbiUyMGZhY2UlMjBjbG9zZXVwfGVufDB8fHx8MTc3ODA2NTIyNnww&ixlib=rb-4.1.0&q=80&w=1080,REAL,Female,18-25
910,https://images.unsplash.com/photo-1619016708406-7c9a4f676f2d?crop=entropy&cs=tinysrgb&fit=max&fm=jpg&ixid=M3w5NDQwMTV8MHwxfHNlYXJjaHw0MDB8fG1hbiUyMGZhY2UlMjBjbG9zZXVwfGVufDB8fHx8MTc3ODA2NTIyNnww&ixlib=rb-4.1.0&q=80&w=1080,REAL,Female,26-35
911,https://images.unsplash.com/photo-1594763781886-8c0f1dc9cc1d?crop=entropy&cs=tinysrgb&fit=max&fm=jpg&ixid=M3w5NDQwMTV8MHwxfHNlYXJjaHw0MDF8fG1hbiUyMGZhY2UlMjBjbG9zZXVwfGVufDB8fHx8MTc3ODA2NTIyNnww&ixlib=rb-4.1.0&q=80&w=1080,REAL,Female,36-50
912,https://images.unsplash.com/photo-1634710663764-a3f6cd868227?crop=entropy&cs=tinysrgb&fit=max&fm=jpg&ixid=M3w5NDQwMTV8MHwxfHNlYXJjaHw0MDJ8fG1hbiUyMGZhY2UlMjBjbG9zZXVwfGVufDB8fHx8MTc3ODA2NTIyNnww&ixlib=rb-4.1.0&q=80&w=1080,REAL,Male,26-35
913,https://images.unsplash.com/photo-1563686937955-59ba9c1e718d?crop=entropy&cs=tinysrgb&fit=max&fm=jpg&ixid=M3w5NDQwMTV8MHwxfHNlYXJjaHw0MDN8fG1hbiUyMGZhY2UlMjBjbG9zZXVwfGVufDB8fHx8MTc3ODA2NTIyNnww&ixlib=rb-4.1.0&q=80&w=1080,REAL,Male,18-25
914,https://images.unsplash.com/photo-1580252167834-ffd32b084a00?crop=entropy&cs=tinysrgb&fit=max&fm=jpg&ixid=M3w5NDQwMTV8MHwxfHNlYXJjaHw0MDR8fG1hbiUyMGZhY2UlMjBjbG9zZXVwfGVufDB8fHx8MTc3ODA2NTIyNnww&ixlib=rb-4.1.0&q=80&w=1080,REAL,Male,26-35
915,https://images.unsplash.com/photo-1622351414011-083c81ad9f72?crop=entropy&cs=tinysrgb&fit=max&fm=jpg&ixid=M3w5NDQwMTV8MHwxfHNlYXJjaHw0MDV8fG1hbiUyMGZhY2UlMjBjbG9zZXVwfGVufDB8fHx8MTc3ODA2NTIyNnww&ixlib=rb-4.1.0&q=80&w=1080,REAL,Male,18-25
916,https://images.unsplash.com/photo-1567347885227-8b7e2b4a7112?crop=entropy&cs=tinysrgb&fit=max&fm=jpg&ixid=M3w5NDQwMTV8MHwxfHNlYXJjaHw0MDZ8fG1hbiUyMGZhY2UlMjBjbG9zZXVwfGVufDB8fHx8MTc3ODA2NTIyNnww&ixlib=rb-4.1.0&q=80&w=1080,REAL,Female,26-35
917,https://images.unsplash.com/photo-1534401683810-9b9984ba066e?crop=entropy&cs=tinysrgb&fit=max&fm=jpg&ixid=M3w5NDQwMTV8MHwxfHNlYXJjaHw0MDd8fG1hbiUyMGZhY2UlMjBjbG9zZXVwfGVufDB8fHx8MTc3ODA2NTIyNnww&ixlib=rb-4.1.0&q=80&w=1080,REAL,Female,36-50
918,https://images.unsplash.com/photo-1680730591140-7a8845ebd9b7?crop=entropy&cs=tinysrgb&fit=max&fm=jpg&ixid=M3w5NDQwMTV8MHwxfHNlYXJjaHw0MDh8fG1hbiUyMGZhY2UlMjBjbG9zZXVwfGVufDB8fHx8MTc3ODA2NTIyNnww&ixlib=rb-4.1.0&q=80&w=1080,REAL,Unknown,50+
919,https://images.unsplash.com/photo-1614179927453-b9f340aa0a83?crop=entropy&cs=tinysrgb&fit=max&fm=jpg&ixid=M3w5NDQwMTV8MHwxfHNlYXJjaHw0MDl8fG1hbiUyMGZhY2UlMjBjbG9zZXVwfGVufDB8fHx8MTc3ODA2NTIyNnww&ixlib=rb-4.1.0&q=80&w=1080,REAL,Unknown,18-25
920,https://images.unsplash.com/photo-1615838399843-944be570b91c?crop=entropy&cs=tinysrgb&fit=max&fm=jpg&ixid=M3w5NDQwMTV8MHwxfHNlYXJjaHw0MTB8fG1hbiUyMGZhY2UlMjBjbG9zZXVwfGVufDB8fHx8MTc3ODA2NTIyNnww&ixlib=rb-4.1.0&q=80&w=1080,REAL,Male,50+
921,https://images.unsplash.com/photo-1670253305331-428aa19db4b7?crop=entropy&cs=tinysrgb&fit=max&fm=jpg&ixid=M3w5NDQwMTV8MHwxfHNlYXJjaHw0MTF8fG1hbiUyMGZhY2UlMjBjbG9zZXVwfGVufDB8fHx8MTc3ODA2NTIyNnww&ixlib=rb-4.1.0&q=80&w=1080,REAL,Female,36-50
922,https://images.unsplash.com/photo-1601972653460-fe3048709178?crop=entropy&cs=tinysrgb&fit=max&fm=jpg&ixid=M3w5NDQwMTV8MHwxfHNlYXJjaHw0MTJ8fG1hbiUyMGZhY2UlMjBjbG9zZXVwfGVufDB8fHx8MTc3ODA2NTIyNnww&ixlib=rb-4.1.0&q=80&w=1080,REAL,Male,18-25
923,https://images.unsplash.com/photo-1684651411498-fa6677c75063?crop=entropy&cs=tinysrgb&fit=max&fm=jpg&ixid=M3w5NDQwMTV8MHwxfHNlYXJjaHw0MTN8fG1hbiUyMGZhY2UlMjBjbG9zZXVwfGVufDB8fHx8MTc3ODA2NTIyNnww&ixlib=rb-4.1.0&q=80&w=1080,REAL,Male,26-35
924,https://images.unsplash.com/photo-1570591577797-fb6a966c203a?crop=entropy&cs=tinysrgb&fit=max&fm=jpg&ixid=M3w5NDQwMTV8MHwxfHNlYXJjaHw0MTR8fG1hbiUyMGZhY2UlMjBjbG9zZXVwfGVufDB8fHx8MTc3ODA2NTIyNnww&ixlib=rb-4.1.0&q=80&w=1080,REAL,Male,26-35
925,https://images.unsplash.com/photo-1623297990356-3a644b1b15d9?crop=entropy&cs=tinysrgb&fit=max&fm=jpg&ixid=M3w5NDQwMTV8MHwxfHNlYXJjaHw0MTV8fG1hbiUyMGZhY2UlMjBjbG9zZXVwfGVufDB8fHx8MTc3ODA2NTIyNnww&ixlib=rb-4.1.0&q=80&w=1080,REAL,Female,36-50
926,https://images.unsplash.com/photo-1637808248259-a27830312ce1?crop=entropy&cs=tinysrgb&fit=max&fm=jpg&ixid=M3w5NDQwMTV8MHwxfHNlYXJjaHw0MTZ8fG1hbiUyMGZhY2UlMjBjbG9zZXVwfGVufDB8fHx8MTc3ODA2NTIyNnww&ixlib=rb-4.1.0&q=80&w=1080,REAL,Female,18-25
927,https://images.unsplash.com/photo-1626427484525-2c19aa906a79?crop=entropy&cs=tinysrgb&fit=max&fm=jpg&ixid=M3w5NDQwMTV8MHwxfHNlYXJjaHw0MTd8fG1hbiUyMGZhY2UlMjBjbG9zZXVwfGVufDB8fHx8MTc3ODA2NTIyNnww&ixlib=rb-4.1.0&q=80&w=1080,REAL,Female,36-50
928,https://images.unsplash.com/photo-1731005116674-062a313bc7ab?crop=entropy&cs=tinysrgb&fit=max&fm=jpg&ixid=M3w5NDQwMTV8MHwxfHNlYXJjaHw0MTh8fG1hbiUyMGZhY2UlMjBjbG9zZXVwfGVufDB8fHx8MTc3ODA2NTIyNnww&ixlib=rb-4.1.0&q=80&w=1080,REAL,Female,36-50
929,https://images.unsplash.com/photo-1758155579270-7917060f981b?crop=entropy&cs=tinysrgb&fit=max&fm=jpg&ixid=M3w5NDQwMTV8MHwxfHNlYXJjaHw0MTl8fG1hbiUyMGZhY2UlMjBjbG9zZXVwfGVufDB8fHx8MTc3ODA2NTIyNnww&ixlib=rb-4.1.0&q=80&w=1080,REAL,Male,18-25
930,https://images.unsplash.com/photo-1592568385951-8dc26d183509?crop=entropy&cs=tinysrgb&fit=max&fm=jpg&ixid=M3w5NDQwMTV8MHwxfHNlYXJjaHw0MjB8fG1hbiUyMGZhY2UlMjBjbG9zZXVwfGVufDB8fHx8MTc3ODA2NTIyNnww&ixlib=rb-4.1.0&q=80&w=1080,REAL,Unknown,18-25
931,https://images.unsplash.com/photo-1667631184438-545a88419d7d?crop=entropy&cs=tinysrgb&fit=max&fm=jpg&ixid=M3w5NDQwMTV8MHwxfHNlYXJjaHw0MjF8fG1hbiUyMGZhY2UlMjBjbG9zZXVwfGVufDB8fHx8MTc3ODA2NTIyOHww&ixlib=rb-4.1.0&q=80&w=1080,REAL,Male,36-50
932,https://images.unsplash.com/photo-1671543478209-f53623c9542d?crop=entropy&cs=tinysrgb&fit=max&fm=jpg&ixid=M3w5NDQwMTV8MHwxfHNlYXJjaHw0MjJ8fG1hbiUyMGZhY2UlMjBjbG9zZXVwfGVufDB8fHx8MTc3ODA2NTIyOHww&ixlib=rb-4.1.0&q=80&w=1080,REAL,Male,26-35
933,https://images.unsplash.com/photo-1759770264084-21c70cd6b493?crop=entropy&cs=tinysrgb&fit=max&fm=jpg&ixid=M3w5NDQwMTV8MHwxfHNlYXJjaHw0MjN8fG1hbiUyMGZhY2UlMjBjbG9zZXVwfGVufDB8fHx8MTc3ODA2NTIyOHww&ixlib=rb-4.1.0&q=80&w=1080,REAL,Male,26-35
934,https://images.unsplash.com/flagged/photo-1575501562243-0898ad8d35a3?crop=entropy&cs=tinysrgb&fit=max&fm=jpg&ixid=M3w5NDQwMTV8MHwxfHNlYXJjaHw0MjR8fG1hbiUyMGZhY2UlMjBjbG9zZXVwfGVufDB8fHx8MTc3ODA2NTIyOHww&ixlib=rb-4.1.0&q=80&w=1080,REAL,Unknown,36-50
935,https://images.unsplash.com/photo-1645714617923-3196f70d9386?crop=entropy&cs=tinysrgb&fit=max&fm=jpg&ixid=M3w5NDQwMTV8MHwxfHNlYXJjaHw0MjV8fG1hbiUyMGZhY2UlMjBjbG9zZXVwfGVufDB8fHx8MTc3ODA2NTIyOHww&ixlib=rb-4.1.0&q=80&w=1080,REAL,Female,50+
936,https://images.unsplash.com/photo-1590482634645-39ea413d7a41?crop=entropy&cs=tinysrgb&fit=max&fm=jpg&ixid=M3w5NDQwMTV8MHwxfHNlYXJjaHw0MjZ8fG1hbiUyMGZhY2UlMjBjbG9zZXVwfGVufDB8fHx8MTc3ODA2NTIyOHww&ixlib=rb-4.1.0&q=80&w=1080,REAL,Female,50+
937,https://images.unsplash.com/photo-1678597442309-0a09f5649f34?crop=entropy&cs=tinysrgb&fit=max&fm=jpg&ixid=M3w5NDQwMTV8MHwxfHNlYXJjaHw0Mjd8fG1hbiUyMGZhY2UlMjBjbG9zZXVwfGVufDB8fHx8MTc3ODA2NTIyOHww&ixlib=rb-4.1.0&q=80&w=1080,REAL,Female,36-50
938,https://images.unsplash.com/photo-1683550066676-be5660a4b8a5?crop=entropy&cs=tinysrgb&fit=max&fm=jpg&ixid=M3w5NDQwMTV8MHwxfHNlYXJjaHw0Mjh8fG1hbiUyMGZhY2UlMjBjbG9zZXVwfGVufDB8fHx8MTc3ODA2NTIyOHww&ixlib=rb-4.1.0&q=80&w=1080,REAL,Female,26-35
939,https://images.unsplash.com/photo-1542974242-cde14af34396?crop=entropy&cs=tinysrgb&fit=max&fm=jpg&ixid=M3w5NDQwMTV8MHwxfHNlYXJjaHw0Mjl8fG1hbiUyMGZhY2UlMjBjbG9zZXVwfGVufDB8fHx8MTc3ODA2NTIyOHww&ixlib=rb-4.1.0&q=80&w=1080,REAL,Male,26-35
940,https://images.unsplash.com/photo-1625238075922-586613dc05e3?crop=entropy&cs=tinysrgb&fit=max&fm=jpg&ixid=M3w5NDQwMTV8MHwxfHNlYXJjaHw0MzB8fG1hbiUyMGZhY2UlMjBjbG9zZXVwfGVufDB8fHx8MTc3ODA2NTIyOHww&ixlib=rb-4.1.0&q=80&w=1080,REAL,Male,18-25
941,https://images.unsplash.com/photo-1508885601469-122678bf117c?crop=entropy&cs=tinysrgb&fit=max&fm=jpg&ixid=M3w5NDQwMTV8MHwxfHNlYXJjaHw0MzF8fG1hbiUyMGZhY2UlMjBjbG9zZXVwfGVufDB8fHx8MTc3ODA2NTIyOHww&ixlib=rb-4.1.0&q=80&w=1080,REAL,Unknown,26-35
942,https://images.unsplash.com/photo-1542909168-82c3e7fdca5c?crop=entropy&cs=tinysrgb&fit=max&fm=jpg&ixid=M3w5NDQwMTV8MHwxfHNlYXJjaHw0MzJ8fG1hbiUyMGZhY2UlMjBjbG9zZXVwfGVufDB8fHx8MTc3ODA2NTIyOHww&ixlib=rb-4.1.0&q=80&w=1080,REAL,Female,50+
943,https://images.unsplash.com/photo-1633625694449-1a674eb57682?crop=entropy&cs=tinysrgb&fit=max&fm=jpg&ixid=M3w5NDQwMTV8MHwxfHNlYXJjaHw0MzN8fG1hbiUyMGZhY2UlMjBjbG9zZXVwfGVufDB8fHx8MTc3ODA2NTIyOHww&ixlib=rb-4.1.0&q=80&w=1080,REAL,Unknown,36-50
944,https://images.unsplash.com/photo-1774554724569-40c6a4a0523b?crop=entropy&cs=tinysrgb&fit=max&fm=jpg&ixid=M3w5NDQwMTV8MHwxfHNlYXJjaHw0MzR8fG1hbiUyMGZhY2UlMjBjbG9zZXVwfGVufDB8fHx8MTc3ODA2NTIyOHww&ixlib=rb-4.1.0&q=80&w=1080,REAL,Male,26-35
945,https://images.unsplash.com/photo-1643168662222-bbe670f0457c?crop=entropy&cs=tinysrgb&fit=max&fm=jpg&ixid=M3w5NDQwMTV8MHwxfHNlYXJjaHw0MzV8fG1hbiUyMGZhY2UlMjBjbG9zZXVwfGVufDB8fHx8MTc3ODA2NTIyOHww&ixlib=rb-4.1.0&q=80&w=1080,REAL,Male,36-50
946,https://images.unsplash.com/photo-1767926178468-0ad624709f39?crop=entropy&cs=tinysrgb&fit=max&fm=jpg&ixid=M3w5NDQwMTV8MHwxfHNlYXJjaHw0MzZ8fG1hbiUyMGZhY2UlMjBjbG9zZXVwfGVufDB8fHx8MTc3ODA2NTIyOHww&ixlib=rb-4.1.0&q=80&w=1080,REAL,Female,26-35
947,https://images.unsplash.com/photo-1527071352540-0dbc965c2ac0?crop=entropy&cs=tinysrgb&fit=max&fm=jpg&ixid=M3w5NDQwMTV8MHwxfHNlYXJjaHw0Mzd8fG1hbiUyMGZhY2UlMjBjbG9zZXVwfGVufDB8fHx8MTc3ODA2NTIyOHww&ixlib=rb-4.1.0&q=80&w=1080,REAL,Unknown,26-35
948,https://images.unsplash.com/photo-1605878570004-8d75418a2390?crop=entropy&cs=tinysrgb&fit=max&fm=jpg&ixid=M3w5NDQwMTV8MHwxfHNlYXJjaHw0Mzh8fG1hbiUyMGZhY2UlMjBjbG9zZXVwfGVufDB8fHx8MTc3ODA2NTIyOHww&ixlib=rb-4.1.0&q=80&w=1080,REAL,Female,36-50
949,https://images.unsplash.com/photo-1774463536646-dabae2e6b93c?crop=entropy&cs=tinysrgb&fit=max&fm=jpg&ixid=M3w5NDQwMTV8MHwxfHNlYXJjaHw0Mzl8fG1hbiUyMGZhY2UlMjBjbG9zZXVwfGVufDB8fHx8MTc3ODA2NTIyOHww&ixlib=rb-4.1.0&q=80&w=1080,REAL,Female,18-25
950,https://images.unsplash.com/photo-1631743363713-7ffc5d87e248?crop=entropy&cs=tinysrgb&fit=max&fm=jpg&ixid=M3w5NDQwMTV8MHwxfHNlYXJjaHw0NDB8fG1hbiUyMGZhY2UlMjBjbG9zZXVwfGVufDB8fHx8MTc3ODA2NTIyOHww&ixlib=rb-4.1.0&q=80&w=1080,REAL,Female,18-25
951,https://images.unsplash.com/photo-1657427462662-03968d4f3a4a?crop=entropy&cs=tinysrgb&fit=max&fm=jpg&ixid=M3w5NDQwMTV8MHwxfHNlYXJjaHw0NDF8fG1hbiUyMGZhY2UlMjBjbG9zZXVwfGVufDB8fHx8MTc3ODA2NTIyOHww&ixlib=rb-4.1.0&q=80&w=1080,REAL,Female,26-35
952,https://images.unsplash.com/photo-1589686990601-331878efafa9?crop=entropy&cs=tinysrgb&fit=max&fm=jpg&ixid=M3w5NDQwMTV8MHwxfHNlYXJjaHw0NDJ8fG1hbiUyMGZhY2UlMjBjbG9zZXVwfGVufDB8fHx8MTc3ODA2NTIyOHww&ixlib=rb-4.1.0&q=80&w=1080,REAL,Male,18-25
953,https://images.unsplash.com/photo-1602610201258-501b402b7d9a?crop=entropy&cs=tinysrgb&fit=max&fm=jpg&ixid=M3w5NDQwMTV8MHwxfHNlYXJjaHw0NDN8fG1hbiUyMGZhY2UlMjBjbG9zZXVwfGVufDB8fHx8MTc3ODA2NTIyOHww&ixlib=rb-4.1.0&q=80&w=1080,REAL,Female,18-25
954,https://images.unsplash.com/photo-1587526345205-4c9ee20d1073?crop=entropy&cs=tinysrgb&fit=max&fm=jpg&ixid=M3w5NDQwMTV8MHwxfHNlYXJjaHw0NDR8fG1hbiUyMGZhY2UlMjBjbG9zZXVwfGVufDB8fHx8MTc3ODA2NTIyOXww&ixlib=rb-4.1.0&q=80&w=1080,REAL,Unknown,50+
955,https://images.unsplash.com/photo-1643132557781-37490b3d7fad?crop=entropy&cs=tinysrgb&fit=max&fm=jpg&ixid=M3w5NDQwMTV8MHwxfHNlYXJjaHw0NDV8fG1hbiUyMGZhY2UlMjBjbG9zZXVwfGVufDB8fHx8MTc3ODA2NTIyOXww&ixlib=rb-4.1.0&q=80&w=1080,REAL,Male,36-50
956,https://images.unsplash.com/photo-1508908324153-d1a219719814?crop=entropy&cs=tinysrgb&fit=max&fm=jpg&ixid=M3w5NDQwMTV8MHwxfHNlYXJjaHw0NDZ8fG1hbiUyMGZhY2UlMjBjbG9zZXVwfGVufDB8fHx8MTc3ODA2NTIyOXww&ixlib=rb-4.1.0&q=80&w=1080,REAL,Female,18-25
957,https://images.unsplash.com/photo-1570817758655-9f59b542f28d?crop=entropy&cs=tinysrgb&fit=max&fm=jpg&ixid=M3w5NDQwMTV8MHwxfHNlYXJjaHw0NDd8fG1hbiUyMGZhY2UlMjBjbG9zZXVwfGVufDB8fHx8MTc3ODA2NTIyOXww&ixlib=rb-4.1.0&q=80&w=1080,REAL,Unknown,50+
958,https://images.unsplash.com/photo-1604611075388-f68b631f1512?crop=entropy&cs=tinysrgb&fit=max&fm=jpg&ixid=M3w5NDQwMTV8MHwxfHNlYXJjaHw0NDh8fG1hbiUyMGZhY2UlMjBjbG9zZXVwfGVufDB8fHx8MTc3ODA2NTIyOXww&ixlib=rb-4.1.0&q=80&w=1080,REAL,Female,36-50
959,https://images.unsplash.com/photo-1603297430333-d6fbe0eafd6d?crop=entropy&cs=tinysrgb&fit=max&fm=jpg&ixid=M3w5NDQwMTV8MHwxfHNlYXJjaHw0NDl8fG1hbiUyMGZhY2UlMjBjbG9zZXVwfGVufDB8fHx8MTc3ODA2NTIyOXww&ixlib=rb-4.1.0&q=80&w=1080,REAL,Female,18-25
960,https://images.unsplash.com/photo-1614750344823-226c58441084?crop=entropy&cs=tinysrgb&fit=max&fm=jpg&ixid=M3w5NDQwMTV8MHwxfHNlYXJjaHw0NTB8fG1hbiUyMGZhY2UlMjBjbG9zZXVwfGVufDB8fHx8MTc3ODA2NTIyOXww&ixlib=rb-4.1.0&q=80&w=1080,REAL,Unknown,26-35
961,https://images.unsplash.com/photo-1675434704311-8bc0f1f0f77c?crop=entropy&cs=tinysrgb&fit=max&fm=jpg&ixid=M3w5NDQwMTV8MHwxfHNlYXJjaHw0NTF8fG1hbiUyMGZhY2UlMjBjbG9zZXVwfGVufDB8fHx8MTc3ODA2NTIzMHww&ixlib=rb-4.1.0&q=80&w=1080,REAL,Male,36-50
962,https://images.unsplash.com/photo-1633050745929-c293592dce40?crop=entropy&cs=tinysrgb&fit=max&fm=jpg&ixid=M3w5NDQwMTV8MHwxfHNlYXJjaHw0NTJ8fG1hbiUyMGZhY2UlMjBjbG9zZXVwfGVufDB8fHx8MTc3ODA2NTIzMHww&ixlib=rb-4.1.0&q=80&w=1080,REAL,Male,18-25
963,https://images.unsplash.com/photo-1620230448873-ffc56039c789?crop=entropy&cs=tinysrgb&fit=max&fm=jpg&ixid=M3w5NDQwMTV8MHwxfHNlYXJjaHw0NTN8fG1hbiUyMGZhY2UlMjBjbG9zZXVwfGVufDB8fHx8MTc3ODA2NTIzMHww&ixlib=rb-4.1.0&q=80&w=1080,REAL,Female,36-50
964,https://images.unsplash.com/photo-1585532487868-ae1ab18246d0?crop=entropy&cs=tinysrgb&fit=max&fm=jpg&ixid=M3w5NDQwMTV8MHwxfHNlYXJjaHw0NTR8fG1hbiUyMGZhY2UlMjBjbG9zZXVwfGVufDB8fHx8MTc3ODA2NTIzMHww&ixlib=rb-4.1.0&q=80&w=1080,REAL,Unknown,18-25
965,https://images.unsplash.com/photo-1618382521252-3077683d4a5f?crop=entropy&cs=tinysrgb&fit=max&fm=jpg&ixid=M3w5NDQwMTV8MHwxfHNlYXJjaHw0NTV8fG1hbiUyMGZhY2UlMjBjbG9zZXVwfGVufDB8fHx8MTc3ODA2NTIzMHww&ixlib=rb-4.1.0&q=80&w=1080,REAL,Male,36-50
966,https://images.unsplash.com/photo-1611055114622-4ae289ce3c15?crop=entropy&cs=tinysrgb&fit=max&fm=jpg&ixid=M3w5NDQwMTV8MHwxfHNlYXJjaHw0NTZ8fG1hbiUyMGZhY2UlMjBjbG9zZXVwfGVufDB8fHx8MTc3ODA2NTIzMHww&ixlib=rb-4.1.0&q=80&w=1080,REAL,Female,18-25
967,https://images.unsplash.com/photo-1739619285912-d34c8c707208?crop=entropy&cs=tinysrgb&fit=max&fm=jpg&ixid=M3w5NDQwMTV8MHwxfHNlYXJjaHw0NTd8fG1hbiUyMGZhY2UlMjBjbG9zZXVwfGVufDB8fHx8MTc3ODA2NTIzMHww&ixlib=rb-4.1.0&q=80&w=1080,REAL,Unknown,50+
968,https://images.unsplash.com/photo-1518725522904-4b3939358342?crop=entropy&cs=tinysrgb&fit=max&fm=jpg&ixid=M3w5NDQwMTV8MHwxfHNlYXJjaHw0NTh8fG1hbiUyMGZhY2UlMjBjbG9zZXVwfGVufDB8fHx8MTc3ODA2NTIzMHww&ixlib=rb-4.1.0&q=80&w=1080,REAL,Unknown,18-25
969,https://images.unsplash.com/photo-1474533410427-a23da4fd49d0?crop=entropy&cs=tinysrgb&fit=max&fm=jpg&ixid=M3w5NDQwMTV8MHwxfHNlYXJjaHw0NTl8fG1hbiUyMGZhY2UlMjBjbG9zZXVwfGVufDB8fHx8MTc3ODA2NTIzMHww&ixlib=rb-4.1.0&q=80&w=1080,REAL,Female,50+
970,https://images.unsplash.com/photo-1623475048664-847a4f3bd7d1?crop=entropy&cs=tinysrgb&fit=max&fm=jpg&ixid=M3w5NDQwMTV8MHwxfHNlYXJjaHw0NjB8fG1hbiUyMGZhY2UlMjBjbG9zZXVwfGVufDB8fHx8MTc3ODA2NTIzMHww&ixlib=rb-4.1.0&q=80&w=1080,REAL,Male,50+
971,https://images.unsplash.com/photo-1739567994955-6441a2fbb62d?crop=entropy&cs=tinysrgb&fit=max&fm=jpg&ixid=M3w5NDQwMTV8MHwxfHNlYXJjaHw0NjF8fG1hbiUyMGZhY2UlMjBjbG9zZXVwfGVufDB8fHx8MTc3ODA2NTIzMHww&ixlib=rb-4.1.0&q=80&w=1080,REAL,Unknown,36-50
972,https://images.unsplash.com/photo-1600364768707-1385e68a48f6?crop=entropy&cs=tinysrgb&fit=max&fm=jpg&ixid=M3w5NDQwMTV8MHwxfHNlYXJjaHw0NjJ8fG1hbiUyMGZhY2UlMjBjbG9zZXVwfGVufDB8fHx8MTc3ODA2NTIzMHww&ixlib=rb-4.1.0&q=80&w=1080,REAL,Male,36-50
973,https://images.unsplash.com/photo-1667501928453-ee6694d6450d?crop=entropy&cs=tinysrgb&fit=max&fm=jpg&ixid=M3w5NDQwMTV8MHwxfHNlYXJjaHw0NjN8fG1hbiUyMGZhY2UlMjBjbG9zZXVwfGVufDB8fHx8MTc3ODA2NTIzMHww&ixlib=rb-4.1.0&q=80&w=1080,REAL,Male,18-25
974,https://images.unsplash.com/photo-1554306352-f039722ccb55?crop=entropy&cs=tinysrgb&fit=max&fm=jpg&ixid=M3w5NDQwMTV8MHwxfHNlYXJjaHw0NjR8fG1hbiUyMGZhY2UlMjBjbG9zZXVwfGVufDB8fHx8MTc3ODA2NTIzMHww&ixlib=rb-4.1.0&q=80&w=1080,REAL,Male,26-35
975,https://images.unsplash.com/photo-1718606446645-d7169dd0789e?crop=entropy&cs=tinysrgb&fit=max&fm=jpg&ixid=M3w5NDQwMTV8MHwxfHNlYXJjaHw0NjV8fG1hbiUyMGZhY2UlMjBjbG9zZXVwfGVufDB8fHx8MTc3ODA2NTIzMHww&ixlib=rb-4.1.0&q=80&w=1080,REAL,Male,50+
976,https://images.unsplash.com/photo-1693817927567-d8cd4161f1d3?crop=entropy&cs=tinysrgb&fit=max&fm=jpg&ixid=M3w5NDQwMTV8MHwxfHNlYXJjaHw0NjZ8fG1hbiUyMGZhY2UlMjBjbG9zZXVwfGVufDB8fHx8MTc3ODA2NTIzMHww&ixlib=rb-4.1.0&q=80&w=1080,REAL,Unknown,50+
977,https://images.unsplash.com/photo-1640777856427-f269ee7196e8?crop=entropy&cs=tinysrgb&fit=max&fm=jpg&ixid=M3w5NDQwMTV8MHwxfHNlYXJjaHw0Njd8fG1hbiUyMGZhY2UlMjBjbG9zZXVwfGVufDB8fHx8MTc3ODA2NTIzMHww&ixlib=rb-4.1.0&q=80&w=1080,REAL,Female,26-35
978,https://images.unsplash.com/photo-1775219821882-ed6ec3f10fed?crop=entropy&cs=tinysrgb&fit=max&fm=jpg&ixid=M3w5NDQwMTV8MHwxfHNlYXJjaHw0Njh8fG1hbiUyMGZhY2UlMjBjbG9zZXVwfGVufDB8fHx8MTc3ODA2NTIzMHww&ixlib=rb-4.1.0&q=80&w=1080,REAL,Unknown,36-50
979,https://images.unsplash.com/photo-1512911041729-acb19a87d993?crop=entropy&cs=tinysrgb&fit=max&fm=jpg&ixid=M3w5NDQwMTV8MHwxfHNlYXJjaHw0Njl8fG1hbiUyMGZhY2UlMjBjbG9zZXVwfGVufDB8fHx8MTc3ODA2NTIzMHww&ixlib=rb-4.1.0&q=80&w=1080,REAL,Female,26-35
980,https://images.unsplash.com/photo-1587186499454-ef32f6781199?crop=entropy&cs=tinysrgb&fit=max&fm=jpg&ixid=M3w5NDQwMTV8MHwxfHNlYXJjaHw0NzB8fG1hbiUyMGZhY2UlMjBjbG9zZXVwfGVufDB8fHx8MTc3ODA2NTIzMHww&ixlib=rb-4.1.0&q=80&w=1080,REAL,Female,18-25
981,https://images.unsplash.com/photo-1610767540247-e62e87b7a7c5?crop=entropy&cs=tinysrgb&fit=max&fm=jpg&ixid=M3w5NDQwMTV8MHwxfHNlYXJjaHw0NzF8fG1hbiUyMGZhY2UlMjBjbG9zZXVwfGVufDB8fHx8MTc3ODA2NTIzMHww&ixlib=rb-4.1.0&q=80&w=1080,REAL,Male,36-50
982,https://images.unsplash.com/photo-1625641282504-7d971110f28d?crop=entropy&cs=tinysrgb&fit=max&fm=jpg&ixid=M3w5NDQwMTV8MHwxfHNlYXJjaHw0NzJ8fG1hbiUyMGZhY2UlMjBjbG9zZXVwfGVufDB8fHx8MTc3ODA2NTIzMHww&ixlib=rb-4.1.0&q=80&w=1080,REAL,Unknown,50+
983,https://images.unsplash.com/photo-1604979118771-98fec6f44c5f?crop=entropy&cs=tinysrgb&fit=max&fm=jpg&ixid=M3w5NDQwMTV8MHwxfHNlYXJjaHw0NzN8fG1hbiUyMGZhY2UlMjBjbG9zZXVwfGVufDB8fHx8MTc3ODA2NTIzMHww&ixlib=rb-4.1.0&q=80&w=1080,REAL,Unknown,36-50
984,https://images.unsplash.com/photo-1617746652974-0be48cd984d1?crop=entropy&cs=tinysrgb&fit=max&fm=jpg&ixid=M3w5NDQwMTV8MHwxfHNlYXJjaHw0NzR8fG1hbiUyMGZhY2UlMjBjbG9zZXVwfGVufDB8fHx8MTc3ODA2NTIzMHww&ixlib=rb-4.1.0&q=80&w=1080,REAL,Female,26-35
985,https://images.unsplash.com/photo-1588708930513-9bb61090b350?crop=entropy&cs=tinysrgb&fit=max&fm=jpg&ixid=M3w5NDQwMTV8MHwxfHNlYXJjaHw0NzV8fG1hbiUyMGZhY2UlMjBjbG9zZXVwfGVufDB8fHx8MTc3ODA2NTIzMHww&ixlib=rb-4.1.0&q=80&w=1080,REAL,Male,50+
986,https://images.unsplash.com/photo-1617925357630-eaad710f9157?crop=entropy&cs=tinysrgb&fit=max&fm=jpg&ixid=M3w5NDQwMTV8MHwxfHNlYXJjaHw0NzZ8fG1hbiUyMGZhY2UlMjBjbG9zZXVwfGVufDB8fHx8MTc3ODA2NTIzMHww&ixlib=rb-4.1.0&q=80&w=1080,REAL,Male,36-50
987,https://images.unsplash.com/photo-1551014463-2cffbb465920?crop=entropy&cs=tinysrgb&fit=max&fm=jpg&ixid=M3w5NDQwMTV8MHwxfHNlYXJjaHw0Nzd8fG1hbiUyMGZhY2UlMjBjbG9zZXVwfGVufDB8fHx8MTc3ODA2NTIzMHww&ixlib=rb-4.1.0&q=80&w=1080,REAL,Female,18-25
988,https://images.unsplash.com/photo-1636486183541-83634a8dc9a7?crop=entropy&cs=tinysrgb&fit=max&fm=jpg&ixid=M3w5NDQwMTV8MHwxfHNlYXJjaHw0Nzh8fG1hbiUyMGZhY2UlMjBjbG9zZXVwfGVufDB8fHx8MTc3ODA2NTIzMHww&ixlib=rb-4.1.0&q=80&w=1080,REAL,Female,18-25
989,https://images.unsplash.com/photo-1707581596812-10018cfc9fa0?crop=entropy&cs=tinysrgb&fit=max&fm=jpg&ixid=M3w5NDQwMTV8MHwxfHNlYXJjaHw0Nzl8fG1hbiUyMGZhY2UlMjBjbG9zZXVwfGVufDB8fHx8MTc3ODA2NTIzMHww&ixlib=rb-4.1.0&q=80&w=1080,REAL,Female,18-25
990,https://images.unsplash.com/photo-1682537067451-a48aa6df6cd7?crop=entropy&cs=tinysrgb&fit=max&fm=jpg&ixid=M3w5NDQwMTV8MHwxfHNlYXJjaHw0ODB8fG1hbiUyMGZhY2UlMjBjbG9zZXVwfGVufDB8fHx8MTc3ODA2NTIzMHww&ixlib=rb-4.1.0&q=80&w=1080,REAL,Unknown,36-50
991,https://images.unsplash.com/photo-1682537067451-a48aa6df6cd7?crop=entropy&cs=tinysrgb&fit=max&fm=jpg&ixid=M3w5NDQwMTV8MHwxfHNlYXJjaHw0ODF8fG1hbiUyMGZhY2UlMjBjbG9zZXVwfGVufDB8fHx8MTc3ODA2NTIzMnww&ixlib=rb-4.1.0&q=80&w=1080,REAL,Female,36-50
992,https://images.unsplash.com/photo-1591554405525-fbe5b58cf68c?crop=entropy&cs=tinysrgb&fit=max&fm=jpg&ixid=M3w5NDQwMTV8MHwxfHNlYXJjaHw0ODJ8fG1hbiUyMGZhY2UlMjBjbG9zZXVwfGVufDB8fHx8MTc3ODA2NTIzMnww&ixlib=rb-4.1.0&q=80&w=1080,REAL,Unknown,26-35
993,https://images.unsplash.com/photo-1596633816484-10da10b748e4?crop=entropy&cs=tinysrgb&fit=max&fm=jpg&ixid=M3w5NDQwMTV8MHwxfHNlYXJjaHw0ODN8fG1hbiUyMGZhY2UlMjBjbG9zZXVwfGVufDB8fHx8MTc3ODA2NTIzMnww&ixlib=rb-4.1.0&q=80&w=1080,REAL,Unknown,18-25
994,https://images.unsplash.com/photo-1629810392168-e840a91e4d7d?crop=entropy&cs=tinysrgb&fit=max&fm=jpg&ixid=M3w5NDQwMTV8MHwxfHNlYXJjaHw0ODR8fG1hbiUyMGZhY2UlMjBjbG9zZXVwfGVufDB8fHx8MTc3ODA2NTIzMnww&ixlib=rb-4.1.0&q=80&w=1080,REAL,Unknown,50+
995,https://images.unsplash.com/photo-1768144163883-039c271e96a5?crop=entropy&cs=tinysrgb&fit=max&fm=jpg&ixid=M3w5NDQwMTV8MHwxfHNlYXJjaHw0ODV8fG1hbiUyMGZhY2UlMjBjbG9zZXVwfGVufDB8fHx8MTc3ODA2NTIzMnww&ixlib=rb-4.1.0&q=80&w=1080,REAL,Unknown,18-25
996,https://images.unsplash.com/photo-1676439945755-a96669b89bac?crop=entropy&cs=tinysrgb&fit=max&fm=jpg&ixid=M3w5NDQwMTV8MHwxfHNlYXJjaHw0ODZ8fG1hbiUyMGZhY2UlMjBjbG9zZXVwfGVufDB8fHx8MTc3ODA2NTIzMnww&ixlib=rb-4.1.0&q=80&w=1080,REAL,Unknown,36-50
997,https://images.unsplash.com/photo-1587397845856-e6cf49176c70?crop=entropy&cs=tinysrgb&fit=max&fm=jpg&ixid=M3w5NDQwMTV8MHwxfHNlYXJjaHw0ODd8fG1hbiUyMGZhY2UlMjBjbG9zZXVwfGVufDB8fHx8MTc3ODA2NTIzMnww&ixlib=rb-4.1.0&q=80&w=1080,REAL,Female,50+
998,https://images.unsplash.com/photo-1737966240353-bbe6c3801486?crop=entropy&cs=tinysrgb&fit=max&fm=jpg&ixid=M3w5NDQwMTV8MHwxfHNlYXJjaHw0ODh8fG1hbiUyMGZhY2UlMjBjbG9zZXVwfGVufDB8fHx8MTc3ODA2NTIzMnww&ixlib=rb-4.1.0&q=80&w=1080,REAL,Female,18-25
999,https://images.unsplash.com/photo-1747303866103-b885f7b00397?crop=entropy&cs=tinysrgb&fit=max&fm=jpg&ixid=M3w5NDQwMTV8MHwxfHNlYXJjaHw0ODl8fG1hbiUyMGZhY2UlMjBjbG9zZXVwfGVufDB8fHx8MTc3ODA2NTIzMnww&ixlib=rb-4.1.0&q=80&w=1080,REAL,Female,36-50
1000,https://images.unsplash.com/photo-1670678832551-461a3466fae2?crop=entropy&cs=tinysrgb&fit=max&fm=jpg&ixid=M3w5NDQwMTV8MHwxfHNlYXJjaHw0OTB8fG1hbiUyMGZhY2UlMjBjbG9zZXVwfGVufDB8fHx8MTc3ODA2NTIzMnww&ixlib=rb-4.1.0&q=80&w=1080,REAL,Female,18-25
1001,https://images.unsplash.com/photo-1632328153416-ba25c37d9226?crop=entropy&cs=tinysrgb&fit=max&fm=jpg&ixid=M3w5NDQwMTV8MHwxfHNlYXJjaHw0OTF8fG1hbiUyMGZhY2UlMjBjbG9zZXVwfGVufDB8fHx8MTc3ODA2NTIzMnww&ixlib=rb-4.1.0&q=80&w=1080,REAL,Male,26-35
1002,https://images.unsplash.com/photo-1532670968966-b6ca40d77193?crop=entropy&cs=tinysrgb&fit=max&fm=jpg&ixid=M3w5NDQwMTV8MHwxfHNlYXJjaHw0OTJ8fG1hbiUyMGZhY2UlMjBjbG9zZXVwfGVufDB8fHx8MTc3ODA2NTIzMnww&ixlib=rb-4.1.0&q=80&w=1080,REAL,Female,36-50
1003,https://images.unsplash.com/photo-1551617405-f1fc4bcd9f25?crop=entropy&cs=tinysrgb&fit=max&fm=jpg&ixid=M3w5NDQwMTV8MHwxfHNlYXJjaHw0OTN8fG1hbiUyMGZhY2UlMjBjbG9zZXVwfGVufDB8fHx8MTc3ODA2NTIzMnww&ixlib=rb-4.1.0&q=80&w=1080,REAL,Male,18-25
1004,https://images.unsplash.com/photo-1575719408402-6bbd01c2ad31?crop=entropy&cs=tinysrgb&fit=max&fm=jpg&ixid=M3w5NDQwMTV8MHwxfHNlYXJjaHw0OTR8fG1hbiUyMGZhY2UlMjBjbG9zZXVwfGVufDB8fHx8MTc3ODA2NTIzMnww&ixlib=rb-4.1.0&q=80&w=1080,REAL,Unknown,18-25
1005,https://images.unsplash.com/photo-1669642604965-efd01d110113?crop=entropy&cs=tinysrgb&fit=max&fm=jpg&ixid=M3w5NDQwMTV8MHwxfHNlYXJjaHw0OTV8fG1hbiUyMGZhY2UlMjBjbG9zZXVwfGVufDB8fHx8MTc3ODA2NTIzMnww&ixlib=rb-4.1.0&q=80&w=1080,REAL,Unknown,18-25
1006,https://images.unsplash.com/photo-1642794453110-5105c08c829f?crop=entropy&cs=tinysrgb&fit=max&fm=jpg&ixid=M3w5NDQwMTV8MHwxfHNlYXJjaHw0OTZ8fG1hbiUyMGZhY2UlMjBjbG9zZXVwfGVufDB8fHx8MTc3ODA2NTIzMnww&ixlib=rb-4.1.0&q=80&w=1080,REAL,Male,50+
1007,https://images.unsplash.com/photo-1599682356923-ad7f50e71016?crop=entropy&cs=tinysrgb&fit=max&fm=jpg&ixid=M3w5NDQwMTV8MHwxfHNlYXJjaHw0OTd8fG1hbiUyMGZhY2UlMjBjbG9zZXVwfGVufDB8fHx8MTc3ODA2NTIzMnww&ixlib=rb-4.1.0&q=80&w=1080,REAL,Female,18-25
1008,https://images.unsplash.com/photo-1649018831890-35a142de2210?crop=entropy&cs=tinysrgb&fit=max&fm=jpg&ixid=M3w5NDQwMTV8MHwxfHNlYXJjaHw0OTh8fG1hbiUyMGZhY2UlMjBjbG9zZXVwfGVufDB8fHx8MTc3ODA2NTIzMnww&ixlib=rb-4.1.0&q=80&w=1080,REAL,Unknown,50+
1009,https://images.unsplash.com/photo-1627361385389-6b5cc859bd9e?crop=entropy&cs=tinysrgb&fit=max&fm=jpg&ixid=M3w5NDQwMTV8MHwxfHNlYXJjaHw0OTl8fG1hbiUyMGZhY2UlMjBjbG9zZXVwfGVufDB8fHx8MTc3ODA2NTIzMnww&ixlib=rb-4.1.0&q=80&w=1080,REAL,Male,26-35
1010,https://images.unsplash.com/photo-1636458319334-770cbb374c24?crop=entropy&cs=tinysrgb&fit=max&fm=jpg&ixid=M3w5NDQwMTV8MHwxfHNlYXJjaHw1MDB8fG1hbiUyMGZhY2UlMjBjbG9zZXVwfGVufDB8fHx8MTc3ODA2NTIzMnww&ixlib=rb-4.1.0&q=80&w=1080,REAL,Male,26-35
1011,https://images.unsplash.com/photo-1615290788929-606761603023?crop=entropy&cs=tinysrgb&fit=max&fm=jpg&ixid=M3w5NDQwMTV8MHwxfHNlYXJjaHw1MDF8fG1hbiUyMGZhY2UlMjBjbG9zZXVwfGVufDB8fHx8MTc3ODA2NTIzMnww&ixlib=rb-4.1.0&q=80&w=1080,REAL,Unknown,26-35
1012,https://images.unsplash.com/photo-1768693480279-5e1a5a5b2590?crop=entropy&cs=tinysrgb&fit=max&fm=jpg&ixid=M3w5NDQwMTV8MHwxfHNlYXJjaHw1MDJ8fG1hbiUyMGZhY2UlMjBjbG9zZXVwfGVufDB8fHx8MTc3ODA2NTIzMnww&ixlib=rb-4.1.0&q=80&w=1080,REAL,Male,50+
1013,https://images.unsplash.com/photo-1513112687946-67bc1c823f3a?crop=entropy&cs=tinysrgb&fit=max&fm=jpg&ixid=M3w5NDQwMTV8MHwxfHNlYXJjaHw1MDN8fG1hbiUyMGZhY2UlMjBjbG9zZXVwfGVufDB8fHx8MTc3ODA2NTIzMnww&ixlib=rb-4.1.0&q=80&w=1080,REAL,Male,50+
1014,https://images.unsplash.com/photo-1625486062401-5cb67f70b56d?crop=entropy&cs=tinysrgb&fit=max&fm=jpg&ixid=M3w5NDQwMTV8MHwxfHNlYXJjaHw1MDR8fG1hbiUyMGZhY2UlMjBjbG9zZXVwfGVufDB8fHx8MTc3ODA2NTIzMnww&ixlib=rb-4.1.0&q=80&w=1080,REAL,Unknown,18-25
1015,https://images.unsplash.com/photo-1542458579-0efc5038d080?crop=entropy&cs=tinysrgb&fit=max&fm=jpg&ixid=M3w5NDQwMTV8MHwxfHNlYXJjaHw1MDV8fG1hbiUyMGZhY2UlMjBjbG9zZXVwfGVufDB8fHx8MTc3ODA2NTIzMnww&ixlib=rb-4.1.0&q=80&w=1080,REAL,Female,50+
1016,https://images.unsplash.com/photo-1564564244080-5141046f5e21?crop=entropy&cs=tinysrgb&fit=max&fm=jpg&ixid=M3w5NDQwMTV8MHwxfHNlYXJjaHw1MDZ8fG1hbiUyMGZhY2UlMjBjbG9zZXVwfGVufDB8fHx8MTc3ODA2NTIzMnww&ixlib=rb-4.1.0&q=80&w=1080,REAL,Unknown,18-25
1017,https://images.unsplash.com/photo-1671718648254-b172c1f188a3?crop=entropy&cs=tinysrgb&fit=max&fm=jpg&ixid=M3w5NDQwMTV8MHwxfHNlYXJjaHw1MDd8fG1hbiUyMGZhY2UlMjBjbG9zZXVwfGVufDB8fHx8MTc3ODA2NTIzMnww&ixlib=rb-4.1.0&q=80&w=1080,REAL,Female,18-25
1018,https://images.unsplash.com/photo-1663417140976-2c8696d0e27d?crop=entropy&cs=tinysrgb&fit=max&fm=jpg&ixid=M3w5NDQwMTV8MHwxfHNlYXJjaHw1MDh8fG1hbiUyMGZhY2UlMjBjbG9zZXVwfGVufDB8fHx8MTc3ODA2NTIzMnww&ixlib=rb-4.1.0&q=80&w=1080,REAL,Female,50+
1019,https://images.unsplash.com/photo-1608352247409-dd9edd0e9ce2?crop=entropy&cs=tinysrgb&fit=max&fm=jpg&ixid=M3w5NDQwMTV8MHwxfHNlYXJjaHw1MDl8fG1hbiUyMGZhY2UlMjBjbG9zZXVwfGVufDB8fHx8MTc3ODA2NTIzMnww&ixlib=rb-4.1.0&q=80&w=1080,REAL,Female,36-50
1020,https://images.unsplash.com/photo-1626376602887-abe90fc0985c?crop=entropy&cs=tinysrgb&fit=max&fm=jpg&ixid=M3w5NDQwMTV8MHwxfHNlYXJjaHw1MTB8fG1hbiUyMGZhY2UlMjBjbG9zZXVwfGVufDB8fHx8MTc3ODA2NTIzMnww&ixlib=rb-4.1.0&q=80&w=1080,REAL,Male,50+
1021,https://images.unsplash.com/photo-1751383612249-3ecd7d68b7fe?crop=entropy&cs=tinysrgb&fit=max&fm=jpg&ixid=M3w5NDQwMTV8MHwxfHNlYXJjaHw1MTF8fG1hbiUyMGZhY2UlMjBjbG9zZXVwfGVufDB8fHx8MTc3ODA2NTIzNHww&ixlib=rb-4.1.0&q=80&w=1080,REAL,Unknown,36-50
1022,https://images.unsplash.com/photo-1565540505897-2a7c6a71ea27?crop=entropy&cs=tinysrgb&fit=max&fm=jpg&ixid=M3w5NDQwMTV8MHwxfHNlYXJjaHw1MTJ8fG1hbiUyMGZhY2UlMjBjbG9zZXVwfGVufDB8fHx8MTc3ODA2NTIzNHww&ixlib=rb-4.1.0&q=80&w=1080,REAL,Male,18-25
1023,https://images.unsplash.com/photo-1607592706726-d032acbd08cd?crop=entropy&cs=tinysrgb&fit=max&fm=jpg&ixid=M3w5NDQwMTV8MHwxfHNlYXJjaHw1MTN8fG1hbiUyMGZhY2UlMjBjbG9zZXVwfGVufDB8fHx8MTc3ODA2NTIzNHww&ixlib=rb-4.1.0&q=80&w=1080,REAL,Female,18-25
1024,https://images.unsplash.com/photo-1514218698632-ef079aeae842?crop=entropy&cs=tinysrgb&fit=max&fm=jpg&ixid=M3w5NDQwMTV8MHwxfHNlYXJjaHw1MTR8fG1hbiUyMGZhY2UlMjBjbG9zZXVwfGVufDB8fHx8MTc3ODA2NTIzNHww&ixlib=rb-4.1.0&q=80&w=1080,REAL,Female,26-35
1025,https://images.unsplash.com/photo-1644437687093-8a01d1721fae?crop=entropy&cs=tinysrgb&fit=max&fm=jpg&ixid=M3w5NDQwMTV8MHwxfHNlYXJjaHw1MTV8fG1hbiUyMGZhY2UlMjBjbG9zZXVwfGVufDB8fHx8MTc3ODA2NTIzNHww&ixlib=rb-4.1.0&q=80&w=1080,REAL,Unknown,50+
1026,https://images.unsplash.com/photo-1633791434413-4cd9c5e93099?crop=entropy&cs=tinysrgb&fit=max&fm=jpg&ixid=M3w5NDQwMTV8MHwxfHNlYXJjaHw1MTZ8fG1hbiUyMGZhY2UlMjBjbG9zZXVwfGVufDB8fHx8MTc3ODA2NTIzNHww&ixlib=rb-4.1.0&q=80&w=1080,REAL,Unknown,50+
1027,https://images.unsplash.com/photo-1583902449898-3b78e2e8d180?crop=entropy&cs=tinysrgb&fit=max&fm=jpg&ixid=M3w5NDQwMTV8MHwxfHNlYXJjaHw1MTd8fG1hbiUyMGZhY2UlMjBjbG9zZXVwfGVufDB8fHx8MTc3ODA2NTIzNHww&ixlib=rb-4.1.0&q=80&w=1080,REAL,Unknown,36-50
1028,https://images.unsplash.com/photo-1775219588606-41d0dfbbe0ed?crop=entropy&cs=tinysrgb&fit=max&fm=jpg&ixid=M3w5NDQwMTV8MHwxfHNlYXJjaHw1MTh8fG1hbiUyMGZhY2UlMjBjbG9zZXVwfGVufDB8fHx8MTc3ODA2NTIzNHww&ixlib=rb-4.1.0&q=80&w=1080,REAL,Unknown,18-25
1029,https://images.unsplash.com/photo-1612374547077-bb9875502a2f?crop=entropy&cs=tinysrgb&fit=max&fm=jpg&ixid=M3w5NDQwMTV8MHwxfHNlYXJjaHw1MTl8fG1hbiUyMGZhY2UlMjBjbG9zZXVwfGVufDB8fHx8MTc3ODA2NTIzNHww&ixlib=rb-4.1.0&q=80&w=1080,REAL,Unknown,18-25
1030,https://images.unsplash.com/photo-1575267685835-9a301978a612?crop=entropy&cs=tinysrgb&fit=max&fm=jpg&ixid=M3w5NDQwMTV8MHwxfHNlYXJjaHw1MjB8fG1hbiUyMGZhY2UlMjBjbG9zZXVwfGVufDB8fHx8MTc3ODA2NTIzNHww&ixlib=rb-4.1.0&q=80&w=1080,REAL,Female,26-35
1031,https://images.unsplash.com/photo-1627034779567-6cfbb7918d28?crop=entropy&cs=tinysrgb&fit=max&fm=jpg&ixid=M3w5NDQwMTV8MHwxfHNlYXJjaHw1MjF8fG1hbiUyMGZhY2UlMjBjbG9zZXVwfGVufDB8fHx8MTc3ODA2NTIzNHww&ixlib=rb-4.1.0&q=80&w=1080,REAL,Female,50+
1032,https://images.unsplash.com/photo-1625824977593-07430e94e4e2?crop=entropy&cs=tinysrgb&fit=max&fm=jpg&ixid=M3w5NDQwMTV8MHwxfHNlYXJjaHw1MjJ8fG1hbiUyMGZhY2UlMjBjbG9zZXVwfGVufDB8fHx8MTc3ODA2NTIzNHww&ixlib=rb-4.1.0&q=80&w=1080,REAL,Male,18-25
1033,https://images.unsplash.com/photo-1758611969622-63ae541a48b5?crop=entropy&cs=tinysrgb&fit=max&fm=jpg&ixid=M3w5NDQwMTV8MHwxfHNlYXJjaHw1MjN8fG1hbiUyMGZhY2UlMjBjbG9zZXVwfGVufDB8fHx8MTc3ODA2NTIzNHww&ixlib=rb-4.1.0&q=80&w=1080,REAL,Male,26-35
1034,https://images.unsplash.com/photo-1468218457742-ee484fe2fe4c?crop=entropy&cs=tinysrgb&fit=max&fm=jpg&ixid=M3w5NDQwMTV8MHwxfHNlYXJjaHw1MjR8fG1hbiUyMGZhY2UlMjBjbG9zZXVwfGVufDB8fHx8MTc3ODA2NTIzNHww&ixlib=rb-4.1.0&q=80&w=1080,REAL,Unknown,26-35
1035,https://images.unsplash.com/photo-1552408434-fefbd9da4640?crop=entropy&cs=tinysrgb&fit=max&fm=jpg&ixid=M3w5NDQwMTV8MHwxfHNlYXJjaHw1MjV8fG1hbiUyMGZhY2UlMjBjbG9zZXVwfGVufDB8fHx8MTc3ODA2NTIzNHww&ixlib=rb-4.1.0&q=80&w=1080,REAL,Unknown,18-25
1036,https://images.unsplash.com/photo-1591705730634-6ff594a55af0?crop=entropy&cs=tinysrgb&fit=max&fm=jpg&ixid=M3w5NDQwMTV8MHwxfHNlYXJjaHw1MjZ8fG1hbiUyMGZhY2UlMjBjbG9zZXVwfGVufDB8fHx8MTc3ODA2NTIzNHww&ixlib=rb-4.1.0&q=80&w=1080,REAL,Male,18-25
1037,https://images.unsplash.com/photo-1543984613-f55ca6a1ba35?crop=entropy&cs=tinysrgb&fit=max&fm=jpg&ixid=M3w5NDQwMTV8MHwxfHNlYXJjaHw1Mjd8fG1hbiUyMGZhY2UlMjBjbG9zZXVwfGVufDB8fHx8MTc3ODA2NTIzNHww&ixlib=rb-4.1.0&q=80&w=1080,REAL,Male,50+
1038,https://images.unsplash.com/photo-1671680134210-7ffdbff92630?crop=entropy&cs=tinysrgb&fit=max&fm=jpg&ixid=M3w5NDQwMTV8MHwxfHNlYXJjaHw1Mjh8fG1hbiUyMGZhY2UlMjBjbG9zZXVwfGVufDB8fHx8MTc3ODA2NTIzNHww&ixlib=rb-4.1.0&q=80&w=1080,REAL,Male,50+
1039,https://images.unsplash.com/photo-1682391129792-4c1265dd5da8?crop=entropy&cs=tinysrgb&fit=max&fm=jpg&ixid=M3w5NDQwMTV8MHwxfHNlYXJjaHw1Mjl8fG1hbiUyMGZhY2UlMjBjbG9zZXVwfGVufDB8fHx8MTc3ODA2NTIzNHww&ixlib=rb-4.1.0&q=80&w=1080,REAL,Male,18-25
1040,https://images.unsplash.com/photo-1581518873005-89be78a8b673?crop=entropy&cs=tinysrgb&fit=max&fm=jpg&ixid=M3w5NDQwMTV8MHwxfHNlYXJjaHw1MzB8fG1hbiUyMGZhY2UlMjBjbG9zZXVwfGVufDB8fHx8MTc3ODA2NTIzNHww&ixlib=rb-4.1.0&q=80&w=1080,REAL,Male,26-35
1041,https://images.unsplash.com/photo-1610767540673-4ae1befdb182?crop=entropy&cs=tinysrgb&fit=max&fm=jpg&ixid=M3w5NDQwMTV8MHwxfHNlYXJjaHw1MzF8fG1hbiUyMGZhY2UlMjBjbG9zZXVwfGVufDB8fHx8MTc3ODA2NTIzNHww&ixlib=rb-4.1.0&q=80&w=1080,REAL,Female,36-50
1042,https://images.unsplash.com/photo-1740948267273-85949fd0114e?crop=entropy&cs=tinysrgb&fit=max&fm=jpg&ixid=M3w5NDQwMTV8MHwxfHNlYXJjaHw1MzJ8fG1hbiUyMGZhY2UlMjBjbG9zZXVwfGVufDB8fHx8MTc3ODA2NTIzNHww&ixlib=rb-4.1.0&q=80&w=1080,REAL,Unknown,50+
1043,https://images.unsplash.com/photo-1627554635789-7ff09559975c?crop=entropy&cs=tinysrgb&fit=max&fm=jpg&ixid=M3w5NDQwMTV8MHwxfHNlYXJjaHw1MzN8fG1hbiUyMGZhY2UlMjBjbG9zZXVwfGVufDB8fHx8MTc3ODA2NTIzNHww&ixlib=rb-4.1.0&q=80&w=1080,REAL,Male,26-35
1044,https://images.unsplash.com/photo-1644345606232-d1340eef07c9?crop=entropy&cs=tinysrgb&fit=max&fm=jpg&ixid=M3w5NDQwMTV8MHwxfHNlYXJjaHw1MzR8fG1hbiUyMGZhY2UlMjBjbG9zZXVwfGVufDB8fHx8MTc3ODA2NTIzNHww&ixlib=rb-4.1.0&q=80&w=1080,REAL,Female,18-25
1045,https://images.unsplash.com/photo-1776998584094-db1da5aa5ef2?crop=entropy&cs=tinysrgb&fit=max&fm=jpg&ixid=M3w5NDQwMTV8MHwxfHNlYXJjaHw1MzV8fG1hbiUyMGZhY2UlMjBjbG9zZXVwfGVufDB8fHx8MTc3ODA2NTIzNHww&ixlib=rb-4.1.0&q=80&w=1080,REAL,Male,26-35
1046,https://images.unsplash.com/photo-1569917964592-68730914d92c?crop=entropy&cs=tinysrgb&fit=max&fm=jpg&ixid=M3w5NDQwMTV8MHwxfHNlYXJjaHw1MzZ8fG1hbiUyMGZhY2UlMjBjbG9zZXVwfGVufDB8fHx8MTc3ODA2NTIzNHww&ixlib=rb-4.1.0&q=80&w=1080,REAL,Unknown,18-25
1047,https://images.unsplash.com/photo-1652171874512-b524dcffb261?crop=entropy&cs=tinysrgb&fit=max&fm=jpg&ixid=M3w5NDQwMTV8MHwxfHNlYXJjaHw1Mzd8fG1hbiUyMGZhY2UlMjBjbG9zZXVwfGVufDB8fHx8MTc3ODA2NTIzNHww&ixlib=rb-4.1.0&q=80&w=1080,REAL,Unknown,18-25
1048,https://images.unsplash.com/photo-1653921998938-f9146d1c3fac?crop=entropy&cs=tinysrgb&fit=max&fm=jpg&ixid=M3w5NDQwMTV8MHwxfHNlYXJjaHw1Mzh8fG1hbiUyMGZhY2UlMjBjbG9zZXVwfGVufDB8fHx8MTc3ODA2NTIzNHww&ixlib=rb-4.1.0&q=80&w=1080,REAL,Female,50+
1049,https://images.unsplash.com/photo-1592568454695-4b39d56a2310?crop=entropy&cs=tinysrgb&fit=max&fm=jpg&ixid=M3w5NDQwMTV8MHwxfHNlYXJjaHw1Mzl8fG1hbiUyMGZhY2UlMjBjbG9zZXVwfGVufDB8fHx8MTc3ODA2NTIzNHww&ixlib=rb-4.1.0&q=80&w=1080,REAL,Female,18-25
1050,https://images.unsplash.com/photo-1619451684167-8099a2636378?crop=entropy&cs=tinysrgb&fit=max&fm=jpg&ixid=M3w5NDQwMTV8MHwxfHNlYXJjaHw1NDB8fG1hbiUyMGZhY2UlMjBjbG9zZXVwfGVufDB8fHx8MTc3ODA2NTIzNHww&ixlib=rb-4.1.0&q=80&w=1080,REAL,Female,18-25
1051,https://images.unsplash.com/photo-1748572495890-4db7449a3699?crop=entropy&cs=tinysrgb&fit=max&fm=jpg&ixid=M3w5NDQwMTV8MHwxfHNlYXJjaHw1NDF8fG1hbiUyMGZhY2UlMjBjbG9zZXVwfGVufDB8fHx8MTc3ODA2NTIzNnww&ixlib=rb-4.1.0&q=80&w=1080,REAL,Female,36-50
1052,https://images.unsplash.com/photo-1668368962688-0ad0f203db55?crop=entropy&cs=tinysrgb&fit=max&fm=jpg&ixid=M3w5NDQwMTV8MHwxfHNlYXJjaHw1NDJ8fG1hbiUyMGZhY2UlMjBjbG9zZXVwfGVufDB8fHx8MTc3ODA2NTIzNnww&ixlib=rb-4.1.0&q=80&w=1080,REAL,Male,36-50
1053,https://images.unsplash.com/photo-1649934081525-8373c5e8dfea?crop=entropy&cs=tinysrgb&fit=max&fm=jpg&ixid=M3w5NDQwMTV8MHwxfHNlYXJjaHw1NDN8fG1hbiUyMGZhY2UlMjBjbG9zZXVwfGVufDB8fHx8MTc3ODA2NTIzNnww&ixlib=rb-4.1.0&q=80&w=1080,REAL,Female,26-35
1054,https://images.unsplash.com/photo-1548536095-f0a3e0dafcaf?crop=entropy&cs=tinysrgb&fit=max&fm=jpg&ixid=M3w5NDQwMTV8MHwxfHNlYXJjaHw1NDR8fG1hbiUyMGZhY2UlMjBjbG9zZXVwfGVufDB8fHx8MTc3ODA2NTIzNnww&ixlib=rb-4.1.0&q=80&w=1080,REAL,Female,36-50
1055,https://images.unsplash.com/photo-1642878287226-4c9ac523ed73?crop=entropy&cs=tinysrgb&fit=max&fm=jpg&ixid=M3w5NDQwMTV8MHwxfHNlYXJjaHw1NDV8fG1hbiUyMGZhY2UlMjBjbG9zZXVwfGVufDB8fHx8MTc3ODA2NTIzNnww&ixlib=rb-4.1.0&q=80&w=1080,REAL,Unknown,50+
1056,https://images.unsplash.com/photo-1729284548045-ad677f669fb9?crop=entropy&cs=tinysrgb&fit=max&fm=jpg&ixid=M3w5NDQwMTV8MHwxfHNlYXJjaHw1NDZ8fG1hbiUyMGZhY2UlMjBjbG9zZXVwfGVufDB8fHx8MTc3ODA2NTIzNnww&ixlib=rb-4.1.0&q=80&w=1080,REAL,Male,26-35
1057,https://images.unsplash.com/photo-1709371525938-080a46bc4e38?crop=entropy&cs=tinysrgb&fit=max&fm=jpg&ixid=M3w5NDQwMTV8MHwxfHNlYXJjaHw1NDd8fG1hbiUyMGZhY2UlMjBjbG9zZXVwfGVufDB8fHx8MTc3ODA2NTIzNnww&ixlib=rb-4.1.0&q=80&w=1080,REAL,Unknown,26-35
1058,https://images.unsplash.com/photo-1771896768726-87b675a156dc?crop=entropy&cs=tinysrgb&fit=max&fm=jpg&ixid=M3w5NDQwMTV8MHwxfHNlYXJjaHw1NDh8fG1hbiUyMGZhY2UlMjBjbG9zZXVwfGVufDB8fHx8MTc3ODA2NTIzNnww&ixlib=rb-4.1.0&q=80&w=1080,REAL,Female,18-25
1059,https://images.unsplash.com/photo-1509460913899-515f1df34fea?crop=entropy&cs=tinysrgb&fit=max&fm=jpg&ixid=M3w5NDQwMTV8MHwxfHNlYXJjaHw1NDl8fG1hbiUyMGZhY2UlMjBjbG9zZXVwfGVufDB8fHx8MTc3ODA2NTIzNnww&ixlib=rb-4.1.0&q=80&w=1080,REAL,Male,36-50
1060,https://images.unsplash.com/photo-1638659782656-05c8aa4fb88f?crop=entropy&cs=tinysrgb&fit=max&fm=jpg&ixid=M3w5NDQwMTV8MHwxfHNlYXJjaHw1NTB8fG1hbiUyMGZhY2UlMjBjbG9zZXVwfGVufDB8fHx8MTc3ODA2NTIzNnww&ixlib=rb-4.1.0&q=80&w=1080,REAL,Male,18-25
1061,https://images.unsplash.com/photo-1761401647431-0566e94c8b6e?crop=entropy&cs=tinysrgb&fit=max&fm=jpg&ixid=M3w5NDQwMTV8MHwxfHNlYXJjaHw1NTF8fG1hbiUyMGZhY2UlMjBjbG9zZXVwfGVufDB8fHx8MTc3ODA2NTIzNnww&ixlib=rb-4.1.0&q=80&w=1080,REAL,Female,26-35
1062,https://images.unsplash.com/photo-1547757555-8b9048aa4369?crop=entropy&cs=tinysrgb&fit=max&fm=jpg&ixid=M3w5NDQwMTV8MHwxfHNlYXJjaHw1NTJ8fG1hbiUyMGZhY2UlMjBjbG9zZXVwfGVufDB8fHx8MTc3ODA2NTIzNnww&ixlib=rb-4.1.0&q=80&w=1080,REAL,Unknown,50+
1063,https://images.unsplash.com/photo-1633050745570-a30e4c178844?crop=entropy&cs=tinysrgb&fit=max&fm=jpg&ixid=M3w5NDQwMTV8MHwxfHNlYXJjaHw1NTN8fG1hbiUyMGZhY2UlMjBjbG9zZXVwfGVufDB8fHx8MTc3ODA2NTIzNnww&ixlib=rb-4.1.0&q=80&w=1080,REAL,Female,50+
1064,https://images.unsplash.com/photo-1569943514245-df02f62cecf2?crop=entropy&cs=tinysrgb&fit=max&fm=jpg&ixid=M3w5NDQwMTV8MHwxfHNlYXJjaHw1NTR8fG1hbiUyMGZhY2UlMjBjbG9zZXVwfGVufDB8fHx8MTc3ODA2NTIzNnww&ixlib=rb-4.1.0&q=80&w=1080,REAL,Unknown,36-50
1065,https://images.unsplash.com/photo-1614705719676-b2127e988bc4?crop=entropy&cs=tinysrgb&fit=max&fm=jpg&ixid=M3w5NDQwMTV8MHwxfHNlYXJjaHw1NTV8fG1hbiUyMGZhY2UlMjBjbG9zZXVwfGVufDB8fHx8MTc3ODA2NTIzNnww&ixlib=rb-4.1.0&q=80&w=1080,REAL,Male,18-25
1066,https://images.unsplash.com/photo-1665589566927-ef1b7540c535?crop=entropy&cs=tinysrgb&fit=max&fm=jpg&ixid=M3w5NDQwMTV8MHwxfHNlYXJjaHw1NTZ8fG1hbiUyMGZhY2UlMjBjbG9zZXVwfGVufDB8fHx8MTc3ODA2NTIzNnww&ixlib=rb-4.1.0&q=80&w=1080,REAL,Female,36-50
1067,https://images.unsplash.com/photo-1631881065620-fecbb272a714?crop=entropy&cs=tinysrgb&fit=max&fm=jpg&ixid=M3w5NDQwMTV8MHwxfHNlYXJjaHw1NTd8fG1hbiUyMGZhY2UlMjBjbG9zZXVwfGVufDB8fHx8MTc3ODA2NTIzNnww&ixlib=rb-4.1.0&q=80&w=1080,REAL,Female,50+
1068,https://images.unsplash.com/photo-1639930604450-7cc29bcd1c15?crop=entropy&cs=tinysrgb&fit=max&fm=jpg&ixid=M3w5NDQwMTV8MHwxfHNlYXJjaHw1NTh8fG1hbiUyMGZhY2UlMjBjbG9zZXVwfGVufDB8fHx8MTc3ODA2NTIzNnww&ixlib=rb-4.1.0&q=80&w=1080,REAL,Female,26-35
1069,https://images.unsplash.com/photo-1611673594876-9f1201cba7a5?crop=entropy&cs=tinysrgb&fit=max&fm=jpg&ixid=M3w5NDQwMTV8MHwxfHNlYXJjaHw1NTl8fG1hbiUyMGZhY2UlMjBjbG9zZXVwfGVufDB8fHx8MTc3ODA2NTIzNnww&ixlib=rb-4.1.0&q=80&w=1080,REAL,Unknown,18-25
1070,https://images.unsplash.com/photo-1565271566087-877592ce7874?crop=entropy&cs=tinysrgb&fit=max&fm=jpg&ixid=M3w5NDQwMTV8MHwxfHNlYXJjaHw1NjB8fG1hbiUyMGZhY2UlMjBjbG9zZXVwfGVufDB8fHx8MTc3ODA2NTIzNnww&ixlib=rb-4.1.0&q=80&w=1080,REAL,Unknown,36-50
1071,https://images.unsplash.com/photo-1697792480519-3e2e7eba4be0?crop=entropy&cs=tinysrgb&fit=max&fm=jpg&ixid=M3w5NDQwMTV8MHwxfHNlYXJjaHw1NjF8fG1hbiUyMGZhY2UlMjBjbG9zZXVwfGVufDB8fHx8MTc3ODA2NTIzNnww&ixlib=rb-4.1.0&q=80&w=1080,REAL,Female,36-50
1072,https://images.unsplash.com/photo-1645036915593-b4ed7e016b65?crop=entropy&cs=tinysrgb&fit=max&fm=jpg&ixid=M3w5NDQwMTV8MHwxfHNlYXJjaHw1NjJ8fG1hbiUyMGZhY2UlMjBjbG9zZXVwfGVufDB8fHx8MTc3ODA2NTIzNnww&ixlib=rb-4.1.0&q=80&w=1080,REAL,Female,18-25
1073,https://images.unsplash.com/photo-1587160959596-1ea39a471942?crop=entropy&cs=tinysrgb&fit=max&fm=jpg&ixid=M3w5NDQwMTV8MHwxfHNlYXJjaHw1NjN8fG1hbiUyMGZhY2UlMjBjbG9zZXVwfGVufDB8fHx8MTc3ODA2NTIzNnww&ixlib=rb-4.1.0&q=80&w=1080,REAL,Unknown,36-50
1074,https://images.unsplash.com/photo-1697886562267-af0255ac773b?crop=entropy&cs=tinysrgb&fit=max&fm=jpg&ixid=M3w5NDQwMTV8MHwxfHNlYXJjaHw1NjR8fG1hbiUyMGZhY2UlMjBjbG9zZXVwfGVufDB8fHx8MTc3ODA2NTIzNnww&ixlib=rb-4.1.0&q=80&w=1080,REAL,Female,18-25
1075,https://images.unsplash.com/photo-1631182660909-4d24226b0770?crop=entropy&cs=tinysrgb&fit=max&fm=jpg&ixid=M3w5NDQwMTV8MHwxfHNlYXJjaHw1NjV8fG1hbiUyMGZhY2UlMjBjbG9zZXVwfGVufDB8fHx8MTc3ODA2NTIzNnww&ixlib=rb-4.1.0&q=80&w=1080,REAL,Male,26-35
1076,https://images.unsplash.com/photo-1533384964163-eab31c5ea103?crop=entropy&cs=tinysrgb&fit=max&fm=jpg&ixid=M3w5NDQwMTV8MHwxfHNlYXJjaHw1NjZ8fG1hbiUyMGZhY2UlMjBjbG9zZXVwfGVufDB8fHx8MTc3ODA2NTIzNnww&ixlib=rb-4.1.0&q=80&w=1080,REAL,Female,26-35
1077,https://images.unsplash.com/photo-1594065312209-05721427253a?crop=entropy&cs=tinysrgb&fit=max&fm=jpg&ixid=M3w5NDQwMTV8MHwxfHNlYXJjaHw1Njd8fG1hbiUyMGZhY2UlMjBjbG9zZXVwfGVufDB8fHx8MTc3ODA2NTIzNnww&ixlib=rb-4.1.0&q=80&w=1080,REAL,Female,50+
1078,https://images.unsplash.com/photo-1590705123643-0d81aec54afe?crop=entropy&cs=tinysrgb&fit=max&fm=jpg&ixid=M3w5NDQwMTV8MHwxfHNlYXJjaHw1Njh8fG1hbiUyMGZhY2UlMjBjbG9zZXVwfGVufDB8fHx8MTc3ODA2NTIzNnww&ixlib=rb-4.1.0&q=80&w=1080,REAL,Unknown,36-50
1079,https://images.unsplash.com/photo-1757773863806-90d59d18b59a?crop=entropy&cs=tinysrgb&fit=max&fm=jpg&ixid=M3w5NDQwMTV8MHwxfHNlYXJjaHw1Njl8fG1hbiUyMGZhY2UlMjBjbG9zZXVwfGVufDB8fHx8MTc3ODA2NTIzNnww&ixlib=rb-4.1.0&q=80&w=1080,REAL,Female,36-50
1080,https://images.unsplash.com/photo-1634949675408-dc4b5c792ae8?crop=entropy&cs=tinysrgb&fit=max&fm=jpg&ixid=M3w5NDQwMTV8MHwxfHNlYXJjaHw1NzB8fG1hbiUyMGZhY2UlMjBjbG9zZXVwfGVufDB8fHx8MTc3ODA2NTIzNnww&ixlib=rb-4.1.0&q=80&w=1080,REAL,Male,36-50
1081,https://images.unsplash.com/photo-1705940372495-ab4ed45d3102?crop=entropy&cs=tinysrgb&fit=max&fm=jpg&ixid=M3w5NDQwMTV8MHwxfHNlYXJjaHwxfHx3b21hbiUyMGZhY2UlMjBwb3J0cmFpdHxlbnwwfHx8fDE3NzgwNjUyMzl8MA&ixlib=rb-4.1.0&q=80&w=1080,REAL,Male,26-35
1082,https://images.unsplash.com/flagged/photo-1579924711789-872f06ecf220?crop=entropy&cs=tinysrgb&fit=max&fm=jpg&ixid=M3w5NDQwMTV8MHwxfHNlYXJjaHwyfHx3b21hbiUyMGZhY2UlMjBwb3J0cmFpdHxlbnwwfHx8fDE3NzgwNjUyMzl8MA&ixlib=rb-4.1.0&q=80&w=1080,REAL,Unknown,36-50
1083,https://images.unsplash.com/photo-1644860704769-c61c84be7836?crop=entropy&cs=tinysrgb&fit=max&fm=jpg&ixid=M3w5NDQwMTV8MHwxfHNlYXJjaHwzfHx3b21hbiUyMGZhY2UlMjBwb3J0cmFpdHxlbnwwfHx8fDE3NzgwNjUyMzl8MA&ixlib=rb-4.1.0&q=80&w=1080,REAL,Female,36-50
1084,https://images.unsplash.com/photo-1613626318799-be236cead44e?crop=entropy&cs=tinysrgb&fit=max&fm=jpg&ixid=M3w5NDQwMTV8MHwxfHNlYXJjaHw0fHx3b21hbiUyMGZhY2UlMjBwb3J0cmFpdHxlbnwwfHx8fDE3NzgwNjUyMzl8MA&ixlib=rb-4.1.0&q=80&w=1080,REAL,Male,50+
1085,https://images.unsplash.com/photo-1610983214328-8d84eb6e32c6?crop=entropy&cs=tinysrgb&fit=max&fm=jpg&ixid=M3w5NDQwMTV8MHwxfHNlYXJjaHw1fHx3b21hbiUyMGZhY2UlMjBwb3J0cmFpdHxlbnwwfHx8fDE3NzgwNjUyMzl8MA&ixlib=rb-4.1.0&q=80&w=1080,REAL,Unknown,36-50
1086,https://images.unsplash.com/photo-1689237076634-aeae1fb1d981?crop=entropy&cs=tinysrgb&fit=max&fm=jpg&ixid=M3w5NDQwMTV8MHwxfHNlYXJjaHw2fHx3b21hbiUyMGZhY2UlMjBwb3J0cmFpdHxlbnwwfHx8fDE3NzgwNjUyMzl8MA&ixlib=rb-4.1.0&q=80&w=1080,REAL,Female,26-35
1087,https://images.unsplash.com/photo-1689237076071-2403d4123cee?crop=entropy&cs=tinysrgb&fit=max&fm=jpg&ixid=M3w5NDQwMTV8MHwxfHNlYXJjaHw3fHx3b21hbiUyMGZhY2UlMjBwb3J0cmFpdHxlbnwwfHx8fDE3NzgwNjUyMzl8MA&ixlib=rb-4.1.0&q=80&w=1080,REAL,Female,50+
1088,https://images.unsplash.com/photo-1635159784579-18905cf0124f?crop=entropy&cs=tinysrgb&fit=max&fm=jpg&ixid=M3w5NDQwMTV8MHwxfHNlYXJjaHw4fHx3b21hbiUyMGZhY2UlMjBwb3J0cmFpdHxlbnwwfHx8fDE3NzgwNjUyMzl8MA&ixlib=rb-4.1.0&q=80&w=1080,REAL,Male,50+
1089,https://images.unsplash.com/photo-1647957867246-278e4d0f23fa?crop=entropy&cs=tinysrgb&fit=max&fm=jpg&ixid=M3w5NDQwMTV8MHwxfHNlYXJjaHw5fHx3b21hbiUyMGZhY2UlMjBwb3J0cmFpdHxlbnwwfHx8fDE3NzgwNjUyMzl8MA&ixlib=rb-4.1.0&q=80&w=1080,REAL,Male,36-50
1090,https://images.unsplash.com/photo-1647957864251-255a78d97850?crop=entropy&cs=tinysrgb&fit=max&fm=jpg&ixid=M3w5NDQwMTV8MHwxfHNlYXJjaHwxMHx8d29tYW4lMjBmYWNlJTIwcG9ydHJhaXR8ZW58MHx8fHwxNzc4MDY1MjM5fDA&ixlib=rb-4.1.0&q=80&w=1080,REAL,Male,50+
1091,https://images.unsplash.com/photo-1634149136898-f7168613ac7f?crop=entropy&cs=tinysrgb&fit=max&fm=jpg&ixid=M3w5NDQwMTV8MHwxfHNlYXJjaHwxMXx8d29tYW4lMjBmYWNlJTIwcG9ydHJhaXR8ZW58MHx8fHwxNzc4MDY1MjM5fDA&ixlib=rb-4.1.0&q=80&w=1080,REAL,Unknown,18-25
1092,https://images.unsplash.com/photo-1634149136804-ec20fefb0533?crop=entropy&cs=tinysrgb&fit=max&fm=jpg&ixid=M3w5NDQwMTV8MHwxfHNlYXJjaHwxMnx8d29tYW4lMjBmYWNlJTIwcG9ydHJhaXR8ZW58MHx8fHwxNzc4MDY1MjM5fDA&ixlib=rb-4.1.0&q=80&w=1080,REAL,Male,36-50
1093,https://images.unsplash.com/photo-1630260409049-cc2763c7506e?crop=entropy&cs=tinysrgb&fit=max&fm=jpg&ixid=M3w5NDQwMTV8MHwxfHNlYXJjaHwxM3x8d29tYW4lMjBmYWNlJTIwcG9ydHJhaXR8ZW58MHx8fHwxNzc4MDY1MjM5fDA&ixlib=rb-4.1.0&q=80&w=1080,REAL,Female,26-35
1094,https://images.unsplash.com/photo-1611232658157-24e53cb53a7a?crop=entropy&cs=tinysrgb&fit=max&fm=jpg&ixid=M3w5NDQwMTV8MHwxfHNlYXJjaHwxNHx8d29tYW4lMjBmYWNlJTIwcG9ydHJhaXR8ZW58MHx8fHwxNzc4MDY1MjM5fDA&ixlib=rb-4.1.0&q=80&w=1080,REAL,Female,36-50
1095,https://images.unsplash.com/photo-1633355263308-21a7c2a604c9?crop=entropy&cs=tinysrgb&fit=max&fm=jpg&ixid=M3w5NDQwMTV8MHwxfHNlYXJjaHwxNXx8d29tYW4lMjBmYWNlJTIwcG9ydHJhaXR8ZW58MHx8fHwxNzc4MDY1MjM5fDA&ixlib=rb-4.1.0&q=80&w=1080,REAL,Unknown,36-50
1096,https://images.unsplash.com/photo-1633355222017-4eaf43990c78?crop=entropy&cs=tinysrgb&fit=max&fm=jpg&ixid=M3w5NDQwMTV8MHwxfHNlYXJjaHwxNnx8d29tYW4lMjBmYWNlJTIwcG9ydHJhaXR8ZW58MHx8fHwxNzc4MDY1MjM5fDA&ixlib=rb-4.1.0&q=80&w=1080,REAL,Female,36-50
1097,https://images.unsplash.com/photo-1633355130553-2d90ad3507d3?crop=entropy&cs=tinysrgb&fit=max&fm=jpg&ixid=M3w5NDQwMTV8MHwxfHNlYXJjaHwxN3x8d29tYW4lMjBmYWNlJTIwcG9ydHJhaXR8ZW58MHx8fHwxNzc4MDY1MjM5fDA&ixlib=rb-4.1.0&q=80&w=1080,REAL,Male,18-25
1098,https://images.unsplash.com/photo-1633355415101-5e8fe59a85ee?crop=entropy&cs=tinysrgb&fit=max&fm=jpg&ixid=M3w5NDQwMTV8MHwxfHNlYXJjaHwxOHx8d29tYW4lMjBmYWNlJTIwcG9ydHJhaXR8ZW58MHx8fHwxNzc4MDY1MjM5fDA&ixlib=rb-4.1.0&q=80&w=1080,REAL,Male,18-25
1099,https://images.unsplash.com/photo-1620301132331-d03a2e898da4?crop=entropy&cs=tinysrgb&fit=max&fm=jpg&ixid=M3w5NDQwMTV8MHwxfHNlYXJjaHwxOXx8d29tYW4lMjBmYWNlJTIwcG9ydHJhaXR8ZW58MHx8fHwxNzc4MDY1MjM5fDA&ixlib=rb-4.1.0&q=80&w=1080,REAL,Female,50+
1100,https://images.unsplash.com/photo-1645388195766-45d19288e2b3?crop=entropy&cs=tinysrgb&fit=max&fm=jpg&ixid=M3w5NDQwMTV8MHwxfHNlYXJjaHwyMHx8d29tYW4lMjBmYWNlJTIwcG9ydHJhaXR8ZW58MHx8fHwxNzc4MDY1MjM5fDA&ixlib=rb-4.1.0&q=80&w=1080,REAL,Male,26-35
1101,https://images.unsplash.com/photo-1630600340122-701f39e19a5f?crop=entropy&cs=tinysrgb&fit=max&fm=jpg&ixid=M3w5NDQwMTV8MHwxfHNlYXJjaHwyMXx8d29tYW4lMjBmYWNlJTIwcG9ydHJhaXR8ZW58MHx8fHwxNzc4MDY1MjM5fDA&ixlib=rb-4.1.0&q=80&w=1080,REAL,Unknown,50+
1102,https://images.unsplash.com/photo-1567959951004-487b3d6342a4?crop=entropy&cs=tinysrgb&fit=max&fm=jpg&ixid=M3w5NDQwMTV8MHwxfHNlYXJjaHwyMnx8d29tYW4lMjBmYWNlJTIwcG9ydHJhaXR8ZW58MHx8fHwxNzc4MDY1MjM5fDA&ixlib=rb-4.1.0&q=80&w=1080,REAL,Unknown,26-35
1103,https://images.unsplash.com/photo-1684864271138-37a5118f8561?crop=entropy&cs=tinysrgb&fit=max&fm=jpg&ixid=M3w5NDQwMTV8MHwxfHNlYXJjaHwyM3x8d29tYW4lMjBmYWNlJTIwcG9ydHJhaXR8ZW58MHx8fHwxNzc4MDY1MjM5fDA&ixlib=rb-4.1.0&q=80&w=1080,REAL,Unknown,36-50
1104,https://images.unsplash.com/photo-1689006743440-2202a135e25d?crop=entropy&cs=tinysrgb&fit=max&fm=jpg&ixid=M3w5NDQwMTV8MHwxfHNlYXJjaHwyNHx8d29tYW4lMjBmYWNlJTIwcG9ydHJhaXR8ZW58MHx8fHwxNzc4MDY1MjM5fDA&ixlib=rb-4.1.0&q=80&w=1080,REAL,Male,50+
1105,https://images.unsplash.com/photo-1647084820681-a12359fdc899?crop=entropy&cs=tinysrgb&fit=max&fm=jpg&ixid=M3w5NDQwMTV8MHwxfHNlYXJjaHwyNXx8d29tYW4lMjBmYWNlJTIwcG9ydHJhaXR8ZW58MHx8fHwxNzc4MDY1MjM5fDA&ixlib=rb-4.1.0&q=80&w=1080,REAL,Male,50+
1106,https://images.unsplash.com/photo-1610983262851-b6193a8daa17?crop=entropy&cs=tinysrgb&fit=max&fm=jpg&ixid=M3w5NDQwMTV8MHwxfHNlYXJjaHwyNnx8d29tYW4lMjBmYWNlJTIwcG9ydHJhaXR8ZW58MHx8fHwxNzc4MDY1MjM5fDA&ixlib=rb-4.1.0&q=80&w=1080,REAL,Male,26-35
1107,https://images.unsplash.com/photo-1640728422795-e620da751e13?crop=entropy&cs=tinysrgb&fit=max&fm=jpg&ixid=M3w5NDQwMTV8MHwxfHNlYXJjaHwyN3x8d29tYW4lMjBmYWNlJTIwcG9ydHJhaXR8ZW58MHx8fHwxNzc4MDY1MjM5fDA&ixlib=rb-4.1.0&q=80&w=1080,REAL,Male,18-25
1108,https://images.unsplash.com/photo-1622007118468-cb9364e87894?crop=entropy&cs=tinysrgb&fit=max&fm=jpg&ixid=M3w5NDQwMTV8MHwxfHNlYXJjaHwyOHx8d29tYW4lMjBmYWNlJTIwcG9ydHJhaXR8ZW58MHx8fHwxNzc4MDY1MjM5fDA&ixlib=rb-4.1.0&q=80&w=1080,REAL,Male,26-35
1109,https://images.unsplash.com/photo-1646101641345-a1abad136276?crop=entropy&cs=tinysrgb&fit=max&fm=jpg&ixid=M3w5NDQwMTV8MHwxfHNlYXJjaHwyOXx8d29tYW4lMjBmYWNlJTIwcG9ydHJhaXR8ZW58MHx8fHwxNzc4MDY1MjM5fDA&ixlib=rb-4.1.0&q=80&w=1080,REAL,Unknown,36-50
1110,https://images.unsplash.com/photo-1565368739432-fa208bdd53b7?crop=entropy&cs=tinysrgb&fit=max&fm=jpg&ixid=M3w5NDQwMTV8MHwxfHNlYXJjaHwzMHx8d29tYW4lMjBmYWNlJTIwcG9ydHJhaXR8ZW58MHx8fHwxNzc4MDY1MjM5fDA&ixlib=rb-4.1.0&q=80&w=1080,REAL,Male,26-35
1111,https://images.unsplash.com/photo-1683649001697-9b7d1f790675?crop=entropy&cs=tinysrgb&fit=max&fm=jpg&ixid=M3w5NDQwMTV8MHwxfHNlYXJjaHwzMXx8d29tYW4lMjBmYWNlJTIwcG9ydHJhaXR8ZW58MHx8fHwxNzc4MDY1MjQyfDA&ixlib=rb-4.1.0&q=80&w=1080,REAL,Unknown,36-50
1112,https://images.unsplash.com/photo-1683998215234-02fca98a3b54?crop=entropy&cs=tinysrgb&fit=max&fm=jpg&ixid=M3w5NDQwMTV8MHwxfHNlYXJjaHwzMnx8d29tYW4lMjBmYWNlJTIwcG9ydHJhaXR8ZW58MHx8fHwxNzc4MDY1MjQyfDA&ixlib=rb-4.1.0&q=80&w=1080,REAL,Female,26-35
1113,https://images.unsplash.com/photo-1723485466076-2f68d0451101?crop=entropy&cs=tinysrgb&fit=max&fm=jpg&ixid=M3w5NDQwMTV8MHwxfHNlYXJjaHwzM3x8d29tYW4lMjBmYWNlJTIwcG9ydHJhaXR8ZW58MHx8fHwxNzc4MDY1MjQyfDA&ixlib=rb-4.1.0&q=80&w=1080,REAL,Female,18-25
1114,https://images.unsplash.com/photo-1634595478068-17f36549dd5e?crop=entropy&cs=tinysrgb&fit=max&fm=jpg&ixid=M3w5NDQwMTV8MHwxfHNlYXJjaHwzNHx8d29tYW4lMjBmYWNlJTIwcG9ydHJhaXR8ZW58MHx8fHwxNzc4MDY1MjQyfDA&ixlib=rb-4.1.0&q=80&w=1080,REAL,Unknown,26-35
1115,https://images.unsplash.com/photo-1644860704583-0c2e71ec4405?crop=entropy&cs=tinysrgb&fit=max&fm=jpg&ixid=M3w5NDQwMTV8MHwxfHNlYXJjaHwzNXx8d29tYW4lMjBmYWNlJTIwcG9ydHJhaXR8ZW58MHx8fHwxNzc4MDY1MjQyfDA&ixlib=rb-4.1.0&q=80&w=1080,REAL,Unknown,26-35
1116,https://images.unsplash.com/photo-1557132223-b700d9d6a698?crop=entropy&cs=tinysrgb&fit=max&fm=jpg&ixid=M3w5NDQwMTV8MHwxfHNlYXJjaHwzNnx8d29tYW4lMjBmYWNlJTIwcG9ydHJhaXR8ZW58MHx8fHwxNzc4MDY1MjQyfDA&ixlib=rb-4.1.0&q=80&w=1080,REAL,Male,50+
1117,https://images.unsplash.com/photo-1677526182878-18290cc9e3ae?crop=entropy&cs=tinysrgb&fit=max&fm=jpg&ixid=M3w5NDQwMTV8MHwxfHNlYXJjaHwzN3x8d29tYW4lMjBmYWNlJTIwcG9ydHJhaXR8ZW58MHx8fHwxNzc4MDY1MjQyfDA&ixlib=rb-4.1.0&q=80&w=1080,REAL,Unknown,36-50
1118,https://images.unsplash.com/photo-1634595477722-7bc68dd410fd?crop=entropy&cs=tinysrgb&fit=max&fm=jpg&ixid=M3w5NDQwMTV8MHwxfHNlYXJjaHwzOHx8d29tYW4lMjBmYWNlJTIwcG9ydHJhaXR8ZW58MHx8fHwxNzc4MDY1MjQyfDA&ixlib=rb-4.1.0&q=80&w=1080,REAL,Unknown,36-50
1119,https://images.unsplash.com/photo-1630059312749-94ff927fec2a?crop=entropy&cs=tinysrgb&fit=max&fm=jpg&ixid=M3w5NDQwMTV8MHwxfHNlYXJjaHwzOXx8d29tYW4lMjBmYWNlJTIwcG9ydHJhaXR8ZW58MHx8fHwxNzc4MDY1MjQyfDA&ixlib=rb-4.1.0&q=80&w=1080,REAL,Female,36-50
1120,https://images.unsplash.com/photo-1635437410174-31b69b32e71e?crop=entropy&cs=tinysrgb&fit=max&fm=jpg&ixid=M3w5NDQwMTV8MHwxfHNlYXJjaHw0MHx8d29tYW4lMjBmYWNlJTIwcG9ydHJhaXR8ZW58MHx8fHwxNzc4MDY1MjQyfDA&ixlib=rb-4.1.0&q=80&w=1080,REAL,Female,50+
1121,https://images.unsplash.com/photo-1625640450478-e8683280a3d1?crop=entropy&cs=tinysrgb&fit=max&fm=jpg&ixid=M3w5NDQwMTV8MHwxfHNlYXJjaHw0MXx8d29tYW4lMjBmYWNlJTIwcG9ydHJhaXR8ZW58MHx8fHwxNzc4MDY1MjQyfDA&ixlib=rb-4.1.0&q=80&w=1080,REAL,Male,26-35
1122,https://images.unsplash.com/photo-1612038529168-4f07c57b5e08?crop=entropy&cs=tinysrgb&fit=max&fm=jpg&ixid=M3w5NDQwMTV8MHwxfHNlYXJjaHw0Mnx8d29tYW4lMjBmYWNlJTIwcG9ydHJhaXR8ZW58MHx8fHwxNzc4MDY1MjQyfDA&ixlib=rb-4.1.0&q=80&w=1080,REAL,Male,50+
1123,https://images.unsplash.com/photo-1605777085122-94f4938cbfb0?crop=entropy&cs=tinysrgb&fit=max&fm=jpg&ixid=M3w5NDQwMTV8MHwxfHNlYXJjaHw0M3x8d29tYW4lMjBmYWNlJTIwcG9ydHJhaXR8ZW58MHx8fHwxNzc4MDY1MjQyfDA&ixlib=rb-4.1.0&q=80&w=1080,REAL,Female,26-35
1124,https://images.unsplash.com/photo-1613685145840-912da378de9c?crop=entropy&cs=tinysrgb&fit=max&fm=jpg&ixid=M3w5NDQwMTV8MHwxfHNlYXJjaHw0NHx8d29tYW4lMjBmYWNlJTIwcG9ydHJhaXR8ZW58MHx8fHwxNzc4MDY1MjQyfDA&ixlib=rb-4.1.0&q=80&w=1080,REAL,Unknown,36-50
1125,https://images.unsplash.com/photo-1581065124660-6fb43ed9e329?crop=entropy&cs=tinysrgb&fit=max&fm=jpg&ixid=M3w5NDQwMTV8MHwxfHNlYXJjaHw0NXx8d29tYW4lMjBmYWNlJTIwcG9ydHJhaXR8ZW58MHx8fHwxNzc4MDY1MjQyfDA&ixlib=rb-4.1.0&q=80&w=1080,REAL,Male,36-50
1126,https://images.unsplash.com/photo-1664801848299-c584532d9bd7?crop=entropy&cs=tinysrgb&fit=max&fm=jpg&ixid=M3w5NDQwMTV8MHwxfHNlYXJjaHw0Nnx8d29tYW4lMjBmYWNlJTIwcG9ydHJhaXR8ZW58MHx8fHwxNzc4MDY1MjQyfDA&ixlib=rb-4.1.0&q=80&w=1080,REAL,Unknown,50+
1127,https://images.unsplash.com/photo-1663066313662-36413304da38?crop=entropy&cs=tinysrgb&fit=max&fm=jpg&ixid=M3w5NDQwMTV8MHwxfHNlYXJjaHw0N3x8d29tYW4lMjBmYWNlJTIwcG9ydHJhaXR8ZW58MHx8fHwxNzc4MDY1MjQyfDA&ixlib=rb-4.1.0&q=80&w=1080,REAL,Male,36-50
1128,https://images.unsplash.com/photo-1604521837152-8740017d09f6?crop=entropy&cs=tinysrgb&fit=max&fm=jpg&ixid=M3w5NDQwMTV8MHwxfHNlYXJjaHw0OHx8d29tYW4lMjBmYWNlJTIwcG9ydHJhaXR8ZW58MHx8fHwxNzc4MDY1MjQyfDA&ixlib=rb-4.1.0&q=80&w=1080,REAL,Male,50+
1129,https://images.unsplash.com/photo-1681455098628-ba27cc8a1b29?crop=entropy&cs=tinysrgb&fit=max&fm=jpg&ixid=M3w5NDQwMTV8MHwxfHNlYXJjaHw0OXx8d29tYW4lMjBmYWNlJTIwcG9ydHJhaXR8ZW58MHx8fHwxNzc4MDY1MjQyfDA&ixlib=rb-4.1.0&q=80&w=1080,REAL,Female,18-25
1130,https://images.unsplash.com/photo-1641321813336-8b66b1d80996?crop=entropy&cs=tinysrgb&fit=max&fm=jpg&ixid=M3w5NDQwMTV8MHwxfHNlYXJjaHw1MHx8d29tYW4lMjBmYWNlJTIwcG9ydHJhaXR8ZW58MHx8fHwxNzc4MDY1MjQyfDA&ixlib=rb-4.1.0&q=80&w=1080,REAL,Female,36-50
1131,https://images.unsplash.com/photo-1661543035218-4a83d8d85e9a?crop=entropy&cs=tinysrgb&fit=max&fm=jpg&ixid=M3w5NDQwMTV8MHwxfHNlYXJjaHw1MXx8d29tYW4lMjBmYWNlJTIwcG9ydHJhaXR8ZW58MHx8fHwxNzc4MDY1MjQyfDA&ixlib=rb-4.1.0&q=80&w=1080,REAL,Male,18-25
1132,https://images.unsplash.com/photo-1653999022416-c210fcc75438?crop=entropy&cs=tinysrgb&fit=max&fm=jpg&ixid=M3w5NDQwMTV8MHwxfHNlYXJjaHw1Mnx8d29tYW4lMjBmYWNlJTIwcG9ydHJhaXR8ZW58MHx8fHwxNzc4MDY1MjQyfDA&ixlib=rb-4.1.0&q=80&w=1080,REAL,Unknown,26-35
1133,https://images.unsplash.com/photo-1616840845685-362ddf65fb58?crop=entropy&cs=tinysrgb&fit=max&fm=jpg&ixid=M3w5NDQwMTV8MHwxfHNlYXJjaHw1M3x8d29tYW4lMjBmYWNlJTIwcG9ydHJhaXR8ZW58MHx8fHwxNzc4MDY1MjQyfDA&ixlib=rb-4.1.0&q=80&w=1080,REAL,Unknown,50+
1134,https://images.unsplash.com/photo-1675705445144-f906c90c350d?crop=entropy&cs=tinysrgb&fit=max&fm=jpg&ixid=M3w5NDQwMTV8MHwxfHNlYXJjaHw1NHx8d29tYW4lMjBmYWNlJTIwcG9ydHJhaXR8ZW58MHx8fHwxNzc4MDY1MjQyfDA&ixlib=rb-4.1.0&q=80&w=1080,REAL,Female,50+
1135,https://images.unsplash.com/photo-1675705445381-db30ca7834de?crop=entropy&cs=tinysrgb&fit=max&fm=jpg&ixid=M3w5NDQwMTV8MHwxfHNlYXJjaHw1NXx8d29tYW4lMjBmYWNlJTIwcG9ydHJhaXR8ZW58MHx8fHwxNzc4MDY1MjQyfDA&ixlib=rb-4.1.0&q=80&w=1080,REAL,Unknown,36-50
1136,https://images.unsplash.com/photo-1642786457217-37c74fbc169a?crop=entropy&cs=tinysrgb&fit=max&fm=jpg&ixid=M3w5NDQwMTV8MHwxfHNlYXJjaHw1Nnx8d29tYW4lMjBmYWNlJTIwcG9ydHJhaXR8ZW58MHx8fHwxNzc4MDY1MjQyfDA&ixlib=rb-4.1.0&q=80&w=1080,REAL,Female,36-50
1137,https://images.unsplash.com/photo-1776661165348-63e1d4ad7b9f?crop=entropy&cs=tinysrgb&fit=max&fm=jpg&ixid=M3w5NDQwMTV8MHwxfHNlYXJjaHw1N3x8d29tYW4lMjBmYWNlJTIwcG9ydHJhaXR8ZW58MHx8fHwxNzc4MDY1MjQyfDA&ixlib=rb-4.1.0&q=80&w=1080,REAL,Female,26-35
1138,https://images.unsplash.com/photo-1618757298976-df06ad9e6f01?crop=entropy&cs=tinysrgb&fit=max&fm=jpg&ixid=M3w5NDQwMTV8MHwxfHNlYXJjaHw1OHx8d29tYW4lMjBmYWNlJTIwcG9ydHJhaXR8ZW58MHx8fHwxNzc4MDY1MjQyfDA&ixlib=rb-4.1.0&q=80&w=1080,REAL,Unknown,50+
1139,https://images.unsplash.com/photo-1618756448144-8235fcc6cd0d?crop=entropy&cs=tinysrgb&fit=max&fm=jpg&ixid=M3w5NDQwMTV8MHwxfHNlYXJjaHw1OXx8d29tYW4lMjBmYWNlJTIwcG9ydHJhaXR8ZW58MHx8fHwxNzc4MDY1MjQyfDA&ixlib=rb-4.1.0&q=80&w=1080,REAL,Female,36-50
1140,https://images.unsplash.com/photo-1695822341415-84af280d2579?crop=entropy&cs=tinysrgb&fit=max&fm=jpg&ixid=M3w5NDQwMTV8MHwxfHNlYXJjaHw2MHx8d29tYW4lMjBmYWNlJTIwcG9ydHJhaXR8ZW58MHx8fHwxNzc4MDY1MjQyfDA&ixlib=rb-4.1.0&q=80&w=1080,REAL,Unknown,18-25
1141,https://images.unsplash.com/photo-1642518382417-497dc2b02f80?crop=entropy&cs=tinysrgb&fit=max&fm=jpg&ixid=M3w5NDQwMTV8MHwxfHNlYXJjaHw2MXx8d29tYW4lMjBmYWNlJTIwcG9ydHJhaXR8ZW58MHx8fHwxNzc4MDY1MjQ0fDA&ixlib=rb-4.1.0&q=80&w=1080,REAL,Unknown,50+
1142,https://images.unsplash.com/photo-1618756897390-bd1c2eae9a51?crop=entropy&cs=tinysrgb&fit=max&fm=jpg&ixid=M3w5NDQwMTV8MHwxfHNlYXJjaHw2Mnx8d29tYW4lMjBmYWNlJTIwcG9ydHJhaXR8ZW58MHx8fHwxNzc4MDY1MjQ0fDA&ixlib=rb-4.1.0&q=80&w=1080,REAL,Female,36-50
1143,https://images.unsplash.com/photo-1610384458867-67792bc5a7a6?crop=entropy&cs=tinysrgb&fit=max&fm=jpg&ixid=M3w5NDQwMTV8MHwxfHNlYXJjaHw2M3x8d29tYW4lMjBmYWNlJTIwcG9ydHJhaXR8ZW58MHx8fHwxNzc4MDY1MjQ0fDA&ixlib=rb-4.1.0&q=80&w=1080,REAL,Unknown,50+
1144,https://images.unsplash.com/photo-1615240955338-39cb9f578925?crop=entropy&cs=tinysrgb&fit=max&fm=jpg&ixid=M3w5NDQwMTV8MHwxfHNlYXJjaHw2NHx8d29tYW4lMjBmYWNlJTIwcG9ydHJhaXR8ZW58MHx8fHwxNzc4MDY1MjQ0fDA&ixlib=rb-4.1.0&q=80&w=1080,REAL,Male,26-35
1145,https://images.unsplash.com/photo-1642504425405-f40b136bf5c5?crop=entropy&cs=tinysrgb&fit=max&fm=jpg&ixid=M3w5NDQwMTV8MHwxfHNlYXJjaHw2NXx8d29tYW4lMjBmYWNlJTIwcG9ydHJhaXR8ZW58MHx8fHwxNzc4MDY1MjQ0fDA&ixlib=rb-4.1.0&q=80&w=1080,REAL,Female,18-25
1146,https://images.unsplash.com/photo-1642518382429-991ccfc1a645?crop=entropy&cs=tinysrgb&fit=max&fm=jpg&ixid=M3w5NDQwMTV8MHwxfHNlYXJjaHw2Nnx8d29tYW4lMjBmYWNlJTIwcG9ydHJhaXR8ZW58MHx8fHwxNzc4MDY1MjQ0fDA&ixlib=rb-4.1.0&q=80&w=1080,REAL,Male,36-50
1147,https://images.unsplash.com/photo-1628501023521-48cece9a6909?crop=entropy&cs=tinysrgb&fit=max&fm=jpg&ixid=M3w5NDQwMTV8MHwxfHNlYXJjaHw2N3x8d29tYW4lMjBmYWNlJTIwcG9ydHJhaXR8ZW58MHx8fHwxNzc4MDY1MjQ0fDA&ixlib=rb-4.1.0&q=80&w=1080,REAL,Male,26-35
1148,https://images.unsplash.com/photo-1688973168396-5a71ae6c5f64?crop=entropy&cs=tinysrgb&fit=max&fm=jpg&ixid=M3w5NDQwMTV8MHwxfHNlYXJjaHw2OHx8d29tYW4lMjBmYWNlJTIwcG9ydHJhaXR8ZW58MHx8fHwxNzc4MDY1MjQ0fDA&ixlib=rb-4.1.0&q=80&w=1080,REAL,Female,26-35
1149,https://images.unsplash.com/photo-1615929366410-99767f1c4096?crop=entropy&cs=tinysrgb&fit=max&fm=jpg&ixid=M3w5NDQwMTV8MHwxfHNlYXJjaHw2OXx8d29tYW4lMjBmYWNlJTIwcG9ydHJhaXR8ZW58MHx8fHwxNzc4MDY1MjQ0fDA&ixlib=rb-4.1.0&q=80&w=1080,REAL,Female,26-35
1150,https://images.unsplash.com/photo-1754315300369-55b6ce473610?crop=entropy&cs=tinysrgb&fit=max&fm=jpg&ixid=M3w5NDQwMTV8MHwxfHNlYXJjaHw3MHx8d29tYW4lMjBmYWNlJTIwcG9ydHJhaXR8ZW58MHx8fHwxNzc4MDY1MjQ0fDA&ixlib=rb-4.1.0&q=80&w=1080,REAL,Male,26-35
1151,https://images.unsplash.com/photo-1658791595802-9a5b53eb024c?crop=entropy&cs=tinysrgb&fit=max&fm=jpg&ixid=M3w5NDQwMTV8MHwxfHNlYXJjaHw3MXx8d29tYW4lMjBmYWNlJTIwcG9ydHJhaXR8ZW58MHx8fHwxNzc4MDY1MjQ0fDA&ixlib=rb-4.1.0&q=80&w=1080,REAL,Male,50+
1152,https://images.unsplash.com/photo-1668531282380-820a20aabd8a?crop=entropy&cs=tinysrgb&fit=max&fm=jpg&ixid=M3w5NDQwMTV8MHwxfHNlYXJjaHw3Mnx8d29tYW4lMjBmYWNlJTIwcG9ydHJhaXR8ZW58MHx8fHwxNzc4MDY1MjQ0fDA&ixlib=rb-4.1.0&q=80&w=1080,REAL,Male,26-35
1153,https://images.unsplash.com/photo-1614436086835-d18683eb24f8?crop=entropy&cs=tinysrgb&fit=max&fm=jpg&ixid=M3w5NDQwMTV8MHwxfHNlYXJjaHw3M3x8d29tYW4lMjBmYWNlJTIwcG9ydHJhaXR8ZW58MHx8fHwxNzc4MDY1MjQ0fDA&ixlib=rb-4.1.0&q=80&w=1080,REAL,Female,50+
1154,https://images.unsplash.com/photo-1647740356567-1864382324e9?crop=entropy&cs=tinysrgb&fit=max&fm=jpg&ixid=M3w5NDQwMTV8MHwxfHNlYXJjaHw3NHx8d29tYW4lMjBmYWNlJTIwcG9ydHJhaXR8ZW58MHx8fHwxNzc4MDY1MjQ0fDA&ixlib=rb-4.1.0&q=80&w=1080,REAL,Female,50+
1155,https://images.unsplash.com/photo-1634973695163-cc754ae6b8a6?crop=entropy&cs=tinysrgb&fit=max&fm=jpg&ixid=M3w5NDQwMTV8MHwxfHNlYXJjaHw3NXx8d29tYW4lMjBmYWNlJTIwcG9ydHJhaXR8ZW58MHx8fHwxNzc4MDY1MjQ0fDA&ixlib=rb-4.1.0&q=80&w=1080,REAL,Female,18-25
1156,https://images.unsplash.com/photo-1647740356588-0891151bc56e?crop=entropy&cs=tinysrgb&fit=max&fm=jpg&ixid=M3w5NDQwMTV8MHwxfHNlYXJjaHw3Nnx8d29tYW4lMjBmYWNlJTIwcG9ydHJhaXR8ZW58MHx8fHwxNzc4MDY1MjQ0fDA&ixlib=rb-4.1.0&q=80&w=1080,REAL,Unknown,18-25
1157,https://images.unsplash.com/photo-1585606240503-7f3bd07d8e8a?crop=entropy&cs=tinysrgb&fit=max&fm=jpg&ixid=M3w5NDQwMTV8MHwxfHNlYXJjaHw3N3x8d29tYW4lMjBmYWNlJTIwcG9ydHJhaXR8ZW58MHx8fHwxNzc4MDY1MjQ0fDA&ixlib=rb-4.1.0&q=80&w=1080,REAL,Male,26-35
1158,https://images.unsplash.com/photo-1585606240452-b16945b0f326?crop=entropy&cs=tinysrgb&fit=max&fm=jpg&ixid=M3w5NDQwMTV8MHwxfHNlYXJjaHw3OHx8d29tYW4lMjBmYWNlJTIwcG9ydHJhaXR8ZW58MHx8fHwxNzc4MDY1MjQ0fDA&ixlib=rb-4.1.0&q=80&w=1080,REAL,Unknown,26-35
1159,https://images.unsplash.com/photo-1642658615608-c741da5a75a4?crop=entropy&cs=tinysrgb&fit=max&fm=jpg&ixid=M3w5NDQwMTV8MHwxfHNlYXJjaHw3OXx8d29tYW4lMjBmYWNlJTIwcG9ydHJhaXR8ZW58MHx8fHwxNzc4MDY1MjQ0fDA&ixlib=rb-4.1.0&q=80&w=1080,REAL,Unknown,36-50
1160,https://images.unsplash.com/photo-1615401796822-dedbfc0a4744?crop=entropy&cs=tinysrgb&fit=max&fm=jpg&ixid=M3w5NDQwMTV8MHwxfHNlYXJjaHw4MHx8d29tYW4lMjBmYWNlJTIwcG9ydHJhaXR8ZW58MHx8fHwxNzc4MDY1MjQ0fDA&ixlib=rb-4.1.0&q=80&w=1080,REAL,Male,50+
1161,https://images.unsplash.com/photo-1639351823492-9e78ad6d0bae?crop=entropy&cs=tinysrgb&fit=max&fm=jpg&ixid=M3w5NDQwMTV8MHwxfHNlYXJjaHw4MXx8d29tYW4lMjBmYWNlJTIwcG9ydHJhaXR8ZW58MHx8fHwxNzc4MDY1MjQ0fDA&ixlib=rb-4.1.0&q=80&w=1080,REAL,Unknown,18-25
1162,https://images.unsplash.com/photo-1677059793996-9538baa5e79b?crop=entropy&cs=tinysrgb&fit=max&fm=jpg&ixid=M3w5NDQwMTV8MHwxfHNlYXJjaHw4Mnx8d29tYW4lMjBmYWNlJTIwcG9ydHJhaXR8ZW58MHx8fHwxNzc4MDY1MjQ0fDA&ixlib=rb-4.1.0&q=80&w=1080,REAL,Unknown,50+
1163,https://images.unsplash.com/photo-1626951868968-3cf03158c94d?crop=entropy&cs=tinysrgb&fit=max&fm=jpg&ixid=M3w5NDQwMTV8MHwxfHNlYXJjaHw4M3x8d29tYW4lMjBmYWNlJTIwcG9ydHJhaXR8ZW58MHx8fHwxNzc4MDY1MjQ0fDA&ixlib=rb-4.1.0&q=80&w=1080,REAL,Unknown,36-50
1164,https://images.unsplash.com/photo-1647740356564-4170a6929efa?crop=entropy&cs=tinysrgb&fit=max&fm=jpg&ixid=M3w5NDQwMTV8MHwxfHNlYXJjaHw4NHx8d29tYW4lMjBmYWNlJTIwcG9ydHJhaXR8ZW58MHx8fHwxNzc4MDY1MjQ0fDA&ixlib=rb-4.1.0&q=80&w=1080,REAL,Male,26-35
1165,https://images.unsplash.com/photo-1589552207803-c3247402952a?crop=entropy&cs=tinysrgb&fit=max&fm=jpg&ixid=M3w5NDQwMTV8MHwxfHNlYXJjaHw4NXx8d29tYW4lMjBmYWNlJTIwcG9ydHJhaXR8ZW58MHx8fHwxNzc4MDY1MjQ0fDA&ixlib=rb-4.1.0&q=80&w=1080,REAL,Unknown,36-50
1166,https://images.unsplash.com/photo-1677059794546-339f95db2ba2?crop=entropy&cs=tinysrgb&fit=max&fm=jpg&ixid=M3w5NDQwMTV8MHwxfHNlYXJjaHw4Nnx8d29tYW4lMjBmYWNlJTIwcG9ydHJhaXR8ZW58MHx8fHwxNzc4MDY1MjQ0fDA&ixlib=rb-4.1.0&q=80&w=1080,REAL,Male,18-25
1167,https://images.unsplash.com/photo-1609951879122-c497a7745e2d?crop=entropy&cs=tinysrgb&fit=max&fm=jpg&ixid=M3w5NDQwMTV8MHwxfHNlYXJjaHw4N3x8d29tYW4lMjBmYWNlJTIwcG9ydHJhaXR8ZW58MHx8fHwxNzc4MDY1MjQ0fDA&ixlib=rb-4.1.0&q=80&w=1080,REAL,Unknown,50+
1168,https://images.unsplash.com/photo-1623317147116-304818702516?crop=entropy&cs=tinysrgb&fit=max&fm=jpg&ixid=M3w5NDQwMTV8MHwxfHNlYXJjaHw4OHx8d29tYW4lMjBmYWNlJTIwcG9ydHJhaXR8ZW58MHx8fHwxNzc4MDY1MjQ0fDA&ixlib=rb-4.1.0&q=80&w=1080,REAL,Unknown,36-50
1169,https://images.unsplash.com/photo-1662134866458-229317e51a96?crop=entropy&cs=tinysrgb&fit=max&fm=jpg&ixid=M3w5NDQwMTV8MHwxfHNlYXJjaHw4OXx8d29tYW4lMjBmYWNlJTIwcG9ydHJhaXR8ZW58MHx8fHwxNzc4MDY1MjQ0fDA&ixlib=rb-4.1.0&q=80&w=1080,REAL,Female,50+
1170,https://images.unsplash.com/photo-1567425601800-c084c6cd374e?crop=entropy&cs=tinysrgb&fit=max&fm=jpg&ixid=M3w5NDQwMTV8MHwxfHNlYXJjaHw5MHx8d29tYW4lMjBmYWNlJTIwcG9ydHJhaXR8ZW58MHx8fHwxNzc4MDY1MjQ0fDA&ixlib=rb-4.1.0&q=80&w=1080,REAL,Male,18-25
1171,https://images.unsplash.com/photo-1636393915447-cd108d60de7d?crop=entropy&cs=tinysrgb&fit=max&fm=jpg&ixid=M3w5NDQwMTV8MHwxfHNlYXJjaHw5MXx8d29tYW4lMjBmYWNlJTIwcG9ydHJhaXR8ZW58MHx8fHwxNzc4MDY1MjQ2fDA&ixlib=rb-4.1.0&q=80&w=1080,REAL,Male,18-25
1172,https://images.unsplash.com/photo-1766031194778-4bc447bf6454?crop=entropy&cs=tinysrgb&fit=max&fm=jpg&ixid=M3w5NDQwMTV8MHwxfHNlYXJjaHw5Mnx8d29tYW4lMjBmYWNlJTIwcG9ydHJhaXR8ZW58MHx8fHwxNzc4MDY1MjQ2fDA&ixlib=rb-4.1.0&q=80&w=1080,REAL,Male,50+
1173,https://images.unsplash.com/photo-1623567533471-2c789007ce34?crop=entropy&cs=tinysrgb&fit=max&fm=jpg&ixid=M3w5NDQwMTV8MHwxfHNlYXJjaHw5M3x8d29tYW4lMjBmYWNlJTIwcG9ydHJhaXR8ZW58MHx8fHwxNzc4MDY1MjQ2fDA&ixlib=rb-4.1.0&q=80&w=1080,REAL,Male,36-50
1174,https://images.unsplash.com/photo-1636393915487-b4a4b0cc88c3?crop=entropy&cs=tinysrgb&fit=max&fm=jpg&ixid=M3w5NDQwMTV8MHwxfHNlYXJjaHw5NHx8d29tYW4lMjBmYWNlJTIwcG9ydHJhaXR8ZW58MHx8fHwxNzc4MDY1MjQ2fDA&ixlib=rb-4.1.0&q=80&w=1080,REAL,Male,18-25
1175,https://images.unsplash.com/photo-1636393915605-359f65e81082?crop=entropy&cs=tinysrgb&fit=max&fm=jpg&ixid=M3w5NDQwMTV8MHwxfHNlYXJjaHw5NXx8d29tYW4lMjBmYWNlJTIwcG9ydHJhaXR8ZW58MHx8fHwxNzc4MDY1MjQ2fDA&ixlib=rb-4.1.0&q=80&w=1080,REAL,Female,50+
1176,https://images.unsplash.com/photo-1638548053541-2a15338c582a?crop=entropy&cs=tinysrgb&fit=max&fm=jpg&ixid=M3w5NDQwMTV8MHwxfHNlYXJjaHw5Nnx8d29tYW4lMjBmYWNlJTIwcG9ydHJhaXR8ZW58MHx8fHwxNzc4MDY1MjQ2fDA&ixlib=rb-4.1.0&q=80&w=1080,REAL,Male,18-25
1177,https://images.unsplash.com/photo-1616435194454-7bf04637fefd?crop=entropy&cs=tinysrgb&fit=max&fm=jpg&ixid=M3w5NDQwMTV8MHwxfHNlYXJjaHw5N3x8d29tYW4lMjBmYWNlJTIwcG9ydHJhaXR8ZW58MHx8fHwxNzc4MDY1MjQ2fDA&ixlib=rb-4.1.0&q=80&w=1080,REAL,Female,26-35
1178,https://images.unsplash.com/photo-1679950818669-ef0ee7774c42?crop=entropy&cs=tinysrgb&fit=max&fm=jpg&ixid=M3w5NDQwMTV8MHwxfHNlYXJjaHw5OHx8d29tYW4lMjBmYWNlJTIwcG9ydHJhaXR8ZW58MHx8fHwxNzc4MDY1MjQ2fDA&ixlib=rb-4.1.0&q=80&w=1080,REAL,Unknown,50+
1179,https://images.unsplash.com/photo-1578505574290-68739d054931?crop=entropy&cs=tinysrgb&fit=max&fm=jpg&ixid=M3w5NDQwMTV8MHwxfHNlYXJjaHw5OXx8d29tYW4lMjBmYWNlJTIwcG9ydHJhaXR8ZW58MHx8fHwxNzc4MDY1MjQ2fDA&ixlib=rb-4.1.0&q=80&w=1080,REAL,Male,36-50
1180,https://images.unsplash.com/photo-1642069569416-33d7cd19b4e5?crop=entropy&cs=tinysrgb&fit=max&fm=jpg&ixid=M3w5NDQwMTV8MHwxfHNlYXJjaHwxMDB8fHdvbWFuJTIwZmFjZSUyMHBvcnRyYWl0fGVufDB8fHx8MTc3ODA2NTI0Nnww&ixlib=rb-4.1.0&q=80&w=1080,REAL,Male,18-25
1181,https://images.unsplash.com/photo-1611232657440-a0229cbd9028?crop=entropy&cs=tinysrgb&fit=max&fm=jpg&ixid=M3w5NDQwMTV8MHwxfHNlYXJjaHwxMDF8fHdvbWFuJTIwZmFjZSUyMHBvcnRyYWl0fGVufDB8fHx8MTc3ODA2NTI0Nnww&ixlib=rb-4.1.0&q=80&w=1080,REAL,Unknown,50+
1182,https://images.unsplash.com/photo-1755332172378-c694a4fafe6a?crop=entropy&cs=tinysrgb&fit=max&fm=jpg&ixid=M3w5NDQwMTV8MHwxfHNlYXJjaHwxMDJ8fHdvbWFuJTIwZmFjZSUyMHBvcnRyYWl0fGVufDB8fHx8MTc3ODA2NTI0Nnww&ixlib=rb-4.1.0&q=80&w=1080,REAL,Female,18-25
1183,https://images.unsplash.com/photo-1689237076658-3100f6a218f5?crop=entropy&cs=tinysrgb&fit=max&fm=jpg&ixid=M3w5NDQwMTV8MHwxfHNlYXJjaHwxMDN8fHdvbWFuJTIwZmFjZSUyMHBvcnRyYWl0fGVufDB8fHx8MTc3ODA2NTI0Nnww&ixlib=rb-4.1.0&q=80&w=1080,REAL,Female,50+
1184,https://images.unsplash.com/photo-1689237076599-9b27312ecf49?crop=entropy&cs=tinysrgb&fit=max&fm=jpg&ixid=M3w5NDQwMTV8MHwxfHNlYXJjaHwxMDR8fHdvbWFuJTIwZmFjZSUyMHBvcnRyYWl0fGVufDB8fHx8MTc3ODA2NTI0Nnww&ixlib=rb-4.1.0&q=80&w=1080,REAL,Male,36-50
1185,https://images.unsplash.com/photo-1689237076035-da5c1365e6bc?crop=entropy&cs=tinysrgb&fit=max&fm=jpg&ixid=M3w5NDQwMTV8MHwxfHNlYXJjaHwxMDV8fHdvbWFuJTIwZmFjZSUyMHBvcnRyYWl0fGVufDB8fHx8MTc3ODA2NTI0Nnww&ixlib=rb-4.1.0&q=80&w=1080,REAL,Unknown,36-50
1186,https://images.unsplash.com/photo-1689237076064-a963d3c0f9c9?crop=entropy&cs=tinysrgb&fit=max&fm=jpg&ixid=M3w5NDQwMTV8MHwxfHNlYXJjaHwxMDZ8fHdvbWFuJTIwZmFjZSUyMHBvcnRyYWl0fGVufDB8fHx8MTc3ODA2NTI0Nnww&ixlib=rb-4.1.0&q=80&w=1080,REAL,Unknown,26-35
1187,https://images.unsplash.com/photo-1620409467387-bcc006823914?crop=entropy&cs=tinysrgb&fit=max&fm=jpg&ixid=M3w5NDQwMTV8MHwxfHNlYXJjaHwxMDd8fHdvbWFuJTIwZmFjZSUyMHBvcnRyYWl0fGVufDB8fHx8MTc3ODA2NTI0Nnww&ixlib=rb-4.1.0&q=80&w=1080,REAL,Male,18-25
1188,https://images.unsplash.com/photo-1629896295193-2e8b03503eaf?crop=entropy&cs=tinysrgb&fit=max&fm=jpg&ixid=M3w5NDQwMTV8MHwxfHNlYXJjaHwxMDh8fHdvbWFuJTIwZmFjZSUyMHBvcnRyYWl0fGVufDB8fHx8MTc3ODA2NTI0Nnww&ixlib=rb-4.1.0&q=80&w=1080,REAL,Male,36-50
1189,https://images.unsplash.com/photo-1672454158574-5f978761d872?crop=entropy&cs=tinysrgb&fit=max&fm=jpg&ixid=M3w5NDQwMTV8MHwxfHNlYXJjaHwxMDl8fHdvbWFuJTIwZmFjZSUyMHBvcnRyYWl0fGVufDB8fHx8MTc3ODA2NTI0Nnww&ixlib=rb-4.1.0&q=80&w=1080,REAL,Male,18-25
1190,https://images.unsplash.com/photo-1544221878-3173c853b28c?crop=entropy&cs=tinysrgb&fit=max&fm=jpg&ixid=M3w5NDQwMTV8MHwxfHNlYXJjaHwxMTB8fHdvbWFuJTIwZmFjZSUyMHBvcnRyYWl0fGVufDB8fHx8MTc3ODA2NTI0Nnww&ixlib=rb-4.1.0&q=80&w=1080,REAL,Male,36-50
1191,https://images.unsplash.com/photo-1643215253189-8b59099369f0?crop=entropy&cs=tinysrgb&fit=max&fm=jpg&ixid=M3w5NDQwMTV8MHwxfHNlYXJjaHwxMTF8fHdvbWFuJTIwZmFjZSUyMHBvcnRyYWl0fGVufDB8fHx8MTc3ODA2NTI0Nnww&ixlib=rb-4.1.0&q=80&w=1080,REAL,Female,18-25
1192,https://images.unsplash.com/photo-1587485268360-05a266bd5a39?crop=entropy&cs=tinysrgb&fit=max&fm=jpg&ixid=M3w5NDQwMTV8MHwxfHNlYXJjaHwxMTJ8fHdvbWFuJTIwZmFjZSUyMHBvcnRyYWl0fGVufDB8fHx8MTc3ODA2NTI0Nnww&ixlib=rb-4.1.0&q=80&w=1080,REAL,Female,36-50
1193,https://images.unsplash.com/photo-1682887101248-bd942bfb98b3?crop=entropy&cs=tinysrgb&fit=max&fm=jpg&ixid=M3w5NDQwMTV8MHwxfHNlYXJjaHwxMTN8fHdvbWFuJTIwZmFjZSUyMHBvcnRyYWl0fGVufDB8fHx8MTc3ODA2NTI0Nnww&ixlib=rb-4.1.0&q=80&w=1080,REAL,Male,18-25
1194,https://images.unsplash.com/photo-1629896295191-6e107225a460?crop=entropy&cs=tinysrgb&fit=max&fm=jpg&ixid=M3w5NDQwMTV8MHwxfHNlYXJjaHwxMTR8fHdvbWFuJTIwZmFjZSUyMHBvcnRyYWl0fGVufDB8fHx8MTc3ODA2NTI0Nnww&ixlib=rb-4.1.0&q=80&w=1080,REAL,Male,26-35
1195,https://images.unsplash.com/photo-1658120158239-2f9a10081f43?crop=entropy&cs=tinysrgb&fit=max&fm=jpg&ixid=M3w5NDQwMTV8MHwxfHNlYXJjaHwxMTV8fHdvbWFuJTIwZmFjZSUyMHBvcnRyYWl0fGVufDB8fHx8MTc3ODA2NTI0Nnww&ixlib=rb-4.1.0&q=80&w=1080,REAL,Male,26-35
1196,https://images.unsplash.com/photo-1647957864118-4ebc8a4ee2d2?crop=entropy&cs=tinysrgb&fit=max&fm=jpg&ixid=M3w5NDQwMTV8MHwxfHNlYXJjaHwxMTZ8fHdvbWFuJTIwZmFjZSUyMHBvcnRyYWl0fGVufDB8fHx8MTc3ODA2NTI0Nnww&ixlib=rb-4.1.0&q=80&w=1080,REAL,Female,26-35
1197,https://images.unsplash.com/photo-1629896295306-4307148968cd?crop=entropy&cs=tinysrgb&fit=max&fm=jpg&ixid=M3w5NDQwMTV8MHwxfHNlYXJjaHwxMTd8fHdvbWFuJTIwZmFjZSUyMHBvcnRyYWl0fGVufDB8fHx8MTc3ODA2NTI0Nnww&ixlib=rb-4.1.0&q=80&w=1080,REAL,Male,50+
1198,https://images.unsplash.com/photo-1647957866010-71fd5782726d?crop=entropy&cs=tinysrgb&fit=max&fm=jpg&ixid=M3w5NDQwMTV8MHwxfHNlYXJjaHwxMTh8fHdvbWFuJTIwZmFjZSUyMHBvcnRyYWl0fGVufDB8fHx8MTc3ODA2NTI0Nnww&ixlib=rb-4.1.0&q=80&w=1080,REAL,Unknown,36-50
1199,https://images.unsplash.com/photo-1561917210-1c5ad65d3ce4?crop=entropy&cs=tinysrgb&fit=max&fm=jpg&ixid=M3w5NDQwMTV8MHwxfHNlYXJjaHwxMTl8fHdvbWFuJTIwZmFjZSUyMHBvcnRyYWl0fGVufDB8fHx8MTc3ODA2NTI0Nnww&ixlib=rb-4.1.0&q=80&w=1080,REAL,Female,18-25
1200,https://images.unsplash.com/photo-1629896295184-37343751c41c?crop=entropy&cs=tinysrgb&fit=max&fm=jpg&ixid=M3w5NDQwMTV8MHwxfHNlYXJjaHwxMjB8fHdvbWFuJTIwZmFjZSUyMHBvcnRyYWl0fGVufDB8fHx8MTc3ODA2NTI0Nnww&ixlib=rb-4.1.0&q=80&w=1080,REAL,Female,26-35
1201,https://images.unsplash.com/photo-1629896295306-4307148968cd?crop=entropy&cs=tinysrgb&fit=max&fm=jpg&ixid=M3w5NDQwMTV8MHwxfHNlYXJjaHwxMjF8fHdvbWFuJTIwZmFjZSUyMHBvcnRyYWl0fGVufDB8fHx8MTc3ODA2NTI0OHww&ixlib=rb-4.1.0&q=80&w=1080,REAL,Unknown,18-25
1202,https://images.unsplash.com/photo-1654755119283-4d574b545dd4?crop=entropy&cs=tinysrgb&fit=max&fm=jpg&ixid=M3w5NDQwMTV8MHwxfHNlYXJjaHwxMjJ8fHdvbWFuJTIwZmFjZSUyMHBvcnRyYWl0fGVufDB8fHx8MTc3ODA2NTI0OHww&ixlib=rb-4.1.0&q=80&w=1080,REAL,Unknown,50+
1203,https://images.unsplash.com/photo-1647957866343-87662a2daaad?crop=entropy&cs=tinysrgb&fit=max&fm=jpg&ixid=M3w5NDQwMTV8MHwxfHNlYXJjaHwxMjN8fHdvbWFuJTIwZmFjZSUyMHBvcnRyYWl0fGVufDB8fHx8MTc3ODA2NTI0OHww&ixlib=rb-4.1.0&q=80&w=1080,REAL,Female,36-50
1204,https://images.unsplash.com/photo-1619678879686-e37e1b251e54?crop=entropy&cs=tinysrgb&fit=max&fm=jpg&ixid=M3w5NDQwMTV8MHwxfHNlYXJjaHwxMjR8fHdvbWFuJTIwZmFjZSUyMHBvcnRyYWl0fGVufDB8fHx8MTc3ODA2NTI0OHww&ixlib=rb-4.1.0&q=80&w=1080,REAL,Unknown,18-25
1205,https://images.unsplash.com/photo-1561917210-1c5ad65d3ce4?crop=entropy&cs=tinysrgb&fit=max&fm=jpg&ixid=M3w5NDQwMTV8MHwxfHNlYXJjaHwxMjV8fHdvbWFuJTIwZmFjZSUyMHBvcnRyYWl0fGVufDB8fHx8MTc3ODA2NTI0OHww&ixlib=rb-4.1.0&q=80&w=1080,REAL,Female,50+
1206,https://images.unsplash.com/photo-1627216396534-41c9851eebc0?crop=entropy&cs=tinysrgb&fit=max&fm=jpg&ixid=M3w5NDQwMTV8MHwxfHNlYXJjaHwxMjZ8fHdvbWFuJTIwZmFjZSUyMHBvcnRyYWl0fGVufDB8fHx8MTc3ODA2NTI0OHww&ixlib=rb-4.1.0&q=80&w=1080,REAL,Unknown,36-50
1207,https://images.unsplash.com/photo-1625689871790-1c6e2161a0e3?crop=entropy&cs=tinysrgb&fit=max&fm=jpg&ixid=M3w5NDQwMTV8MHwxfHNlYXJjaHwxMjd8fHdvbWFuJTIwZmFjZSUyMHBvcnRyYWl0fGVufDB8fHx8MTc3ODA2NTI0OHww&ixlib=rb-4.1.0&q=80&w=1080,REAL,Unknown,50+
1208,https://images.unsplash.com/photo-1646321575749-d0be5ef156e3?crop=entropy&cs=tinysrgb&fit=max&fm=jpg&ixid=M3w5NDQwMTV8MHwxfHNlYXJjaHwxMjh8fHdvbWFuJTIwZmFjZSUyMHBvcnRyYWl0fGVufDB8fHx8MTc3ODA2NTI0OHww&ixlib=rb-4.1.0&q=80&w=1080,REAL,Female,36-50
1209,https://images.unsplash.com/photo-1629896295175-03701f79ce04?crop=entropy&cs=tinysrgb&fit=max&fm=jpg&ixid=M3w5NDQwMTV8MHwxfHNlYXJjaHwxMjl8fHdvbWFuJTIwZmFjZSUyMHBvcnRyYWl0fGVufDB8fHx8MTc3ODA2NTI0OHww&ixlib=rb-4.1.0&q=80&w=1080,REAL,Male,50+
1210,https://images.unsplash.com/photo-1619678879702-fca783eda053?crop=entropy&cs=tinysrgb&fit=max&fm=jpg&ixid=M3w5NDQwMTV8MHwxfHNlYXJjaHwxMzB8fHdvbWFuJTIwZmFjZSUyMHBvcnRyYWl0fGVufDB8fHx8MTc3ODA2NTI0OHww&ixlib=rb-4.1.0&q=80&w=1080,REAL,Female,26-35
1211,https://images.unsplash.com/photo-1665779912168-c6d48ec98dcb?crop=entropy&cs=tinysrgb&fit=max&fm=jpg&ixid=M3w5NDQwMTV8MHwxfHNlYXJjaHwxMzF8fHdvbWFuJTIwZmFjZSUyMHBvcnRyYWl0fGVufDB8fHx8MTc3ODA2NTI0OHww&ixlib=rb-4.1.0&q=80&w=1080,REAL,Female,50+
1212,https://images.unsplash.com/photo-1634149134165-6d679d80a800?crop=entropy&cs=tinysrgb&fit=max&fm=jpg&ixid=M3w5NDQwMTV8MHwxfHNlYXJjaHwxMzJ8fHdvbWFuJTIwZmFjZSUyMHBvcnRyYWl0fGVufDB8fHx8MTc3ODA2NTI0OHww&ixlib=rb-4.1.0&q=80&w=1080,REAL,Male,26-35
1213,https://images.unsplash.com/photo-1640059561069-03205e5eda38?crop=entropy&cs=tinysrgb&fit=max&fm=jpg&ixid=M3w5NDQwMTV8MHwxfHNlYXJjaHwxMzN8fHdvbWFuJTIwZmFjZSUyMHBvcnRyYWl0fGVufDB8fHx8MTc3ODA2NTI0OHww&ixlib=rb-4.1.0&q=80&w=1080,REAL,Unknown,36-50
1214,https://images.unsplash.com/photo-1635788017726-c4f76b193577?crop=entropy&cs=tinysrgb&fit=max&fm=jpg&ixid=M3w5NDQwMTV8MHwxfHNlYXJjaHwxMzR8fHdvbWFuJTIwZmFjZSUyMHBvcnRyYWl0fGVufDB8fHx8MTc3ODA2NTI0OHww&ixlib=rb-4.1.0&q=80&w=1080,REAL,Female,50+
1215,https://images.unsplash.com/photo-1640059563115-74b9870b65e7?crop=entropy&cs=tinysrgb&fit=max&fm=jpg&ixid=M3w5NDQwMTV8MHwxfHNlYXJjaHwxMzV8fHdvbWFuJTIwZmFjZSUyMHBvcnRyYWl0fGVufDB8fHx8MTc3ODA2NTI0OHww&ixlib=rb-4.1.0&q=80&w=1080,REAL,Female,26-35
1216,https://images.unsplash.com/photo-1707379223324-a7f2e6455713?crop=entropy&cs=tinysrgb&fit=max&fm=jpg&ixid=M3w5NDQwMTV8MHwxfHNlYXJjaHwxMzZ8fHdvbWFuJTIwZmFjZSUyMHBvcnRyYWl0fGVufDB8fHx8MTc3ODA2NTI0OHww&ixlib=rb-4.1.0&q=80&w=1080,REAL,Male,26-35
1217,https://images.unsplash.com/photo-1559674850-47859f577fba?crop=entropy&cs=tinysrgb&fit=max&fm=jpg&ixid=M3w5NDQwMTV8MHwxfHNlYXJjaHwxMzd8fHdvbWFuJTIwZmFjZSUyMHBvcnRyYWl0fGVufDB8fHx8MTc3ODA2NTI0OHww&ixlib=rb-4.1.0&q=80&w=1080,REAL,Unknown,36-50
1218,https://images.unsplash.com/photo-1640059565854-b1f3671f01c4?crop=entropy&cs=tinysrgb&fit=max&fm=jpg&ixid=M3w5NDQwMTV8MHwxfHNlYXJjaHwxMzh8fHdvbWFuJTIwZmFjZSUyMHBvcnRyYWl0fGVufDB8fHx8MTc3ODA2NTI0OHww&ixlib=rb-4.1.0&q=80&w=1080,REAL,Male,50+
1219,https://images.unsplash.com/photo-1640059564889-0d8dffeb2d9b?crop=entropy&cs=tinysrgb&fit=max&fm=jpg&ixid=M3w5NDQwMTV8MHwxfHNlYXJjaHwxMzl8fHdvbWFuJTIwZmFjZSUyMHBvcnRyYWl0fGVufDB8fHx8MTc3ODA2NTI0OHww&ixlib=rb-4.1.0&q=80&w=1080,REAL,Female,18-25
1220,https://images.unsplash.com/photo-1640059561121-50aa4971e480?crop=entropy&cs=tinysrgb&fit=max&fm=jpg&ixid=M3w5NDQwMTV8MHwxfHNlYXJjaHwxNDB8fHdvbWFuJTIwZmFjZSUyMHBvcnRyYWl0fGVufDB8fHx8MTc3ODA2NTI0OHww&ixlib=rb-4.1.0&q=80&w=1080,REAL,Unknown,18-25
1221,https://images.unsplash.com/photo-1690444963408-9573a17a8058?crop=entropy&cs=tinysrgb&fit=max&fm=jpg&ixid=M3w5NDQwMTV8MHwxfHNlYXJjaHwxNDF8fHdvbWFuJTIwZmFjZSUyMHBvcnRyYWl0fGVufDB8fHx8MTc3ODA2NTI0OHww&ixlib=rb-4.1.0&q=80&w=1080,REAL,Unknown,36-50
1222,https://images.unsplash.com/photo-1659500599203-fb8535fcdf37?crop=entropy&cs=tinysrgb&fit=max&fm=jpg&ixid=M3w5NDQwMTV8MHwxfHNlYXJjaHwxNDJ8fHdvbWFuJTIwZmFjZSUyMHBvcnRyYWl0fGVufDB8fHx8MTc3ODA2NTI0OHww&ixlib=rb-4.1.0&q=80&w=1080,REAL,Male,36-50
1223,https://images.unsplash.com/photo-1640059567352-aa684b7fcc67?crop=entropy&cs=tinysrgb&fit=max&fm=jpg&ixid=M3w5NDQwMTV8MHwxfHNlYXJjaHwxNDN8fHdvbWFuJTIwZmFjZSUyMHBvcnRyYWl0fGVufDB8fHx8MTc3ODA2NTI0OHww&ixlib=rb-4.1.0&q=80&w=1080,REAL,Unknown,36-50
1224,https://images.unsplash.com/photo-1640059563499-4d4ea256be5e?crop=entropy&cs=tinysrgb&fit=max&fm=jpg&ixid=M3w5NDQwMTV8MHwxfHNlYXJjaHwxNDR8fHdvbWFuJTIwZmFjZSUyMHBvcnRyYWl0fGVufDB8fHx8MTc3ODA2NTI0OHww&ixlib=rb-4.1.0&q=80&w=1080,REAL,Female,18-25
1225,https://images.unsplash.com/photo-1641351841616-faa0d3760980?crop=entropy&cs=tinysrgb&fit=max&fm=jpg&ixid=M3w5NDQwMTV8MHwxfHNlYXJjaHwxNDV8fHdvbWFuJTIwZmFjZSUyMHBvcnRyYWl0fGVufDB8fHx8MTc3ODA2NTI0OHww&ixlib=rb-4.1.0&q=80&w=1080,REAL,Male,18-25
1226,https://images.unsplash.com/photo-1611367540679-d94566094025?crop=entropy&cs=tinysrgb&fit=max&fm=jpg&ixid=M3w5NDQwMTV8MHwxfHNlYXJjaHwxNDZ8fHdvbWFuJTIwZmFjZSUyMHBvcnRyYWl0fGVufDB8fHx8MTc3ODA2NTI0OHww&ixlib=rb-4.1.0&q=80&w=1080,REAL,Unknown,50+
1227,https://images.unsplash.com/photo-1640059567660-4787bd06931b?crop=entropy&cs=tinysrgb&fit=max&fm=jpg&ixid=M3w5NDQwMTV8MHwxfHNlYXJjaHwxNDd8fHdvbWFuJTIwZmFjZSUyMHBvcnRyYWl0fGVufDB8fHx8MTc3ODA2NTI0OHww&ixlib=rb-4.1.0&q=80&w=1080,REAL,Female,26-35
1228,https://images.unsplash.com/photo-1634149135349-d03e6f9bfedc?crop=entropy&cs=tinysrgb&fit=max&fm=jpg&ixid=M3w5NDQwMTV8MHwxfHNlYXJjaHwxNDh8fHdvbWFuJTIwZmFjZSUyMHBvcnRyYWl0fGVufDB8fHx8MTc3ODA2NTI0OHww&ixlib=rb-4.1.0&q=80&w=1080,REAL,Male,50+
1229,https://images.unsplash.com/photo-1640059561331-33e3ef80d27e?crop=entropy&cs=tinysrgb&fit=max&fm=jpg&ixid=M3w5NDQwMTV8MHwxfHNlYXJjaHwxNDl8fHdvbWFuJTIwZmFjZSUyMHBvcnRyYWl0fGVufDB8fHx8MTc3ODA2NTI0OHww&ixlib=rb-4.1.0&q=80&w=1080,REAL,Female,36-50
1230,https://images.unsplash.com/photo-1557296387-5358ad7997bb?crop=entropy&cs=tinysrgb&fit=max&fm=jpg&ixid=M3w5NDQwMTV8MHwxfHNlYXJjaHwxNTB8fHdvbWFuJTIwZmFjZSUyMHBvcnRyYWl0fGVufDB8fHx8MTc3ODA2NTI0OHww&ixlib=rb-4.1.0&q=80&w=1080,REAL,Unknown,50+
1231,https://images.unsplash.com/photo-1612983133700-739c8f358334?crop=entropy&cs=tinysrgb&fit=max&fm=jpg&ixid=M3w5NDQwMTV8MHwxfHNlYXJjaHwxNTF8fHdvbWFuJTIwZmFjZSUyMHBvcnRyYWl0fGVufDB8fHx8MTc3ODA2NTI1MXww&ixlib=rb-4.1.0&q=80&w=1080,REAL,Female,26-35
1232,https://images.unsplash.com/photo-1642787445188-a58816fb2a60?crop=entropy&cs=tinysrgb&fit=max&fm=jpg&ixid=M3w5NDQwMTV8MHwxfHNlYXJjaHwxNTJ8fHdvbWFuJTIwZmFjZSUyMHBvcnRyYWl0fGVufDB8fHx8MTc3ODA2NTI1MXww&ixlib=rb-4.1.0&q=80&w=1080,REAL,Male,36-50
1233,https://images.unsplash.com/photo-1633355383520-c9f46d4d0289?crop=entropy&cs=tinysrgb&fit=max&fm=jpg&ixid=M3w5NDQwMTV8MHwxfHNlYXJjaHwxNTN8fHdvbWFuJTIwZmFjZSUyMHBvcnRyYWl0fGVufDB8fHx8MTc3ODA2NTI1MXww&ixlib=rb-4.1.0&q=80&w=1080,REAL,Female,36-50
1234,https://images.unsplash.com/photo-1618424839436-d1c69cdde6f7?crop=entropy&cs=tinysrgb&fit=max&fm=jpg&ixid=M3w5NDQwMTV8MHwxfHNlYXJjaHwxNTR8fHdvbWFuJTIwZmFjZSUyMHBvcnRyYWl0fGVufDB8fHx8MTc3ODA2NTI1MXww&ixlib=rb-4.1.0&q=80&w=1080,REAL,Male,36-50
1235,https://images.unsplash.com/photo-1620301131890-6d07e4048ffa?crop=entropy&cs=tinysrgb&fit=max&fm=jpg&ixid=M3w5NDQwMTV8MHwxfHNlYXJjaHwxNTV8fHdvbWFuJTIwZmFjZSUyMHBvcnRyYWl0fGVufDB8fHx8MTc3ODA2NTI1MXww&ixlib=rb-4.1.0&q=80&w=1080,REAL,Unknown,50+
1236,https://images.unsplash.com/photo-1633355363477-f73992bcf418?crop=entropy&cs=tinysrgb&fit=max&fm=jpg&ixid=M3w5NDQwMTV8MHwxfHNlYXJjaHwxNTZ8fHdvbWFuJTIwZmFjZSUyMHBvcnRyYWl0fGVufDB8fHx8MTc3ODA2NTI1MXww&ixlib=rb-4.1.0&q=80&w=1080,REAL,Unknown,36-50
1237,https://images.unsplash.com/photo-1679466061812-211a6b737175?crop=entropy&cs=tinysrgb&fit=max&fm=jpg&ixid=M3w5NDQwMTV8MHwxfHNlYXJjaHwxNTd8fHdvbWFuJTIwZmFjZSUyMHBvcnRyYWl0fGVufDB8fHx8MTc3ODA2NTI1MXww&ixlib=rb-4.1.0&q=80&w=1080,REAL,Female,18-25
1238,https://images.unsplash.com/photo-1634595705439-93ddc4909c9e?crop=entropy&cs=tinysrgb&fit=max&fm=jpg&ixid=M3w5NDQwMTV8MHwxfHNlYXJjaHwxNTh8fHdvbWFuJTIwZmFjZSUyMHBvcnRyYWl0fGVufDB8fHx8MTc3ODA2NTI1MXww&ixlib=rb-4.1.0&q=80&w=1080,REAL,Male,18-25
1239,https://images.unsplash.com/photo-1620301132592-2579b22c7b86?crop=entropy&cs=tinysrgb&fit=max&fm=jpg&ixid=M3w5NDQwMTV8MHwxfHNlYXJjaHwxNTl8fHdvbWFuJTIwZmFjZSUyMHBvcnRyYWl0fGVufDB8fHx8MTc3ODA2NTI1MXww&ixlib=rb-4.1.0&q=80&w=1080,REAL,Unknown,26-35
1240,https://images.unsplash.com/photo-1613691278947-15a81f50d80f?crop=entropy&cs=tinysrgb&fit=max&fm=jpg&ixid=M3w5NDQwMTV8MHwxfHNlYXJjaHwxNjB8fHdvbWFuJTIwZmFjZSUyMHBvcnRyYWl0fGVufDB8fHx8MTc3ODA2NTI1MXww&ixlib=rb-4.1.0&q=80&w=1080,REAL,Unknown,36-50
1241,https://images.unsplash.com/photo-1744580843113-3b20a875fdba?crop=entropy&cs=tinysrgb&fit=max&fm=jpg&ixid=M3w5NDQwMTV8MHwxfHNlYXJjaHwxNjF8fHdvbWFuJTIwZmFjZSUyMHBvcnRyYWl0fGVufDB8fHx8MTc3ODA2NTI1MXww&ixlib=rb-4.1.0&q=80&w=1080,REAL,Unknown,18-25
1242,https://images.unsplash.com/photo-1582485941766-d3c1c8b38a2f?crop=entropy&cs=tinysrgb&fit=max&fm=jpg&ixid=M3w5NDQwMTV8MHwxfHNlYXJjaHwxNjJ8fHdvbWFuJTIwZmFjZSUyMHBvcnRyYWl0fGVufDB8fHx8MTc3ODA2NTI1MXww&ixlib=rb-4.1.0&q=80&w=1080,REAL,Female,50+
1243,https://images.unsplash.com/photo-1567959951004-487b3d6342a4?crop=entropy&cs=tinysrgb&fit=max&fm=jpg&ixid=M3w5NDQwMTV8MHwxfHNlYXJjaHwxNjN8fHdvbWFuJTIwZmFjZSUyMHBvcnRyYWl0fGVufDB8fHx8MTc3ODA2NTI1MXww&ixlib=rb-4.1.0&q=80&w=1080,REAL,Unknown,26-35
1244,https://images.unsplash.com/photo-1617470071072-b00bab31cf9c?crop=entropy&cs=tinysrgb&fit=max&fm=jpg&ixid=M3w5NDQwMTV8MHwxfHNlYXJjaHwxNjR8fHdvbWFuJTIwZmFjZSUyMHBvcnRyYWl0fGVufDB8fHx8MTc3ODA2NTI1MXww&ixlib=rb-4.1.0&q=80&w=1080,REAL,Male,36-50
1245,https://images.unsplash.com/photo-1634149136618-24a98f048647?crop=entropy&cs=tinysrgb&fit=max&fm=jpg&ixid=M3w5NDQwMTV8MHwxfHNlYXJjaHwxNjV8fHdvbWFuJTIwZmFjZSUyMHBvcnRyYWl0fGVufDB8fHx8MTc3ODA2NTI1MXww&ixlib=rb-4.1.0&q=80&w=1080,REAL,Unknown,18-25
1246,https://images.unsplash.com/photo-1639689413026-68b7f99a0920?crop=entropy&cs=tinysrgb&fit=max&fm=jpg&ixid=M3w5NDQwMTV8MHwxfHNlYXJjaHwxNjZ8fHdvbWFuJTIwZmFjZSUyMHBvcnRyYWl0fGVufDB8fHx8MTc3ODA2NTI1MXww&ixlib=rb-4.1.0&q=80&w=1080,REAL,Unknown,18-25
1247,https://images.unsplash.com/photo-1618510050510-d0903984e131?crop=entropy&cs=tinysrgb&fit=max&fm=jpg&ixid=M3w5NDQwMTV8MHwxfHNlYXJjaHwxNjd8fHdvbWFuJTIwZmFjZSUyMHBvcnRyYWl0fGVufDB8fHx8MTc3ODA2NTI1MXww&ixlib=rb-4.1.0&q=80&w=1080,REAL,Unknown,26-35
1248,https://images.unsplash.com/photo-1566906535224-e9f6b76dff82?crop=entropy&cs=tinysrgb&fit=max&fm=jpg&ixid=M3w5NDQwMTV8MHwxfHNlYXJjaHwxNjh8fHdvbWFuJTIwZmFjZSUyMHBvcnRyYWl0fGVufDB8fHx8MTc3ODA2NTI1MXww&ixlib=rb-4.1.0&q=80&w=1080,REAL,Male,26-35
1249,https://images.unsplash.com/photo-1682621077269-cac5773fbd3e?crop=entropy&cs=tinysrgb&fit=max&fm=jpg&ixid=M3w5NDQwMTV8MHwxfHNlYXJjaHwxNjl8fHdvbWFuJTIwZmFjZSUyMHBvcnRyYWl0fGVufDB8fHx8MTc3ODA2NTI1MXww&ixlib=rb-4.1.0&q=80&w=1080,REAL,Male,50+
1250,https://images.unsplash.com/photo-1689943442507-9961181876a3?crop=entropy&cs=tinysrgb&fit=max&fm=jpg&ixid=M3w5NDQwMTV8MHwxfHNlYXJjaHwxNzB8fHdvbWFuJTIwZmFjZSUyMHBvcnRyYWl0fGVufDB8fHx8MTc3ODA2NTI1MXww&ixlib=rb-4.1.0&q=80&w=1080,REAL,Male,50+
1251,https://images.unsplash.com/photo-1648139209902-d20038f747fd?crop=entropy&cs=tinysrgb&fit=max&fm=jpg&ixid=M3w5NDQwMTV8MHwxfHNlYXJjaHwxNzF8fHdvbWFuJTIwZmFjZSUyMHBvcnRyYWl0fGVufDB8fHx8MTc3ODA2NTI1MXww&ixlib=rb-4.1.0&q=80&w=1080,REAL,Male,18-25
1252,https://images.unsplash.com/photo-1744580843110-965f560ea335?crop=entropy&cs=tinysrgb&fit=max&fm=jpg&ixid=M3w5NDQwMTV8MHwxfHNlYXJjaHwxNzJ8fHdvbWFuJTIwZmFjZSUyMHBvcnRyYWl0fGVufDB8fHx8MTc3ODA2NTI1MXww&ixlib=rb-4.1.0&q=80&w=1080,REAL,Male,26-35
1253,https://images.unsplash.com/photo-1686296045736-953cb8b06b15?crop=entropy&cs=tinysrgb&fit=max&fm=jpg&ixid=M3w5NDQwMTV8MHwxfHNlYXJjaHwxNzN8fHdvbWFuJTIwZmFjZSUyMHBvcnRyYWl0fGVufDB8fHx8MTc3ODA2NTI1MXww&ixlib=rb-4.1.0&q=80&w=1080,REAL,Unknown,18-25
1254,https://images.unsplash.com/photo-1643580662296-31d48e6e65ed?crop=entropy&cs=tinysrgb&fit=max&fm=jpg&ixid=M3w5NDQwMTV8MHwxfHNlYXJjaHwxNzR8fHdvbWFuJTIwZmFjZSUyMHBvcnRyYWl0fGVufDB8fHx8MTc3ODA2NTI1MXww&ixlib=rb-4.1.0&q=80&w=1080,REAL,Male,26-35
1255,https://images.unsplash.com/photo-1744580843116-5118d44623da?crop=entropy&cs=tinysrgb&fit=max&fm=jpg&ixid=M3w5NDQwMTV8MHwxfHNlYXJjaHwxNzV8fHdvbWFuJTIwZmFjZSUyMHBvcnRyYWl0fGVufDB8fHx8MTc3ODA2NTI1MXww&ixlib=rb-4.1.0&q=80&w=1080,REAL,Female,50+
1256,https://images.unsplash.com/photo-1579623374984-462747d13f28?crop=entropy&cs=tinysrgb&fit=max&fm=jpg&ixid=M3w5NDQwMTV8MHwxfHNlYXJjaHwxNzZ8fHdvbWFuJTIwZmFjZSUyMHBvcnRyYWl0fGVufDB8fHx8MTc3ODA2NTI1MXww&ixlib=rb-4.1.0&q=80&w=1080,REAL,Female,36-50
1257,https://images.unsplash.com/photo-1549064029-3007a478b0ce?crop=entropy&cs=tinysrgb&fit=max&fm=jpg&ixid=M3w5NDQwMTV8MHwxfHNlYXJjaHwxNzd8fHdvbWFuJTIwZmFjZSUyMHBvcnRyYWl0fGVufDB8fHx8MTc3ODA2NTI1MXww&ixlib=rb-4.1.0&q=80&w=1080,REAL,Male,18-25
1258,https://images.unsplash.com/photo-1639689413104-82dbbd1db74d?crop=entropy&cs=tinysrgb&fit=max&fm=jpg&ixid=M3w5NDQwMTV8MHwxfHNlYXJjaHwxNzh8fHdvbWFuJTIwZmFjZSUyMHBvcnRyYWl0fGVufDB8fHx8MTc3ODA2NTI1MXww&ixlib=rb-4.1.0&q=80&w=1080,REAL,Female,36-50
1259,https://images.unsplash.com/photo-1552445009-5f785a9fbf9b?crop=entropy&cs=tinysrgb&fit=max&fm=jpg&ixid=M3w5NDQwMTV8MHwxfHNlYXJjaHwxNzl8fHdvbWFuJTIwZmFjZSUyMHBvcnRyYWl0fGVufDB8fHx8MTc3ODA2NTI1MXww&ixlib=rb-4.1.0&q=80&w=1080,REAL,Unknown,18-25
1260,https://images.unsplash.com/photo-1744580843112-11be71d0756d?crop=entropy&cs=tinysrgb&fit=max&fm=jpg&ixid=M3w5NDQwMTV8MHwxfHNlYXJjaHwxODB8fHdvbWFuJTIwZmFjZSUyMHBvcnRyYWl0fGVufDB8fHx8MTc3ODA2NTI1MXww&ixlib=rb-4.1.0&q=80&w=1080,REAL,Male,18-25
1261,https://images.unsplash.com/photo-1643580605998-094a997e77ae?crop=entropy&cs=tinysrgb&fit=max&fm=jpg&ixid=M3w5NDQwMTV8MHwxfHNlYXJjaHwxODF8fHdvbWFuJTIwZmFjZSUyMHBvcnRyYWl0fGVufDB8fHx8MTc3ODA2NTI1M3ww&ixlib=rb-4.1.0&q=80&w=1080,REAL,Male,50+
1262,https://images.unsplash.com/photo-1624605984842-6971e8b7b9d4?crop=entropy&cs=tinysrgb&fit=max&fm=jpg&ixid=M3w5NDQwMTV8MHwxfHNlYXJjaHwxODJ8fHdvbWFuJTIwZmFjZSUyMHBvcnRyYWl0fGVufDB8fHx8MTc3ODA2NTI1M3ww&ixlib=rb-4.1.0&q=80&w=1080,REAL,Unknown,18-25
1263,https://images.unsplash.com/photo-1643580605913-264c1676ff40?crop=entropy&cs=tinysrgb&fit=max&fm=jpg&ixid=M3w5NDQwMTV8MHwxfHNlYXJjaHwxODN8fHdvbWFuJTIwZmFjZSUyMHBvcnRyYWl0fGVufDB8fHx8MTc3ODA2NTI1M3ww&ixlib=rb-4.1.0&q=80&w=1080,REAL,Male,36-50
1264,https://images.unsplash.com/photo-1633515104414-6d905d3c30e3?crop=entropy&cs=tinysrgb&fit=max&fm=jpg&ixid=M3w5NDQwMTV8MHwxfHNlYXJjaHwxODR8fHdvbWFuJTIwZmFjZSUyMHBvcnRyYWl0fGVufDB8fHx8MTc3ODA2NTI1M3ww&ixlib=rb-4.1.0&q=80&w=1080,REAL,Female,18-25
1265,https://images.unsplash.com/photo-1763677594421-f58e50cce64d?crop=entropy&cs=tinysrgb&fit=max&fm=jpg&ixid=M3w5NDQwMTV8MHwxfHNlYXJjaHwxODV8fHdvbWFuJTIwZmFjZSUyMHBvcnRyYWl0fGVufDB8fHx8MTc3ODA2NTI1M3ww&ixlib=rb-4.1.0&q=80&w=1080,REAL,Female,26-35
1266,https://images.unsplash.com/photo-1656428561691-492ac0b1ca0d?crop=entropy&cs=tinysrgb&fit=max&fm=jpg&ixid=M3w5NDQwMTV8MHwxfHNlYXJjaHwxODZ8fHdvbWFuJTIwZmFjZSUyMHBvcnRyYWl0fGVufDB8fHx8MTc3ODA2NTI1M3ww&ixlib=rb-4.1.0&q=80&w=1080,REAL,Male,50+
1267,https://images.unsplash.com/photo-1639538536139-337d945bf700?crop=entropy&cs=tinysrgb&fit=max&fm=jpg&ixid=M3w5NDQwMTV8MHwxfHNlYXJjaHwxODd8fHdvbWFuJTIwZmFjZSUyMHBvcnRyYWl0fGVufDB8fHx8MTc3ODA2NTI1M3ww&ixlib=rb-4.1.0&q=80&w=1080,REAL,Male,36-50
1268,https://images.unsplash.com/photo-1644860704763-9dc2fd707b55?crop=entropy&cs=tinysrgb&fit=max&fm=jpg&ixid=M3w5NDQwMTV8MHwxfHNlYXJjaHwxODh8fHdvbWFuJTIwZmFjZSUyMHBvcnRyYWl0fGVufDB8fHx8MTc3ODA2NTI1M3ww&ixlib=rb-4.1.0&q=80&w=1080,REAL,Female,26-35
1269,https://images.unsplash.com/photo-1633380691989-5062bd5601ec?crop=entropy&cs=tinysrgb&fit=max&fm=jpg&ixid=M3w5NDQwMTV8MHwxfHNlYXJjaHwxODl8fHdvbWFuJTIwZmFjZSUyMHBvcnRyYWl0fGVufDB8fHx8MTc3ODA2NTI1M3ww&ixlib=rb-4.1.0&q=80&w=1080,REAL,Male,36-50
1270,https://images.unsplash.com/photo-1611232658409-0d98127f237f?crop=entropy&cs=tinysrgb&fit=max&fm=jpg&ixid=M3w5NDQwMTV8MHwxfHNlYXJjaHwxOTB8fHdvbWFuJTIwZmFjZSUyMHBvcnRyYWl0fGVufDB8fHx8MTc3ODA2NTI1M3ww&ixlib=rb-4.1.0&q=80&w=1080,REAL,Unknown,26-35
1271,https://images.unsplash.com/photo-1612638714844-ffd4cdf655c6?crop=entropy&cs=tinysrgb&fit=max&fm=jpg&ixid=M3w5NDQwMTV8MHwxfHNlYXJjaHwxOTF8fHdvbWFuJTIwZmFjZSUyMHBvcnRyYWl0fGVufDB8fHx8MTc3ODA2NTI1M3ww&ixlib=rb-4.1.0&q=80&w=1080,REAL,Unknown,50+
1272,https://images.unsplash.com/photo-1763677593928-468dc9767e7b?crop=entropy&cs=tinysrgb&fit=max&fm=jpg&ixid=M3w5NDQwMTV8MHwxfHNlYXJjaHwxOTJ8fHdvbWFuJTIwZmFjZSUyMHBvcnRyYWl0fGVufDB8fHx8MTc3ODA2NTI1M3ww&ixlib=rb-4.1.0&q=80&w=1080,REAL,Unknown,26-35
1273,https://images.unsplash.com/photo-1642232330978-5f1135b0445a?crop=entropy&cs=tinysrgb&fit=max&fm=jpg&ixid=M3w5NDQwMTV8MHwxfHNlYXJjaHwxOTN8fHdvbWFuJTIwZmFjZSUyMHBvcnRyYWl0fGVufDB8fHx8MTc3ODA2NTI1M3ww&ixlib=rb-4.1.0&q=80&w=1080,REAL,Male,26-35
1274,https://images.unsplash.com/photo-1616571095258-b38b8ebc50b0?crop=entropy&cs=tinysrgb&fit=max&fm=jpg&ixid=M3w5NDQwMTV8MHwxfHNlYXJjaHwxOTR8fHdvbWFuJTIwZmFjZSUyMHBvcnRyYWl0fGVufDB8fHx8MTc3ODA2NTI1M3ww&ixlib=rb-4.1.0&q=80&w=1080,REAL,Female,18-25
1275,https://images.unsplash.com/photo-1698767839718-850659ea2d9b?crop=entropy&cs=tinysrgb&fit=max&fm=jpg&ixid=M3w5NDQwMTV8MHwxfHNlYXJjaHwxOTV8fHdvbWFuJTIwZmFjZSUyMHBvcnRyYWl0fGVufDB8fHx8MTc3ODA2NTI1M3ww&ixlib=rb-4.1.0&q=80&w=1080,REAL,Unknown,26-35
1276,https://images.unsplash.com/photo-1639351823493-9e451eca0b5b?crop=entropy&cs=tinysrgb&fit=max&fm=jpg&ixid=M3w5NDQwMTV8MHwxfHNlYXJjaHwxOTZ8fHdvbWFuJTIwZmFjZSUyMHBvcnRyYWl0fGVufDB8fHx8MTc3ODA2NTI1M3ww&ixlib=rb-4.1.0&q=80&w=1080,REAL,Male,36-50
1277,https://images.unsplash.com/photo-1634983799013-1ee608e7d499?crop=entropy&cs=tinysrgb&fit=max&fm=jpg&ixid=M3w5NDQwMTV8MHwxfHNlYXJjaHwxOTd8fHdvbWFuJTIwZmFjZSUyMHBvcnRyYWl0fGVufDB8fHx8MTc3ODA2NTI1M3ww&ixlib=rb-4.1.0&q=80&w=1080,REAL,Male,50+
1278,https://images.unsplash.com/photo-1697665682392-d064b7c82304?crop=entropy&cs=tinysrgb&fit=max&fm=jpg&ixid=M3w5NDQwMTV8MHwxfHNlYXJjaHwxOTh8fHdvbWFuJTIwZmFjZSUyMHBvcnRyYWl0fGVufDB8fHx8MTc3ODA2NTI1M3ww&ixlib=rb-4.1.0&q=80&w=1080,REAL,Male,36-50
1279,https://images.unsplash.com/photo-1615847697785-effb9d96a274?crop=entropy&cs=tinysrgb&fit=max&fm=jpg&ixid=M3w5NDQwMTV8MHwxfHNlYXJjaHwxOTl8fHdvbWFuJTIwZmFjZSUyMHBvcnRyYWl0fGVufDB8fHx8MTc3ODA2NTI1M3ww&ixlib=rb-4.1.0&q=80&w=1080,REAL,Unknown,36-50
1280,https://images.unsplash.com/photo-1628835628055-6564cabdff80?crop=entropy&cs=tinysrgb&fit=max&fm=jpg&ixid=M3w5NDQwMTV8MHwxfHNlYXJjaHwyMDB8fHdvbWFuJTIwZmFjZSUyMHBvcnRyYWl0fGVufDB8fHx8MTc3ODA2NTI1M3ww&ixlib=rb-4.1.0&q=80&w=1080,REAL,Male,18-25
1281,https://images.unsplash.com/photo-1590702841774-45166f031529?crop=entropy&cs=tinysrgb&fit=max&fm=jpg&ixid=M3w5NDQwMTV8MHwxfHNlYXJjaHwyMDF8fHdvbWFuJTIwZmFjZSUyMHBvcnRyYWl0fGVufDB8fHx8MTc3ODA2NTI1M3ww&ixlib=rb-4.1.0&q=80&w=1080,REAL,Female,50+
1282,https://images.unsplash.com/photo-1644942288997-3e778d00c17c?crop=entropy&cs=tinysrgb&fit=max&fm=jpg&ixid=M3w5NDQwMTV8MHwxfHNlYXJjaHwyMDJ8fHdvbWFuJTIwZmFjZSUyMHBvcnRyYWl0fGVufDB8fHx8MTc3ODA2NTI1M3ww&ixlib=rb-4.1.0&q=80&w=1080,REAL,Female,18-25
1283,https://images.unsplash.com/photo-1618469820371-3991fec57324?crop=entropy&cs=tinysrgb&fit=max&fm=jpg&ixid=M3w5NDQwMTV8MHwxfHNlYXJjaHwyMDN8fHdvbWFuJTIwZmFjZSUyMHBvcnRyYWl0fGVufDB8fHx8MTc3ODA2NTI1M3ww&ixlib=rb-4.1.0&q=80&w=1080,REAL,Unknown,18-25
1284,https://images.unsplash.com/photo-1616840420121-7ad8ed885f11?crop=entropy&cs=tinysrgb&fit=max&fm=jpg&ixid=M3w5NDQwMTV8MHwxfHNlYXJjaHwyMDR8fHdvbWFuJTIwZmFjZSUyMHBvcnRyYWl0fGVufDB8fHx8MTc3ODA2NTI1M3ww&ixlib=rb-4.1.0&q=80&w=1080,REAL,Male,50+
1285,https://images.unsplash.com/photo-1567226028592-471d722e26ef?crop=entropy&cs=tinysrgb&fit=max&fm=jpg&ixid=M3w5NDQwMTV8MHwxfHNlYXJjaHwyMDV8fHdvbWFuJTIwZmFjZSUyMHBvcnRyYWl0fGVufDB8fHx8MTc3ODA2NTI1M3ww&ixlib=rb-4.1.0&q=80&w=1080,REAL,Unknown,18-25
1286,https://images.unsplash.com/photo-1615046999952-cdbe5cd06773?crop=entropy&cs=tinysrgb&fit=max&fm=jpg&ixid=M3w5NDQwMTV8MHwxfHNlYXJjaHwyMDZ8fHdvbWFuJTIwZmFjZSUyMHBvcnRyYWl0fGVufDB8fHx8MTc3ODA2NTI1M3ww&ixlib=rb-4.1.0&q=80&w=1080,REAL,Male,26-35
1287,https://images.unsplash.com/photo-1685786870743-f4385131d863?crop=entropy&cs=tinysrgb&fit=max&fm=jpg&ixid=M3w5NDQwMTV8MHwxfHNlYXJjaHwyMDd8fHdvbWFuJTIwZmFjZSUyMHBvcnRyYWl0fGVufDB8fHx8MTc3ODA2NTI1M3ww&ixlib=rb-4.1.0&q=80&w=1080,REAL,Unknown,18-25
1288,https://images.unsplash.com/photo-1623853589874-864b1dd4d922?crop=entropy&cs=tinysrgb&fit=max&fm=jpg&ixid=M3w5NDQwMTV8MHwxfHNlYXJjaHwyMDh8fHdvbWFuJTIwZmFjZSUyMHBvcnRyYWl0fGVufDB8fHx8MTc3ODA2NTI1M3ww&ixlib=rb-4.1.0&q=80&w=1080,REAL,Male,18-25
1289,https://images.unsplash.com/photo-1622791899824-8770a9f4687d?crop=entropy&cs=tinysrgb&fit=max&fm=jpg&ixid=M3w5NDQwMTV8MHwxfHNlYXJjaHwyMDl8fHdvbWFuJTIwZmFjZSUyMHBvcnRyYWl0fGVufDB8fHx8MTc3ODA2NTI1M3ww&ixlib=rb-4.1.0&q=80&w=1080,REAL,Female,26-35
1290,https://images.unsplash.com/photo-1642514366898-6b5d88ae361b?crop=entropy&cs=tinysrgb&fit=max&fm=jpg&ixid=M3w5NDQwMTV8MHwxfHNlYXJjaHwyMTB8fHdvbWFuJTIwZmFjZSUyMHBvcnRyYWl0fGVufDB8fHx8MTc3ODA2NTI1M3ww&ixlib=rb-4.1.0&q=80&w=1080,REAL,Female,26-35
1291,https://images.unsplash.com/photo-1615046999952-cdbe5cd06773?crop=entropy&cs=tinysrgb&fit=max&fm=jpg&ixid=M3w5NDQwMTV8MHwxfHNlYXJjaHwyMTF8fHdvbWFuJTIwZmFjZSUyMHBvcnRyYWl0fGVufDB8fHx8MTc3ODA2NTI1NXww&ixlib=rb-4.1.0&q=80&w=1080,REAL,Female,18-25
1292,https://images.unsplash.com/photo-1685786870743-f4385131d863?crop=entropy&cs=tinysrgb&fit=max&fm=jpg&ixid=M3w5NDQwMTV8MHwxfHNlYXJjaHwyMTJ8fHdvbWFuJTIwZmFjZSUyMHBvcnRyYWl0fGVufDB8fHx8MTc3ODA2NTI1NXww&ixlib=rb-4.1.0&q=80&w=1080,REAL,Unknown,18-25
1293,https://images.unsplash.com/photo-1567226028592-471d722e26ef?crop=entropy&cs=tinysrgb&fit=max&fm=jpg&ixid=M3w5NDQwMTV8MHwxfHNlYXJjaHwyMTN8fHdvbWFuJTIwZmFjZSUyMHBvcnRyYWl0fGVufDB8fHx8MTc3ODA2NTI1NXww&ixlib=rb-4.1.0&q=80&w=1080,REAL,Female,26-35
1294,https://images.unsplash.com/photo-1623853589874-864b1dd4d922?crop=entropy&cs=tinysrgb&fit=max&fm=jpg&ixid=M3w5NDQwMTV8MHwxfHNlYXJjaHwyMTR8fHdvbWFuJTIwZmFjZSUyMHBvcnRyYWl0fGVufDB8fHx8MTc3ODA2NTI1NXww&ixlib=rb-4.1.0&q=80&w=1080,REAL,Female,50+
1295,https://images.unsplash.com/photo-1670012896865-f531c5fb65d9?crop=entropy&cs=tinysrgb&fit=max&fm=jpg&ixid=M3w5NDQwMTV8MHwxfHNlYXJjaHwyMTV8fHdvbWFuJTIwZmFjZSUyMHBvcnRyYWl0fGVufDB8fHx8MTc3ODA2NTI1NXww&ixlib=rb-4.1.0&q=80&w=1080,REAL,Unknown,50+
1296,https://images.unsplash.com/photo-1551830685-046f8d48e66c?crop=entropy&cs=tinysrgb&fit=max&fm=jpg&ixid=M3w5NDQwMTV8MHwxfHNlYXJjaHwyMTZ8fHdvbWFuJTIwZmFjZSUyMHBvcnRyYWl0fGVufDB8fHx8MTc3ODA2NTI1NXww&ixlib=rb-4.1.0&q=80&w=1080,REAL,Male,36-50
1297,https://images.unsplash.com/photo-1622791899824-8770a9f4687d?crop=entropy&cs=tinysrgb&fit=max&fm=jpg&ixid=M3w5NDQwMTV8MHwxfHNlYXJjaHwyMTd8fHdvbWFuJTIwZmFjZSUyMHBvcnRyYWl0fGVufDB8fHx8MTc3ODA2NTI1NXww&ixlib=rb-4.1.0&q=80&w=1080,REAL,Unknown,18-25
1298,https://images.unsplash.com/photo-1626362337699-9b020ec8e716?crop=entropy&cs=tinysrgb&fit=max&fm=jpg&ixid=M3w5NDQwMTV8MHwxfHNlYXJjaHwyMTh8fHdvbWFuJTIwZmFjZSUyMHBvcnRyYWl0fGVufDB8fHx8MTc3ODA2NTI1NXww&ixlib=rb-4.1.0&q=80&w=1080,REAL,Male,26-35
1299,https://images.unsplash.com/photo-1642514366898-6b5d88ae361b?crop=entropy&cs=tinysrgb&fit=max&fm=jpg&ixid=M3w5NDQwMTV8MHwxfHNlYXJjaHwyMTl8fHdvbWFuJTIwZmFjZSUyMHBvcnRyYWl0fGVufDB8fHx8MTc3ODA2NTI1NXww&ixlib=rb-4.1.0&q=80&w=1080,REAL,Unknown,18-25
1300,https://images.unsplash.com/photo-1656440361012-0457dba9de6c?crop=entropy&cs=tinysrgb&fit=max&fm=jpg&ixid=M3w5NDQwMTV8MHwxfHNlYXJjaHwyMjB8fHdvbWFuJTIwZmFjZSUyMHBvcnRyYWl0fGVufDB8fHx8MTc3ODA2NTI1NXww&ixlib=rb-4.1.0&q=80&w=1080,REAL,Male,50+
1301,https://images.unsplash.com/photo-1607195154396-abce3f65c3ff?crop=entropy&cs=tinysrgb&fit=max&fm=jpg&ixid=M3w5NDQwMTV8MHwxfHNlYXJjaHwyMjF8fHdvbWFuJTIwZmFjZSUyMHBvcnRyYWl0fGVufDB8fHx8MTc3ODA2NTI1NXww&ixlib=rb-4.1.0&q=80&w=1080,REAL,Unknown,50+
1302,https://images.unsplash.com/photo-1647740356587-b0cda1b23110?crop=entropy&cs=tinysrgb&fit=max&fm=jpg&ixid=M3w5NDQwMTV8MHwxfHNlYXJjaHwyMjJ8fHdvbWFuJTIwZmFjZSUyMHBvcnRyYWl0fGVufDB8fHx8MTc3ODA2NTI1NXww&ixlib=rb-4.1.0&q=80&w=1080,REAL,Unknown,36-50
1303,https://images.unsplash.com/photo-1567227277914-def0d7151dd9?crop=entropy&cs=tinysrgb&fit=max&fm=jpg&ixid=M3w5NDQwMTV8MHwxfHNlYXJjaHwyMjN8fHdvbWFuJTIwZmFjZSUyMHBvcnRyYWl0fGVufDB8fHx8MTc3ODA2NTI1NXww&ixlib=rb-4.1.0&q=80&w=1080,REAL,Female,18-25
1304,https://images.unsplash.com/photo-1744580843109-6004130a42b3?crop=entropy&cs=tinysrgb&fit=max&fm=jpg&ixid=M3w5NDQwMTV8MHwxfHNlYXJjaHwyMjR8fHdvbWFuJTIwZmFjZSUyMHBvcnRyYWl0fGVufDB8fHx8MTc3ODA2NTI1NXww&ixlib=rb-4.1.0&q=80&w=1080,REAL,Male,36-50
1305,https://images.unsplash.com/photo-1636208640803-6a443f9676d4?crop=entropy&cs=tinysrgb&fit=max&fm=jpg&ixid=M3w5NDQwMTV8MHwxfHNlYXJjaHwyMjV8fHdvbWFuJTIwZmFjZSUyMHBvcnRyYWl0fGVufDB8fHx8MTc3ODA2NTI1NXww&ixlib=rb-4.1.0&q=80&w=1080,REAL,Female,26-35
1306,https://images.unsplash.com/photo-1653512489056-f06ca821de1b?crop=entropy&cs=tinysrgb&fit=max&fm=jpg&ixid=M3w5NDQwMTV8MHwxfHNlYXJjaHwyMjZ8fHdvbWFuJTIwZmFjZSUyMHBvcnRyYWl0fGVufDB8fHx8MTc3ODA2NTI1NXww&ixlib=rb-4.1.0&q=80&w=1080,REAL,Female,50+
1307,https://images.unsplash.com/photo-1715184222767-9b72c873e7c3?crop=entropy&cs=tinysrgb&fit=max&fm=jpg&ixid=M3w5NDQwMTV8MHwxfHNlYXJjaHwyMjd8fHdvbWFuJTIwZmFjZSUyMHBvcnRyYWl0fGVufDB8fHx8MTc3ODA2NTI1NXww&ixlib=rb-4.1.0&q=80&w=1080,REAL,Male,50+
1308,https://images.unsplash.com/photo-1665485825675-b774e599e6fd?crop=entropy&cs=tinysrgb&fit=max&fm=jpg&ixid=M3w5NDQwMTV8MHwxfHNlYXJjaHwyMjh8fHdvbWFuJTIwZmFjZSUyMHBvcnRyYWl0fGVufDB8fHx8MTc3ODA2NTI1NXww&ixlib=rb-4.1.0&q=80&w=1080,REAL,Unknown,26-35
1309,https://images.unsplash.com/photo-1696890380736-db381e150013?crop=entropy&cs=tinysrgb&fit=max&fm=jpg&ixid=M3w5NDQwMTV8MHwxfHNlYXJjaHwyMjl8fHdvbWFuJTIwZmFjZSUyMHBvcnRyYWl0fGVufDB8fHx8MTc3ODA2NTI1NXww&ixlib=rb-4.1.0&q=80&w=1080,REAL,Male,36-50
1310,https://images.unsplash.com/photo-1567227278042-f78c52fafae7?crop=entropy&cs=tinysrgb&fit=max&fm=jpg&ixid=M3w5NDQwMTV8MHwxfHNlYXJjaHwyMzB8fHdvbWFuJTIwZmFjZSUyMHBvcnRyYWl0fGVufDB8fHx8MTc3ODA2NTI1NXww&ixlib=rb-4.1.0&q=80&w=1080,REAL,Male,50+
1311,https://images.unsplash.com/photo-1638552791910-06342fe4fba2?crop=entropy&cs=tinysrgb&fit=max&fm=jpg&ixid=M3w5NDQwMTV8MHwxfHNlYXJjaHwyMzF8fHdvbWFuJTIwZmFjZSUyMHBvcnRyYWl0fGVufDB8fHx8MTc3ODA2NTI1NXww&ixlib=rb-4.1.0&q=80&w=1080,REAL,Unknown,36-50
1312,https://images.unsplash.com/photo-1552611919-069fa4b7a499?crop=entropy&cs=tinysrgb&fit=max&fm=jpg&ixid=M3w5NDQwMTV8MHwxfHNlYXJjaHwyMzJ8fHdvbWFuJTIwZmFjZSUyMHBvcnRyYWl0fGVufDB8fHx8MTc3ODA2NTI1NXww&ixlib=rb-4.1.0&q=80&w=1080,REAL,Male,50+
1313,https://images.unsplash.com/photo-1744581149083-13a496338f5d?crop=entropy&cs=tinysrgb&fit=max&fm=jpg&ixid=M3w5NDQwMTV8MHwxfHNlYXJjaHwyMzN8fHdvbWFuJTIwZmFjZSUyMHBvcnRyYWl0fGVufDB8fHx8MTc3ODA2NTI1NXww&ixlib=rb-4.1.0&q=80&w=1080,REAL,Male,50+
1314,https://images.unsplash.com/photo-1661843235026-45c73ddfb1c3?crop=entropy&cs=tinysrgb&fit=max&fm=jpg&ixid=M3w5NDQwMTV8MHwxfHNlYXJjaHwyMzR8fHdvbWFuJTIwZmFjZSUyMHBvcnRyYWl0fGVufDB8fHx8MTc3ODA2NTI1NXww&ixlib=rb-4.1.0&q=80&w=1080,REAL,Unknown,50+
1315,https://images.unsplash.com/photo-1632697822281-45b9d27d6ca0?crop=entropy&cs=tinysrgb&fit=max&fm=jpg&ixid=M3w5NDQwMTV8MHwxfHNlYXJjaHwyMzV8fHdvbWFuJTIwZmFjZSUyMHBvcnRyYWl0fGVufDB8fHx8MTc3ODA2NTI1NXww&ixlib=rb-4.1.0&q=80&w=1080,REAL,Female,36-50
1316,https://images.unsplash.com/photo-1634595479858-79dc301eea85?crop=entropy&cs=tinysrgb&fit=max&fm=jpg&ixid=M3w5NDQwMTV8MHwxfHNlYXJjaHwyMzZ8fHdvbWFuJTIwZmFjZSUyMHBvcnRyYWl0fGVufDB8fHx8MTc3ODA2NTI1NXww&ixlib=rb-4.1.0&q=80&w=1080,REAL,Unknown,18-25
1317,https://images.unsplash.com/photo-1610055601736-b426379cc97f?crop=entropy&cs=tinysrgb&fit=max&fm=jpg&ixid=M3w5NDQwMTV8MHwxfHNlYXJjaHwyMzd8fHdvbWFuJTIwZmFjZSUyMHBvcnRyYWl0fGVufDB8fHx8MTc3ODA2NTI1NXww&ixlib=rb-4.1.0&q=80&w=1080,REAL,Male,50+
1318,https://images.unsplash.com/photo-1666730140449-fae7b366fe62?crop=entropy&cs=tinysrgb&fit=max&fm=jpg&ixid=M3w5NDQwMTV8MHwxfHNlYXJjaHwyMzh8fHdvbWFuJTIwZmFjZSUyMHBvcnRyYWl0fGVufDB8fHx8MTc3ODA2NTI1NXww&ixlib=rb-4.1.0&q=80&w=1080,REAL,Unknown,50+
1319,https://images.unsplash.com/photo-1652270430489-0ea0f45344f3?crop=entropy&cs=tinysrgb&fit=max&fm=jpg&ixid=M3w5NDQwMTV8MHwxfHNlYXJjaHwyMzl8fHdvbWFuJTIwZmFjZSUyMHBvcnRyYWl0fGVufDB8fHx8MTc3ODA2NTI1NXww&ixlib=rb-4.1.0&q=80&w=1080,REAL,Male,50+
1320,https://images.unsplash.com/photo-1632697823562-366bd151b1e3?crop=entropy&cs=tinysrgb&fit=max&fm=jpg&ixid=M3w5NDQwMTV8MHwxfHNlYXJjaHwyNDB8fHdvbWFuJTIwZmFjZSUyMHBvcnRyYWl0fGVufDB8fHx8MTc3ODA2NTI1NXww&ixlib=rb-4.1.0&q=80&w=1080,REAL,Male,26-35
1321,https://images.unsplash.com/photo-1656473040206-53753fbbc767?crop=entropy&cs=tinysrgb&fit=max&fm=jpg&ixid=M3w5NDQwMTV8MHwxfHNlYXJjaHwyNDF8fHdvbWFuJTIwZmFjZSUyMHBvcnRyYWl0fGVufDB8fHx8MTc3ODA2NTI1N3ww&ixlib=rb-4.1.0&q=80&w=1080,REAL,Female,26-35
1322,https://images.unsplash.com/photo-1660114436971-b023034b8919?crop=entropy&cs=tinysrgb&fit=max&fm=jpg&ixid=M3w5NDQwMTV8MHwxfHNlYXJjaHwyNDJ8fHdvbWFuJTIwZmFjZSUyMHBvcnRyYWl0fGVufDB8fHx8MTc3ODA2NTI1N3ww&ixlib=rb-4.1.0&q=80&w=1080,REAL,Female,26-35
1323,https://images.unsplash.com/photo-1664801779993-c9c7df8724cb?crop=entropy&cs=tinysrgb&fit=max&fm=jpg&ixid=M3w5NDQwMTV8MHwxfHNlYXJjaHwyNDN8fHdvbWFuJTIwZmFjZSUyMHBvcnRyYWl0fGVufDB8fHx8MTc3ODA2NTI1N3ww&ixlib=rb-4.1.0&q=80&w=1080,REAL,Female,50+
1324,https://images.unsplash.com/photo-1610055601805-a52c528c52e9?crop=entropy&cs=tinysrgb&fit=max&fm=jpg&ixid=M3w5NDQwMTV8MHwxfHNlYXJjaHwyNDR8fHdvbWFuJTIwZmFjZSUyMHBvcnRyYWl0fGVufDB8fHx8MTc3ODA2NTI1N3ww&ixlib=rb-4.1.0&q=80&w=1080,REAL,Female,36-50
1325,https://images.unsplash.com/photo-1656473030511-726e9b0ce47a?crop=entropy&cs=tinysrgb&fit=max&fm=jpg&ixid=M3w5NDQwMTV8MHwxfHNlYXJjaHwyNDV8fHdvbWFuJTIwZmFjZSUyMHBvcnRyYWl0fGVufDB8fHx8MTc3ODA2NTI1N3ww&ixlib=rb-4.1.0&q=80&w=1080,REAL,Female,18-25
1326,https://images.unsplash.com/photo-1656473031942-804f56c65323?crop=entropy&cs=tinysrgb&fit=max&fm=jpg&ixid=M3w5NDQwMTV8MHwxfHNlYXJjaHwyNDZ8fHdvbWFuJTIwZmFjZSUyMHBvcnRyYWl0fGVufDB8fHx8MTc3ODA2NTI1N3ww&ixlib=rb-4.1.0&q=80&w=1080,REAL,Male,26-35
1327,https://images.unsplash.com/photo-1634595479162-d6237304a93a?crop=entropy&cs=tinysrgb&fit=max&fm=jpg&ixid=M3w5NDQwMTV8MHwxfHNlYXJjaHwyNDd8fHdvbWFuJTIwZmFjZSUyMHBvcnRyYWl0fGVufDB8fHx8MTc3ODA2NTI1N3ww&ixlib=rb-4.1.0&q=80&w=1080,REAL,Female,50+
1328,https://images.unsplash.com/photo-1656473031918-3df463c0b836?crop=entropy&cs=tinysrgb&fit=max&fm=jpg&ixid=M3w5NDQwMTV8MHwxfHNlYXJjaHwyNDh8fHdvbWFuJTIwZmFjZSUyMHBvcnRyYWl0fGVufDB8fHx8MTc3ODA2NTI1N3ww&ixlib=rb-4.1.0&q=80&w=1080,REAL,Unknown,36-50
1329,https://images.unsplash.com/photo-1656473031919-02f34d365735?crop=entropy&cs=tinysrgb&fit=max&fm=jpg&ixid=M3w5NDQwMTV8MHwxfHNlYXJjaHwyNDl8fHdvbWFuJTIwZmFjZSUyMHBvcnRyYWl0fGVufDB8fHx8MTc3ODA2NTI1N3ww&ixlib=rb-4.1.0&q=80&w=1080,REAL,Female,18-25
1330,https://images.unsplash.com/photo-1656473031949-5541282f05a4?crop=entropy&cs=tinysrgb&fit=max&fm=jpg&ixid=M3w5NDQwMTV8MHwxfHNlYXJjaHwyNTB8fHdvbWFuJTIwZmFjZSUyMHBvcnRyYWl0fGVufDB8fHx8MTc3ODA2NTI1N3ww&ixlib=rb-4.1.0&q=80&w=1080,REAL,Male,50+
1331,https://images.unsplash.com/photo-1656473031945-0ae8ce423c90?crop=entropy&cs=tinysrgb&fit=max&fm=jpg&ixid=M3w5NDQwMTV8MHwxfHNlYXJjaHwyNTF8fHdvbWFuJTIwZmFjZSUyMHBvcnRyYWl0fGVufDB8fHx8MTc3ODA2NTI1N3ww&ixlib=rb-4.1.0&q=80&w=1080,REAL,Male,50+
1332,https://images.unsplash.com/photo-1656473004270-d318ee0e93e2?crop=entropy&cs=tinysrgb&fit=max&fm=jpg&ixid=M3w5NDQwMTV8MHwxfHNlYXJjaHwyNTJ8fHdvbWFuJTIwZmFjZSUyMHBvcnRyYWl0fGVufDB8fHx8MTc3ODA2NTI1N3ww&ixlib=rb-4.1.0&q=80&w=1080,REAL,Unknown,18-25
1333,https://images.unsplash.com/photo-1656473009664-b572538e1cf3?crop=entropy&cs=tinysrgb&fit=max&fm=jpg&ixid=M3w5NDQwMTV8MHwxfHNlYXJjaHwyNTN8fHdvbWFuJTIwZmFjZSUyMHBvcnRyYWl0fGVufDB8fHx8MTc3ODA2NTI1N3ww&ixlib=rb-4.1.0&q=80&w=1080,REAL,Unknown,50+
1334,https://images.unsplash.com/photo-1646795203221-d2a791724c4a?crop=entropy&cs=tinysrgb&fit=max&fm=jpg&ixid=M3w5NDQwMTV8MHwxfHNlYXJjaHwyNTR8fHdvbWFuJTIwZmFjZSUyMHBvcnRyYWl0fGVufDB8fHx8MTc3ODA2NTI1N3ww&ixlib=rb-4.1.0&q=80&w=1080,REAL,Unknown,18-25
1335,https://images.unsplash.com/photo-1646795203089-c7fe40f908c4?crop=entropy&cs=tinysrgb&fit=max&fm=jpg&ixid=M3w5NDQwMTV8MHwxfHNlYXJjaHwyNTV8fHdvbWFuJTIwZmFjZSUyMHBvcnRyYWl0fGVufDB8fHx8MTc3ODA2NTI1N3ww&ixlib=rb-4.1.0&q=80&w=1080,REAL,Female,26-35
1336,https://images.unsplash.com/photo-1646795203148-e509e1f27c9d?crop=entropy&cs=tinysrgb&fit=max&fm=jpg&ixid=M3w5NDQwMTV8MHwxfHNlYXJjaHwyNTZ8fHdvbWFuJTIwZmFjZSUyMHBvcnRyYWl0fGVufDB8fHx8MTc3ODA2NTI1N3ww&ixlib=rb-4.1.0&q=80&w=1080,REAL,Female,50+
1337,https://images.unsplash.com/photo-1624605984824-9e41def1d118?crop=entropy&cs=tinysrgb&fit=max&fm=jpg&ixid=M3w5NDQwMTV8MHwxfHNlYXJjaHwyNTd8fHdvbWFuJTIwZmFjZSUyMHBvcnRyYWl0fGVufDB8fHx8MTc3ODA2NTI1N3ww&ixlib=rb-4.1.0&q=80&w=1080,REAL,Unknown,26-35
1338,https://images.unsplash.com/photo-1683911994206-ad6f65c1a9da?crop=entropy&cs=tinysrgb&fit=max&fm=jpg&ixid=M3w5NDQwMTV8MHwxfHNlYXJjaHwyNTh8fHdvbWFuJTIwZmFjZSUyMHBvcnRyYWl0fGVufDB8fHx8MTc3ODA2NTI1N3ww&ixlib=rb-4.1.0&q=80&w=1080,REAL,Male,36-50
1339,https://images.unsplash.com/photo-1617082450800-93605c8068e4?crop=entropy&cs=tinysrgb&fit=max&fm=jpg&ixid=M3w5NDQwMTV8MHwxfHNlYXJjaHwyNTl8fHdvbWFuJTIwZmFjZSUyMHBvcnRyYWl0fGVufDB8fHx8MTc3ODA2NTI1N3ww&ixlib=rb-4.1.0&q=80&w=1080,REAL,Unknown,36-50
1340,https://images.unsplash.com/photo-1656473031942-9115956a724e?crop=entropy&cs=tinysrgb&fit=max&fm=jpg&ixid=M3w5NDQwMTV8MHwxfHNlYXJjaHwyNjB8fHdvbWFuJTIwZmFjZSUyMHBvcnRyYWl0fGVufDB8fHx8MTc3ODA2NTI1N3ww&ixlib=rb-4.1.0&q=80&w=1080,REAL,Male,26-35
1341,https://images.unsplash.com/photo-1656473031961-9d5d9ee19f40?crop=entropy&cs=tinysrgb&fit=max&fm=jpg&ixid=M3w5NDQwMTV8MHwxfHNlYXJjaHwyNjF8fHdvbWFuJTIwZmFjZSUyMHBvcnRyYWl0fGVufDB8fHx8MTc3ODA2NTI1N3ww&ixlib=rb-4.1.0&q=80&w=1080,REAL,Female,50+
1342,https://images.unsplash.com/photo-1656473032148-03aa4cf9722c?crop=entropy&cs=tinysrgb&fit=max&fm=jpg&ixid=M3w5NDQwMTV8MHwxfHNlYXJjaHwyNjJ8fHdvbWFuJTIwZmFjZSUyMHBvcnRyYWl0fGVufDB8fHx8MTc3ODA2NTI1N3ww&ixlib=rb-4.1.0&q=80&w=1080,REAL,Female,36-50
1343,https://images.unsplash.com/photo-1637690113767-d74b998a5e0c?crop=entropy&cs=tinysrgb&fit=max&fm=jpg&ixid=M3w5NDQwMTV8MHwxfHNlYXJjaHwyNjN8fHdvbWFuJTIwZmFjZSUyMHBvcnRyYWl0fGVufDB8fHx8MTc3ODA2NTI1N3ww&ixlib=rb-4.1.0&q=80&w=1080,REAL,Male,26-35
1344,https://images.unsplash.com/photo-1656473014073-ae696e9e4349?crop=entropy&cs=tinysrgb&fit=max&fm=jpg&ixid=M3w5NDQwMTV8MHwxfHNlYXJjaHwyNjR8fHdvbWFuJTIwZmFjZSUyMHBvcnRyYWl0fGVufDB8fHx8MTc3ODA2NTI1N3ww&ixlib=rb-4.1.0&q=80&w=1080,REAL,Female,36-50
1345,https://images.unsplash.com/photo-1656473031947-0e19d272e3cc?crop=entropy&cs=tinysrgb&fit=max&fm=jpg&ixid=M3w5NDQwMTV8MHwxfHNlYXJjaHwyNjV8fHdvbWFuJTIwZmFjZSUyMHBvcnRyYWl0fGVufDB8fHx8MTc3ODA2NTI1N3ww&ixlib=rb-4.1.0&q=80&w=1080,REAL,Female,50+
1346,https://images.unsplash.com/photo-1653854960145-749554cab141?crop=entropy&cs=tinysrgb&fit=max&fm=jpg&ixid=M3w5NDQwMTV8MHwxfHNlYXJjaHwyNjZ8fHdvbWFuJTIwZmFjZSUyMHBvcnRyYWl0fGVufDB8fHx8MTc3ODA2NTI1N3ww&ixlib=rb-4.1.0&q=80&w=1080,REAL,Unknown,18-25
1347,https://images.unsplash.com/photo-1646795203120-99002af3901b?crop=entropy&cs=tinysrgb&fit=max&fm=jpg&ixid=M3w5NDQwMTV8MHwxfHNlYXJjaHwyNjd8fHdvbWFuJTIwZmFjZSUyMHBvcnRyYWl0fGVufDB8fHx8MTc3ODA2NTI1N3ww&ixlib=rb-4.1.0&q=80&w=1080,REAL,Female,50+
1348,https://images.unsplash.com/photo-1646795202164-128b9f0cb107?crop=entropy&cs=tinysrgb&fit=max&fm=jpg&ixid=M3w5NDQwMTV8MHwxfHNlYXJjaHwyNjh8fHdvbWFuJTIwZmFjZSUyMHBvcnRyYWl0fGVufDB8fHx8MTc3ODA2NTI1N3ww&ixlib=rb-4.1.0&q=80&w=1080,REAL,Female,18-25
1349,https://images.unsplash.com/photo-1652966016769-7cda1d807aad?crop=entropy&cs=tinysrgb&fit=max&fm=jpg&ixid=M3w5NDQwMTV8MHwxfHNlYXJjaHwyNjl8fHdvbWFuJTIwZmFjZSUyMHBvcnRyYWl0fGVufDB8fHx8MTc3ODA2NTI1N3ww&ixlib=rb-4.1.0&q=80&w=1080,REAL,Male,18-25
1350,https://images.unsplash.com/photo-1647618403836-21bd72d36140?crop=entropy&cs=tinysrgb&fit=max&fm=jpg&ixid=M3w5NDQwMTV8MHwxfHNlYXJjaHwyNzB8fHdvbWFuJTIwZmFjZSUyMHBvcnRyYWl0fGVufDB8fHx8MTc3ODA2NTI1N3ww&ixlib=rb-4.1.0&q=80&w=1080,REAL,Female,50+
1351,https://images.unsplash.com/photo-1646795203120-99002af3901b?crop=entropy&cs=tinysrgb&fit=max&fm=jpg&ixid=M3w5NDQwMTV8MHwxfHNlYXJjaHwyNzF8fHdvbWFuJTIwZmFjZSUyMHBvcnRyYWl0fGVufDB8fHx8MTc3ODA2NTI1OXww&ixlib=rb-4.1.0&q=80&w=1080,REAL,Male,50+
1352,https://images.unsplash.com/photo-1646795202164-128b9f0cb107?crop=entropy&cs=tinysrgb&fit=max&fm=jpg&ixid=M3w5NDQwMTV8MHwxfHNlYXJjaHwyNzJ8fHdvbWFuJTIwZmFjZSUyMHBvcnRyYWl0fGVufDB8fHx8MTc3ODA2NTI1OXww&ixlib=rb-4.1.0&q=80&w=1080,REAL,Unknown,36-50
1353,https://images.unsplash.com/photo-1653854960145-749554cab141?crop=entropy&cs=tinysrgb&fit=max&fm=jpg&ixid=M3w5NDQwMTV8MHwxfHNlYXJjaHwyNzN8fHdvbWFuJTIwZmFjZSUyMHBvcnRyYWl0fGVufDB8fHx8MTc3ODA2NTI1OXww&ixlib=rb-4.1.0&q=80&w=1080,REAL,Unknown,18-25
1354,https://images.unsplash.com/photo-1637690113767-d74b998a5e0c?crop=entropy&cs=tinysrgb&fit=max&fm=jpg&ixid=M3w5NDQwMTV8MHwxfHNlYXJjaHwyNzR8fHdvbWFuJTIwZmFjZSUyMHBvcnRyYWl0fGVufDB8fHx8MTc3ODA2NTI1OXww&ixlib=rb-4.1.0&q=80&w=1080,REAL,Unknown,26-35
1355,https://images.unsplash.com/photo-1632697822130-2d12b59ce002?crop=entropy&cs=tinysrgb&fit=max&fm=jpg&ixid=M3w5NDQwMTV8MHwxfHNlYXJjaHwyNzV8fHdvbWFuJTIwZmFjZSUyMHBvcnRyYWl0fGVufDB8fHx8MTc3ODA2NTI1OXww&ixlib=rb-4.1.0&q=80&w=1080,REAL,Unknown,18-25
1356,https://images.unsplash.com/photo-1652966016769-7cda1d807aad?crop=entropy&cs=tinysrgb&fit=max&fm=jpg&ixid=M3w5NDQwMTV8MHwxfHNlYXJjaHwyNzZ8fHdvbWFuJTIwZmFjZSUyMHBvcnRyYWl0fGVufDB8fHx8MTc3ODA2NTI1OXww&ixlib=rb-4.1.0&q=80&w=1080,REAL,Male,26-35
1357,https://images.unsplash.com/photo-1647618403836-21bd72d36140?crop=entropy&cs=tinysrgb&fit=max&fm=jpg&ixid=M3w5NDQwMTV8MHwxfHNlYXJjaHwyNzd8fHdvbWFuJTIwZmFjZSUyMHBvcnRyYWl0fGVufDB8fHx8MTc3ODA2NTI1OXww&ixlib=rb-4.1.0&q=80&w=1080,REAL,Unknown,26-35
1358,https://images.unsplash.com/photo-1647618403867-0899631484c6?crop=entropy&cs=tinysrgb&fit=max&fm=jpg&ixid=M3w5NDQwMTV8MHwxfHNlYXJjaHwyNzh8fHdvbWFuJTIwZmFjZSUyMHBvcnRyYWl0fGVufDB8fHx8MTc3ODA2NTI1OXww&ixlib=rb-4.1.0&q=80&w=1080,REAL,Unknown,18-25
1359,https://images.unsplash.com/photo-1650811321858-3374a02f7135?crop=entropy&cs=tinysrgb&fit=max&fm=jpg&ixid=M3w5NDQwMTV8MHwxfHNlYXJjaHwyNzl8fHdvbWFuJTIwZmFjZSUyMHBvcnRyYWl0fGVufDB8fHx8MTc3ODA2NTI1OXww&ixlib=rb-4.1.0&q=80&w=1080,REAL,Female,50+
1360,https://images.unsplash.com/photo-1617663888564-13bcf00e5668?crop=entropy&cs=tinysrgb&fit=max&fm=jpg&ixid=M3w5NDQwMTV8MHwxfHNlYXJjaHwyODB8fHdvbWFuJTIwZmFjZSUyMHBvcnRyYWl0fGVufDB8fHx8MTc3ODA2NTI1OXww&ixlib=rb-4.1.0&q=80&w=1080,REAL,Male,18-25
1361,https://images.unsplash.com/photo-1611367540736-b1b38aff784b?crop=entropy&cs=tinysrgb&fit=max&fm=jpg&ixid=M3w5NDQwMTV8MHwxfHNlYXJjaHwyODF8fHdvbWFuJTIwZmFjZSUyMHBvcnRyYWl0fGVufDB8fHx8MTc3ODA2NTI1OXww&ixlib=rb-4.1.0&q=80&w=1080,REAL,Female,36-50
1362,https://images.unsplash.com/photo-1648056297514-8a4971f89960?crop=entropy&cs=tinysrgb&fit=max&fm=jpg&ixid=M3w5NDQwMTV8MHwxfHNlYXJjaHwyODJ8fHdvbWFuJTIwZmFjZSUyMHBvcnRyYWl0fGVufDB8fHx8MTc3ODA2NTI1OXww&ixlib=rb-4.1.0&q=80&w=1080,REAL,Female,36-50
1363,https://images.unsplash.com/photo-1611086569404-6448e5e57acb?crop=entropy&cs=tinysrgb&fit=max&fm=jpg&ixid=M3w5NDQwMTV8MHwxfHNlYXJjaHwyODN8fHdvbWFuJTIwZmFjZSUyMHBvcnRyYWl0fGVufDB8fHx8MTc3ODA2NTI1OXww&ixlib=rb-4.1.0&q=80&w=1080,REAL,Male,18-25
1364,https://images.unsplash.com/photo-1611810797746-b3c29b994271?crop=entropy&cs=tinysrgb&fit=max&fm=jpg&ixid=M3w5NDQwMTV8MHwxfHNlYXJjaHwyODR8fHdvbWFuJTIwZmFjZSUyMHBvcnRyYWl0fGVufDB8fHx8MTc3ODA2NTI1OXww&ixlib=rb-4.1.0&q=80&w=1080,REAL,Female,18-25
1365,https://images.unsplash.com/photo-1637775888088-1da64b8fe926?crop=entropy&cs=tinysrgb&fit=max&fm=jpg&ixid=M3w5NDQwMTV8MHwxfHNlYXJjaHwyODV8fHdvbWFuJTIwZmFjZSUyMHBvcnRyYWl0fGVufDB8fHx8MTc3ODA2NTI1OXww&ixlib=rb-4.1.0&q=80&w=1080,REAL,Male,50+
1366,https://images.unsplash.com/photo-1677715156712-68fd84957185?crop=entropy&cs=tinysrgb&fit=max&fm=jpg&ixid=M3w5NDQwMTV8MHwxfHNlYXJjaHwyODZ8fHdvbWFuJTIwZmFjZSUyMHBvcnRyYWl0fGVufDB8fHx8MTc3ODA2NTI1OXww&ixlib=rb-4.1.0&q=80&w=1080,REAL,Female,18-25
1367,https://images.unsplash.com/photo-1658500170826-83333c343727?crop=entropy&cs=tinysrgb&fit=max&fm=jpg&ixid=M3w5NDQwMTV8MHwxfHNlYXJjaHwyODd8fHdvbWFuJTIwZmFjZSUyMHBvcnRyYWl0fGVufDB8fHx8MTc3ODA2NTI1OXww&ixlib=rb-4.1.0&q=80&w=1080,REAL,Unknown,36-50
1368,https://images.unsplash.com/photo-1612861635753-2170a0a4c218?crop=entropy&cs=tinysrgb&fit=max&fm=jpg&ixid=M3w5NDQwMTV8MHwxfHNlYXJjaHwyODh8fHdvbWFuJTIwZmFjZSUyMHBvcnRyYWl0fGVufDB8fHx8MTc3ODA2NTI1OXww&ixlib=rb-4.1.0&q=80&w=1080,REAL,Unknown,18-25
1369,https://images.unsplash.com/photo-1613224630301-cf82ccee18b4?crop=entropy&cs=tinysrgb&fit=max&fm=jpg&ixid=M3w5NDQwMTV8MHwxfHNlYXJjaHwyODl8fHdvbWFuJTIwZmFjZSUyMHBvcnRyYWl0fGVufDB8fHx8MTc3ODA2NTI1OXww&ixlib=rb-4.1.0&q=80&w=1080,REAL,Unknown,18-25
1370,https://images.unsplash.com/photo-1643206687509-e152509f8eca?crop=entropy&cs=tinysrgb&fit=max&fm=jpg&ixid=M3w5NDQwMTV8MHwxfHNlYXJjaHwyOTB8fHdvbWFuJTIwZmFjZSUyMHBvcnRyYWl0fGVufDB8fHx8MTc3ODA2NTI1OXww&ixlib=rb-4.1.0&q=80&w=1080,REAL,Female,50+
1371,https://images.unsplash.com/photo-1559842376-c0eb5b516cfb?crop=entropy&cs=tinysrgb&fit=max&fm=jpg&ixid=M3w5NDQwMTV8MHwxfHNlYXJjaHwyOTF8fHdvbWFuJTIwZmFjZSUyMHBvcnRyYWl0fGVufDB8fHx8MTc3ODA2NTI1OXww&ixlib=rb-4.1.0&q=80&w=1080,REAL,Female,36-50
1372,https://images.unsplash.com/photo-1634149136599-fb13903c9117?crop=entropy&cs=tinysrgb&fit=max&fm=jpg&ixid=M3w5NDQwMTV8MHwxfHNlYXJjaHwyOTJ8fHdvbWFuJTIwZmFjZSUyMHBvcnRyYWl0fGVufDB8fHx8MTc3ODA2NTI1OXww&ixlib=rb-4.1.0&q=80&w=1080,REAL,Male,36-50
1373,https://images.unsplash.com/photo-1672032256818-b1c29bc5de5a?crop=entropy&cs=tinysrgb&fit=max&fm=jpg&ixid=M3w5NDQwMTV8MHwxfHNlYXJjaHwyOTN8fHdvbWFuJTIwZmFjZSUyMHBvcnRyYWl0fGVufDB8fHx8MTc3ODA2NTI1OXww&ixlib=rb-4.1.0&q=80&w=1080,REAL,Male,26-35
1374,https://images.unsplash.com/photo-1697094657249-d3bc92c1d2cd?crop=entropy&cs=tinysrgb&fit=max&fm=jpg&ixid=M3w5NDQwMTV8MHwxfHNlYXJjaHwyOTR8fHdvbWFuJTIwZmFjZSUyMHBvcnRyYWl0fGVufDB8fHx8MTc3ODA2NTI1OXww&ixlib=rb-4.1.0&q=80&w=1080,REAL,Female,36-50
1375,https://images.unsplash.com/photo-1625161321461-3fdfdd8efcc2?crop=entropy&cs=tinysrgb&fit=max&fm=jpg&ixid=M3w5NDQwMTV8MHwxfHNlYXJjaHwyOTV8fHdvbWFuJTIwZmFjZSUyMHBvcnRyYWl0fGVufDB8fHx8MTc3ODA2NTI1OXww&ixlib=rb-4.1.0&q=80&w=1080,REAL,Female,36-50
1376,https://images.unsplash.com/photo-1572430767624-3b0cab0f6b1d?crop=entropy&cs=tinysrgb&fit=max&fm=jpg&ixid=M3w5NDQwMTV8MHwxfHNlYXJjaHwyOTZ8fHdvbWFuJTIwZmFjZSUyMHBvcnRyYWl0fGVufDB8fHx8MTc3ODA2NTI1OXww&ixlib=rb-4.1.0&q=80&w=1080,REAL,Male,36-50
1377,https://images.unsplash.com/photo-1615529589517-a5ee3375eb7b?crop=entropy&cs=tinysrgb&fit=max&fm=jpg&ixid=M3w5NDQwMTV8MHwxfHNlYXJjaHwyOTd8fHdvbWFuJTIwZmFjZSUyMHBvcnRyYWl0fGVufDB8fHx8MTc3ODA2NTI1OXww&ixlib=rb-4.1.0&q=80&w=1080,REAL,Unknown,36-50
1378,https://images.unsplash.com/photo-1746181423127-fffb6349283a?crop=entropy&cs=tinysrgb&fit=max&fm=jpg&ixid=M3w5NDQwMTV8MHwxfHNlYXJjaHwyOTh8fHdvbWFuJTIwZmFjZSUyMHBvcnRyYWl0fGVufDB8fHx8MTc3ODA2NTI1OXww&ixlib=rb-4.1.0&q=80&w=1080,REAL,Female,26-35
1379,https://images.unsplash.com/photo-1678713100530-0bd62614afe8?crop=entropy&cs=tinysrgb&fit=max&fm=jpg&ixid=M3w5NDQwMTV8MHwxfHNlYXJjaHwyOTl8fHdvbWFuJTIwZmFjZSUyMHBvcnRyYWl0fGVufDB8fHx8MTc3ODA2NTI1OXww&ixlib=rb-4.1.0&q=80&w=1080,REAL,Male,26-35
1380,https://images.unsplash.com/photo-1635437410174-31b69b32e71e?crop=entropy&cs=tinysrgb&fit=max&fm=jpg&ixid=M3w5NDQwMTV8MHwxfHNlYXJjaHwzMDB8fHdvbWFuJTIwZmFjZSUyMHBvcnRyYWl0fGVufDB8fHx8MTc3ODA2NTI1OXww&ixlib=rb-4.1.0&q=80&w=1080,REAL,Female,36-50
1381,https://images.unsplash.com/photo-1656373907331-beb8ef72ce63?crop=entropy&cs=tinysrgb&fit=max&fm=jpg&ixid=M3w5NDQwMTV8MHwxfHNlYXJjaHwzMDF8fHdvbWFuJTIwZmFjZSUyMHBvcnRyYWl0fGVufDB8fHx8MTc3ODA2NTI2MXww&ixlib=rb-4.1.0&q=80&w=1080,REAL,Female,36-50
1382,https://images.unsplash.com/photo-1770432052811-cf01f205a6b8?crop=entropy&cs=tinysrgb&fit=max&fm=jpg&ixid=M3w5NDQwMTV8MHwxfHNlYXJjaHwzMDJ8fHdvbWFuJTIwZmFjZSUyMHBvcnRyYWl0fGVufDB8fHx8MTc3ODA2NTI2MXww&ixlib=rb-4.1.0&q=80&w=1080,REAL,Unknown,18-25
1383,https://images.unsplash.com/photo-1634900858246-63273cdd05eb?crop=entropy&cs=tinysrgb&fit=max&fm=jpg&ixid=M3w5NDQwMTV8MHwxfHNlYXJjaHwzMDN8fHdvbWFuJTIwZmFjZSUyMHBvcnRyYWl0fGVufDB8fHx8MTc3ODA2NTI2MXww&ixlib=rb-4.1.0&q=80&w=1080,REAL,Unknown,36-50
1384,https://images.unsplash.com/photo-1618469820351-c6f42e4e3ac8?crop=entropy&cs=tinysrgb&fit=max&fm=jpg&ixid=M3w5NDQwMTV8MHwxfHNlYXJjaHwzMDR8fHdvbWFuJTIwZmFjZSUyMHBvcnRyYWl0fGVufDB8fHx8MTc3ODA2NTI2MXww&ixlib=rb-4.1.0&q=80&w=1080,REAL,Female,36-50
1385,https://images.unsplash.com/photo-1651305494253-92f0f89898fa?crop=entropy&cs=tinysrgb&fit=max&fm=jpg&ixid=M3w5NDQwMTV8MHwxfHNlYXJjaHwzMDV8fHdvbWFuJTIwZmFjZSUyMHBvcnRyYWl0fGVufDB8fHx8MTc3ODA2NTI2MXww&ixlib=rb-4.1.0&q=80&w=1080,REAL,Female,26-35
1386,https://images.unsplash.com/photo-1626311037561-45211047c991?crop=entropy&cs=tinysrgb&fit=max&fm=jpg&ixid=M3w5NDQwMTV8MHwxfHNlYXJjaHwzMDZ8fHdvbWFuJTIwZmFjZSUyMHBvcnRyYWl0fGVufDB8fHx8MTc3ODA2NTI2MXww&ixlib=rb-4.1.0&q=80&w=1080,REAL,Unknown,50+
1387,https://images.unsplash.com/photo-1643227885313-12fd8cb7873c?crop=entropy&cs=tinysrgb&fit=max&fm=jpg&ixid=M3w5NDQwMTV8MHwxfHNlYXJjaHwzMDd8fHdvbWFuJTIwZmFjZSUyMHBvcnRyYWl0fGVufDB8fHx8MTc3ODA2NTI2MXww&ixlib=rb-4.1.0&q=80&w=1080,REAL,Female,50+
1388,https://images.unsplash.com/photo-1658336842029-b24b44a1e75f?crop=entropy&cs=tinysrgb&fit=max&fm=jpg&ixid=M3w5NDQwMTV8MHwxfHNlYXJjaHwzMDh8fHdvbWFuJTIwZmFjZSUyMHBvcnRyYWl0fGVufDB8fHx8MTc3ODA2NTI2MXww&ixlib=rb-4.1.0&q=80&w=1080,REAL,Female,26-35
1389,https://images.unsplash.com/photo-1615322678402-04b477522be7?crop=entropy&cs=tinysrgb&fit=max&fm=jpg&ixid=M3w5NDQwMTV8MHwxfHNlYXJjaHwzMDl8fHdvbWFuJTIwZmFjZSUyMHBvcnRyYWl0fGVufDB8fHx8MTc3ODA2NTI2MXww&ixlib=rb-4.1.0&q=80&w=1080,REAL,Female,50+
1390,https://images.unsplash.com/photo-1636820531452-d63abb2d4008?crop=entropy&cs=tinysrgb&fit=max&fm=jpg&ixid=M3w5NDQwMTV8MHwxfHNlYXJjaHwzMTB8fHdvbWFuJTIwZmFjZSUyMHBvcnRyYWl0fGVufDB8fHx8MTc3ODA2NTI2MXww&ixlib=rb-4.1.0&q=80&w=1080,REAL,Female,18-25
1391,https://images.unsplash.com/photo-1696588752578-c29f888a53bc?crop=entropy&cs=tinysrgb&fit=max&fm=jpg&ixid=M3w5NDQwMTV8MHwxfHNlYXJjaHwzMTF8fHdvbWFuJTIwZmFjZSUyMHBvcnRyYWl0fGVufDB8fHx8MTc3ODA2NTI2MXww&ixlib=rb-4.1.0&q=80&w=1080,REAL,Unknown,50+
1392,https://images.unsplash.com/photo-1664165263990-35a91b0f2ee1?crop=entropy&cs=tinysrgb&fit=max&fm=jpg&ixid=M3w5NDQwMTV8MHwxfHNlYXJjaHwzMTJ8fHdvbWFuJTIwZmFjZSUyMHBvcnRyYWl0fGVufDB8fHx8MTc3ODA2NTI2MXww&ixlib=rb-4.1.0&q=80&w=1080,REAL,Unknown,36-50
1393,https://images.unsplash.com/photo-1679611978819-f10168367155?crop=entropy&cs=tinysrgb&fit=max&fm=jpg&ixid=M3w5NDQwMTV8MHwxfHNlYXJjaHwzMTN8fHdvbWFuJTIwZmFjZSUyMHBvcnRyYWl0fGVufDB8fHx8MTc3ODA2NTI2MXww&ixlib=rb-4.1.0&q=80&w=1080,REAL,Unknown,26-35
1394,https://images.unsplash.com/photo-1630026542575-684c59f1d941?crop=entropy&cs=tinysrgb&fit=max&fm=jpg&ixid=M3w5NDQwMTV8MHwxfHNlYXJjaHwzMTR8fHdvbWFuJTIwZmFjZSUyMHBvcnRyYWl0fGVufDB8fHx8MTc3ODA2NTI2MXww&ixlib=rb-4.1.0&q=80&w=1080,REAL,Unknown,36-50
1395,https://images.unsplash.com/photo-1561063764-fcbf429f9ba6?crop=entropy&cs=tinysrgb&fit=max&fm=jpg&ixid=M3w5NDQwMTV8MHwxfHNlYXJjaHwzMTV8fHdvbWFuJTIwZmFjZSUyMHBvcnRyYWl0fGVufDB8fHx8MTc3ODA2NTI2MXww&ixlib=rb-4.1.0&q=80&w=1080,REAL,Male,50+
1396,https://images.unsplash.com/photo-1631017186809-907fd5a869f2?crop=entropy&cs=tinysrgb&fit=max&fm=jpg&ixid=M3w5NDQwMTV8MHwxfHNlYXJjaHwzMTZ8fHdvbWFuJTIwZmFjZSUyMHBvcnRyYWl0fGVufDB8fHx8MTc3ODA2NTI2MXww&ixlib=rb-4.1.0&q=80&w=1080,REAL,Unknown,36-50
1397,https://images.unsplash.com/photo-1625586308775-8989b0256f3b?crop=entropy&cs=tinysrgb&fit=max&fm=jpg&ixid=M3w5NDQwMTV8MHwxfHNlYXJjaHwzMTd8fHdvbWFuJTIwZmFjZSUyMHBvcnRyYWl0fGVufDB8fHx8MTc3ODA2NTI2MXww&ixlib=rb-4.1.0&q=80&w=1080,REAL,Unknown,26-35
1398,https://images.unsplash.com/photo-1631544114468-111d572b2a84?crop=entropy&cs=tinysrgb&fit=max&fm=jpg&ixid=M3w5NDQwMTV8MHwxfHNlYXJjaHwzMTh8fHdvbWFuJTIwZmFjZSUyMHBvcnRyYWl0fGVufDB8fHx8MTc3ODA2NTI2MXww&ixlib=rb-4.1.0&q=80&w=1080,REAL,Male,18-25
1399,https://images.unsplash.com/photo-1618924250456-0c7d405f2d53?crop=entropy&cs=tinysrgb&fit=max&fm=jpg&ixid=M3w5NDQwMTV8MHwxfHNlYXJjaHwzMTl8fHdvbWFuJTIwZmFjZSUyMHBvcnRyYWl0fGVufDB8fHx8MTc3ODA2NTI2MXww&ixlib=rb-4.1.0&q=80&w=1080,REAL,Unknown,18-25
1400,https://images.unsplash.com/photo-1699435743279-c939e8eb8f80?crop=entropy&cs=tinysrgb&fit=max&fm=jpg&ixid=M3w5NDQwMTV8MHwxfHNlYXJjaHwzMjB8fHdvbWFuJTIwZmFjZSUyMHBvcnRyYWl0fGVufDB8fHx8MTc3ODA2NTI2MXww&ixlib=rb-4.1.0&q=80&w=1080,REAL,Male,26-35
1401,https://images.unsplash.com/photo-1640557434255-70fc9a5f23b2?crop=entropy&cs=tinysrgb&fit=max&fm=jpg&ixid=M3w5NDQwMTV8MHwxfHNlYXJjaHwzMjF8fHdvbWFuJTIwZmFjZSUyMHBvcnRyYWl0fGVufDB8fHx8MTc3ODA2NTI2MXww&ixlib=rb-4.1.0&q=80&w=1080,REAL,Male,36-50
1402,https://images.unsplash.com/photo-1612018887922-fa838e8b3c79?crop=entropy&cs=tinysrgb&fit=max&fm=jpg&ixid=M3w5NDQwMTV8MHwxfHNlYXJjaHwzMjJ8fHdvbWFuJTIwZmFjZSUyMHBvcnRyYWl0fGVufDB8fHx8MTc3ODA2NTI2MXww&ixlib=rb-4.1.0&q=80&w=1080,REAL,Unknown,18-25
1403,https://images.unsplash.com/photo-1748145210732-b75109742f14?crop=entropy&cs=tinysrgb&fit=max&fm=jpg&ixid=M3w5NDQwMTV8MHwxfHNlYXJjaHwzMjN8fHdvbWFuJTIwZmFjZSUyMHBvcnRyYWl0fGVufDB8fHx8MTc3ODA2NTI2MXww&ixlib=rb-4.1.0&q=80&w=1080,REAL,Unknown,36-50
1404,https://images.unsplash.com/photo-1667047999537-455cb286e0e3?crop=entropy&cs=tinysrgb&fit=max&fm=jpg&ixid=M3w5NDQwMTV8MHwxfHNlYXJjaHwzMjR8fHdvbWFuJTIwZmFjZSUyMHBvcnRyYWl0fGVufDB8fHx8MTc3ODA2NTI2MXww&ixlib=rb-4.1.0&q=80&w=1080,REAL,Female,36-50
1405,https://images.unsplash.com/photo-1641227073830-06873536933e?crop=entropy&cs=tinysrgb&fit=max&fm=jpg&ixid=M3w5NDQwMTV8MHwxfHNlYXJjaHwzMjV8fHdvbWFuJTIwZmFjZSUyMHBvcnRyYWl0fGVufDB8fHx8MTc3ODA2NTI2MXww&ixlib=rb-4.1.0&q=80&w=1080,REAL,Unknown,50+
1406,https://images.unsplash.com/photo-1625690987152-33781d3201c5?crop=entropy&cs=tinysrgb&fit=max&fm=jpg&ixid=M3w5NDQwMTV8MHwxfHNlYXJjaHwzMjZ8fHdvbWFuJTIwZmFjZSUyMHBvcnRyYWl0fGVufDB8fHx8MTc3ODA2NTI2MXww&ixlib=rb-4.1.0&q=80&w=1080,REAL,Female,36-50
1407,https://images.unsplash.com/photo-1635437411069-80d30af5fd29?crop=entropy&cs=tinysrgb&fit=max&fm=jpg&ixid=M3w5NDQwMTV8MHwxfHNlYXJjaHwzMjd8fHdvbWFuJTIwZmFjZSUyMHBvcnRyYWl0fGVufDB8fHx8MTc3ODA2NTI2MXww&ixlib=rb-4.1.0&q=80&w=1080,REAL,Male,26-35
1408,https://images.unsplash.com/photo-1661518837088-8bc47a6c1ec9?crop=entropy&cs=tinysrgb&fit=max&fm=jpg&ixid=M3w5NDQwMTV8MHwxfHNlYXJjaHwzMjh8fHdvbWFuJTIwZmFjZSUyMHBvcnRyYWl0fGVufDB8fHx8MTc3ODA2NTI2MXww&ixlib=rb-4.1.0&q=80&w=1080,REAL,Male,36-50
1409,https://images.unsplash.com/photo-1566537597227-606335a1154e?crop=entropy&cs=tinysrgb&fit=max&fm=jpg&ixid=M3w5NDQwMTV8MHwxfHNlYXJjaHwzMjl8fHdvbWFuJTIwZmFjZSUyMHBvcnRyYWl0fGVufDB8fHx8MTc3ODA2NTI2MXww&ixlib=rb-4.1.0&q=80&w=1080,REAL,Male,36-50
1410,https://images.unsplash.com/photo-1662552974926-5184b55c24d9?crop=entropy&cs=tinysrgb&fit=max&fm=jpg&ixid=M3w5NDQwMTV8MHwxfHNlYXJjaHwzMzB8fHdvbWFuJTIwZmFjZSUyMHBvcnRyYWl0fGVufDB8fHx8MTc3ODA2NTI2MXww&ixlib=rb-4.1.0&q=80&w=1080,REAL,Male,26-35
1411,https://images.unsplash.com/photo-1641351611696-33958c9e02a6?crop=entropy&cs=tinysrgb&fit=max&fm=jpg&ixid=M3w5NDQwMTV8MHwxfHNlYXJjaHwzMzF8fHdvbWFuJTIwZmFjZSUyMHBvcnRyYWl0fGVufDB8fHx8MTc3ODA2NTI2M3ww&ixlib=rb-4.1.0&q=80&w=1080,REAL,Female,26-35
1412,https://images.unsplash.com/photo-1625558186630-5e03e15f3a87?crop=entropy&cs=tinysrgb&fit=max&fm=jpg&ixid=M3w5NDQwMTV8MHwxfHNlYXJjaHwzMzJ8fHdvbWFuJTIwZmFjZSUyMHBvcnRyYWl0fGVufDB8fHx8MTc3ODA2NTI2M3ww&ixlib=rb-4.1.0&q=80&w=1080,REAL,Male,50+
1413,https://images.unsplash.com/photo-1615125946289-16298a82d3c3?crop=entropy&cs=tinysrgb&fit=max&fm=jpg&ixid=M3w5NDQwMTV8MHwxfHNlYXJjaHwzMzN8fHdvbWFuJTIwZmFjZSUyMHBvcnRyYWl0fGVufDB8fHx8MTc3ODA2NTI2M3ww&ixlib=rb-4.1.0&q=80&w=1080,REAL,Unknown,50+
1414,https://images.unsplash.com/photo-1766995310575-5740ceb4eb95?crop=entropy&cs=tinysrgb&fit=max&fm=jpg&ixid=M3w5NDQwMTV8MHwxfHNlYXJjaHwzMzR8fHdvbWFuJTIwZmFjZSUyMHBvcnRyYWl0fGVufDB8fHx8MTc3ODA2NTI2M3ww&ixlib=rb-4.1.0&q=80&w=1080,REAL,Unknown,50+
1415,https://images.unsplash.com/photo-1672454122136-01268f5593ca?crop=entropy&cs=tinysrgb&fit=max&fm=jpg&ixid=M3w5NDQwMTV8MHwxfHNlYXJjaHwzMzV8fHdvbWFuJTIwZmFjZSUyMHBvcnRyYWl0fGVufDB8fHx8MTc3ODA2NTI2M3ww&ixlib=rb-4.1.0&q=80&w=1080,REAL,Unknown,50+
1416,https://images.unsplash.com/photo-1579205149708-f5b24c5a04e5?crop=entropy&cs=tinysrgb&fit=max&fm=jpg&ixid=M3w5NDQwMTV8MHwxfHNlYXJjaHwzMzZ8fHdvbWFuJTIwZmFjZSUyMHBvcnRyYWl0fGVufDB8fHx8MTc3ODA2NTI2M3ww&ixlib=rb-4.1.0&q=80&w=1080,REAL,Unknown,36-50
1417,https://images.unsplash.com/photo-1668063249971-4f7fecc075a8?crop=entropy&cs=tinysrgb&fit=max&fm=jpg&ixid=M3w5NDQwMTV8MHwxfHNlYXJjaHwzMzd8fHdvbWFuJTIwZmFjZSUyMHBvcnRyYWl0fGVufDB8fHx8MTc3ODA2NTI2M3ww&ixlib=rb-4.1.0&q=80&w=1080,REAL,Male,26-35
1418,https://images.unsplash.com/photo-1658171352530-8b5c7036168e?crop=entropy&cs=tinysrgb&fit=max&fm=jpg&ixid=M3w5NDQwMTV8MHwxfHNlYXJjaHwzMzh8fHdvbWFuJTIwZmFjZSUyMHBvcnRyYWl0fGVufDB8fHx8MTc3ODA2NTI2M3ww&ixlib=rb-4.1.0&q=80&w=1080,REAL,Male,18-25
1419,https://images.unsplash.com/photo-1765833468912-56ca0afa0c83?crop=entropy&cs=tinysrgb&fit=max&fm=jpg&ixid=M3w5NDQwMTV8MHwxfHNlYXJjaHwzMzl8fHdvbWFuJTIwZmFjZSUyMHBvcnRyYWl0fGVufDB8fHx8MTc3ODA2NTI2M3ww&ixlib=rb-4.1.0&q=80&w=1080,REAL,Unknown,36-50
1420,https://images.unsplash.com/photo-1647774449533-c5d93900ca81?crop=entropy&cs=tinysrgb&fit=max&fm=jpg&ixid=M3w5NDQwMTV8MHwxfHNlYXJjaHwzNDB8fHdvbWFuJTIwZmFjZSUyMHBvcnRyYWl0fGVufDB8fHx8MTc3ODA2NTI2M3ww&ixlib=rb-4.1.0&q=80&w=1080,REAL,Male,50+
1421,https://images.unsplash.com/photo-1653512488965-c8a5b10427a4?crop=entropy&cs=tinysrgb&fit=max&fm=jpg&ixid=M3w5NDQwMTV8MHwxfHNlYXJjaHwzNDF8fHdvbWFuJTIwZmFjZSUyMHBvcnRyYWl0fGVufDB8fHx8MTc3ODA2NTI2M3ww&ixlib=rb-4.1.0&q=80&w=1080,REAL,Female,50+
1422,https://images.unsplash.com/photo-1613274451563-07661becd6c3?crop=entropy&cs=tinysrgb&fit=max&fm=jpg&ixid=M3w5NDQwMTV8MHwxfHNlYXJjaHwzNDJ8fHdvbWFuJTIwZmFjZSUyMHBvcnRyYWl0fGVufDB8fHx8MTc3ODA2NTI2M3ww&ixlib=rb-4.1.0&q=80&w=1080,REAL,Male,18-25
1423,https://images.unsplash.com/flagged/photo-1667329002631-dcfa0fea4b23?crop=entropy&cs=tinysrgb&fit=max&fm=jpg&ixid=M3w5NDQwMTV8MHwxfHNlYXJjaHwzNDN8fHdvbWFuJTIwZmFjZSUyMHBvcnRyYWl0fGVufDB8fHx8MTc3ODA2NTI2M3ww&ixlib=rb-4.1.0&q=80&w=1080,REAL,Unknown,18-25
1424,https://images.unsplash.com/photo-1579591919791-0e3737ae3808?crop=entropy&cs=tinysrgb&fit=max&fm=jpg&ixid=M3w5NDQwMTV8MHwxfHNlYXJjaHwzNDR8fHdvbWFuJTIwZmFjZSUyMHBvcnRyYWl0fGVufDB8fHx8MTc3ODA2NTI2M3ww&ixlib=rb-4.1.0&q=80&w=1080,REAL,Male,50+
1425,https://images.unsplash.com/photo-1605661363111-5e415073cdd8?crop=entropy&cs=tinysrgb&fit=max&fm=jpg&ixid=M3w5NDQwMTV8MHwxfHNlYXJjaHwzNDV8fHdvbWFuJTIwZmFjZSUyMHBvcnRyYWl0fGVufDB8fHx8MTc3ODA2NTI2M3ww&ixlib=rb-4.1.0&q=80&w=1080,REAL,Unknown,26-35
1426,https://images.unsplash.com/photo-1648743856421-5bc9a742ddc5?crop=entropy&cs=tinysrgb&fit=max&fm=jpg&ixid=M3w5NDQwMTV8MHwxfHNlYXJjaHwzNDZ8fHdvbWFuJTIwZmFjZSUyMHBvcnRyYWl0fGVufDB8fHx8MTc3ODA2NTI2M3ww&ixlib=rb-4.1.0&q=80&w=1080,REAL,Unknown,36-50
1427,https://images.unsplash.com/photo-1653512488909-e204afcc8495?crop=entropy&cs=tinysrgb&fit=max&fm=jpg&ixid=M3w5NDQwMTV8MHwxfHNlYXJjaHwzNDd8fHdvbWFuJTIwZmFjZSUyMHBvcnRyYWl0fGVufDB8fHx8MTc3ODA2NTI2M3ww&ixlib=rb-4.1.0&q=80&w=1080,REAL,Female,18-25
1428,https://images.unsplash.com/photo-1617017741616-c5a07df2ce48?crop=entropy&cs=tinysrgb&fit=max&fm=jpg&ixid=M3w5NDQwMTV8MHwxfHNlYXJjaHwzNDh8fHdvbWFuJTIwZmFjZSUyMHBvcnRyYWl0fGVufDB8fHx8MTc3ODA2NTI2M3ww&ixlib=rb-4.1.0&q=80&w=1080,REAL,Unknown,50+
1429,https://images.unsplash.com/photo-1668191174012-7d5a78e454a5?crop=entropy&cs=tinysrgb&fit=max&fm=jpg&ixid=M3w5NDQwMTV8MHwxfHNlYXJjaHwzNDl8fHdvbWFuJTIwZmFjZSUyMHBvcnRyYWl0fGVufDB8fHx8MTc3ODA2NTI2M3ww&ixlib=rb-4.1.0&q=80&w=1080,REAL,Unknown,18-25
1430,https://images.unsplash.com/photo-1774393586693-1c97c03492a3?crop=entropy&cs=tinysrgb&fit=max&fm=jpg&ixid=M3w5NDQwMTV8MHwxfHNlYXJjaHwzNTB8fHdvbWFuJTIwZmFjZSUyMHBvcnRyYWl0fGVufDB8fHx8MTc3ODA2NTI2M3ww&ixlib=rb-4.1.0&q=80&w=1080,REAL,Male,36-50
1431,https://images.unsplash.com/photo-1776661154295-ed08a215eb9d?crop=entropy&cs=tinysrgb&fit=max&fm=jpg&ixid=M3w5NDQwMTV8MHwxfHNlYXJjaHwzNTF8fHdvbWFuJTIwZmFjZSUyMHBvcnRyYWl0fGVufDB8fHx8MTc3ODA2NTI2M3ww&ixlib=rb-4.1.0&q=80&w=1080,REAL,Female,50+
1432,https://images.unsplash.com/photo-1648478445898-ae81dfa8701b?crop=entropy&cs=tinysrgb&fit=max&fm=jpg&ixid=M3w5NDQwMTV8MHwxfHNlYXJjaHwzNTJ8fHdvbWFuJTIwZmFjZSUyMHBvcnRyYWl0fGVufDB8fHx8MTc3ODA2NTI2M3ww&ixlib=rb-4.1.0&q=80&w=1080,REAL,Unknown,36-50
1433,https://images.unsplash.com/photo-1625903443536-ec7e0e5fc341?crop=entropy&cs=tinysrgb&fit=max&fm=jpg&ixid=M3w5NDQwMTV8MHwxfHNlYXJjaHwzNTN8fHdvbWFuJTIwZmFjZSUyMHBvcnRyYWl0fGVufDB8fHx8MTc3ODA2NTI2M3ww&ixlib=rb-4.1.0&q=80&w=1080,REAL,Unknown,50+
1434,https://images.unsplash.com/photo-1656103743126-2a5c4bee465c?crop=entropy&cs=tinysrgb&fit=max&fm=jpg&ixid=M3w5NDQwMTV8MHwxfHNlYXJjaHwzNTR8fHdvbWFuJTIwZmFjZSUyMHBvcnRyYWl0fGVufDB8fHx8MTc3ODA2NTI2M3ww&ixlib=rb-4.1.0&q=80&w=1080,REAL,Female,36-50
1435,https://images.unsplash.com/photo-1628757067674-27630549b69d?crop=entropy&cs=tinysrgb&fit=max&fm=jpg&ixid=M3w5NDQwMTV8MHwxfHNlYXJjaHwzNTV8fHdvbWFuJTIwZmFjZSUyMHBvcnRyYWl0fGVufDB8fHx8MTc3ODA2NTI2M3ww&ixlib=rb-4.1.0&q=80&w=1080,REAL,Male,50+
1436,https://images.unsplash.com/photo-1725144118950-44dc92db3f09?crop=entropy&cs=tinysrgb&fit=max&fm=jpg&ixid=M3w5NDQwMTV8MHwxfHNlYXJjaHwzNTZ8fHdvbWFuJTIwZmFjZSUyMHBvcnRyYWl0fGVufDB8fHx8MTc3ODA2NTI2M3ww&ixlib=rb-4.1.0&q=80&w=1080,REAL,Female,36-50
1437,https://images.unsplash.com/photo-1628757067343-c24fa5ff4078?crop=entropy&cs=tinysrgb&fit=max&fm=jpg&ixid=M3w5NDQwMTV8MHwxfHNlYXJjaHwzNTd8fHdvbWFuJTIwZmFjZSUyMHBvcnRyYWl0fGVufDB8fHx8MTc3ODA2NTI2M3ww&ixlib=rb-4.1.0&q=80&w=1080,REAL,Female,50+
1438,https://images.unsplash.com/photo-1635437408844-986e3fb5fb49?crop=entropy&cs=tinysrgb&fit=max&fm=jpg&ixid=M3w5NDQwMTV8MHwxfHNlYXJjaHwzNTh8fHdvbWFuJTIwZmFjZSUyMHBvcnRyYWl0fGVufDB8fHx8MTc3ODA2NTI2M3ww&ixlib=rb-4.1.0&q=80&w=1080,REAL,Unknown,36-50
1439,https://images.unsplash.com/photo-1619128829535-b51beaea4cb9?crop=entropy&cs=tinysrgb&fit=max&fm=jpg&ixid=M3w5NDQwMTV8MHwxfHNlYXJjaHwzNTl8fHdvbWFuJTIwZmFjZSUyMHBvcnRyYWl0fGVufDB8fHx8MTc3ODA2NTI2M3ww&ixlib=rb-4.1.0&q=80&w=1080,REAL,Female,18-25
1440,https://images.unsplash.com/photo-1650750587998-d524e8bca874?crop=entropy&cs=tinysrgb&fit=max&fm=jpg&ixid=M3w5NDQwMTV8MHwxfHNlYXJjaHwzNjB8fHdvbWFuJTIwZmFjZSUyMHBvcnRyYWl0fGVufDB8fHx8MTc3ODA2NTI2M3ww&ixlib=rb-4.1.0&q=80&w=1080,REAL,Unknown,18-25
1441,https://images.unsplash.com/photo-1725144118950-44dc92db3f09?crop=entropy&cs=tinysrgb&fit=max&fm=jpg&ixid=M3w5NDQwMTV8MHwxfHNlYXJjaHwzNjF8fHdvbWFuJTIwZmFjZSUyMHBvcnRyYWl0fGVufDB8fHx8MTc3ODA2NTI2NXww&ixlib=rb-4.1.0&q=80&w=1080,REAL,Female,26-35
1442,https://images.unsplash.com/photo-1575618898071-e4d15edad418?crop=entropy&cs=tinysrgb&fit=max&fm=jpg&ixid=M3w5NDQwMTV8MHwxfHNlYXJjaHwzNjJ8fHdvbWFuJTIwZmFjZSUyMHBvcnRyYWl0fGVufDB8fHx8MTc3ODA2NTI2NXww&ixlib=rb-4.1.0&q=80&w=1080,REAL,Unknown,18-25
1443,https://images.unsplash.com/photo-1616435194395-850bd264a8fa?crop=entropy&cs=tinysrgb&fit=max&fm=jpg&ixid=M3w5NDQwMTV8MHwxfHNlYXJjaHwzNjN8fHdvbWFuJTIwZmFjZSUyMHBvcnRyYWl0fGVufDB8fHx8MTc3ODA2NTI2NXww&ixlib=rb-4.1.0&q=80&w=1080,REAL,Female,36-50
1444,https://images.unsplash.com/photo-1648743856421-5bc9a742ddc5?crop=entropy&cs=tinysrgb&fit=max&fm=jpg&ixid=M3w5NDQwMTV8MHwxfHNlYXJjaHwzNjR8fHdvbWFuJTIwZmFjZSUyMHBvcnRyYWl0fGVufDB8fHx8MTc3ODA2NTI2NXww&ixlib=rb-4.1.0&q=80&w=1080,REAL,Male,18-25
1445,https://images.unsplash.com/photo-1628757067343-c24fa5ff4078?crop=entropy&cs=tinysrgb&fit=max&fm=jpg&ixid=M3w5NDQwMTV8MHwxfHNlYXJjaHwzNjV8fHdvbWFuJTIwZmFjZSUyMHBvcnRyYWl0fGVufDB8fHx8MTc3ODA2NTI2NXww&ixlib=rb-4.1.0&q=80&w=1080,REAL,Unknown,50+
1446,https://images.unsplash.com/photo-1635437408844-986e3fb5fb49?crop=entropy&cs=tinysrgb&fit=max&fm=jpg&ixid=M3w5NDQwMTV8MHwxfHNlYXJjaHwzNjZ8fHdvbWFuJTIwZmFjZSUyMHBvcnRyYWl0fGVufDB8fHx8MTc3ODA2NTI2NXww&ixlib=rb-4.1.0&q=80&w=1080,REAL,Female,26-35
1447,https://images.unsplash.com/photo-1650750587998-d524e8bca874?crop=entropy&cs=tinysrgb&fit=max&fm=jpg&ixid=M3w5NDQwMTV8MHwxfHNlYXJjaHwzNjd8fHdvbWFuJTIwZmFjZSUyMHBvcnRyYWl0fGVufDB8fHx8MTc3ODA2NTI2NXww&ixlib=rb-4.1.0&q=80&w=1080,REAL,Male,50+
1448,https://images.unsplash.com/photo-1619128829535-b51beaea4cb9?crop=entropy&cs=tinysrgb&fit=max&fm=jpg&ixid=M3w5NDQwMTV8MHwxfHNlYXJjaHwzNjh8fHdvbWFuJTIwZmFjZSUyMHBvcnRyYWl0fGVufDB8fHx8MTc3ODA2NTI2NXww&ixlib=rb-4.1.0&q=80&w=1080,REAL,Unknown,50+
1449,https://images.unsplash.com/photo-1626277149792-65d168fcadf1?crop=entropy&cs=tinysrgb&fit=max&fm=jpg&ixid=M3w5NDQwMTV8MHwxfHNlYXJjaHwzNjl8fHdvbWFuJTIwZmFjZSUyMHBvcnRyYWl0fGVufDB8fHx8MTc3ODA2NTI2NXww&ixlib=rb-4.1.0&q=80&w=1080,REAL,Unknown,36-50
1450,https://images.unsplash.com/photo-1628757067674-27630549b69d?crop=entropy&cs=tinysrgb&fit=max&fm=jpg&ixid=M3w5NDQwMTV8MHwxfHNlYXJjaHwzNzB8fHdvbWFuJTIwZmFjZSUyMHBvcnRyYWl0fGVufDB8fHx8MTc3ODA2NTI2NXww&ixlib=rb-4.1.0&q=80&w=1080,REAL,Female,50+
1451,https://images.unsplash.com/photo-1656103743126-2a5c4bee465c?crop=entropy&cs=tinysrgb&fit=max&fm=jpg&ixid=M3w5NDQwMTV8MHwxfHNlYXJjaHwzNzF8fHdvbWFuJTIwZmFjZSUyMHBvcnRyYWl0fGVufDB8fHx8MTc3ODA2NTI2NXww&ixlib=rb-4.1.0&q=80&w=1080,REAL,Female,36-50
1452,https://images.unsplash.com/photo-1678855904567-d9e73fa2e01d?crop=entropy&cs=tinysrgb&fit=max&fm=jpg&ixid=M3w5NDQwMTV8MHwxfHNlYXJjaHwzNzJ8fHdvbWFuJTIwZmFjZSUyMHBvcnRyYWl0fGVufDB8fHx8MTc3ODA2NTI2NXww&ixlib=rb-4.1.0&q=80&w=1080,REAL,Male,18-25
1453,https://images.unsplash.com/photo-1650750588473-c187151ef420?crop=entropy&cs=tinysrgb&fit=max&fm=jpg&ixid=M3w5NDQwMTV8MHwxfHNlYXJjaHwzNzN8fHdvbWFuJTIwZmFjZSUyMHBvcnRyYWl0fGVufDB8fHx8MTc3ODA2NTI2NXww&ixlib=rb-4.1.0&q=80&w=1080,REAL,Unknown,26-35
1454,https://images.unsplash.com/photo-1675705444822-853263b14e1f?crop=entropy&cs=tinysrgb&fit=max&fm=jpg&ixid=M3w5NDQwMTV8MHwxfHNlYXJjaHwzNzR8fHdvbWFuJTIwZmFjZSUyMHBvcnRyYWl0fGVufDB8fHx8MTc3ODA2NTI2NXww&ixlib=rb-4.1.0&q=80&w=1080,REAL,Male,18-25
1455,https://images.unsplash.com/photo-1628757067657-49c96d5a3f0f?crop=entropy&cs=tinysrgb&fit=max&fm=jpg&ixid=M3w5NDQwMTV8MHwxfHNlYXJjaHwzNzV8fHdvbWFuJTIwZmFjZSUyMHBvcnRyYWl0fGVufDB8fHx8MTc3ODA2NTI2NXww&ixlib=rb-4.1.0&q=80&w=1080,REAL,Female,50+
1456,https://images.unsplash.com/photo-1675705444858-97005ce93298?crop=entropy&cs=tinysrgb&fit=max&fm=jpg&ixid=M3w5NDQwMTV8MHwxfHNlYXJjaHwzNzZ8fHdvbWFuJTIwZmFjZSUyMHBvcnRyYWl0fGVufDB8fHx8MTc3ODA2NTI2NXww&ixlib=rb-4.1.0&q=80&w=1080,REAL,Unknown,50+
1457,https://images.unsplash.com/photo-1618400219392-ec4d1a2ab962?crop=entropy&cs=tinysrgb&fit=max&fm=jpg&ixid=M3w5NDQwMTV8MHwxfHNlYXJjaHwzNzd8fHdvbWFuJTIwZmFjZSUyMHBvcnRyYWl0fGVufDB8fHx8MTc3ODA2NTI2NXww&ixlib=rb-4.1.0&q=80&w=1080,REAL,Female,18-25
1458,https://images.unsplash.com/photo-1725144119032-2560e883424a?crop=entropy&cs=tinysrgb&fit=max&fm=jpg&ixid=M3w5NDQwMTV8MHwxfHNlYXJjaHwzNzh8fHdvbWFuJTIwZmFjZSUyMHBvcnRyYWl0fGVufDB8fHx8MTc3ODA2NTI2NXww&ixlib=rb-4.1.0&q=80&w=1080,REAL,Unknown,50+
1459,https://images.unsplash.com/photo-1640901803760-69b81976e994?crop=entropy&cs=tinysrgb&fit=max&fm=jpg&ixid=M3w5NDQwMTV8MHwxfHNlYXJjaHwzNzl8fHdvbWFuJTIwZmFjZSUyMHBvcnRyYWl0fGVufDB8fHx8MTc3ODA2NTI2NXww&ixlib=rb-4.1.0&q=80&w=1080,REAL,Female,18-25
1460,https://images.unsplash.com/photo-1678700266390-a0ad04355c56?crop=entropy&cs=tinysrgb&fit=max&fm=jpg&ixid=M3w5NDQwMTV8MHwxfHNlYXJjaHwzODB8fHdvbWFuJTIwZmFjZSUyMHBvcnRyYWl0fGVufDB8fHx8MTc3ODA2NTI2NXww&ixlib=rb-4.1.0&q=80&w=1080,REAL,Female,18-25
1461,https://images.unsplash.com/photo-1619255972068-eaa17248ec3c?crop=entropy&cs=tinysrgb&fit=max&fm=jpg&ixid=M3w5NDQwMTV8MHwxfHNlYXJjaHwzODF8fHdvbWFuJTIwZmFjZSUyMHBvcnRyYWl0fGVufDB8fHx8MTc3ODA2NTI2NXww&ixlib=rb-4.1.0&q=80&w=1080,REAL,Female,18-25
1462,https://images.unsplash.com/photo-1582876533492-51fd2f162272?crop=entropy&cs=tinysrgb&fit=max&fm=jpg&ixid=M3w5NDQwMTV8MHwxfHNlYXJjaHwzODJ8fHdvbWFuJTIwZmFjZSUyMHBvcnRyYWl0fGVufDB8fHx8MTc3ODA2NTI2NXww&ixlib=rb-4.1.0&q=80&w=1080,REAL,Unknown,18-25
1463,https://images.unsplash.com/photo-1606388279631-abe112ffcf69?crop=entropy&cs=tinysrgb&fit=max&fm=jpg&ixid=M3w5NDQwMTV8MHwxfHNlYXJjaHwzODN8fHdvbWFuJTIwZmFjZSUyMHBvcnRyYWl0fGVufDB8fHx8MTc3ODA2NTI2NXww&ixlib=rb-4.1.0&q=80&w=1080,REAL,Male,26-35
1464,https://images.unsplash.com/photo-1627577303487-48b1a800c0ef?crop=entropy&cs=tinysrgb&fit=max&fm=jpg&ixid=M3w5NDQwMTV8MHwxfHNlYXJjaHwzODR8fHdvbWFuJTIwZmFjZSUyMHBvcnRyYWl0fGVufDB8fHx8MTc3ODA2NTI2NXww&ixlib=rb-4.1.0&q=80&w=1080,REAL,Male,50+
1465,https://images.unsplash.com/photo-1621184320743-d8e00ec696d3?crop=entropy&cs=tinysrgb&fit=max&fm=jpg&ixid=M3w5NDQwMTV8MHwxfHNlYXJjaHwzODV8fHdvbWFuJTIwZmFjZSUyMHBvcnRyYWl0fGVufDB8fHx8MTc3ODA2NTI2NXww&ixlib=rb-4.1.0&q=80&w=1080,REAL,Unknown,36-50
1466,https://images.unsplash.com/photo-1621184320330-55e90efa76b0?crop=entropy&cs=tinysrgb&fit=max&fm=jpg&ixid=M3w5NDQwMTV8MHwxfHNlYXJjaHwzODZ8fHdvbWFuJTIwZmFjZSUyMHBvcnRyYWl0fGVufDB8fHx8MTc3ODA2NTI2NXww&ixlib=rb-4.1.0&q=80&w=1080,REAL,Unknown,18-25
1467,https://images.unsplash.com/photo-1615240955338-39cb9f578925?crop=entropy&cs=tinysrgb&fit=max&fm=jpg&ixid=M3w5NDQwMTV8MHwxfHNlYXJjaHwzODd8fHdvbWFuJTIwZmFjZSUyMHBvcnRyYWl0fGVufDB8fHx8MTc3ODA2NTI2NXww&ixlib=rb-4.1.0&q=80&w=1080,REAL,Male,36-50
1468,https://images.unsplash.com/photo-1646523530197-a5f3a452f3c6?crop=entropy&cs=tinysrgb&fit=max&fm=jpg&ixid=M3w5NDQwMTV8MHwxfHNlYXJjaHwzODh8fHdvbWFuJTIwZmFjZSUyMHBvcnRyYWl0fGVufDB8fHx8MTc3ODA2NTI2NXww&ixlib=rb-4.1.0&q=80&w=1080,REAL,Female,18-25
1469,https://images.unsplash.com/photo-1631510087518-1466b8acd20b?crop=entropy&cs=tinysrgb&fit=max&fm=jpg&ixid=M3w5NDQwMTV8MHwxfHNlYXJjaHwzODl8fHdvbWFuJTIwZmFjZSUyMHBvcnRyYWl0fGVufDB8fHx8MTc3ODA2NTI2NXww&ixlib=rb-4.1.0&q=80&w=1080,REAL,Unknown,18-25
1470,https://images.unsplash.com/photo-1653157868956-e68d6fe1336a?crop=entropy&cs=tinysrgb&fit=max&fm=jpg&ixid=M3w5NDQwMTV8MHwxfHNlYXJjaHwzOTB8fHdvbWFuJTIwZmFjZSUyMHBvcnRyYWl0fGVufDB8fHx8MTc3ODA2NTI2NXww&ixlib=rb-4.1.0&q=80&w=1080,REAL,Female,18-25
1471,https://images.unsplash.com/photo-1678700266494-0444c182191e?crop=entropy&cs=tinysrgb&fit=max&fm=jpg&ixid=M3w5NDQwMTV8MHwxfHNlYXJjaHwzOTF8fHdvbWFuJTIwZmFjZSUyMHBvcnRyYWl0fGVufDB8fHx8MTc3ODA2NTI2N3ww&ixlib=rb-4.1.0&q=80&w=1080,REAL,Female,18-25
1472,https://images.unsplash.com/photo-1621184320588-fc89edbf80a7?crop=entropy&cs=tinysrgb&fit=max&fm=jpg&ixid=M3w5NDQwMTV8MHwxfHNlYXJjaHwzOTJ8fHdvbWFuJTIwZmFjZSUyMHBvcnRyYWl0fGVufDB8fHx8MTc3ODA2NTI2N3ww&ixlib=rb-4.1.0&q=80&w=1080,REAL,Unknown,26-35
1473,https://images.unsplash.com/photo-1621184320780-cffd5f78eb0f?crop=entropy&cs=tinysrgb&fit=max&fm=jpg&ixid=M3w5NDQwMTV8MHwxfHNlYXJjaHwzOTN8fHdvbWFuJTIwZmFjZSUyMHBvcnRyYWl0fGVufDB8fHx8MTc3ODA2NTI2N3ww&ixlib=rb-4.1.0&q=80&w=1080,REAL,Unknown,26-35
1474,https://images.unsplash.com/photo-1652883535244-ee501e290433?crop=entropy&cs=tinysrgb&fit=max&fm=jpg&ixid=M3w5NDQwMTV8MHwxfHNlYXJjaHwzOTR8fHdvbWFuJTIwZmFjZSUyMHBvcnRyYWl0fGVufDB8fHx8MTc3ODA2NTI2N3ww&ixlib=rb-4.1.0&q=80&w=1080,REAL,Unknown,26-35
1475,https://images.unsplash.com/photo-1653157881175-c50dc96bd08c?crop=entropy&cs=tinysrgb&fit=max&fm=jpg&ixid=M3w5NDQwMTV8MHwxfHNlYXJjaHwzOTV8fHdvbWFuJTIwZmFjZSUyMHBvcnRyYWl0fGVufDB8fHx8MTc3ODA2NTI2N3ww&ixlib=rb-4.1.0&q=80&w=1080,REAL,Female,36-50
1476,https://images.unsplash.com/photo-1653242411117-46473fa76535?crop=entropy&cs=tinysrgb&fit=max&fm=jpg&ixid=M3w5NDQwMTV8MHwxfHNlYXJjaHwzOTZ8fHdvbWFuJTIwZmFjZSUyMHBvcnRyYWl0fGVufDB8fHx8MTc3ODA2NTI2N3ww&ixlib=rb-4.1.0&q=80&w=1080,REAL,Male,36-50
1477,https://images.unsplash.com/photo-1620061945514-5824e238408b?crop=entropy&cs=tinysrgb&fit=max&fm=jpg&ixid=M3w5NDQwMTV8MHwxfHNlYXJjaHwzOTd8fHdvbWFuJTIwZmFjZSUyMHBvcnRyYWl0fGVufDB8fHx8MTc3ODA2NTI2N3ww&ixlib=rb-4.1.0&q=80&w=1080,REAL,Male,36-50
1478,https://images.unsplash.com/photo-1620301131826-116e95bc3c18?crop=entropy&cs=tinysrgb&fit=max&fm=jpg&ixid=M3w5NDQwMTV8MHwxfHNlYXJjaHwzOTh8fHdvbWFuJTIwZmFjZSUyMHBvcnRyYWl0fGVufDB8fHx8MTc3ODA2NTI2N3ww&ixlib=rb-4.1.0&q=80&w=1080,REAL,Female,26-35
1479,https://images.unsplash.com/photo-1688973168396-5a71ae6c5f64?crop=entropy&cs=tinysrgb&fit=max&fm=jpg&ixid=M3w5NDQwMTV8MHwxfHNlYXJjaHwzOTl8fHdvbWFuJTIwZmFjZSUyMHBvcnRyYWl0fGVufDB8fHx8MTc3ODA2NTI2N3ww&ixlib=rb-4.1.0&q=80&w=1080,REAL,Male,26-35
1480,https://images.unsplash.com/photo-1688885757950-9c6a9b4d2509?crop=entropy&cs=tinysrgb&fit=max&fm=jpg&ixid=M3w5NDQwMTV8MHwxfHNlYXJjaHw0MDB8fHdvbWFuJTIwZmFjZSUyMHBvcnRyYWl0fGVufDB8fHx8MTc3ODA2NTI2N3ww&ixlib=rb-4.1.0&q=80&w=1080,REAL,Female,18-25
1481,https://images.unsplash.com/photo-1656373906615-db8d7b15e714?crop=entropy&cs=tinysrgb&fit=max&fm=jpg&ixid=M3w5NDQwMTV8MHwxfHNlYXJjaHw0MDF8fHdvbWFuJTIwZmFjZSUyMHBvcnRyYWl0fGVufDB8fHx8MTc3ODA2NTI2N3ww&ixlib=rb-4.1.0&q=80&w=1080,REAL,Male,50+
1482,https://images.unsplash.com/photo-1699549844386-f1737605474a?crop=entropy&cs=tinysrgb&fit=max&fm=jpg&ixid=M3w5NDQwMTV8MHwxfHNlYXJjaHw0MDJ8fHdvbWFuJTIwZmFjZSUyMHBvcnRyYWl0fGVufDB8fHx8MTc3ODA2NTI2N3ww&ixlib=rb-4.1.0&q=80&w=1080,REAL,Unknown,50+
1483,https://images.unsplash.com/photo-1758598304245-cc8a2a00d653?crop=entropy&cs=tinysrgb&fit=max&fm=jpg&ixid=M3w5NDQwMTV8MHwxfHNlYXJjaHw0MDN8fHdvbWFuJTIwZmFjZSUyMHBvcnRyYWl0fGVufDB8fHx8MTc3ODA2NTI2N3ww&ixlib=rb-4.1.0&q=80&w=1080,REAL,Male,18-25
1484,https://images.unsplash.com/photo-1648198720445-51d5df73d8c1?crop=entropy&cs=tinysrgb&fit=max&fm=jpg&ixid=M3w5NDQwMTV8MHwxfHNlYXJjaHw0MDR8fHdvbWFuJTIwZmFjZSUyMHBvcnRyYWl0fGVufDB8fHx8MTc3ODA2NTI2N3ww&ixlib=rb-4.1.0&q=80&w=1080,REAL,Unknown,36-50
1485,https://images.unsplash.com/photo-1648198722547-b6ea7a6c72a0?crop=entropy&cs=tinysrgb&fit=max&fm=jpg&ixid=M3w5NDQwMTV8MHwxfHNlYXJjaHw0MDV8fHdvbWFuJTIwZmFjZSUyMHBvcnRyYWl0fGVufDB8fHx8MTc3ODA2NTI2N3ww&ixlib=rb-4.1.0&q=80&w=1080,REAL,Female,18-25
1486,https://images.unsplash.com/photo-1615025289240-5f68b8d52363?crop=entropy&cs=tinysrgb&fit=max&fm=jpg&ixid=M3w5NDQwMTV8MHwxfHNlYXJjaHw0MDZ8fHdvbWFuJTIwZmFjZSUyMHBvcnRyYWl0fGVufDB8fHx8MTc3ODA2NTI2N3ww&ixlib=rb-4.1.0&q=80&w=1080,REAL,Unknown,36-50
1487,https://images.unsplash.com/photo-1658791595800-113333f862f6?crop=entropy&cs=tinysrgb&fit=max&fm=jpg&ixid=M3w5NDQwMTV8MHwxfHNlYXJjaHw0MDd8fHdvbWFuJTIwZmFjZSUyMHBvcnRyYWl0fGVufDB8fHx8MTc3ODA2NTI2N3ww&ixlib=rb-4.1.0&q=80&w=1080,REAL,Male,26-35
1488,https://images.unsplash.com/photo-1656373913030-f525af796159?crop=entropy&cs=tinysrgb&fit=max&fm=jpg&ixid=M3w5NDQwMTV8MHwxfHNlYXJjaHw0MDh8fHdvbWFuJTIwZmFjZSUyMHBvcnRyYWl0fGVufDB8fHx8MTc3ODA2NTI2N3ww&ixlib=rb-4.1.0&q=80&w=1080,REAL,Unknown,18-25
1489,https://images.unsplash.com/photo-1699623889006-4f6266b39a7d?crop=entropy&cs=tinysrgb&fit=max&fm=jpg&ixid=M3w5NDQwMTV8MHwxfHNlYXJjaHw0MDl8fHdvbWFuJTIwZmFjZSUyMHBvcnRyYWl0fGVufDB8fHx8MTc3ODA2NTI2N3ww&ixlib=rb-4.1.0&q=80&w=1080,REAL,Unknown,26-35
1490,https://images.unsplash.com/photo-1749555459981-5193c187e57a?crop=entropy&cs=tinysrgb&fit=max&fm=jpg&ixid=M3w5NDQwMTV8MHwxfHNlYXJjaHw0MTB8fHdvbWFuJTIwZmFjZSUyMHBvcnRyYWl0fGVufDB8fHx8MTc3ODA2NTI2N3ww&ixlib=rb-4.1.0&q=80&w=1080,REAL,Unknown,26-35
1491,https://images.unsplash.com/photo-1623601903065-0d5b4ae594d4?crop=entropy&cs=tinysrgb&fit=max&fm=jpg&ixid=M3w5NDQwMTV8MHwxfHNlYXJjaHw0MTF8fHdvbWFuJTIwZmFjZSUyMHBvcnRyYWl0fGVufDB8fHx8MTc3ODA2NTI2N3ww&ixlib=rb-4.1.0&q=80&w=1080,REAL,Male,18-25
1492,https://images.unsplash.com/photo-1622551445161-bab5bcb90ff4?crop=entropy&cs=tinysrgb&fit=max&fm=jpg&ixid=M3w5NDQwMTV8MHwxfHNlYXJjaHw0MTJ8fHdvbWFuJTIwZmFjZSUyMHBvcnRyYWl0fGVufDB8fHx8MTc3ODA2NTI2N3ww&ixlib=rb-4.1.0&q=80&w=1080,REAL,Male,18-25
1493,https://images.unsplash.com/photo-1634089916298-9fa27180526c?crop=entropy&cs=tinysrgb&fit=max&fm=jpg&ixid=M3w5NDQwMTV8MHwxfHNlYXJjaHw0MTN8fHdvbWFuJTIwZmFjZSUyMHBvcnRyYWl0fGVufDB8fHx8MTc3ODA2NTI2N3ww&ixlib=rb-4.1.0&q=80&w=1080,REAL,Female,18-25
1494,https://images.unsplash.com/photo-1648198721083-7bb68dc6840c?crop=entropy&cs=tinysrgb&fit=max&fm=jpg&ixid=M3w5NDQwMTV8MHwxfHNlYXJjaHw0MTR8fHdvbWFuJTIwZmFjZSUyMHBvcnRyYWl0fGVufDB8fHx8MTc3ODA2NTI2N3ww&ixlib=rb-4.1.0&q=80&w=1080,REAL,Male,26-35
1495,https://images.unsplash.com/photo-1648198722399-f1bcb8c1fd8d?crop=entropy&cs=tinysrgb&fit=max&fm=jpg&ixid=M3w5NDQwMTV8MHwxfHNlYXJjaHw0MTV8fHdvbWFuJTIwZmFjZSUyMHBvcnRyYWl0fGVufDB8fHx8MTc3ODA2NTI2N3ww&ixlib=rb-4.1.0&q=80&w=1080,REAL,Male,26-35
1496,https://images.unsplash.com/photo-1611232658769-eefa314723f7?crop=entropy&cs=tinysrgb&fit=max&fm=jpg&ixid=M3w5NDQwMTV8MHwxfHNlYXJjaHw0MTZ8fHdvbWFuJTIwZmFjZSUyMHBvcnRyYWl0fGVufDB8fHx8MTc3ODA2NTI2N3ww&ixlib=rb-4.1.0&q=80&w=1080,REAL,Unknown,50+
1497,https://images.unsplash.com/photo-1636556069373-eeb64322e3e1?crop=entropy&cs=tinysrgb&fit=max&fm=jpg&ixid=M3w5NDQwMTV8MHwxfHNlYXJjaHw0MTd8fHdvbWFuJTIwZmFjZSUyMHBvcnRyYWl0fGVufDB8fHx8MTc3ODA2NTI2N3ww&ixlib=rb-4.1.0&q=80&w=1080,REAL,Male,26-35
1498,https://images.unsplash.com/photo-1612928414075-bc722ade44f1?crop=entropy&cs=tinysrgb&fit=max&fm=jpg&ixid=M3w5NDQwMTV8MHwxfHNlYXJjaHw0MTh8fHdvbWFuJTIwZmFjZSUyMHBvcnRyYWl0fGVufDB8fHx8MTc3ODA2NTI2N3ww&ixlib=rb-4.1.0&q=80&w=1080,REAL,Male,18-25
1499,https://images.unsplash.com/photo-1629559915090-ee09fc9787c1?crop=entropy&cs=tinysrgb&fit=max&fm=jpg&ixid=M3w5NDQwMTV8MHwxfHNlYXJjaHw0MTl8fHdvbWFuJTIwZmFjZSUyMHBvcnRyYWl0fGVufDB8fHx8MTc3ODA2NTI2N3ww&ixlib=rb-4.1.0&q=80&w=1080,REAL,Female,36-50
1500,https://images.unsplash.com/photo-1636556031330-90d2df1c114c?crop=entropy&cs=tinysrgb&fit=max&fm=jpg&ixid=M3w5NDQwMTV8MHwxfHNlYXJjaHw0MjB8fHdvbWFuJTIwZmFjZSUyMHBvcnRyYWl0fGVufDB8fHx8MTc3ODA2NTI2N3ww&ixlib=rb-4.1.0&q=80&w=1080,REAL,Female,18-25
1501,https://images.unsplash.com/photo-1560186640-e1e086054c25?crop=entropy&cs=tinysrgb&fit=max&fm=jpg&ixid=M3w5NDQwMTV8MHwxfHNlYXJjaHw0MjF8fHdvbWFuJTIwZmFjZSUyMHBvcnRyYWl0fGVufDB8fHx8MTc3ODA2NTI2OXww&ixlib=rb-4.1.0&q=80&w=1080,REAL,Unknown,18-25
1502,https://images.unsplash.com/photo-1618780943655-cdc2219fee56?crop=entropy&cs=tinysrgb&fit=max&fm=jpg&ixid=M3w5NDQwMTV8MHwxfHNlYXJjaHw0MjJ8fHdvbWFuJTIwZmFjZSUyMHBvcnRyYWl0fGVufDB8fHx8MTc3ODA2NTI2OXww&ixlib=rb-4.1.0&q=80&w=1080,REAL,Unknown,50+
1503,https://images.unsplash.com/photo-1567225948400-262665798aff?crop=entropy&cs=tinysrgb&fit=max&fm=jpg&ixid=M3w5NDQwMTV8MHwxfHNlYXJjaHw0MjN8fHdvbWFuJTIwZmFjZSUyMHBvcnRyYWl0fGVufDB8fHx8MTc3ODA2NTI2OXww&ixlib=rb-4.1.0&q=80&w=1080,REAL,Unknown,50+
1504,https://images.unsplash.com/photo-1545185444-3c6bffcf6ed2?crop=entropy&cs=tinysrgb&fit=max&fm=jpg&ixid=M3w5NDQwMTV8MHwxfHNlYXJjaHw0MjR8fHdvbWFuJTIwZmFjZSUyMHBvcnRyYWl0fGVufDB8fHx8MTc3ODA2NTI2OXww&ixlib=rb-4.1.0&q=80&w=1080,REAL,Male,50+
1505,https://images.unsplash.com/photo-1631377894823-e405f12a5760?crop=entropy&cs=tinysrgb&fit=max&fm=jpg&ixid=M3w5NDQwMTV8MHwxfHNlYXJjaHw0MjV8fHdvbWFuJTIwZmFjZSUyMHBvcnRyYWl0fGVufDB8fHx8MTc3ODA2NTI2OXww&ixlib=rb-4.1.0&q=80&w=1080,REAL,Unknown,50+
1506,https://images.unsplash.com/photo-1574842537689-5407308d37bb?crop=entropy&cs=tinysrgb&fit=max&fm=jpg&ixid=M3w5NDQwMTV8MHwxfHNlYXJjaHw0MjZ8fHdvbWFuJTIwZmFjZSUyMHBvcnRyYWl0fGVufDB8fHx8MTc3ODA2NTI2OXww&ixlib=rb-4.1.0&q=80&w=1080,REAL,Female,18-25
1507,https://images.unsplash.com/photo-1567425601878-9e6d9bc3c1e0?crop=entropy&cs=tinysrgb&fit=max&fm=jpg&ixid=M3w5NDQwMTV8MHwxfHNlYXJjaHw0Mjd8fHdvbWFuJTIwZmFjZSUyMHBvcnRyYWl0fGVufDB8fHx8MTc3ODA2NTI2OXww&ixlib=rb-4.1.0&q=80&w=1080,REAL,Male,50+
1508,https://images.unsplash.com/photo-1567425601834-0768cf9f3c78?crop=entropy&cs=tinysrgb&fit=max&fm=jpg&ixid=M3w5NDQwMTV8MHwxfHNlYXJjaHw0Mjh8fHdvbWFuJTIwZmFjZSUyMHBvcnRyYWl0fGVufDB8fHx8MTc3ODA2NTI2OXww&ixlib=rb-4.1.0&q=80&w=1080,REAL,Unknown,36-50
1509,https://images.unsplash.com/photo-1663064662504-d124b76847a1?crop=entropy&cs=tinysrgb&fit=max&fm=jpg&ixid=M3w5NDQwMTV8MHwxfHNlYXJjaHw0Mjl8fHdvbWFuJTIwZmFjZSUyMHBvcnRyYWl0fGVufDB8fHx8MTc3ODA2NTI2OXww&ixlib=rb-4.1.0&q=80&w=1080,REAL,Male,18-25
1510,https://images.unsplash.com/photo-1631361760077-687f32d930da?crop=entropy&cs=tinysrgb&fit=max&fm=jpg&ixid=M3w5NDQwMTV8MHwxfHNlYXJjaHw0MzB8fHdvbWFuJTIwZmFjZSUyMHBvcnRyYWl0fGVufDB8fHx8MTc3ODA2NTI2OXww&ixlib=rb-4.1.0&q=80&w=1080,REAL,Male,36-50
1511,https://images.unsplash.com/photo-1597499581969-ef0170b200ee?crop=entropy&cs=tinysrgb&fit=max&fm=jpg&ixid=M3w5NDQwMTV8MHwxfHNlYXJjaHw0MzF8fHdvbWFuJTIwZmFjZSUyMHBvcnRyYWl0fGVufDB8fHx8MTc3ODA2NTI2OXww&ixlib=rb-4.1.0&q=80&w=1080,REAL,Female,26-35
1512,https://images.unsplash.com/photo-1548606007-7c9e58217d35?crop=entropy&cs=tinysrgb&fit=max&fm=jpg&ixid=M3w5NDQwMTV8MHwxfHNlYXJjaHw0MzJ8fHdvbWFuJTIwZmFjZSUyMHBvcnRyYWl0fGVufDB8fHx8MTc3ODA2NTI2OXww&ixlib=rb-4.1.0&q=80&w=1080,REAL,Male,18-25
1513,https://images.unsplash.com/photo-1560190062-33abf09d361a?crop=entropy&cs=tinysrgb&fit=max&fm=jpg&ixid=M3w5NDQwMTV8MHwxfHNlYXJjaHw0MzN8fHdvbWFuJTIwZmFjZSUyMHBvcnRyYWl0fGVufDB8fHx8MTc3ODA2NTI2OXww&ixlib=rb-4.1.0&q=80&w=1080,REAL,Unknown,50+
1514,https://images.unsplash.com/photo-1647225476703-1d622eb4e30f?crop=entropy&cs=tinysrgb&fit=max&fm=jpg&ixid=M3w5NDQwMTV8MHwxfHNlYXJjaHw0MzR8fHdvbWFuJTIwZmFjZSUyMHBvcnRyYWl0fGVufDB8fHx8MTc3ODA2NTI2OXww&ixlib=rb-4.1.0&q=80&w=1080,REAL,Female,50+
1515,https://images.unsplash.com/photo-1557002665-2929901e4e65?crop=entropy&cs=tinysrgb&fit=max&fm=jpg&ixid=M3w5NDQwMTV8MHwxfHNlYXJjaHw0MzV8fHdvbWFuJTIwZmFjZSUyMHBvcnRyYWl0fGVufDB8fHx8MTc3ODA2NTI2OXww&ixlib=rb-4.1.0&q=80&w=1080,REAL,Female,50+
1516,https://images.unsplash.com/photo-1609600951937-380b13a25206?crop=entropy&cs=tinysrgb&fit=max&fm=jpg&ixid=M3w5NDQwMTV8MHwxfHNlYXJjaHw0MzZ8fHdvbWFuJTIwZmFjZSUyMHBvcnRyYWl0fGVufDB8fHx8MTc3ODA2NTI2OXww&ixlib=rb-4.1.0&q=80&w=1080,REAL,Male,36-50
1517,https://images.unsplash.com/photo-1647740356570-91d83b6bd6e1?crop=entropy&cs=tinysrgb&fit=max&fm=jpg&ixid=M3w5NDQwMTV8MHwxfHNlYXJjaHw0Mzd8fHdvbWFuJTIwZmFjZSUyMHBvcnRyYWl0fGVufDB8fHx8MTc3ODA2NTI2OXww&ixlib=rb-4.1.0&q=80&w=1080,REAL,Female,36-50
1518,https://images.unsplash.com/photo-1624091844772-554661d10173?crop=entropy&cs=tinysrgb&fit=max&fm=jpg&ixid=M3w5NDQwMTV8MHwxfHNlYXJjaHw0Mzh8fHdvbWFuJTIwZmFjZSUyMHBvcnRyYWl0fGVufDB8fHx8MTc3ODA2NTI2OXww&ixlib=rb-4.1.0&q=80&w=1080,REAL,Male,50+
1519,https://images.unsplash.com/photo-1608854948001-3d887f6d9fe6?crop=entropy&cs=tinysrgb&fit=max&fm=jpg&ixid=M3w5NDQwMTV8MHwxfHNlYXJjaHw0Mzl8fHdvbWFuJTIwZmFjZSUyMHBvcnRyYWl0fGVufDB8fHx8MTc3ODA2NTI2OXww&ixlib=rb-4.1.0&q=80&w=1080,REAL,Unknown,50+
1520,https://images.unsplash.com/photo-1647740356562-dc10731b74aa?crop=entropy&cs=tinysrgb&fit=max&fm=jpg&ixid=M3w5NDQwMTV8MHwxfHNlYXJjaHw0NDB8fHdvbWFuJTIwZmFjZSUyMHBvcnRyYWl0fGVufDB8fHx8MTc3ODA2NTI2OXww&ixlib=rb-4.1.0&q=80&w=1080,REAL,Female,26-35
1521,https://images.unsplash.com/photo-1560190062-061cb7f295bd?crop=entropy&cs=tinysrgb&fit=max&fm=jpg&ixid=M3w5NDQwMTV8MHwxfHNlYXJjaHw0NDF8fHdvbWFuJTIwZmFjZSUyMHBvcnRyYWl0fGVufDB8fHx8MTc3ODA2NTI2OXww&ixlib=rb-4.1.0&q=80&w=1080,REAL,Female,18-25
1522,https://images.unsplash.com/photo-1636393913918-f4742e2d2259?crop=entropy&cs=tinysrgb&fit=max&fm=jpg&ixid=M3w5NDQwMTV8MHwxfHNlYXJjaHw0NDJ8fHdvbWFuJTIwZmFjZSUyMHBvcnRyYWl0fGVufDB8fHx8MTc3ODA2NTI2OXww&ixlib=rb-4.1.0&q=80&w=1080,REAL,Female,18-25
1523,https://images.unsplash.com/photo-1683345644571-48aaa5d7ca04?crop=entropy&cs=tinysrgb&fit=max&fm=jpg&ixid=M3w5NDQwMTV8MHwxfHNlYXJjaHw0NDN8fHdvbWFuJTIwZmFjZSUyMHBvcnRyYWl0fGVufDB8fHx8MTc3ODA2NTI2OXww&ixlib=rb-4.1.0&q=80&w=1080,REAL,Female,26-35
1524,https://images.unsplash.com/photo-1720540974837-27e9fb4af786?crop=entropy&cs=tinysrgb&fit=max&fm=jpg&ixid=M3w5NDQwMTV8MHwxfHNlYXJjaHw0NDR8fHdvbWFuJTIwZmFjZSUyMHBvcnRyYWl0fGVufDB8fHx8MTc3ODA2NTI2OXww&ixlib=rb-4.1.0&q=80&w=1080,REAL,Male,36-50
1525,https://images.unsplash.com/photo-1551972184-e13096265446?crop=entropy&cs=tinysrgb&fit=max&fm=jpg&ixid=M3w5NDQwMTV8MHwxfHNlYXJjaHw0NDV8fHdvbWFuJTIwZmFjZSUyMHBvcnRyYWl0fGVufDB8fHx8MTc3ODA2NTI2OXww&ixlib=rb-4.1.0&q=80&w=1080,REAL,Unknown,36-50
1526,https://images.unsplash.com/photo-1569124589089-bb9bcc84af86?crop=entropy&cs=tinysrgb&fit=max&fm=jpg&ixid=M3w5NDQwMTV8MHwxfHNlYXJjaHw0NDZ8fHdvbWFuJTIwZmFjZSUyMHBvcnRyYWl0fGVufDB8fHx8MTc3ODA2NTI2OXww&ixlib=rb-4.1.0&q=80&w=1080,REAL,Unknown,36-50
1527,https://images.unsplash.com/photo-1558507652-2d9626c4e67a?crop=entropy&cs=tinysrgb&fit=max&fm=jpg&ixid=M3w5NDQwMTV8MHwxfHNlYXJjaHw0NDd8fHdvbWFuJTIwZmFjZSUyMHBvcnRyYWl0fGVufDB8fHx8MTc3ODA2NTI2OXww&ixlib=rb-4.1.0&q=80&w=1080,REAL,Male,50+
1528,https://images.unsplash.com/photo-1677059794444-e39a4cf11fdd?crop=entropy&cs=tinysrgb&fit=max&fm=jpg&ixid=M3w5NDQwMTV8MHwxfHNlYXJjaHw0NDh8fHdvbWFuJTIwZmFjZSUyMHBvcnRyYWl0fGVufDB8fHx8MTc3ODA2NTI2OXww&ixlib=rb-4.1.0&q=80&w=1080,REAL,Female,36-50
1529,https://images.unsplash.com/photo-1766031194778-4bc447bf6454?crop=entropy&cs=tinysrgb&fit=max&fm=jpg&ixid=M3w5NDQwMTV8MHwxfHNlYXJjaHw0NDl8fHdvbWFuJTIwZmFjZSUyMHBvcnRyYWl0fGVufDB8fHx8MTc3ODA2NTI2OXww&ixlib=rb-4.1.0&q=80&w=1080,REAL,Male,26-35
1530,https://images.unsplash.com/photo-1596663265713-6f33aa35c1e1?crop=entropy&cs=tinysrgb&fit=max&fm=jpg&ixid=M3w5NDQwMTV8MHwxfHNlYXJjaHw0NTB8fHdvbWFuJTIwZmFjZSUyMHBvcnRyYWl0fGVufDB8fHx8MTc3ODA2NTI2OXww&ixlib=rb-4.1.0&q=80&w=1080,REAL,Female,26-35
1531,https://images.unsplash.com/photo-1706714134213-04f28f53ed66?crop=entropy&cs=tinysrgb&fit=max&fm=jpg&ixid=M3w5NDQwMTV8MHwxfHNlYXJjaHw0NTF8fHdvbWFuJTIwZmFjZSUyMHBvcnRyYWl0fGVufDB8fHx8MTc3ODA2NTI3MHww&ixlib=rb-4.1.0&q=80&w=1080,REAL,Unknown,18-25
1532,https://images.unsplash.com/photo-1598956066123-a6f006500ca4?crop=entropy&cs=tinysrgb&fit=max&fm=jpg&ixid=M3w5NDQwMTV8MHwxfHNlYXJjaHw0NTJ8fHdvbWFuJTIwZmFjZSUyMHBvcnRyYWl0fGVufDB8fHx8MTc3ODA2NTI3MHww&ixlib=rb-4.1.0&q=80&w=1080,REAL,Female,36-50
1533,https://images.unsplash.com/photo-1567425601800-c084c6cd374e?crop=entropy&cs=tinysrgb&fit=max&fm=jpg&ixid=M3w5NDQwMTV8MHwxfHNlYXJjaHw0NTN8fHdvbWFuJTIwZmFjZSUyMHBvcnRyYWl0fGVufDB8fHx8MTc3ODA2NTI3MXww&ixlib=rb-4.1.0&q=80&w=1080,REAL,Male,26-35
1534,https://images.unsplash.com/photo-1642658615965-9672a7bbc91b?crop=entropy&cs=tinysrgb&fit=max&fm=jpg&ixid=M3w5NDQwMTV8MHwxfHNlYXJjaHw0NTR8fHdvbWFuJTIwZmFjZSUyMHBvcnRyYWl0fGVufDB8fHx8MTc3ODA2NTI3MXww&ixlib=rb-4.1.0&q=80&w=1080,REAL,Unknown,26-35
1535,https://images.unsplash.com/photo-1631377894885-22b7d88526e9?crop=entropy&cs=tinysrgb&fit=max&fm=jpg&ixid=M3w5NDQwMTV8MHwxfHNlYXJjaHw0NTV8fHdvbWFuJTIwZmFjZSUyMHBvcnRyYWl0fGVufDB8fHx8MTc3ODA2NTI3MXww&ixlib=rb-4.1.0&q=80&w=1080,REAL,Male,26-35
1536,https://images.unsplash.com/photo-1597141716939-18f43b33c8e4?crop=entropy&cs=tinysrgb&fit=max&fm=jpg&ixid=M3w5NDQwMTV8MHwxfHNlYXJjaHw0NTZ8fHdvbWFuJTIwZmFjZSUyMHBvcnRyYWl0fGVufDB8fHx8MTc3ODA2NTI3MXww&ixlib=rb-4.1.0&q=80&w=1080,REAL,Female,26-35
1537,https://images.unsplash.com/photo-1694175454386-8bf459618c0a?crop=entropy&cs=tinysrgb&fit=max&fm=jpg&ixid=M3w5NDQwMTV8MHwxfHNlYXJjaHw0NTd8fHdvbWFuJTIwZmFjZSUyMHBvcnRyYWl0fGVufDB8fHx8MTc3ODA2NTI3MXww&ixlib=rb-4.1.0&q=80&w=1080,REAL,Unknown,26-35
1538,https://images.unsplash.com/photo-1643810630527-d6cde3757382?crop=entropy&cs=tinysrgb&fit=max&fm=jpg&ixid=M3w5NDQwMTV8MHwxfHNlYXJjaHw0NTh8fHdvbWFuJTIwZmFjZSUyMHBvcnRyYWl0fGVufDB8fHx8MTc3ODA2NTI3MXww&ixlib=rb-4.1.0&q=80&w=1080,REAL,Female,36-50
1539,https://images.unsplash.com/photo-1677059793997-2e664e12e9a4?crop=entropy&cs=tinysrgb&fit=max&fm=jpg&ixid=M3w5NDQwMTV8MHwxfHNlYXJjaHw0NTl8fHdvbWFuJTIwZmFjZSUyMHBvcnRyYWl0fGVufDB8fHx8MTc3ODA2NTI3MXww&ixlib=rb-4.1.0&q=80&w=1080,REAL,Male,50+
1540,https://images.unsplash.com/photo-1577361498959-09c12819b105?crop=entropy&cs=tinysrgb&fit=max&fm=jpg&ixid=M3w5NDQwMTV8MHwxfHNlYXJjaHw0NjB8fHdvbWFuJTIwZmFjZSUyMHBvcnRyYWl0fGVufDB8fHx8MTc3ODA2NTI3MXww&ixlib=rb-4.1.0&q=80&w=1080,REAL,Male,18-25
1541,https://images.unsplash.com/photo-1741981961804-825227c06782?crop=entropy&cs=tinysrgb&fit=max&fm=jpg&ixid=M3w5NDQwMTV8MHwxfHNlYXJjaHw0NjF8fHdvbWFuJTIwZmFjZSUyMHBvcnRyYWl0fGVufDB8fHx8MTc3ODA2NTI3MXww&ixlib=rb-4.1.0&q=80&w=1080,REAL,Female,36-50
1542,https://images.unsplash.com/photo-1613626318809-0fb768c88d71?crop=entropy&cs=tinysrgb&fit=max&fm=jpg&ixid=M3w5NDQwMTV8MHwxfHNlYXJjaHw0NjJ8fHdvbWFuJTIwZmFjZSUyMHBvcnRyYWl0fGVufDB8fHx8MTc3ODA2NTI3MXww&ixlib=rb-4.1.0&q=80&w=1080,REAL,Female,36-50
1543,https://images.unsplash.com/photo-1636393915517-3e8eed9b5d88?crop=entropy&cs=tinysrgb&fit=max&fm=jpg&ixid=M3w5NDQwMTV8MHwxfHNlYXJjaHw0NjN8fHdvbWFuJTIwZmFjZSUyMHBvcnRyYWl0fGVufDB8fHx8MTc3ODA2NTI3MXww&ixlib=rb-4.1.0&q=80&w=1080,REAL,Male,18-25
1544,https://images.unsplash.com/photo-1636393915614-60fc2f0634f3?crop=entropy&cs=tinysrgb&fit=max&fm=jpg&ixid=M3w5NDQwMTV8MHwxfHNlYXJjaHw0NjR8fHdvbWFuJTIwZmFjZSUyMHBvcnRyYWl0fGVufDB8fHx8MTc3ODA2NTI3MXww&ixlib=rb-4.1.0&q=80&w=1080,REAL,Unknown,36-50
1545,https://images.unsplash.com/photo-1585606240490-d4a3bf3011a4?crop=entropy&cs=tinysrgb&fit=max&fm=jpg&ixid=M3w5NDQwMTV8MHwxfHNlYXJjaHw0NjV8fHdvbWFuJTIwZmFjZSUyMHBvcnRyYWl0fGVufDB8fHx8MTc3ODA2NTI3MXww&ixlib=rb-4.1.0&q=80&w=1080,REAL,Male,50+
1546,https://images.unsplash.com/photo-1631377307692-36a9b6ae3ef6?crop=entropy&cs=tinysrgb&fit=max&fm=jpg&ixid=M3w5NDQwMTV8MHwxfHNlYXJjaHw0NjZ8fHdvbWFuJTIwZmFjZSUyMHBvcnRyYWl0fGVufDB8fHx8MTc3ODA2NTI3MXww&ixlib=rb-4.1.0&q=80&w=1080,REAL,Female,26-35
1547,https://images.unsplash.com/photo-1631377307475-9acfa929b062?crop=entropy&cs=tinysrgb&fit=max&fm=jpg&ixid=M3w5NDQwMTV8MHwxfHNlYXJjaHw0Njd8fHdvbWFuJTIwZmFjZSUyMHBvcnRyYWl0fGVufDB8fHx8MTc3ODA2NTI3MXww&ixlib=rb-4.1.0&q=80&w=1080,REAL,Unknown,26-35
1548,https://images.unsplash.com/photo-1625586309908-08128c17a6bf?crop=entropy&cs=tinysrgb&fit=max&fm=jpg&ixid=M3w5NDQwMTV8MHwxfHNlYXJjaHw0Njh8fHdvbWFuJTIwZmFjZSUyMHBvcnRyYWl0fGVufDB8fHx8MTc3ODA2NTI3MXww&ixlib=rb-4.1.0&q=80&w=1080,REAL,Female,18-25
1549,https://images.unsplash.com/photo-1661373058793-e0b18bc5dfbb?crop=entropy&cs=tinysrgb&fit=max&fm=jpg&ixid=M3w5NDQwMTV8MHwxfHNlYXJjaHw0Njl8fHdvbWFuJTIwZmFjZSUyMHBvcnRyYWl0fGVufDB8fHx8MTc3ODA2NTI3MXww&ixlib=rb-4.1.0&q=80&w=1080,REAL,Unknown,50+
1550,https://images.unsplash.com/photo-1636670784999-cffd045574a1?crop=entropy&cs=tinysrgb&fit=max&fm=jpg&ixid=M3w5NDQwMTV8MHwxfHNlYXJjaHw0NzB8fHdvbWFuJTIwZmFjZSUyMHBvcnRyYWl0fGVufDB8fHx8MTc3ODA2NTI3MXww&ixlib=rb-4.1.0&q=80&w=1080,REAL,Female,18-25
1551,https://images.unsplash.com/photo-1636393914828-a40812451662?crop=entropy&cs=tinysrgb&fit=max&fm=jpg&ixid=M3w5NDQwMTV8MHwxfHNlYXJjaHw0NzF8fHdvbWFuJTIwZmFjZSUyMHBvcnRyYWl0fGVufDB8fHx8MTc3ODA2NTI3MXww&ixlib=rb-4.1.0&q=80&w=1080,REAL,Unknown,50+
1552,https://images.unsplash.com/photo-1636393915073-331bea6a6397?crop=entropy&cs=tinysrgb&fit=max&fm=jpg&ixid=M3w5NDQwMTV8MHwxfHNlYXJjaHw0NzJ8fHdvbWFuJTIwZmFjZSUyMHBvcnRyYWl0fGVufDB8fHx8MTc3ODA2NTI3MXww&ixlib=rb-4.1.0&q=80&w=1080,REAL,Female,18-25
1553,https://images.unsplash.com/photo-1608017151872-df23088ad870?crop=entropy&cs=tinysrgb&fit=max&fm=jpg&ixid=M3w5NDQwMTV8MHwxfHNlYXJjaHw0NzN8fHdvbWFuJTIwZmFjZSUyMHBvcnRyYWl0fGVufDB8fHx8MTc3ODA2NTI3MXww&ixlib=rb-4.1.0&q=80&w=1080,REAL,Female,36-50
1554,https://images.unsplash.com/photo-1560098332-0455d6f13087?crop=entropy&cs=tinysrgb&fit=max&fm=jpg&ixid=M3w5NDQwMTV8MHwxfHNlYXJjaHw0NzR8fHdvbWFuJTIwZmFjZSUyMHBvcnRyYWl0fGVufDB8fHx8MTc3ODA2NTI3MXww&ixlib=rb-4.1.0&q=80&w=1080,REAL,Male,18-25
1555,https://images.unsplash.com/photo-1636393913936-187da0a372e3?crop=entropy&cs=tinysrgb&fit=max&fm=jpg&ixid=M3w5NDQwMTV8MHwxfHNlYXJjaHw0NzV8fHdvbWFuJTIwZmFjZSUyMHBvcnRyYWl0fGVufDB8fHx8MTc3ODA2NTI3MXww&ixlib=rb-4.1.0&q=80&w=1080,REAL,Female,18-25
1556,https://images.unsplash.com/photo-1618167057384-9418bca2bcc4?crop=entropy&cs=tinysrgb&fit=max&fm=jpg&ixid=M3w5NDQwMTV8MHwxfHNlYXJjaHw0NzZ8fHdvbWFuJTIwZmFjZSUyMHBvcnRyYWl0fGVufDB8fHx8MTc3ODA2NTI3MXww&ixlib=rb-4.1.0&q=80&w=1080,REAL,Female,50+
1557,https://images.unsplash.com/photo-1661373058785-e918e0382753?crop=entropy&cs=tinysrgb&fit=max&fm=jpg&ixid=M3w5NDQwMTV8MHwxfHNlYXJjaHw0Nzd8fHdvbWFuJTIwZmFjZSUyMHBvcnRyYWl0fGVufDB8fHx8MTc3ODA2NTI3MXww&ixlib=rb-4.1.0&q=80&w=1080,REAL,Female,26-35
1558,https://images.unsplash.com/photo-1661373058784-b23037e5dc78?crop=entropy&cs=tinysrgb&fit=max&fm=jpg&ixid=M3w5NDQwMTV8MHwxfHNlYXJjaHw0Nzh8fHdvbWFuJTIwZmFjZSUyMHBvcnRyYWl0fGVufDB8fHx8MTc3ODA2NTI3MXww&ixlib=rb-4.1.0&q=80&w=1080,REAL,Male,50+
1559,https://images.unsplash.com/photo-1639591304226-5cd00ca7c225?crop=entropy&cs=tinysrgb&fit=max&fm=jpg&ixid=M3w5NDQwMTV8MHwxfHNlYXJjaHw0Nzl8fHdvbWFuJTIwZmFjZSUyMHBvcnRyYWl0fGVufDB8fHx8MTc3ODA2NTI3MXww&ixlib=rb-4.1.0&q=80&w=1080,REAL,Male,50+
1560,https://images.unsplash.com/photo-1631377307479-99d966c84eff?crop=entropy&cs=tinysrgb&fit=max&fm=jpg&ixid=M3w5NDQwMTV8MHwxfHNlYXJjaHw0ODB8fHdvbWFuJTIwZmFjZSUyMHBvcnRyYWl0fGVufDB8fHx8MTc3ODA2NTI3MXww&ixlib=rb-4.1.0&q=80&w=1080,REAL,Female,50+
1561,https://images.unsplash.com/photo-1631377894816-1f95828c2fcf?crop=entropy&cs=tinysrgb&fit=max&fm=jpg&ixid=M3w5NDQwMTV8MHwxfHNlYXJjaHw0ODF8fHdvbWFuJTIwZmFjZSUyMHBvcnRyYWl0fGVufDB8fHx8MTc3ODA2NTI3M3ww&ixlib=rb-4.1.0&q=80&w=1080,REAL,Female,26-35
1562,https://images.unsplash.com/photo-1631377894831-46173f7af1f9?crop=entropy&cs=tinysrgb&fit=max&fm=jpg&ixid=M3w5NDQwMTV8MHwxfHNlYXJjaHw0ODJ8fHdvbWFuJTIwZmFjZSUyMHBvcnRyYWl0fGVufDB8fHx8MTc3ODA2NTI3M3ww&ixlib=rb-4.1.0&q=80&w=1080,REAL,Female,50+
1563,https://images.unsplash.com/photo-1631377894840-af533852bf25?crop=entropy&cs=tinysrgb&fit=max&fm=jpg&ixid=M3w5NDQwMTV8MHwxfHNlYXJjaHw0ODN8fHdvbWFuJTIwZmFjZSUyMHBvcnRyYWl0fGVufDB8fHx8MTc3ODA2NTI3M3ww&ixlib=rb-4.1.0&q=80&w=1080,REAL,Unknown,36-50
1564,https://images.unsplash.com/photo-1625690988239-2c59b8b6cd30?crop=entropy&cs=tinysrgb&fit=max&fm=jpg&ixid=M3w5NDQwMTV8MHwxfHNlYXJjaHw0ODR8fHdvbWFuJTIwZmFjZSUyMHBvcnRyYWl0fGVufDB8fHx8MTc3ODA2NTI3M3ww&ixlib=rb-4.1.0&q=80&w=1080,REAL,Female,26-35
1565,https://images.unsplash.com/photo-1646321569851-eb2ae6ddb4c2?crop=entropy&cs=tinysrgb&fit=max&fm=jpg&ixid=M3w5NDQwMTV8MHwxfHNlYXJjaHw0ODV8fHdvbWFuJTIwZmFjZSUyMHBvcnRyYWl0fGVufDB8fHx8MTc3ODA2NTI3M3ww&ixlib=rb-4.1.0&q=80&w=1080,REAL,Female,50+
1566,https://images.unsplash.com/photo-1646321573289-bcdbbd38fb27?crop=entropy&cs=tinysrgb&fit=max&fm=jpg&ixid=M3w5NDQwMTV8MHwxfHNlYXJjaHw0ODZ8fHdvbWFuJTIwZmFjZSUyMHBvcnRyYWl0fGVufDB8fHx8MTc3ODA2NTI3M3ww&ixlib=rb-4.1.0&q=80&w=1080,REAL,Female,18-25
1567,https://images.unsplash.com/photo-1646321568846-31e97ad5b433?crop=entropy&cs=tinysrgb&fit=max&fm=jpg&ixid=M3w5NDQwMTV8MHwxfHNlYXJjaHw0ODd8fHdvbWFuJTIwZmFjZSUyMHBvcnRyYWl0fGVufDB8fHx8MTc3ODA2NTI3M3ww&ixlib=rb-4.1.0&q=80&w=1080,REAL,Unknown,50+
1568,https://images.unsplash.com/photo-1638548097124-be72715e1e87?crop=entropy&cs=tinysrgb&fit=max&fm=jpg&ixid=M3w5NDQwMTV8MHwxfHNlYXJjaHw0ODh8fHdvbWFuJTIwZmFjZSUyMHBvcnRyYWl0fGVufDB8fHx8MTc3ODA2NTI3M3ww&ixlib=rb-4.1.0&q=80&w=1080,REAL,Male,50+
1569,https://images.unsplash.com/photo-1635788500329-b9f0772d469d?crop=entropy&cs=tinysrgb&fit=max&fm=jpg&ixid=M3w5NDQwMTV8MHwxfHNlYXJjaHw0ODl8fHdvbWFuJTIwZmFjZSUyMHBvcnRyYWl0fGVufDB8fHx8MTc3ODA2NTI3M3ww&ixlib=rb-4.1.0&q=80&w=1080,REAL,Male,50+
1570,https://images.unsplash.com/photo-1625391461314-0f48f55bd5b9?crop=entropy&cs=tinysrgb&fit=max&fm=jpg&ixid=M3w5NDQwMTV8MHwxfHNlYXJjaHw0OTB8fHdvbWFuJTIwZmFjZSUyMHBvcnRyYWl0fGVufDB8fHx8MTc3ODA2NTI3M3ww&ixlib=rb-4.1.0&q=80&w=1080,REAL,Male,50+
1571,https://images.unsplash.com/photo-1625586308721-0d06381f33ec?crop=entropy&cs=tinysrgb&fit=max&fm=jpg&ixid=M3w5NDQwMTV8MHwxfHNlYXJjaHw0OTF8fHdvbWFuJTIwZmFjZSUyMHBvcnRyYWl0fGVufDB8fHx8MTc3ODA2NTI3M3ww&ixlib=rb-4.1.0&q=80&w=1080,REAL,Female,50+
1572,https://images.unsplash.com/photo-1631377307530-392c36687eb7?crop=entropy&cs=tinysrgb&fit=max&fm=jpg&ixid=M3w5NDQwMTV8MHwxfHNlYXJjaHw0OTJ8fHdvbWFuJTIwZmFjZSUyMHBvcnRyYWl0fGVufDB8fHx8MTc3ODA2NTI3M3ww&ixlib=rb-4.1.0&q=80&w=1080,REAL,Male,50+
1573,https://images.unsplash.com/photo-1612999590549-978cfde66b66?crop=entropy&cs=tinysrgb&fit=max&fm=jpg&ixid=M3w5NDQwMTV8MHwxfHNlYXJjaHw0OTN8fHdvbWFuJTIwZmFjZSUyMHBvcnRyYWl0fGVufDB8fHx8MTc3ODA2NTI3M3ww&ixlib=rb-4.1.0&q=80&w=1080,REAL,Unknown,18-25
1574,https://images.unsplash.com/photo-1674451540483-ad20745dc661?crop=entropy&cs=tinysrgb&fit=max&fm=jpg&ixid=M3w5NDQwMTV8MHwxfHNlYXJjaHw0OTR8fHdvbWFuJTIwZmFjZSUyMHBvcnRyYWl0fGVufDB8fHx8MTc3ODA2NTI3M3ww&ixlib=rb-4.1.0&q=80&w=1080,REAL,Male,50+
1575,https://images.unsplash.com/photo-1613239077413-54b5c39cf191?crop=entropy&cs=tinysrgb&fit=max&fm=jpg&ixid=M3w5NDQwMTV8MHwxfHNlYXJjaHw0OTV8fHdvbWFuJTIwZmFjZSUyMHBvcnRyYWl0fGVufDB8fHx8MTc3ODA2NTI3M3ww&ixlib=rb-4.1.0&q=80&w=1080,REAL,Male,50+
1576,https://images.unsplash.com/photo-1678700266327-8959be9622fd?crop=entropy&cs=tinysrgb&fit=max&fm=jpg&ixid=M3w5NDQwMTV8MHwxfHNlYXJjaHw0OTZ8fHdvbWFuJTIwZmFjZSUyMHBvcnRyYWl0fGVufDB8fHx8MTc3ODA2NTI3M3ww&ixlib=rb-4.1.0&q=80&w=1080,REAL,Female,50+
1577,https://images.unsplash.com/photo-1646321570817-c22def764421?crop=entropy&cs=tinysrgb&fit=max&fm=jpg&ixid=M3w5NDQwMTV8MHwxfHNlYXJjaHw0OTd8fHdvbWFuJTIwZmFjZSUyMHBvcnRyYWl0fGVufDB8fHx8MTc3ODA2NTI3M3ww&ixlib=rb-4.1.0&q=80&w=1080,REAL,Female,26-35
1578,https://images.unsplash.com/photo-1617397303021-f68bae9f29d6?crop=entropy&cs=tinysrgb&fit=max&fm=jpg&ixid=M3w5NDQwMTV8MHwxfHNlYXJjaHw0OTh8fHdvbWFuJTIwZmFjZSUyMHBvcnRyYWl0fGVufDB8fHx8MTc3ODA2NTI3M3ww&ixlib=rb-4.1.0&q=80&w=1080,REAL,Female,18-25
1579,https://images.unsplash.com/photo-1653242411430-1c2583623cc4?crop=entropy&cs=tinysrgb&fit=max&fm=jpg&ixid=M3w5NDQwMTV8MHwxfHNlYXJjaHw0OTl8fHdvbWFuJTIwZmFjZSUyMHBvcnRyYWl0fGVufDB8fHx8MTc3ODA2NTI3M3ww&ixlib=rb-4.1.0&q=80&w=1080,REAL,Unknown,36-50
1580,https://images.unsplash.com/photo-1653157891874-74480ebd9a38?crop=entropy&cs=tinysrgb&fit=max&fm=jpg&ixid=M3w5NDQwMTV8MHwxfHNlYXJjaHw1MDB8fHdvbWFuJTIwZmFjZSUyMHBvcnRyYWl0fGVufDB8fHx8MTc3ODA2NTI3M3ww&ixlib=rb-4.1.0&q=80&w=1080,REAL,Male,36-50
1581,https://images.unsplash.com/photo-1663670761152-3b9f3edfdefc?crop=entropy&cs=tinysrgb&fit=max&fm=jpg&ixid=M3w5NDQwMTV8MHwxfHNlYXJjaHw1MDF8fHdvbWFuJTIwZmFjZSUyMHBvcnRyYWl0fGVufDB8fHx8MTc3ODA2NTI3M3ww&ixlib=rb-4.1.0&q=80&w=1080,REAL,Male,36-50
1582,https://images.unsplash.com/photo-1610629390566-7bd6bfbb3203?crop=entropy&cs=tinysrgb&fit=max&fm=jpg&ixid=M3w5NDQwMTV8MHwxfHNlYXJjaHw1MDJ8fHdvbWFuJTIwZmFjZSUyMHBvcnRyYWl0fGVufDB8fHx8MTc3ODA2NTI3M3ww&ixlib=rb-4.1.0&q=80&w=1080,REAL,Unknown,18-25
1583,https://images.unsplash.com/photo-1616435194454-7bf04637fefd?crop=entropy&cs=tinysrgb&fit=max&fm=jpg&ixid=M3w5NDQwMTV8MHwxfHNlYXJjaHw1MDN8fHdvbWFuJTIwZmFjZSUyMHBvcnRyYWl0fGVufDB8fHx8MTc3ODA2NTI3M3ww&ixlib=rb-4.1.0&q=80&w=1080,REAL,Female,50+
1584,https://images.unsplash.com/photo-1671653656341-9a9f40051e41?crop=entropy&cs=tinysrgb&fit=max&fm=jpg&ixid=M3w5NDQwMTV8MHwxfHNlYXJjaHw1MDR8fHdvbWFuJTIwZmFjZSUyMHBvcnRyYWl0fGVufDB8fHx8MTc3ODA2NTI3M3ww&ixlib=rb-4.1.0&q=80&w=1080,REAL,Male,50+
1585,https://images.unsplash.com/photo-1618297817149-d703265028b8?crop=entropy&cs=tinysrgb&fit=max&fm=jpg&ixid=M3w5NDQwMTV8MHwxfHNlYXJjaHw1MDV8fHdvbWFuJTIwZmFjZSUyMHBvcnRyYWl0fGVufDB8fHx8MTc3ODA2NTI3M3ww&ixlib=rb-4.1.0&q=80&w=1080,REAL,Female,26-35
1586,https://images.unsplash.com/photo-1631346543932-ce110c10dbec?crop=entropy&cs=tinysrgb&fit=max&fm=jpg&ixid=M3w5NDQwMTV8MHwxfHNlYXJjaHw1MDZ8fHdvbWFuJTIwZmFjZSUyMHBvcnRyYWl0fGVufDB8fHx8MTc3ODA2NTI3M3ww&ixlib=rb-4.1.0&q=80&w=1080,REAL,Unknown,36-50
1587,https://images.unsplash.com/photo-1642734146385-dd2681a2580e?crop=entropy&cs=tinysrgb&fit=max&fm=jpg&ixid=M3w5NDQwMTV8MHwxfHNlYXJjaHw1MDd8fHdvbWFuJTIwZmFjZSUyMHBvcnRyYWl0fGVufDB8fHx8MTc3ODA2NTI3M3ww&ixlib=rb-4.1.0&q=80&w=1080,REAL,Female,18-25
1588,https://images.unsplash.com/photo-1681296115470-cafb5874604d?crop=entropy&cs=tinysrgb&fit=max&fm=jpg&ixid=M3w5NDQwMTV8MHwxfHNlYXJjaHw1MDh8fHdvbWFuJTIwZmFjZSUyMHBvcnRyYWl0fGVufDB8fHx8MTc3ODA2NTI3M3ww&ixlib=rb-4.1.0&q=80&w=1080,REAL,Female,18-25
1589,https://images.unsplash.com/photo-1656610193520-95d42a99c451?crop=entropy&cs=tinysrgb&fit=max&fm=jpg&ixid=M3w5NDQwMTV8MHwxfHNlYXJjaHw1MDl8fHdvbWFuJTIwZmFjZSUyMHBvcnRyYWl0fGVufDB8fHx8MTc3ODA2NTI3M3ww&ixlib=rb-4.1.0&q=80&w=1080,REAL,Unknown,26-35
1590,https://images.unsplash.com/photo-1635788500697-05076fcaf2a7?crop=entropy&cs=tinysrgb&fit=max&fm=jpg&ixid=M3w5NDQwMTV8MHwxfHNlYXJjaHw1MTB8fHdvbWFuJTIwZmFjZSUyMHBvcnRyYWl0fGVufDB8fHx8MTc3ODA2NTI3M3ww&ixlib=rb-4.1.0&q=80&w=1080,REAL,Male,50+
1591,https://images.unsplash.com/photo-1630436568918-db54dff79c9a?crop=entropy&cs=tinysrgb&fit=max&fm=jpg&ixid=M3w5NDQwMTV8MHwxfHNlYXJjaHw1MTF8fHdvbWFuJTIwZmFjZSUyMHBvcnRyYWl0fGVufDB8fHx8MTc3ODA2NTI3NHww&ixlib=rb-4.1.0&q=80&w=1080,REAL,Unknown,36-50
1592,https://images.unsplash.com/photo-1679950819126-e731a2b00d2c?crop=entropy&cs=tinysrgb&fit=max&fm=jpg&ixid=M3w5NDQwMTV8MHwxfHNlYXJjaHw1MTJ8fHdvbWFuJTIwZmFjZSUyMHBvcnRyYWl0fGVufDB8fHx8MTc3ODA2NTI3NHww&ixlib=rb-4.1.0&q=80&w=1080,REAL,Unknown,36-50
1593,https://images.unsplash.com/photo-1679950819164-4c7564710346?crop=entropy&cs=tinysrgb&fit=max&fm=jpg&ixid=M3w5NDQwMTV8MHwxfHNlYXJjaHw1MTN8fHdvbWFuJTIwZmFjZSUyMHBvcnRyYWl0fGVufDB8fHx8MTc3ODA2NTI3NHww&ixlib=rb-4.1.0&q=80&w=1080,REAL,Male,36-50
1594,https://images.unsplash.com/photo-1755332172411-cb42f4da5065?crop=entropy&cs=tinysrgb&fit=max&fm=jpg&ixid=M3w5NDQwMTV8MHwxfHNlYXJjaHw1MTR8fHdvbWFuJTIwZmFjZSUyMHBvcnRyYWl0fGVufDB8fHx8MTc3ODA2NTI3NHww&ixlib=rb-4.1.0&q=80&w=1080,REAL,Female,18-25
1595,https://images.unsplash.com/photo-1653157908299-6ad3dbd91b45?crop=entropy&cs=tinysrgb&fit=max&fm=jpg&ixid=M3w5NDQwMTV8MHwxfHNlYXJjaHw1MTV8fHdvbWFuJTIwZmFjZSUyMHBvcnRyYWl0fGVufDB8fHx8MTc3ODA2NTI3NHww&ixlib=rb-4.1.0&q=80&w=1080,REAL,Unknown,36-50
1596,https://images.unsplash.com/photo-1710301496719-11d44e51dbe3?crop=entropy&cs=tinysrgb&fit=max&fm=jpg&ixid=M3w5NDQwMTV8MHwxfHNlYXJjaHw1MTZ8fHdvbWFuJTIwZmFjZSUyMHBvcnRyYWl0fGVufDB8fHx8MTc3ODA2NTI3NHww&ixlib=rb-4.1.0&q=80&w=1080,REAL,Male,18-25
1597,https://images.unsplash.com/photo-1635788020504-8d1185f4daa1?crop=entropy&cs=tinysrgb&fit=max&fm=jpg&ixid=M3w5NDQwMTV8MHwxfHNlYXJjaHw1MTd8fHdvbWFuJTIwZmFjZSUyMHBvcnRyYWl0fGVufDB8fHx8MTc3ODA2NTI3NHww&ixlib=rb-4.1.0&q=80&w=1080,REAL,Male,26-35
1598,https://images.unsplash.com/photo-1631346543786-860da970da43?crop=entropy&cs=tinysrgb&fit=max&fm=jpg&ixid=M3w5NDQwMTV8MHwxfHNlYXJjaHw1MTh8fHdvbWFuJTIwZmFjZSUyMHBvcnRyYWl0fGVufDB8fHx8MTc3ODA2NTI3NHww&ixlib=rb-4.1.0&q=80&w=1080,REAL,Unknown,18-25
1599,https://images.unsplash.com/photo-1642733647722-381ebccfa837?crop=entropy&cs=tinysrgb&fit=max&fm=jpg&ixid=M3w5NDQwMTV8MHwxfHNlYXJjaHw1MTl8fHdvbWFuJTIwZmFjZSUyMHBvcnRyYWl0fGVufDB8fHx8MTc3ODA2NTI3NHww&ixlib=rb-4.1.0&q=80&w=1080,REAL,Unknown,36-50
1600,https://images.unsplash.com/photo-1642737491423-f45d826d0965?crop=entropy&cs=tinysrgb&fit=max&fm=jpg&ixid=M3w5NDQwMTV8MHwxfHNlYXJjaHw1MjB8fHdvbWFuJTIwZmFjZSUyMHBvcnRyYWl0fGVufDB8fHx8MTc3ODA2NTI3NHww&ixlib=rb-4.1.0&q=80&w=1080,REAL,Unknown,36-50
1601,https://images.unsplash.com/photo-1617329763497-a77e1dccda5c?crop=entropy&cs=tinysrgb&fit=max&fm=jpg&ixid=M3w5NDQwMTV8MHwxfHNlYXJjaHw1MjF8fHdvbWFuJTIwZmFjZSUyMHBvcnRyYWl0fGVufDB8fHx8MTc3ODA2NTI3NHww&ixlib=rb-4.1.0&q=80&w=1080,REAL,Male,18-25
1602,https://images.unsplash.com/photo-1623853434105-8e7a72898180?crop=entropy&cs=tinysrgb&fit=max&fm=jpg&ixid=M3w5NDQwMTV8MHwxfHNlYXJjaHw1MjJ8fHdvbWFuJTIwZmFjZSUyMHBvcnRyYWl0fGVufDB8fHx8MTc3ODA2NTI3NHww&ixlib=rb-4.1.0&q=80&w=1080,REAL,Male,50+
1603,https://images.unsplash.com/photo-1623410357547-e8b1b638b568?crop=entropy&cs=tinysrgb&fit=max&fm=jpg&ixid=M3w5NDQwMTV8MHwxfHNlYXJjaHw1MjN8fHdvbWFuJTIwZmFjZSUyMHBvcnRyYWl0fGVufDB8fHx8MTc3ODA2NTI3NHww&ixlib=rb-4.1.0&q=80&w=1080,REAL,Male,50+
1604,https://images.unsplash.com/photo-1628269283240-b799ea2a772a?crop=entropy&cs=tinysrgb&fit=max&fm=jpg&ixid=M3w5NDQwMTV8MHwxfHNlYXJjaHw1MjR8fHdvbWFuJTIwZmFjZSUyMHBvcnRyYWl0fGVufDB8fHx8MTc3ODA2NTI3NHww&ixlib=rb-4.1.0&q=80&w=1080,REAL,Female,18-25
1605,https://images.unsplash.com/photo-1653242411111-272c44764e18?crop=entropy&cs=tinysrgb&fit=max&fm=jpg&ixid=M3w5NDQwMTV8MHwxfHNlYXJjaHw1MjV8fHdvbWFuJTIwZmFjZSUyMHBvcnRyYWl0fGVufDB8fHx8MTc3ODA2NTI3NHww&ixlib=rb-4.1.0&q=80&w=1080,REAL,Male,26-35
1606,https://images.unsplash.com/photo-1619434531375-a71d54ae1956?crop=entropy&cs=tinysrgb&fit=max&fm=jpg&ixid=M3w5NDQwMTV8MHwxfHNlYXJjaHw1MjZ8fHdvbWFuJTIwZmFjZSUyMHBvcnRyYWl0fGVufDB8fHx8MTc3ODA2NTI3NHww&ixlib=rb-4.1.0&q=80&w=1080,REAL,Male,36-50
1607,https://images.unsplash.com/photo-1641604100683-419d351be96b?crop=entropy&cs=tinysrgb&fit=max&fm=jpg&ixid=M3w5NDQwMTV8MHwxfHNlYXJjaHw1Mjd8fHdvbWFuJTIwZmFjZSUyMHBvcnRyYWl0fGVufDB8fHx8MTc3ODA2NTI3NHww&ixlib=rb-4.1.0&q=80&w=1080,REAL,Unknown,36-50
1608,https://images.unsplash.com/photo-1755332172378-c694a4fafe6a?crop=entropy&cs=tinysrgb&fit=max&fm=jpg&ixid=M3w5NDQwMTV8MHwxfHNlYXJjaHw1Mjh8fHdvbWFuJTIwZmFjZSUyMHBvcnRyYWl0fGVufDB8fHx8MTc3ODA2NTI3NHww&ixlib=rb-4.1.0&q=80&w=1080,REAL,Female,18-25
1609,https://images.unsplash.com/photo-1583822419264-f405c079a27c?crop=entropy&cs=tinysrgb&fit=max&fm=jpg&ixid=M3w5NDQwMTV8MHwxfHNlYXJjaHw1Mjl8fHdvbWFuJTIwZmFjZSUyMHBvcnRyYWl0fGVufDB8fHx8MTc3ODA2NTI3NHww&ixlib=rb-4.1.0&q=80&w=1080,REAL,Female,36-50
1610,https://images.unsplash.com/photo-1616432411727-377cc06fdd7c?crop=entropy&cs=tinysrgb&fit=max&fm=jpg&ixid=M3w5NDQwMTV8MHwxfHNlYXJjaHw1MzB8fHdvbWFuJTIwZmFjZSUyMHBvcnRyYWl0fGVufDB8fHx8MTc3ODA2NTI3NHww&ixlib=rb-4.1.0&q=80&w=1080,REAL,Unknown,50+
1611,https://images.unsplash.com/photo-1593882376093-789408f90746?crop=entropy&cs=tinysrgb&fit=max&fm=jpg&ixid=M3w5NDQwMTV8MHwxfHNlYXJjaHw1MzF8fHdvbWFuJTIwZmFjZSUyMHBvcnRyYWl0fGVufDB8fHx8MTc3ODA2NTI3NHww&ixlib=rb-4.1.0&q=80&w=1080,REAL,Female,36-50
1612,https://images.unsplash.com/photo-1770409102621-cfa7af748dd9?crop=entropy&cs=tinysrgb&fit=max&fm=jpg&ixid=M3w5NDQwMTV8MHwxfHNlYXJjaHw1MzJ8fHdvbWFuJTIwZmFjZSUyMHBvcnRyYWl0fGVufDB8fHx8MTc3ODA2NTI3NHww&ixlib=rb-4.1.0&q=80&w=1080,REAL,Unknown,50+
1613,https://images.unsplash.com/photo-1591727884968-cc11135a19b3?crop=entropy&cs=tinysrgb&fit=max&fm=jpg&ixid=M3w5NDQwMTV8MHwxfHNlYXJjaHw1MzN8fHdvbWFuJTIwZmFjZSUyMHBvcnRyYWl0fGVufDB8fHx8MTc3ODA2NTI3NHww&ixlib=rb-4.1.0&q=80&w=1080,REAL,Male,50+
1614,https://images.unsplash.com/photo-1586246698829-4258572d1e76?crop=entropy&cs=tinysrgb&fit=max&fm=jpg&ixid=M3w5NDQwMTV8MHwxfHNlYXJjaHw1MzR8fHdvbWFuJTIwZmFjZSUyMHBvcnRyYWl0fGVufDB8fHx8MTc3ODA2NTI3NHww&ixlib=rb-4.1.0&q=80&w=1080,REAL,Female,36-50
1615,https://images.unsplash.com/photo-1759360569713-b3bde2451ee8?crop=entropy&cs=tinysrgb&fit=max&fm=jpg&ixid=M3w5NDQwMTV8MHwxfHNlYXJjaHw1MzV8fHdvbWFuJTIwZmFjZSUyMHBvcnRyYWl0fGVufDB8fHx8MTc3ODA2NTI3NHww&ixlib=rb-4.1.0&q=80&w=1080,REAL,Female,36-50
1616,https://images.unsplash.com/photo-1700317440795-4f52d9364783?crop=entropy&cs=tinysrgb&fit=max&fm=jpg&ixid=M3w5NDQwMTV8MHwxfHNlYXJjaHw1MzZ8fHdvbWFuJTIwZmFjZSUyMHBvcnRyYWl0fGVufDB8fHx8MTc3ODA2NTI3NHww&ixlib=rb-4.1.0&q=80&w=1080,REAL,Female,50+
1617,https://images.unsplash.com/photo-1617457204897-91034442a08c?crop=entropy&cs=tinysrgb&fit=max&fm=jpg&ixid=M3w5NDQwMTV8MHwxfHNlYXJjaHw1Mzd8fHdvbWFuJTIwZmFjZSUyMHBvcnRyYWl0fGVufDB8fHx8MTc3ODA2NTI3NHww&ixlib=rb-4.1.0&q=80&w=1080,REAL,Male,50+
1618,https://images.unsplash.com/photo-1650750587846-ce598544ff4a?crop=entropy&cs=tinysrgb&fit=max&fm=jpg&ixid=M3w5NDQwMTV8MHwxfHNlYXJjaHw1Mzh8fHdvbWFuJTIwZmFjZSUyMHBvcnRyYWl0fGVufDB8fHx8MTc3ODA2NTI3NHww&ixlib=rb-4.1.0&q=80&w=1080,REAL,Female,26-35
1619,https://images.unsplash.com/photo-1653512488943-5c74e0dfc715?crop=entropy&cs=tinysrgb&fit=max&fm=jpg&ixid=M3w5NDQwMTV8MHwxfHNlYXJjaHw1Mzl8fHdvbWFuJTIwZmFjZSUyMHBvcnRyYWl0fGVufDB8fHx8MTc3ODA2NTI3NHww&ixlib=rb-4.1.0&q=80&w=1080,REAL,Male,26-35
1620,https://images.unsplash.com/photo-1585049302925-b8042ef6f261?crop=entropy&cs=tinysrgb&fit=max&fm=jpg&ixid=M3w5NDQwMTV8MHwxfHNlYXJjaHw1NDB8fHdvbWFuJTIwZmFjZSUyMHBvcnRyYWl0fGVufDB8fHx8MTc3ODA2NTI3NHww&ixlib=rb-4.1.0&q=80&w=1080,REAL,Female,36-50
1621,https://images.unsplash.com/photo-1575632312417-71da8ed4992d?crop=entropy&cs=tinysrgb&fit=max&fm=jpg&ixid=M3w5NDQwMTV8MHwxfHNlYXJjaHw1NDF8fHdvbWFuJTIwZmFjZSUyMHBvcnRyYWl0fGVufDB8fHx8MTc3ODA2NTI3Nnww&ixlib=rb-4.1.0&q=80&w=1080,REAL,Male,36-50
1622,https://images.unsplash.com/photo-1697822878427-e604c2f2edf6?crop=entropy&cs=tinysrgb&fit=max&fm=jpg&ixid=M3w5NDQwMTV8MHwxfHNlYXJjaHw1NDJ8fHdvbWFuJTIwZmFjZSUyMHBvcnRyYWl0fGVufDB8fHx8MTc3ODA2NTI3Nnww&ixlib=rb-4.1.0&q=80&w=1080,REAL,Unknown,18-25
1623,https://images.unsplash.com/photo-1591169267781-c13544606703?crop=entropy&cs=tinysrgb&fit=max&fm=jpg&ixid=M3w5NDQwMTV8MHwxfHNlYXJjaHw1NDN8fHdvbWFuJTIwZmFjZSUyMHBvcnRyYWl0fGVufDB8fHx8MTc3ODA2NTI3Nnww&ixlib=rb-4.1.0&q=80&w=1080,REAL,Unknown,36-50
1624,https://images.unsplash.com/photo-1700317440755-75d1fddcd219?crop=entropy&cs=tinysrgb&fit=max&fm=jpg&ixid=M3w5NDQwMTV8MHwxfHNlYXJjaHw1NDR8fHdvbWFuJTIwZmFjZSUyMHBvcnRyYWl0fGVufDB8fHx8MTc3ODA2NTI3Nnww&ixlib=rb-4.1.0&q=80&w=1080,REAL,Male,36-50
1625,https://images.unsplash.com/photo-1700317440743-ffe7b2134276?crop=entropy&cs=tinysrgb&fit=max&fm=jpg&ixid=M3w5NDQwMTV8MHwxfHNlYXJjaHw1NDV8fHdvbWFuJTIwZmFjZSUyMHBvcnRyYWl0fGVufDB8fHx8MTc3ODA2NTI3Nnww&ixlib=rb-4.1.0&q=80&w=1080,REAL,Male,18-25
1626,https://images.unsplash.com/photo-1697823084396-de5a371d1e9f?crop=entropy&cs=tinysrgb&fit=max&fm=jpg&ixid=M3w5NDQwMTV8MHwxfHNlYXJjaHw1NDZ8fHdvbWFuJTIwZmFjZSUyMHBvcnRyYWl0fGVufDB8fHx8MTc3ODA2NTI3Nnww&ixlib=rb-4.1.0&q=80&w=1080,REAL,Unknown,50+
1627,https://images.unsplash.com/photo-1590144812888-c9a3dd8cb790?crop=entropy&cs=tinysrgb&fit=max&fm=jpg&ixid=M3w5NDQwMTV8MHwxfHNlYXJjaHw1NDd8fHdvbWFuJTIwZmFjZSUyMHBvcnRyYWl0fGVufDB8fHx8MTc3ODA2NTI3Nnww&ixlib=rb-4.1.0&q=80&w=1080,REAL,Unknown,50+
1628,https://images.unsplash.com/photo-1585980658562-dc05a72b5820?crop=entropy&cs=tinysrgb&fit=max&fm=jpg&ixid=M3w5NDQwMTV8MHwxfHNlYXJjaHw1NDh8fHdvbWFuJTIwZmFjZSUyMHBvcnRyYWl0fGVufDB8fHx8MTc3ODA2NTI3Nnww&ixlib=rb-4.1.0&q=80&w=1080,REAL,Unknown,18-25
1629,https://images.unsplash.com/photo-1648580458641-f0c1775aa10f?crop=entropy&cs=tinysrgb&fit=max&fm=jpg&ixid=M3w5NDQwMTV8MHwxfHNlYXJjaHw1NDl8fHdvbWFuJTIwZmFjZSUyMHBvcnRyYWl0fGVufDB8fHx8MTc3ODA2NTI3Nnww&ixlib=rb-4.1.0&q=80&w=1080,REAL,Female,26-35
1630,https://images.unsplash.com/photo-1613909990461-af406235e098?crop=entropy&cs=tinysrgb&fit=max&fm=jpg&ixid=M3w5NDQwMTV8MHwxfHNlYXJjaHw1NTB8fHdvbWFuJTIwZmFjZSUyMHBvcnRyYWl0fGVufDB8fHx8MTc3ODA2NTI3Nnww&ixlib=rb-4.1.0&q=80&w=1080,REAL,Female,50+
1631,https://images.unsplash.com/photo-1620916118276-77fd7ba727a0?crop=entropy&cs=tinysrgb&fit=max&fm=jpg&ixid=M3w5NDQwMTV8MHwxfHNlYXJjaHw1NTF8fHdvbWFuJTIwZmFjZSUyMHBvcnRyYWl0fGVufDB8fHx8MTc3ODA2NTI3Nnww&ixlib=rb-4.1.0&q=80&w=1080,REAL,Male,36-50
1632,https://images.unsplash.com/photo-1615222873471-525d7f4f9b76?crop=entropy&cs=tinysrgb&fit=max&fm=jpg&ixid=M3w5NDQwMTV8MHwxfHNlYXJjaHw1NTJ8fHdvbWFuJTIwZmFjZSUyMHBvcnRyYWl0fGVufDB8fHx8MTc3ODA2NTI3Nnww&ixlib=rb-4.1.0&q=80&w=1080,REAL,Unknown,26-35
1633,https://images.unsplash.com/photo-1706022298109-633a3fdd7777?crop=entropy&cs=tinysrgb&fit=max&fm=jpg&ixid=M3w5NDQwMTV8MHwxfHNlYXJjaHw1NTN8fHdvbWFuJTIwZmFjZSUyMHBvcnRyYWl0fGVufDB8fHx8MTc3ODA2NTI3Nnww&ixlib=rb-4.1.0&q=80&w=1080,REAL,Female,26-35
1634,https://images.unsplash.com/photo-1678700266329-0f759ade138d?crop=entropy&cs=tinysrgb&fit=max&fm=jpg&ixid=M3w5NDQwMTV8MHwxfHNlYXJjaHw1NTR8fHdvbWFuJTIwZmFjZSUyMHBvcnRyYWl0fGVufDB8fHx8MTc3ODA2NTI3Nnww&ixlib=rb-4.1.0&q=80&w=1080,REAL,Male,50+
1635,https://images.unsplash.com/photo-1671741858095-f94c7785034d?crop=entropy&cs=tinysrgb&fit=max&fm=jpg&ixid=M3w5NDQwMTV8MHwxfHNlYXJjaHw1NTV8fHdvbWFuJTIwZmFjZSUyMHBvcnRyYWl0fGVufDB8fHx8MTc3ODA2NTI3Nnww&ixlib=rb-4.1.0&q=80&w=1080,REAL,Male,18-25
1636,https://images.unsplash.com/photo-1628876952472-6acfde923caf?crop=entropy&cs=tinysrgb&fit=max&fm=jpg&ixid=M3w5NDQwMTV8MHwxfHNlYXJjaHw1NTZ8fHdvbWFuJTIwZmFjZSUyMHBvcnRyYWl0fGVufDB8fHx8MTc3ODA2NTI3Nnww&ixlib=rb-4.1.0&q=80&w=1080,REAL,Male,50+
1637,https://images.unsplash.com/photo-1647969539749-edae0467472b?crop=entropy&cs=tinysrgb&fit=max&fm=jpg&ixid=M3w5NDQwMTV8MHwxfHNlYXJjaHw1NTd8fHdvbWFuJTIwZmFjZSUyMHBvcnRyYWl0fGVufDB8fHx8MTc3ODA2NTI3Nnww&ixlib=rb-4.1.0&q=80&w=1080,REAL,Male,18-25
1638,https://images.unsplash.com/photo-1619118700545-813abbd986a5?crop=entropy&cs=tinysrgb&fit=max&fm=jpg&ixid=M3w5NDQwMTV8MHwxfHNlYXJjaHw1NTh8fHdvbWFuJTIwZmFjZSUyMHBvcnRyYWl0fGVufDB8fHx8MTc3ODA2NTI3Nnww&ixlib=rb-4.1.0&q=80&w=1080,REAL,Unknown,26-35
1639,https://images.unsplash.com/photo-1558085771-2f289f56cccd?crop=entropy&cs=tinysrgb&fit=max&fm=jpg&ixid=M3w5NDQwMTV8MHwxfHNlYXJjaHw1NTl8fHdvbWFuJTIwZmFjZSUyMHBvcnRyYWl0fGVufDB8fHx8MTc3ODA2NTI3Nnww&ixlib=rb-4.1.0&q=80&w=1080,REAL,Unknown,18-25
1640,https://images.unsplash.com/photo-1671741928841-f93422a51e6c?crop=entropy&cs=tinysrgb&fit=max&fm=jpg&ixid=M3w5NDQwMTV8MHwxfHNlYXJjaHw1NjB8fHdvbWFuJTIwZmFjZSUyMHBvcnRyYWl0fGVufDB8fHx8MTc3ODA2NTI3Nnww&ixlib=rb-4.1.0&q=80&w=1080,REAL,Female,18-25
1641,https://images.unsplash.com/photo-1671741904756-de5691862eb3?crop=entropy&cs=tinysrgb&fit=max&fm=jpg&ixid=M3w5NDQwMTV8MHwxfHNlYXJjaHw1NjF8fHdvbWFuJTIwZmFjZSUyMHBvcnRyYWl0fGVufDB8fHx8MTc3ODA2NTI3Nnww&ixlib=rb-4.1.0&q=80&w=1080,REAL,Female,36-50
1642,https://images.unsplash.com/photo-1755872237344-238656a760ef?crop=entropy&cs=tinysrgb&fit=max&fm=jpg&ixid=M3w5NDQwMTV8MHwxfHNlYXJjaHw1NjJ8fHdvbWFuJTIwZmFjZSUyMHBvcnRyYWl0fGVufDB8fHx8MTc3ODA2NTI3Nnww&ixlib=rb-4.1.0&q=80&w=1080,REAL,Male,36-50
1643,https://images.unsplash.com/photo-1671741877496-62ce6af1307b?crop=entropy&cs=tinysrgb&fit=max&fm=jpg&ixid=M3w5NDQwMTV8MHwxfHNlYXJjaHw1NjN8fHdvbWFuJTIwZmFjZSUyMHBvcnRyYWl0fGVufDB8fHx8MTc3ODA2NTI3Nnww&ixlib=rb-4.1.0&q=80&w=1080,REAL,Male,50+
1644,https://images.unsplash.com/photo-1671741940005-1200800ca5fd?crop=entropy&cs=tinysrgb&fit=max&fm=jpg&ixid=M3w5NDQwMTV8MHwxfHNlYXJjaHw1NjR8fHdvbWFuJTIwZmFjZSUyMHBvcnRyYWl0fGVufDB8fHx8MTc3ODA2NTI3Nnww&ixlib=rb-4.1.0&q=80&w=1080,REAL,Male,50+
1645,https://images.unsplash.com/photo-1671741917046-2e5df06e9492?crop=entropy&cs=tinysrgb&fit=max&fm=jpg&ixid=M3w5NDQwMTV8MHwxfHNlYXJjaHw1NjV8fHdvbWFuJTIwZmFjZSUyMHBvcnRyYWl0fGVufDB8fHx8MTc3ODA2NTI3Nnww&ixlib=rb-4.1.0&q=80&w=1080,REAL,Male,26-35
1646,https://images.unsplash.com/photo-1761026970013-63406f84ed03?crop=entropy&cs=tinysrgb&fit=max&fm=jpg&ixid=M3w5NDQwMTV8MHwxfHNlYXJjaHw1NjZ8fHdvbWFuJTIwZmFjZSUyMHBvcnRyYWl0fGVufDB8fHx8MTc3ODA2NTI3Nnww&ixlib=rb-4.1.0&q=80&w=1080,REAL,Unknown,18-25
1647,https://images.unsplash.com/photo-1614001313538-00f2026a248b?crop=entropy&cs=tinysrgb&fit=max&fm=jpg&ixid=M3w5NDQwMTV8MHwxfHNlYXJjaHw1Njd8fHdvbWFuJTIwZmFjZSUyMHBvcnRyYWl0fGVufDB8fHx8MTc3ODA2NTI3Nnww&ixlib=rb-4.1.0&q=80&w=1080,REAL,Unknown,18-25
1648,https://images.unsplash.com/photo-1674932668403-33398b81c92f?crop=entropy&cs=tinysrgb&fit=max&fm=jpg&ixid=M3w5NDQwMTV8MHwxfHNlYXJjaHw1Njh8fHdvbWFuJTIwZmFjZSUyMHBvcnRyYWl0fGVufDB8fHx8MTc3ODA2NTI3Nnww&ixlib=rb-4.1.0&q=80&w=1080,REAL,Female,50+
1649,https://images.unsplash.com/photo-1620058011052-a264bf06900b?crop=entropy&cs=tinysrgb&fit=max&fm=jpg&ixid=M3w5NDQwMTV8MHwxfHNlYXJjaHw1Njl8fHdvbWFuJTIwZmFjZSUyMHBvcnRyYWl0fGVufDB8fHx8MTc3ODA2NTI3Nnww&ixlib=rb-4.1.0&q=80&w=1080,REAL,Unknown,36-50
1650,https://images.unsplash.com/photo-1648198720777-86948b44eefd?crop=entropy&cs=tinysrgb&fit=max&fm=jpg&ixid=M3w5NDQwMTV8MHwxfHNlYXJjaHw1NzB8fHdvbWFuJTIwZmFjZSUyMHBvcnRyYWl0fGVufDB8fHx8MTc3ODA2NTI3Nnww&ixlib=rb-4.1.0&q=80&w=1080,REAL,Male,50+
1651,https://images.unsplash.com/photo-1585950689374-86d54b0efd6c?crop=entropy&cs=tinysrgb&fit=max&fm=jpg&ixid=M3w5NDQwMTV8MHwxfHNlYXJjaHwxfHxwZXJzb24lMjBmYWNlJTIwcGhvdG98ZW58MHx8fHwxNzc4MDY1Mjc4fDA&ixlib=rb-4.1.0&q=80&w=1080,REAL,Unknown,26-35
1652,https://images.unsplash.com/photo-1555474488-63096355d324?crop=entropy&cs=tinysrgb&fit=max&fm=jpg&ixid=M3w5NDQwMTV8MHwxfHNlYXJjaHwyfHxwZXJzb24lMjBmYWNlJTIwcGhvdG98ZW58MHx8fHwxNzc4MDY1Mjc4fDA&ixlib=rb-4.1.0&q=80&w=1080,REAL,Female,50+
1653,https://images.unsplash.com/photo-1558139714-fed3d5a5b06d?crop=entropy&cs=tinysrgb&fit=max&fm=jpg&ixid=M3w5NDQwMTV8MHwxfHNlYXJjaHwzfHxwZXJzb24lMjBmYWNlJTIwcGhvdG98ZW58MHx8fHwxNzc4MDY1Mjc4fDA&ixlib=rb-4.1.0&q=80&w=1080,REAL,Unknown,18-25
1654,https://images.unsplash.com/photo-1603759039427-8f6d7525330d?crop=entropy&cs=tinysrgb&fit=max&fm=jpg&ixid=M3w5NDQwMTV8MHwxfHNlYXJjaHw0fHxwZXJzb24lMjBmYWNlJTIwcGhvdG98ZW58MHx8fHwxNzc4MDY1Mjc4fDA&ixlib=rb-4.1.0&q=80&w=1080,REAL,Female,26-35
1655,https://images.unsplash.com/photo-1588377976590-b0f5d831444a?crop=entropy&cs=tinysrgb&fit=max&fm=jpg&ixid=M3w5NDQwMTV8MHwxfHNlYXJjaHw1fHxwZXJzb24lMjBmYWNlJTIwcGhvdG98ZW58MHx8fHwxNzc4MDY1Mjc4fDA&ixlib=rb-4.1.0&q=80&w=1080,REAL,Unknown,26-35
1656,https://images.unsplash.com/photo-1584999734482-0361aecad844?crop=entropy&cs=tinysrgb&fit=max&fm=jpg&ixid=M3w5NDQwMTV8MHwxfHNlYXJjaHw2fHxwZXJzb24lMjBmYWNlJTIwcGhvdG98ZW58MHx8fHwxNzc4MDY1Mjc4fDA&ixlib=rb-4.1.0&q=80&w=1080,REAL,Female,36-50
1657,https://images.unsplash.com/photo-1591135576895-a23c6e8e24af?crop=entropy&cs=tinysrgb&fit=max&fm=jpg&ixid=M3w5NDQwMTV8MHwxfHNlYXJjaHw3fHxwZXJzb24lMjBmYWNlJTIwcGhvdG98ZW58MHx8fHwxNzc4MDY1Mjc4fDA&ixlib=rb-4.1.0&q=80&w=1080,REAL,Female,36-50
1658,https://images.unsplash.com/photo-1589837396034-518c01de601a?crop=entropy&cs=tinysrgb&fit=max&fm=jpg&ixid=M3w5NDQwMTV8MHwxfHNlYXJjaHw4fHxwZXJzb24lMjBmYWNlJTIwcGhvdG98ZW58MHx8fHwxNzc4MDY1Mjc4fDA&ixlib=rb-4.1.0&q=80&w=1080,REAL,Unknown,18-25
1659,https://images.unsplash.com/photo-1635902549184-cf89a051e463?crop=entropy&cs=tinysrgb&fit=max&fm=jpg&ixid=M3w5NDQwMTV8MHwxfHNlYXJjaHw5fHxwZXJzb24lMjBmYWNlJTIwcGhvdG98ZW58MHx8fHwxNzc4MDY1Mjc4fDA&ixlib=rb-4.1.0&q=80&w=1080,REAL,Female,36-50
1660,https://images.unsplash.com/photo-1647058461777-b78da345422e?crop=entropy&cs=tinysrgb&fit=max&fm=jpg&ixid=M3w5NDQwMTV8MHwxfHNlYXJjaHwxMHx8cGVyc29uJTIwZmFjZSUyMHBob3RvfGVufDB8fHx8MTc3ODA2NTI3OHww&ixlib=rb-4.1.0&q=80&w=1080,REAL,Unknown,18-25
1661,https://images.unsplash.com/photo-1635763244406-3b82b6e62823?crop=entropy&cs=tinysrgb&fit=max&fm=jpg&ixid=M3w5NDQwMTV8MHwxfHNlYXJjaHwxMXx8cGVyc29uJTIwZmFjZSUyMHBob3RvfGVufDB8fHx8MTc3ODA2NTI3OHww&ixlib=rb-4.1.0&q=80&w=1080,REAL,Unknown,50+
1662,https://images.unsplash.com/photo-1611063507812-3f9eea0b46e7?crop=entropy&cs=tinysrgb&fit=max&fm=jpg&ixid=M3w5NDQwMTV8MHwxfHNlYXJjaHwxMnx8cGVyc29uJTIwZmFjZSUyMHBob3RvfGVufDB8fHx8MTc3ODA2NTI3OHww&ixlib=rb-4.1.0&q=80&w=1080,REAL,Unknown,36-50
1663,https://images.unsplash.com/photo-1611435334812-556711033ac9?crop=entropy&cs=tinysrgb&fit=max&fm=jpg&ixid=M3w5NDQwMTV8MHwxfHNlYXJjaHwxM3x8cGVyc29uJTIwZmFjZSUyMHBob3RvfGVufDB8fHx8MTc3ODA2NTI3OHww&ixlib=rb-4.1.0&q=80&w=1080,REAL,Unknown,18-25
1664,https://images.unsplash.com/photo-1606926528684-f4a1470401c2?crop=entropy&cs=tinysrgb&fit=max&fm=jpg&ixid=M3w5NDQwMTV8MHwxfHNlYXJjaHwxNHx8cGVyc29uJTIwZmFjZSUyMHBob3RvfGVufDB8fHx8MTc3ODA2NTI3OHww&ixlib=rb-4.1.0&q=80&w=1080,REAL,Male,36-50
1665,https://images.unsplash.com/photo-1636721335846-37e852ca6096?crop=entropy&cs=tinysrgb&fit=max&fm=jpg&ixid=M3w5NDQwMTV8MHwxfHNlYXJjaHwxNXx8cGVyc29uJTIwZmFjZSUyMHBob3RvfGVufDB8fHx8MTc3ODA2NTI3OHww&ixlib=rb-4.1.0&q=80&w=1080,REAL,Male,50+
1666,https://images.unsplash.com/photo-1586822339087-80cc375ac083?crop=entropy&cs=tinysrgb&fit=max&fm=jpg&ixid=M3w5NDQwMTV8MHwxfHNlYXJjaHwxNnx8cGVyc29uJTIwZmFjZSUyMHBob3RvfGVufDB8fHx8MTc3ODA2NTI3OHww&ixlib=rb-4.1.0&q=80&w=1080,REAL,Unknown,26-35
1667,https://images.unsplash.com/photo-1616117690865-1aadc7aa6666?crop=entropy&cs=tinysrgb&fit=max&fm=jpg&ixid=M3w5NDQwMTV8MHwxfHNlYXJjaHwxN3x8cGVyc29uJTIwZmFjZSUyMHBob3RvfGVufDB8fHx8MTc3ODA2NTI3OHww&ixlib=rb-4.1.0&q=80&w=1080,REAL,Female,26-35
1668,https://images.unsplash.com/photo-1635457802326-d2274dfd5572?crop=entropy&cs=tinysrgb&fit=max&fm=jpg&ixid=M3w5NDQwMTV8MHwxfHNlYXJjaHwxOHx8cGVyc29uJTIwZmFjZSUyMHBob3RvfGVufDB8fHx8MTc3ODA2NTI3OHww&ixlib=rb-4.1.0&q=80&w=1080,REAL,Female,50+
1669,https://images.unsplash.com/photo-1585519908858-95a3501ae9f1?crop=entropy&cs=tinysrgb&fit=max&fm=jpg&ixid=M3w5NDQwMTV8MHwxfHNlYXJjaHwxOXx8cGVyc29uJTIwZmFjZSUyMHBob3RvfGVufDB8fHx8MTc3ODA2NTI3OHww&ixlib=rb-4.1.0&q=80&w=1080,REAL,Male,50+
1670,https://images.unsplash.com/photo-1615242454947-61aee74d9729?crop=entropy&cs=tinysrgb&fit=max&fm=jpg&ixid=M3w5NDQwMTV8MHwxfHNlYXJjaHwyMHx8cGVyc29uJTIwZmFjZSUyMHBob3RvfGVufDB8fHx8MTc3ODA2NTI3OHww&ixlib=rb-4.1.0&q=80&w=1080,REAL,Unknown,18-25
1671,https://images.unsplash.com/photo-1633623163142-698bf3fe5062?crop=entropy&cs=tinysrgb&fit=max&fm=jpg&ixid=M3w5NDQwMTV8MHwxfHNlYXJjaHwyMXx8cGVyc29uJTIwZmFjZSUyMHBob3RvfGVufDB8fHx8MTc3ODA2NTI3OHww&ixlib=rb-4.1.0&q=80&w=1080,REAL,Unknown,26-35
1672,https://images.unsplash.com/photo-1634641043267-7824a5d5c141?crop=entropy&cs=tinysrgb&fit=max&fm=jpg&ixid=M3w5NDQwMTV8MHwxfHNlYXJjaHwyMnx8cGVyc29uJTIwZmFjZSUyMHBob3RvfGVufDB8fHx8MTc3ODA2NTI3OHww&ixlib=rb-4.1.0&q=80&w=1080,REAL,Unknown,36-50
1673,https://images.unsplash.com/photo-1591624653534-5a9c93e4c5af?crop=entropy&cs=tinysrgb&fit=max&fm=jpg&ixid=M3w5NDQwMTV8MHwxfHNlYXJjaHwyM3x8cGVyc29uJTIwZmFjZSUyMHBob3RvfGVufDB8fHx8MTc3ODA2NTI3OHww&ixlib=rb-4.1.0&q=80&w=1080,REAL,Unknown,26-35
1674,https://images.unsplash.com/photo-1636721342571-5a6f304cfc1e?crop=entropy&cs=tinysrgb&fit=max&fm=jpg&ixid=M3w5NDQwMTV8MHwxfHNlYXJjaHwyNHx8cGVyc29uJTIwZmFjZSUyMHBob3RvfGVufDB8fHx8MTc3ODA2NTI3OHww&ixlib=rb-4.1.0&q=80&w=1080,REAL,Female,26-35
1675,https://images.unsplash.com/photo-1587382981310-506e3e278950?crop=entropy&cs=tinysrgb&fit=max&fm=jpg&ixid=M3w5NDQwMTV8MHwxfHNlYXJjaHwyNXx8cGVyc29uJTIwZmFjZSUyMHBob3RvfGVufDB8fHx8MTc3ODA2NTI3OHww&ixlib=rb-4.1.0&q=80&w=1080,REAL,Male,50+
1676,https://images.unsplash.com/photo-1615242454803-2116a934736a?crop=entropy&cs=tinysrgb&fit=max&fm=jpg&ixid=M3w5NDQwMTV8MHwxfHNlYXJjaHwyNnx8cGVyc29uJTIwZmFjZSUyMHBob3RvfGVufDB8fHx8MTc3ODA2NTI3OHww&ixlib=rb-4.1.0&q=80&w=1080,REAL,Unknown,26-35
1677,https://images.unsplash.com/photo-1673883431618-a38246a2b0e1?crop=entropy&cs=tinysrgb&fit=max&fm=jpg&ixid=M3w5NDQwMTV8MHwxfHNlYXJjaHwyN3x8cGVyc29uJTIwZmFjZSUyMHBob3RvfGVufDB8fHx8MTc3ODA2NTI3OHww&ixlib=rb-4.1.0&q=80&w=1080,REAL,Female,36-50
1678,https://images.unsplash.com/photo-1723516138229-e9e9904d67ac?crop=entropy&cs=tinysrgb&fit=max&fm=jpg&ixid=M3w5NDQwMTV8MHwxfHNlYXJjaHwyOHx8cGVyc29uJTIwZmFjZSUyMHBob3RvfGVufDB8fHx8MTc3ODA2NTI3OHww&ixlib=rb-4.1.0&q=80&w=1080,REAL,Female,50+
1679,https://images.unsplash.com/photo-1604548640813-a46ebb168ab8?crop=entropy&cs=tinysrgb&fit=max&fm=jpg&ixid=M3w5NDQwMTV8MHwxfHNlYXJjaHwyOXx8cGVyc29uJTIwZmFjZSUyMHBob3RvfGVufDB8fHx8MTc3ODA2NTI3OHww&ixlib=rb-4.1.0&q=80&w=1080,REAL,Female,26-35
1680,https://images.unsplash.com/photo-1733431281551-9eadf123bd86?crop=entropy&cs=tinysrgb&fit=max&fm=jpg&ixid=M3w5NDQwMTV8MHwxfHNlYXJjaHwzMHx8cGVyc29uJTIwZmFjZSUyMHBob3RvfGVufDB8fHx8MTc3ODA2NTI3OHww&ixlib=rb-4.1.0&q=80&w=1080,REAL,Female,18-25
1681,https://images.unsplash.com/photo-1638986265530-2ebb5fb8a2ea?crop=entropy&cs=tinysrgb&fit=max&fm=jpg&ixid=M3w5NDQwMTV8MHwxfHNlYXJjaHwzMXx8cGVyc29uJTIwZmFjZSUyMHBob3RvfGVufDB8fHx8MTc3ODA2NTI4MHww&ixlib=rb-4.1.0&q=80&w=1080,REAL,Unknown,18-25
1682,https://images.unsplash.com/photo-1714023498720-ccb2fdaa6a7d?crop=entropy&cs=tinysrgb&fit=max&fm=jpg&ixid=M3w5NDQwMTV8MHwxfHNlYXJjaHwzMnx8cGVyc29uJTIwZmFjZSUyMHBob3RvfGVufDB8fHx8MTc3ODA2NTI4MHww&ixlib=rb-4.1.0&q=80&w=1080,REAL,Female,36-50
1683,https://images.unsplash.com/photo-1702482527875-e16d07f0d91b?crop=entropy&cs=tinysrgb&fit=max&fm=jpg&ixid=M3w5NDQwMTV8MHwxfHNlYXJjaHwzM3x8cGVyc29uJTIwZmFjZSUyMHBob3RvfGVufDB8fHx8MTc3ODA2NTI4MHww&ixlib=rb-4.1.0&q=80&w=1080,REAL,Female,26-35
1684,https://images.unsplash.com/photo-1708035392101-b8e8fed39524?crop=entropy&cs=tinysrgb&fit=max&fm=jpg&ixid=M3w5NDQwMTV8MHwxfHNlYXJjaHwzNHx8cGVyc29uJTIwZmFjZSUyMHBob3RvfGVufDB8fHx8MTc3ODA2NTI4MHww&ixlib=rb-4.1.0&q=80&w=1080,REAL,Female,26-35
1685,https://images.unsplash.com/photo-1584339812296-7b56393a7131?crop=entropy&cs=tinysrgb&fit=max&fm=jpg&ixid=M3w5NDQwMTV8MHwxfHNlYXJjaHwzNXx8cGVyc29uJTIwZmFjZSUyMHBob3RvfGVufDB8fHx8MTc3ODA2NTI4MHww&ixlib=rb-4.1.0&q=80&w=1080,REAL,Male,18-25
1686,https://images.unsplash.com/photo-1633660038798-59a3a30335e8?crop=entropy&cs=tinysrgb&fit=max&fm=jpg&ixid=M3w5NDQwMTV8MHwxfHNlYXJjaHwzNnx8cGVyc29uJTIwZmFjZSUyMHBob3RvfGVufDB8fHx8MTc3ODA2NTI4MHww&ixlib=rb-4.1.0&q=80&w=1080,REAL,Male,26-35
1687,https://images.unsplash.com/photo-1711913379515-22eb558372c6?crop=entropy&cs=tinysrgb&fit=max&fm=jpg&ixid=M3w5NDQwMTV8MHwxfHNlYXJjaHwzN3x8cGVyc29uJTIwZmFjZSUyMHBob3RvfGVufDB8fHx8MTc3ODA2NTI4MHww&ixlib=rb-4.1.0&q=80&w=1080,REAL,Unknown,18-25
1688,https://images.unsplash.com/photo-1613017187064-e0322914d4cc?crop=entropy&cs=tinysrgb&fit=max&fm=jpg&ixid=M3w5NDQwMTV8MHwxfHNlYXJjaHwzOHx8cGVyc29uJTIwZmFjZSUyMHBob3RvfGVufDB8fHx8MTc3ODA2NTI4MHww&ixlib=rb-4.1.0&q=80&w=1080,REAL,Female,50+
1689,https://images.unsplash.com/photo-1635290454404-fcd183469f14?crop=entropy&cs=tinysrgb&fit=max&fm=jpg&ixid=M3w5NDQwMTV8MHwxfHNlYXJjaHwzOXx8cGVyc29uJTIwZmFjZSUyMHBob3RvfGVufDB8fHx8MTc3ODA2NTI4MHww&ixlib=rb-4.1.0&q=80&w=1080,REAL,Unknown,36-50
1690,https://images.unsplash.com/photo-1636721350694-f2acf4934b1a?crop=entropy&cs=tinysrgb&fit=max&fm=jpg&ixid=M3w5NDQwMTV8MHwxfHNlYXJjaHw0MHx8cGVyc29uJTIwZmFjZSUyMHBob3RvfGVufDB8fHx8MTc3ODA2NTI4MHww&ixlib=rb-4.1.0&q=80&w=1080,REAL,Unknown,36-50
1691,https://images.unsplash.com/photo-1633659677753-2a171bff5310?crop=entropy&cs=tinysrgb&fit=max&fm=jpg&ixid=M3w5NDQwMTV8MHwxfHNlYXJjaHw0MXx8cGVyc29uJTIwZmFjZSUyMHBob3RvfGVufDB8fHx8MTc3ODA2NTI4MHww&ixlib=rb-4.1.0&q=80&w=1080,REAL,Female,50+
1692,https://images.unsplash.com/photo-1588427949851-60099e293113?crop=entropy&cs=tinysrgb&fit=max&fm=jpg&ixid=M3w5NDQwMTV8MHwxfHNlYXJjaHw0Mnx8cGVyc29uJTIwZmFjZSUyMHBob3RvfGVufDB8fHx8MTc3ODA2NTI4MHww&ixlib=rb-4.1.0&q=80&w=1080,REAL,Male,36-50
1693,https://images.unsplash.com/photo-1711913322809-bd7013815923?crop=entropy&cs=tinysrgb&fit=max&fm=jpg&ixid=M3w5NDQwMTV8MHwxfHNlYXJjaHw0M3x8cGVyc29uJTIwZmFjZSUyMHBob3RvfGVufDB8fHx8MTc3ODA2NTI4MHww&ixlib=rb-4.1.0&q=80&w=1080,REAL,Male,18-25
1694,https://images.unsplash.com/photo-1642971513961-fa4c18d5ed1e?crop=entropy&cs=tinysrgb&fit=max&fm=jpg&ixid=M3w5NDQwMTV8MHwxfHNlYXJjaHw0NHx8cGVyc29uJTIwZmFjZSUyMHBob3RvfGVufDB8fHx8MTc3ODA2NTI4MHww&ixlib=rb-4.1.0&q=80&w=1080,REAL,Male,50+
1695,https://images.unsplash.com/photo-1646593566754-33812d8de899?crop=entropy&cs=tinysrgb&fit=max&fm=jpg&ixid=M3w5NDQwMTV8MHwxfHNlYXJjaHw0NXx8cGVyc29uJTIwZmFjZSUyMHBob3RvfGVufDB8fHx8MTc3ODA2NTI4MHww&ixlib=rb-4.1.0&q=80&w=1080,REAL,Unknown,18-25
1696,https://images.unsplash.com/photo-1595831539686-095b2be9c9c9?crop=entropy&cs=tinysrgb&fit=max&fm=jpg&ixid=M3w5NDQwMTV8MHwxfHNlYXJjaHw0Nnx8cGVyc29uJTIwZmFjZSUyMHBob3RvfGVufDB8fHx8MTc3ODA2NTI4MHww&ixlib=rb-4.1.0&q=80&w=1080,REAL,Female,50+
1697,https://images.unsplash.com/photo-1711913322813-1307565f8d88?crop=entropy&cs=tinysrgb&fit=max&fm=jpg&ixid=M3w5NDQwMTV8MHwxfHNlYXJjaHw0N3x8cGVyc29uJTIwZmFjZSUyMHBob3RvfGVufDB8fHx8MTc3ODA2NTI4MHww&ixlib=rb-4.1.0&q=80&w=1080,REAL,Female,26-35
1698,https://images.unsplash.com/photo-1732562534798-9d7198f459d6?crop=entropy&cs=tinysrgb&fit=max&fm=jpg&ixid=M3w5NDQwMTV8MHwxfHNlYXJjaHw0OHx8cGVyc29uJTIwZmFjZSUyMHBob3RvfGVufDB8fHx8MTc3ODA2NTI4MHww&ixlib=rb-4.1.0&q=80&w=1080,REAL,Unknown,50+
1699,https://images.unsplash.com/photo-1623410357547-e8b1b638b568?crop=entropy&cs=tinysrgb&fit=max&fm=jpg&ixid=M3w5NDQwMTV8MHwxfHNlYXJjaHw0OXx8cGVyc29uJTIwZmFjZSUyMHBob3RvfGVufDB8fHx8MTc3ODA2NTI4MHww&ixlib=rb-4.1.0&q=80&w=1080,REAL,Male,50+
1700,https://images.unsplash.com/photo-1612601006505-1254db3e290d?crop=entropy&cs=tinysrgb&fit=max&fm=jpg&ixid=M3w5NDQwMTV8MHwxfHNlYXJjaHw1MHx8cGVyc29uJTIwZmFjZSUyMHBob3RvfGVufDB8fHx8MTc3ODA2NTI4MHww&ixlib=rb-4.1.0&q=80&w=1080,REAL,Female,18-25
1701,https://images.unsplash.com/photo-1638905590060-fb6672a6b293?crop=entropy&cs=tinysrgb&fit=max&fm=jpg&ixid=M3w5NDQwMTV8MHwxfHNlYXJjaHw1MXx8cGVyc29uJTIwZmFjZSUyMHBob3RvfGVufDB8fHx8MTc3ODA2NTI4MHww&ixlib=rb-4.1.0&q=80&w=1080,REAL,Unknown,50+
1702,https://images.unsplash.com/photo-1633531122001-0f878f313002?crop=entropy&cs=tinysrgb&fit=max&fm=jpg&ixid=M3w5NDQwMTV8MHwxfHNlYXJjaHw1Mnx8cGVyc29uJTIwZmFjZSUyMHBob3RvfGVufDB8fHx8MTc3ODA2NTI4MHww&ixlib=rb-4.1.0&q=80&w=1080,REAL,Unknown,26-35
1703,https://images.unsplash.com/photo-1632957801446-d0a26e1b1302?crop=entropy&cs=tinysrgb&fit=max&fm=jpg&ixid=M3w5NDQwMTV8MHwxfHNlYXJjaHw1M3x8cGVyc29uJTIwZmFjZSUyMHBob3RvfGVufDB8fHx8MTc3ODA2NTI4MHww&ixlib=rb-4.1.0&q=80&w=1080,REAL,Female,18-25
1704,https://images.unsplash.com/photo-1594751684241-bcef815d5a57?crop=entropy&cs=tinysrgb&fit=max&fm=jpg&ixid=M3w5NDQwMTV8MHwxfHNlYXJjaHw1NHx8cGVyc29uJTIwZmFjZSUyMHBob3RvfGVufDB8fHx8MTc3ODA2NTI4MHww&ixlib=rb-4.1.0&q=80&w=1080,REAL,Male,26-35
1705,https://images.unsplash.com/photo-1740074857209-389de8b311df?crop=entropy&cs=tinysrgb&fit=max&fm=jpg&ixid=M3w5NDQwMTV8MHwxfHNlYXJjaHw1NXx8cGVyc29uJTIwZmFjZSUyMHBob3RvfGVufDB8fHx8MTc3ODA2NTI4MHww&ixlib=rb-4.1.0&q=80&w=1080,REAL,Male,50+
1706,https://images.unsplash.com/photo-1633549446051-82a0599e9e02?crop=entropy&cs=tinysrgb&fit=max&fm=jpg&ixid=M3w5NDQwMTV8MHwxfHNlYXJjaHw1Nnx8cGVyc29uJTIwZmFjZSUyMHBob3RvfGVufDB8fHx8MTc3ODA2NTI4MHww&ixlib=rb-4.1.0&q=80&w=1080,REAL,Male,50+
1707,https://images.unsplash.com/photo-1646797151620-4f20c2d16944?crop=entropy&cs=tinysrgb&fit=max&fm=jpg&ixid=M3w5NDQwMTV8MHwxfHNlYXJjaHw1N3x8cGVyc29uJTIwZmFjZSUyMHBob3RvfGVufDB8fHx8MTc3ODA2NTI4MHww&ixlib=rb-4.1.0&q=80&w=1080,REAL,Male,50+
1708,https://images.unsplash.com/photo-1697823064355-15982f429dc5?crop=entropy&cs=tinysrgb&fit=max&fm=jpg&ixid=M3w5NDQwMTV8MHwxfHNlYXJjaHw1OHx8cGVyc29uJTIwZmFjZSUyMHBob3RvfGVufDB8fHx8MTc3ODA2NTI4MHww&ixlib=rb-4.1.0&q=80&w=1080,REAL,Female,36-50
1709,https://images.unsplash.com/photo-1631909112399-f295a25e3a8a?crop=entropy&cs=tinysrgb&fit=max&fm=jpg&ixid=M3w5NDQwMTV8MHwxfHNlYXJjaHw1OXx8cGVyc29uJTIwZmFjZSUyMHBob3RvfGVufDB8fHx8MTc3ODA2NTI4MHww&ixlib=rb-4.1.0&q=80&w=1080,REAL,Unknown,26-35
1710,https://images.unsplash.com/photo-1697823075819-d65a96525b59?crop=entropy&cs=tinysrgb&fit=max&fm=jpg&ixid=M3w5NDQwMTV8MHwxfHNlYXJjaHw2MHx8cGVyc29uJTIwZmFjZSUyMHBob3RvfGVufDB8fHx8MTc3ODA2NTI4MHww&ixlib=rb-4.1.0&q=80&w=1080,REAL,Unknown,36-50
1711,https://images.unsplash.com/photo-1697823075810-c6830a0e86ef?crop=entropy&cs=tinysrgb&fit=max&fm=jpg&ixid=M3w5NDQwMTV8MHwxfHNlYXJjaHw2MXx8cGVyc29uJTIwZmFjZSUyMHBob3RvfGVufDB8fHx8MTc3ODA2NTI4Mnww&ixlib=rb-4.1.0&q=80&w=1080,REAL,Unknown,26-35
1712,https://images.unsplash.com/photo-1697823145104-bff887a13e76?crop=entropy&cs=tinysrgb&fit=max&fm=jpg&ixid=M3w5NDQwMTV8MHwxfHNlYXJjaHw2Mnx8cGVyc29uJTIwZmFjZSUyMHBob3RvfGVufDB8fHx8MTc3ODA2NTI4Mnww&ixlib=rb-4.1.0&q=80&w=1080,REAL,Unknown,50+
1713,https://images.unsplash.com/photo-1610451746063-351453f5fcf4?crop=entropy&cs=tinysrgb&fit=max&fm=jpg&ixid=M3w5NDQwMTV8MHwxfHNlYXJjaHw2M3x8cGVyc29uJTIwZmFjZSUyMHBob3RvfGVufDB8fHx8MTc3ODA2NTI4Mnww&ixlib=rb-4.1.0&q=80&w=1080,REAL,Male,26-35
1714,https://images.unsplash.com/photo-1612582631307-9824f3a5dfd2?crop=entropy&cs=tinysrgb&fit=max&fm=jpg&ixid=M3w5NDQwMTV8MHwxfHNlYXJjaHw2NHx8cGVyc29uJTIwZmFjZSUyMHBob3RvfGVufDB8fHx8MTc3ODA2NTI4Mnww&ixlib=rb-4.1.0&q=80&w=1080,REAL,Unknown,26-35
1715,https://images.unsplash.com/photo-1635969064571-5aa8b24b9a62?crop=entropy&cs=tinysrgb&fit=max&fm=jpg&ixid=M3w5NDQwMTV8MHwxfHNlYXJjaHw2NXx8cGVyc29uJTIwZmFjZSUyMHBob3RvfGVufDB8fHx8MTc3ODA2NTI4Mnww&ixlib=rb-4.1.0&q=80&w=1080,REAL,Male,18-25
1716,https://images.unsplash.com/photo-1697823151737-1e8caeec34fb?crop=entropy&cs=tinysrgb&fit=max&fm=jpg&ixid=M3w5NDQwMTV8MHwxfHNlYXJjaHw2Nnx8cGVyc29uJTIwZmFjZSUyMHBob3RvfGVufDB8fHx8MTc3ODA2NTI4Mnww&ixlib=rb-4.1.0&q=80&w=1080,REAL,Male,36-50
1717,https://images.unsplash.com/photo-1570571054888-aa5e6b878160?crop=entropy&cs=tinysrgb&fit=max&fm=jpg&ixid=M3w5NDQwMTV8MHwxfHNlYXJjaHw2N3x8cGVyc29uJTIwZmFjZSUyMHBob3RvfGVufDB8fHx8MTc3ODA2NTI4Mnww&ixlib=rb-4.1.0&q=80&w=1080,REAL,Male,18-25
1718,https://images.unsplash.com/photo-1567186937675-a5131c8a89ea?crop=entropy&cs=tinysrgb&fit=max&fm=jpg&ixid=M3w5NDQwMTV8MHwxfHNlYXJjaHw2OHx8cGVyc29uJTIwZmFjZSUyMHBob3RvfGVufDB8fHx8MTc3ODA2NTI4Mnww&ixlib=rb-4.1.0&q=80&w=1080,REAL,Female,18-25
1719,https://images.unsplash.com/photo-1586501081992-de543a5b8778?crop=entropy&cs=tinysrgb&fit=max&fm=jpg&ixid=M3w5NDQwMTV8MHwxfHNlYXJjaHw2OXx8cGVyc29uJTIwZmFjZSUyMHBob3RvfGVufDB8fHx8MTc3ODA2NTI4Mnww&ixlib=rb-4.1.0&q=80&w=1080,REAL,Unknown,18-25
1720,https://images.unsplash.com/photo-1651164777745-dbe45f485f73?crop=entropy&cs=tinysrgb&fit=max&fm=jpg&ixid=M3w5NDQwMTV8MHwxfHNlYXJjaHw3MHx8cGVyc29uJTIwZmFjZSUyMHBob3RvfGVufDB8fHx8MTc3ODA2NTI4Mnww&ixlib=rb-4.1.0&q=80&w=1080,REAL,Female,50+
1721,https://images.unsplash.com/photo-1647058517574-27dddbe12afc?crop=entropy&cs=tinysrgb&fit=max&fm=jpg&ixid=M3w5NDQwMTV8MHwxfHNlYXJjaHw3MXx8cGVyc29uJTIwZmFjZSUyMHBob3RvfGVufDB8fHx8MTc3ODA2NTI4Mnww&ixlib=rb-4.1.0&q=80&w=1080,REAL,Female,50+
1722,https://images.unsplash.com/photo-1615241721719-cffa5802f256?crop=entropy&cs=tinysrgb&fit=max&fm=jpg&ixid=M3w5NDQwMTV8MHwxfHNlYXJjaHw3Mnx8cGVyc29uJTIwZmFjZSUyMHBob3RvfGVufDB8fHx8MTc3ODA2NTI4Mnww&ixlib=rb-4.1.0&q=80&w=1080,REAL,Unknown,18-25
1723,https://images.unsplash.com/photo-1612585409010-b8e079e68a86?crop=entropy&cs=tinysrgb&fit=max&fm=jpg&ixid=M3w5NDQwMTV8MHwxfHNlYXJjaHw3M3x8cGVyc29uJTIwZmFjZSUyMHBob3RvfGVufDB8fHx8MTc3ODA2NTI4Mnww&ixlib=rb-4.1.0&q=80&w=1080,REAL,Male,36-50
1724,https://images.unsplash.com/photo-1600886102552-a5d774464ede?crop=entropy&cs=tinysrgb&fit=max&fm=jpg&ixid=M3w5NDQwMTV8MHwxfHNlYXJjaHw3NHx8cGVyc29uJTIwZmFjZSUyMHBob3RvfGVufDB8fHx8MTc3ODA2NTI4Mnww&ixlib=rb-4.1.0&q=80&w=1080,REAL,Unknown,50+
1725,https://images.unsplash.com/photo-1563302000-a1a1268259f6?crop=entropy&cs=tinysrgb&fit=max&fm=jpg&ixid=M3w5NDQwMTV8MHwxfHNlYXJjaHw3NXx8cGVyc29uJTIwZmFjZSUyMHBob3RvfGVufDB8fHx8MTc3ODA2NTI4Mnww&ixlib=rb-4.1.0&q=80&w=1080,REAL,Unknown,36-50
1726,https://images.unsplash.com/photo-1614477323662-66300f4e033c?crop=entropy&cs=tinysrgb&fit=max&fm=jpg&ixid=M3w5NDQwMTV8MHwxfHNlYXJjaHw3Nnx8cGVyc29uJTIwZmFjZSUyMHBob3RvfGVufDB8fHx8MTc3ODA2NTI4Mnww&ixlib=rb-4.1.0&q=80&w=1080,REAL,Male,50+
1727,https://images.unsplash.com/photo-1635763229860-482a9dface3b?crop=entropy&cs=tinysrgb&fit=max&fm=jpg&ixid=M3w5NDQwMTV8MHwxfHNlYXJjaHw3N3x8cGVyc29uJTIwZmFjZSUyMHBob3RvfGVufDB8fHx8MTc3ODA2NTI4Mnww&ixlib=rb-4.1.0&q=80&w=1080,REAL,Unknown,36-50
1728,https://images.unsplash.com/photo-1600518077305-7e1d7b71d0f3?crop=entropy&cs=tinysrgb&fit=max&fm=jpg&ixid=M3w5NDQwMTV8MHwxfHNlYXJjaHw3OHx8cGVyc29uJTIwZmFjZSUyMHBob3RvfGVufDB8fHx8MTc3ODA2NTI4Mnww&ixlib=rb-4.1.0&q=80&w=1080,REAL,Unknown,18-25
1729,https://images.unsplash.com/photo-1710886289695-4a7e2f214aaf?crop=entropy&cs=tinysrgb&fit=max&fm=jpg&ixid=M3w5NDQwMTV8MHwxfHNlYXJjaHw3OXx8cGVyc29uJTIwZmFjZSUyMHBob3RvfGVufDB8fHx8MTc3ODA2NTI4Mnww&ixlib=rb-4.1.0&q=80&w=1080,REAL,Female,50+
1730,https://images.unsplash.com/photo-1710886317108-0a36c6b22818?crop=entropy&cs=tinysrgb&fit=max&fm=jpg&ixid=M3w5NDQwMTV8MHwxfHNlYXJjaHw4MHx8cGVyc29uJTIwZmFjZSUyMHBob3RvfGVufDB8fHx8MTc3ODA2NTI4Mnww&ixlib=rb-4.1.0&q=80&w=1080,REAL,Female,50+
1731,https://images.unsplash.com/photo-1565934267499-93bdf927ae90?crop=entropy&cs=tinysrgb&fit=max&fm=jpg&ixid=M3w5NDQwMTV8MHwxfHNlYXJjaHw4MXx8cGVyc29uJTIwZmFjZSUyMHBob3RvfGVufDB8fHx8MTc3ODA2NTI4Mnww&ixlib=rb-4.1.0&q=80&w=1080,REAL,Male,50+
1732,https://images.unsplash.com/photo-1595251543015-61b5cbda719f?crop=entropy&cs=tinysrgb&fit=max&fm=jpg&ixid=M3w5NDQwMTV8MHwxfHNlYXJjaHw4Mnx8cGVyc29uJTIwZmFjZSUyMHBob3RvfGVufDB8fHx8MTc3ODA2NTI4Mnww&ixlib=rb-4.1.0&q=80&w=1080,REAL,Female,36-50
1733,https://images.unsplash.com/photo-1643834776503-891726ed42c6?crop=entropy&cs=tinysrgb&fit=max&fm=jpg&ixid=M3w5NDQwMTV8MHwxfHNlYXJjaHw4M3x8cGVyc29uJTIwZmFjZSUyMHBob3RvfGVufDB8fHx8MTc3ODA2NTI4Mnww&ixlib=rb-4.1.0&q=80&w=1080,REAL,Female,36-50
1734,https://images.unsplash.com/photo-1620781443478-e64b816a1398?crop=entropy&cs=tinysrgb&fit=max&fm=jpg&ixid=M3w5NDQwMTV8MHwxfHNlYXJjaHw4NHx8cGVyc29uJTIwZmFjZSUyMHBob3RvfGVufDB8fHx8MTc3ODA2NTI4Mnww&ixlib=rb-4.1.0&q=80&w=1080,REAL,Female,50+
1735,https://images.unsplash.com/photo-1710886292307-76cba12b74a4?crop=entropy&cs=tinysrgb&fit=max&fm=jpg&ixid=M3w5NDQwMTV8MHwxfHNlYXJjaHw4NXx8cGVyc29uJTIwZmFjZSUyMHBob3RvfGVufDB8fHx8MTc3ODA2NTI4Mnww&ixlib=rb-4.1.0&q=80&w=1080,REAL,Unknown,18-25
1736,https://images.unsplash.com/photo-1601526584389-48c50008701e?crop=entropy&cs=tinysrgb&fit=max&fm=jpg&ixid=M3w5NDQwMTV8MHwxfHNlYXJjaHw4Nnx8cGVyc29uJTIwZmFjZSUyMHBob3RvfGVufDB8fHx8MTc3ODA2NTI4Mnww&ixlib=rb-4.1.0&q=80&w=1080,REAL,Male,18-25
1737,https://images.unsplash.com/photo-1584622244945-ae5b042565aa?crop=entropy&cs=tinysrgb&fit=max&fm=jpg&ixid=M3w5NDQwMTV8MHwxfHNlYXJjaHw4N3x8cGVyc29uJTIwZmFjZSUyMHBob3RvfGVufDB8fHx8MTc3ODA2NTI4Mnww&ixlib=rb-4.1.0&q=80&w=1080,REAL,Unknown,36-50
1738,https://images.unsplash.com/photo-1605989572011-114a2428a30e?crop=entropy&cs=tinysrgb&fit=max&fm=jpg&ixid=M3w5NDQwMTV8MHwxfHNlYXJjaHw4OHx8cGVyc29uJTIwZmFjZSUyMHBob3RvfGVufDB8fHx8MTc3ODA2NTI4Mnww&ixlib=rb-4.1.0&q=80&w=1080,REAL,Female,36-50
1739,https://images.unsplash.com/photo-1611455159106-ef9acece52f4?crop=entropy&cs=tinysrgb&fit=max&fm=jpg&ixid=M3w5NDQwMTV8MHwxfHNlYXJjaHw4OXx8cGVyc29uJTIwZmFjZSUyMHBob3RvfGVufDB8fHx8MTc3ODA2NTI4Mnww&ixlib=rb-4.1.0&q=80&w=1080,REAL,Unknown,50+
1740,https://images.unsplash.com/photo-1720521181253-17620a1f1a35?crop=entropy&cs=tinysrgb&fit=max&fm=jpg&ixid=M3w5NDQwMTV8MHwxfHNlYXJjaHw5MHx8cGVyc29uJTIwZmFjZSUyMHBob3RvfGVufDB8fHx8MTc3ODA2NTI4Mnww&ixlib=rb-4.1.0&q=80&w=1080,REAL,Unknown,26-35
1741,https://images.unsplash.com/photo-1697889883363-6438d2a1bb0a?crop=entropy&cs=tinysrgb&fit=max&fm=jpg&ixid=M3w5NDQwMTV8MHwxfHNlYXJjaHw5MXx8cGVyc29uJTIwZmFjZSUyMHBob3RvfGVufDB8fHx8MTc3ODA2NTI4NHww&ixlib=rb-4.1.0&q=80&w=1080,REAL,Male,36-50
1742,https://images.unsplash.com/photo-1609818926432-f0888e03f38f?crop=entropy&cs=tinysrgb&fit=max&fm=jpg&ixid=M3w5NDQwMTV8MHwxfHNlYXJjaHw5Mnx8cGVyc29uJTIwZmFjZSUyMHBob3RvfGVufDB8fHx8MTc3ODA2NTI4NHww&ixlib=rb-4.1.0&q=80&w=1080,REAL,Female,26-35
1743,https://images.unsplash.com/photo-1621687279203-9cbef79771b9?crop=entropy&cs=tinysrgb&fit=max&fm=jpg&ixid=M3w5NDQwMTV8MHwxfHNlYXJjaHw5M3x8cGVyc29uJTIwZmFjZSUyMHBob3RvfGVufDB8fHx8MTc3ODA2NTI4NHww&ixlib=rb-4.1.0&q=80&w=1080,REAL,Female,26-35
1744,https://images.unsplash.com/photo-1767617959691-a7984e75de3b?crop=entropy&cs=tinysrgb&fit=max&fm=jpg&ixid=M3w5NDQwMTV8MHwxfHNlYXJjaHw5NHx8cGVyc29uJTIwZmFjZSUyMHBob3RvfGVufDB8fHx8MTc3ODA2NTI4NHww&ixlib=rb-4.1.0&q=80&w=1080,REAL,Unknown,36-50
1745,https://images.unsplash.com/photo-1590244443259-0961bbb42e91?crop=entropy&cs=tinysrgb&fit=max&fm=jpg&ixid=M3w5NDQwMTV8MHwxfHNlYXJjaHw5NXx8cGVyc29uJTIwZmFjZSUyMHBob3RvfGVufDB8fHx8MTc3ODA2NTI4NHww&ixlib=rb-4.1.0&q=80&w=1080,REAL,Female,50+
1746,https://images.unsplash.com/photo-1733232315174-cb774bc7d046?crop=entropy&cs=tinysrgb&fit=max&fm=jpg&ixid=M3w5NDQwMTV8MHwxfHNlYXJjaHw5Nnx8cGVyc29uJTIwZmFjZSUyMHBob3RvfGVufDB8fHx8MTc3ODA2NTI4NHww&ixlib=rb-4.1.0&q=80&w=1080,REAL,Male,26-35
1747,https://images.unsplash.com/photo-1645742285825-4248e07338b9?crop=entropy&cs=tinysrgb&fit=max&fm=jpg&ixid=M3w5NDQwMTV8MHwxfHNlYXJjaHw5N3x8cGVyc29uJTIwZmFjZSUyMHBob3RvfGVufDB8fHx8MTc3ODA2NTI4NHww&ixlib=rb-4.1.0&q=80&w=1080,REAL,Unknown,18-25
1748,https://images.unsplash.com/photo-1710371574347-64458c47d482?crop=entropy&cs=tinysrgb&fit=max&fm=jpg&ixid=M3w5NDQwMTV8MHwxfHNlYXJjaHw5OHx8cGVyc29uJTIwZmFjZSUyMHBob3RvfGVufDB8fHx8MTc3ODA2NTI4NHww&ixlib=rb-4.1.0&q=80&w=1080,REAL,Male,50+
1749,https://images.unsplash.com/photo-1710371593371-d9afe4343640?crop=entropy&cs=tinysrgb&fit=max&fm=jpg&ixid=M3w5NDQwMTV8MHwxfHNlYXJjaHw5OXx8cGVyc29uJTIwZmFjZSUyMHBob3RvfGVufDB8fHx8MTc3ODA2NTI4NHww&ixlib=rb-4.1.0&q=80&w=1080,REAL,Male,50+
1750,https://images.unsplash.com/photo-1697822857108-7d36dde4d1e8?crop=entropy&cs=tinysrgb&fit=max&fm=jpg&ixid=M3w5NDQwMTV8MHwxfHNlYXJjaHwxMDB8fHBlcnNvbiUyMGZhY2UlMjBwaG90b3xlbnwwfHx8fDE3NzgwNjUyODR8MA&ixlib=rb-4.1.0&q=80&w=1080,REAL,Female,36-50
1751,https://images.unsplash.com/photo-1637193165655-6689906cfde8?crop=entropy&cs=tinysrgb&fit=max&fm=jpg&ixid=M3w5NDQwMTV8MHwxfHNlYXJjaHwxMDF8fHBlcnNvbiUyMGZhY2UlMjBwaG90b3xlbnwwfHx8fDE3NzgwNjUyODR8MA&ixlib=rb-4.1.0&q=80&w=1080,REAL,Male,36-50
1752,https://images.unsplash.com/photo-1697823084396-de5a371d1e9f?crop=entropy&cs=tinysrgb&fit=max&fm=jpg&ixid=M3w5NDQwMTV8MHwxfHNlYXJjaHwxMDJ8fHBlcnNvbiUyMGZhY2UlMjBwaG90b3xlbnwwfHx8fDE3NzgwNjUyODR8MA&ixlib=rb-4.1.0&q=80&w=1080,REAL,Male,36-50
1753,https://images.unsplash.com/photo-1605653083953-5bdadacf4804?crop=entropy&cs=tinysrgb&fit=max&fm=jpg&ixid=M3w5NDQwMTV8MHwxfHNlYXJjaHwxMDN8fHBlcnNvbiUyMGZhY2UlMjBwaG90b3xlbnwwfHx8fDE3NzgwNjUyODR8MA&ixlib=rb-4.1.0&q=80&w=1080,REAL,Unknown,36-50
1754,https://images.unsplash.com/photo-1697822867051-f52c3f3e1b21?crop=entropy&cs=tinysrgb&fit=max&fm=jpg&ixid=M3w5NDQwMTV8MHwxfHNlYXJjaHwxMDR8fHBlcnNvbiUyMGZhY2UlMjBwaG90b3xlbnwwfHx8fDE3NzgwNjUyODR8MA&ixlib=rb-4.1.0&q=80&w=1080,REAL,Unknown,36-50
1755,https://images.unsplash.com/photo-1710886317113-96b7f40ef714?crop=entropy&cs=tinysrgb&fit=max&fm=jpg&ixid=M3w5NDQwMTV8MHwxfHNlYXJjaHwxMDV8fHBlcnNvbiUyMGZhY2UlMjBwaG90b3xlbnwwfHx8fDE3NzgwNjUyODR8MA&ixlib=rb-4.1.0&q=80&w=1080,REAL,Male,36-50
1756,https://images.unsplash.com/photo-1642180441676-98b97c7fc96e?crop=entropy&cs=tinysrgb&fit=max&fm=jpg&ixid=M3w5NDQwMTV8MHwxfHNlYXJjaHwxMDZ8fHBlcnNvbiUyMGZhY2UlMjBwaG90b3xlbnwwfHx8fDE3NzgwNjUyODR8MA&ixlib=rb-4.1.0&q=80&w=1080,REAL,Unknown,36-50
1757,https://images.unsplash.com/photo-1710371549061-c751fc059565?crop=entropy&cs=tinysrgb&fit=max&fm=jpg&ixid=M3w5NDQwMTV8MHwxfHNlYXJjaHwxMDd8fHBlcnNvbiUyMGZhY2UlMjBwaG90b3xlbnwwfHx8fDE3NzgwNjUyODR8MA&ixlib=rb-4.1.0&q=80&w=1080,REAL,Unknown,36-50
1758,https://images.unsplash.com/photo-1697823101733-5cca1a807a8a?crop=entropy&cs=tinysrgb&fit=max&fm=jpg&ixid=M3w5NDQwMTV8MHwxfHNlYXJjaHwxMDh8fHBlcnNvbiUyMGZhY2UlMjBwaG90b3xlbnwwfHx8fDE3NzgwNjUyODR8MA&ixlib=rb-4.1.0&q=80&w=1080,REAL,Female,36-50
1759,https://images.unsplash.com/photo-1710371714261-6551cbbf7a93?crop=entropy&cs=tinysrgb&fit=max&fm=jpg&ixid=M3w5NDQwMTV8MHwxfHNlYXJjaHwxMDl8fHBlcnNvbiUyMGZhY2UlMjBwaG90b3xlbnwwfHx8fDE3NzgwNjUyODR8MA&ixlib=rb-4.1.0&q=80&w=1080,REAL,Female,26-35
1760,https://images.unsplash.com/photo-1710371683371-b55516473b46?crop=entropy&cs=tinysrgb&fit=max&fm=jpg&ixid=M3w5NDQwMTV8MHwxfHNlYXJjaHwxMTB8fHBlcnNvbiUyMGZhY2UlMjBwaG90b3xlbnwwfHx8fDE3NzgwNjUyODR8MA&ixlib=rb-4.1.0&q=80&w=1080,REAL,Unknown,26-35
1761,https://images.unsplash.com/photo-1608255780689-c4ace9fe5798?crop=entropy&cs=tinysrgb&fit=max&fm=jpg&ixid=M3w5NDQwMTV8MHwxfHNlYXJjaHwxMTF8fHBlcnNvbiUyMGZhY2UlMjBwaG90b3xlbnwwfHx8fDE3NzgwNjUyODR8MA&ixlib=rb-4.1.0&q=80&w=1080,REAL,Female,18-25
1762,https://images.unsplash.com/photo-1711913322812-b22ef78adef2?crop=entropy&cs=tinysrgb&fit=max&fm=jpg&ixid=M3w5NDQwMTV8MHwxfHNlYXJjaHwxMTJ8fHBlcnNvbiUyMGZhY2UlMjBwaG90b3xlbnwwfHx8fDE3NzgwNjUyODR8MA&ixlib=rb-4.1.0&q=80&w=1080,REAL,Female,18-25
1763,https://images.unsplash.com/photo-1697822878427-e604c2f2edf6?crop=entropy&cs=tinysrgb&fit=max&fm=jpg&ixid=M3w5NDQwMTV8MHwxfHNlYXJjaHwxMTN8fHBlcnNvbiUyMGZhY2UlMjBwaG90b3xlbnwwfHx8fDE3NzgwNjUyODR8MA&ixlib=rb-4.1.0&q=80&w=1080,REAL,Unknown,26-35
1764,https://images.unsplash.com/photo-1710371612131-cdec117cf952?crop=entropy&cs=tinysrgb&fit=max&fm=jpg&ixid=M3w5NDQwMTV8MHwxfHNlYXJjaHwxMTR8fHBlcnNvbiUyMGZhY2UlMjBwaG90b3xlbnwwfHx8fDE3NzgwNjUyODR8MA&ixlib=rb-4.1.0&q=80&w=1080,REAL,Male,26-35
1765,https://images.unsplash.com/photo-1635130822347-90f923e64ced?crop=entropy&cs=tinysrgb&fit=max&fm=jpg&ixid=M3w5NDQwMTV8MHwxfHNlYXJjaHwxMTV8fHBlcnNvbiUyMGZhY2UlMjBwaG90b3xlbnwwfHx8fDE3NzgwNjUyODR8MA&ixlib=rb-4.1.0&q=80&w=1080,REAL,Male,50+
1766,https://images.unsplash.com/photo-1633540460862-5df3b2a640a2?crop=entropy&cs=tinysrgb&fit=max&fm=jpg&ixid=M3w5NDQwMTV8MHwxfHNlYXJjaHwxMTZ8fHBlcnNvbiUyMGZhY2UlMjBwaG90b3xlbnwwfHx8fDE3NzgwNjUyODR8MA&ixlib=rb-4.1.0&q=80&w=1080,REAL,Unknown,18-25
1767,https://images.unsplash.com/photo-1587397229908-e30ebc77d4a7?crop=entropy&cs=tinysrgb&fit=max&fm=jpg&ixid=M3w5NDQwMTV8MHwxfHNlYXJjaHwxMTd8fHBlcnNvbiUyMGZhY2UlMjBwaG90b3xlbnwwfHx8fDE3NzgwNjUyODR8MA&ixlib=rb-4.1.0&q=80&w=1080,REAL,Unknown,18-25
1768,https://images.unsplash.com/photo-1707915140945-bb040acfff54?crop=entropy&cs=tinysrgb&fit=max&fm=jpg&ixid=M3w5NDQwMTV8MHwxfHNlYXJjaHwxMTh8fHBlcnNvbiUyMGZhY2UlMjBwaG90b3xlbnwwfHx8fDE3NzgwNjUyODR8MA&ixlib=rb-4.1.0&q=80&w=1080,REAL,Female,18-25
1769,https://images.unsplash.com/photo-1643563278887-3e3d80664397?crop=entropy&cs=tinysrgb&fit=max&fm=jpg&ixid=M3w5NDQwMTV8MHwxfHNlYXJjaHwxMTl8fHBlcnNvbiUyMGZhY2UlMjBwaG90b3xlbnwwfHx8fDE3NzgwNjUyODR8MA&ixlib=rb-4.1.0&q=80&w=1080,REAL,Male,26-35
1770,https://images.unsplash.com/photo-1564484653732-d26db45fdfc7?crop=entropy&cs=tinysrgb&fit=max&fm=jpg&ixid=M3w5NDQwMTV8MHwxfHNlYXJjaHwxMjB8fHBlcnNvbiUyMGZhY2UlMjBwaG90b3xlbnwwfHx8fDE3NzgwNjUyODR8MA&ixlib=rb-4.1.0&q=80&w=1080,REAL,Male,36-50
1771,https://images.unsplash.com/photo-1741981961804-825227c06782?crop=entropy&cs=tinysrgb&fit=max&fm=jpg&ixid=M3w5NDQwMTV8MHwxfHNlYXJjaHwxMjF8fHBlcnNvbiUyMGZhY2UlMjBwaG90b3xlbnwwfHx8fDE3NzgwNjUyODZ8MA&ixlib=rb-4.1.0&q=80&w=1080,REAL,Unknown,36-50
1772,https://images.unsplash.com/photo-1707915140945-bb040acfff54?crop=entropy&cs=tinysrgb&fit=max&fm=jpg&ixid=M3w5NDQwMTV8MHwxfHNlYXJjaHwxMjJ8fHBlcnNvbiUyMGZhY2UlMjBwaG90b3xlbnwwfHx8fDE3NzgwNjUyODZ8MA&ixlib=rb-4.1.0&q=80&w=1080,REAL,Male,26-35
1773,https://images.unsplash.com/photo-1697822857100-9fc9e1a4de44?crop=entropy&cs=tinysrgb&fit=max&fm=jpg&ixid=M3w5NDQwMTV8MHwxfHNlYXJjaHwxMjN8fHBlcnNvbiUyMGZhY2UlMjBwaG90b3xlbnwwfHx8fDE3NzgwNjUyODZ8MA&ixlib=rb-4.1.0&q=80&w=1080,REAL,Female,36-50
1774,https://images.unsplash.com/photo-1564484653732-d26db45fdfc7?crop=entropy&cs=tinysrgb&fit=max&fm=jpg&ixid=M3w5NDQwMTV8MHwxfHNlYXJjaHwxMjR8fHBlcnNvbiUyMGZhY2UlMjBwaG90b3xlbnwwfHx8fDE3NzgwNjUyODZ8MA&ixlib=rb-4.1.0&q=80&w=1080,REAL,Unknown,50+
1775,https://images.unsplash.com/photo-1710371569248-8b1f5bf6b354?crop=entropy&cs=tinysrgb&fit=max&fm=jpg&ixid=M3w5NDQwMTV8MHwxfHNlYXJjaHwxMjV8fHBlcnNvbiUyMGZhY2UlMjBwaG90b3xlbnwwfHx8fDE3NzgwNjUyODZ8MA&ixlib=rb-4.1.0&q=80&w=1080,REAL,Male,36-50
1776,https://images.unsplash.com/photo-1643563278887-3e3d80664397?crop=entropy&cs=tinysrgb&fit=max&fm=jpg&ixid=M3w5NDQwMTV8MHwxfHNlYXJjaHwxMjZ8fHBlcnNvbiUyMGZhY2UlMjBwaG90b3xlbnwwfHx8fDE3NzgwNjUyODZ8MA&ixlib=rb-4.1.0&q=80&w=1080,REAL,Unknown,36-50
1777,https://images.unsplash.com/photo-1640171342363-ca1d8b5d02cb?crop=entropy&cs=tinysrgb&fit=max&fm=jpg&ixid=M3w5NDQwMTV8MHwxfHNlYXJjaHwxMjd8fHBlcnNvbiUyMGZhY2UlMjBwaG90b3xlbnwwfHx8fDE3NzgwNjUyODZ8MA&ixlib=rb-4.1.0&q=80&w=1080,REAL,Male,26-35
1778,https://images.unsplash.com/photo-1637520932019-d53127038bb5?crop=entropy&cs=tinysrgb&fit=max&fm=jpg&ixid=M3w5NDQwMTV8MHwxfHNlYXJjaHwxMjh8fHBlcnNvbiUyMGZhY2UlMjBwaG90b3xlbnwwfHx8fDE3NzgwNjUyODZ8MA&ixlib=rb-4.1.0&q=80&w=1080,REAL,Male,18-25
1779,https://images.unsplash.com/photo-1623864653909-0104b412f75d?crop=entropy&cs=tinysrgb&fit=max&fm=jpg&ixid=M3w5NDQwMTV8MHwxfHNlYXJjaHwxMjl8fHBlcnNvbiUyMGZhY2UlMjBwaG90b3xlbnwwfHx8fDE3NzgwNjUyODZ8MA&ixlib=rb-4.1.0&q=80&w=1080,REAL,Unknown,36-50
1780,https://images.unsplash.com/photo-1702449269565-8bbe32972f65?crop=entropy&cs=tinysrgb&fit=max&fm=jpg&ixid=M3w5NDQwMTV8MHwxfHNlYXJjaHwxMzB8fHBlcnNvbiUyMGZhY2UlMjBwaG90b3xlbnwwfHx8fDE3NzgwNjUyODZ8MA&ixlib=rb-4.1.0&q=80&w=1080,REAL,Male,26-35
1781,https://images.unsplash.com/photo-1634402134815-cd41de10a46c?crop=entropy&cs=tinysrgb&fit=max&fm=jpg&ixid=M3w5NDQwMTV8MHwxfHNlYXJjaHwxMzF8fHBlcnNvbiUyMGZhY2UlMjBwaG90b3xlbnwwfHx8fDE3NzgwNjUyODZ8MA&ixlib=rb-4.1.0&q=80&w=1080,REAL,Male,26-35
1782,https://images.unsplash.com/photo-1589006227094-fc2fcf082f87?crop=entropy&cs=tinysrgb&fit=max&fm=jpg&ixid=M3w5NDQwMTV8MHwxfHNlYXJjaHwxMzJ8fHBlcnNvbiUyMGZhY2UlMjBwaG90b3xlbnwwfHx8fDE3NzgwNjUyODZ8MA&ixlib=rb-4.1.0&q=80&w=1080,REAL,Female,36-50
1783,https://images.unsplash.com/photo-1622022169552-82259e7c324c?crop=entropy&cs=tinysrgb&fit=max&fm=jpg&ixid=M3w5NDQwMTV8MHwxfHNlYXJjaHwxMzN8fHBlcnNvbiUyMGZhY2UlMjBwaG90b3xlbnwwfHx8fDE3NzgwNjUyODZ8MA&ixlib=rb-4.1.0&q=80&w=1080,REAL,Female,36-50
1784,https://images.unsplash.com/photo-1727341554128-3a73b53f0a8c?crop=entropy&cs=tinysrgb&fit=max&fm=jpg&ixid=M3w5NDQwMTV8MHwxfHNlYXJjaHwxMzR8fHBlcnNvbiUyMGZhY2UlMjBwaG90b3xlbnwwfHx8fDE3NzgwNjUyODZ8MA&ixlib=rb-4.1.0&q=80&w=1080,REAL,Unknown,36-50
1785,https://images.unsplash.com/photo-1617047671901-34035b399153?crop=entropy&cs=tinysrgb&fit=max&fm=jpg&ixid=M3w5NDQwMTV8MHwxfHNlYXJjaHwxMzV8fHBlcnNvbiUyMGZhY2UlMjBwaG90b3xlbnwwfHx8fDE3NzgwNjUyODZ8MA&ixlib=rb-4.1.0&q=80&w=1080,REAL,Female,18-25
1786,https://images.unsplash.com/photo-1588717158677-4a5c8decbcd2?crop=entropy&cs=tinysrgb&fit=max&fm=jpg&ixid=M3w5NDQwMTV8MHwxfHNlYXJjaHwxMzZ8fHBlcnNvbiUyMGZhY2UlMjBwaG90b3xlbnwwfHx8fDE3NzgwNjUyODZ8MA&ixlib=rb-4.1.0&q=80&w=1080,REAL,Female,26-35
1787,https://images.unsplash.com/photo-1576576245194-8590304ae967?crop=entropy&cs=tinysrgb&fit=max&fm=jpg&ixid=M3w5NDQwMTV8MHwxfHNlYXJjaHwxMzd8fHBlcnNvbiUyMGZhY2UlMjBwaG90b3xlbnwwfHx8fDE3NzgwNjUyODZ8MA&ixlib=rb-4.1.0&q=80&w=1080,REAL,Male,50+
1788,https://images.unsplash.com/photo-1661879261024-c375bf5f37f8?crop=entropy&cs=tinysrgb&fit=max&fm=jpg&ixid=M3w5NDQwMTV8MHwxfHNlYXJjaHwxMzh8fHBlcnNvbiUyMGZhY2UlMjBwaG90b3xlbnwwfHx8fDE3NzgwNjUyODZ8MA&ixlib=rb-4.1.0&q=80&w=1080,REAL,Male,50+
1789,https://images.unsplash.com/photo-1615039704129-a5a4cfbb3594?crop=entropy&cs=tinysrgb&fit=max&fm=jpg&ixid=M3w5NDQwMTV8MHwxfHNlYXJjaHwxMzl8fHBlcnNvbiUyMGZhY2UlMjBwaG90b3xlbnwwfHx8fDE3NzgwNjUyODZ8MA&ixlib=rb-4.1.0&q=80&w=1080,REAL,Male,50+
1790,https://images.unsplash.com/photo-1637260228557-a1a7810b991f?crop=entropy&cs=tinysrgb&fit=max&fm=jpg&ixid=M3w5NDQwMTV8MHwxfHNlYXJjaHwxNDB8fHBlcnNvbiUyMGZhY2UlMjBwaG90b3xlbnwwfHx8fDE3NzgwNjUyODZ8MA&ixlib=rb-4.1.0&q=80&w=1080,REAL,Female,36-50
1791,https://images.unsplash.com/photo-1660081509268-74ebb5a15227?crop=entropy&cs=tinysrgb&fit=max&fm=jpg&ixid=M3w5NDQwMTV8MHwxfHNlYXJjaHwxNDF8fHBlcnNvbiUyMGZhY2UlMjBwaG90b3xlbnwwfHx8fDE3NzgwNjUyODZ8MA&ixlib=rb-4.1.0&q=80&w=1080,REAL,Unknown,18-25
1792,https://images.unsplash.com/photo-1727341552984-d0260518e38d?crop=entropy&cs=tinysrgb&fit=max&fm=jpg&ixid=M3w5NDQwMTV8MHwxfHNlYXJjaHwxNDJ8fHBlcnNvbiUyMGZhY2UlMjBwaG90b3xlbnwwfHx8fDE3NzgwNjUyODZ8MA&ixlib=rb-4.1.0&q=80&w=1080,REAL,Unknown,36-50
1793,https://images.unsplash.com/photo-1659344827896-ddde55316a4e?crop=entropy&cs=tinysrgb&fit=max&fm=jpg&ixid=M3w5NDQwMTV8MHwxfHNlYXJjaHwxNDN8fHBlcnNvbiUyMGZhY2UlMjBwaG90b3xlbnwwfHx8fDE3NzgwNjUyODZ8MA&ixlib=rb-4.1.0&q=80&w=1080,REAL,Female,50+
1794,https://images.unsplash.com/photo-1637259926865-bbbd73452c81?crop=entropy&cs=tinysrgb&fit=max&fm=jpg&ixid=M3w5NDQwMTV8MHwxfHNlYXJjaHwxNDR8fHBlcnNvbiUyMGZhY2UlMjBwaG90b3xlbnwwfHx8fDE3NzgwNjUyODZ8MA&ixlib=rb-4.1.0&q=80&w=1080,REAL,Female,18-25
1795,https://images.unsplash.com/photo-1739671191234-1772df1d1b7e?crop=entropy&cs=tinysrgb&fit=max&fm=jpg&ixid=M3w5NDQwMTV8MHwxfHNlYXJjaHwxNDV8fHBlcnNvbiUyMGZhY2UlMjBwaG90b3xlbnwwfHx8fDE3NzgwNjUyODZ8MA&ixlib=rb-4.1.0&q=80&w=1080,REAL,Female,26-35
1796,https://images.unsplash.com/photo-1697920915765-bf8c8758df2d?crop=entropy&cs=tinysrgb&fit=max&fm=jpg&ixid=M3w5NDQwMTV8MHwxfHNlYXJjaHwxNDZ8fHBlcnNvbiUyMGZhY2UlMjBwaG90b3xlbnwwfHx8fDE3NzgwNjUyODZ8MA&ixlib=rb-4.1.0&q=80&w=1080,REAL,Unknown,18-25
1797,https://images.unsplash.com/photo-1585835582181-6b1accea23e0?crop=entropy&cs=tinysrgb&fit=max&fm=jpg&ixid=M3w5NDQwMTV8MHwxfHNlYXJjaHwxNDd8fHBlcnNvbiUyMGZhY2UlMjBwaG90b3xlbnwwfHx8fDE3NzgwNjUyODZ8MA&ixlib=rb-4.1.0&q=80&w=1080,REAL,Unknown,26-35
1798,https://images.unsplash.com/photo-1710371563407-440f07163294?crop=entropy&cs=tinysrgb&fit=max&fm=jpg&ixid=M3w5NDQwMTV8MHwxfHNlYXJjaHwxNDh8fHBlcnNvbiUyMGZhY2UlMjBwaG90b3xlbnwwfHx8fDE3NzgwNjUyODZ8MA&ixlib=rb-4.1.0&q=80&w=1080,REAL,Unknown,36-50
1799,https://images.unsplash.com/photo-1611780133619-f27d7b6ed77f?crop=entropy&cs=tinysrgb&fit=max&fm=jpg&ixid=M3w5NDQwMTV8MHwxfHNlYXJjaHwxNDl8fHBlcnNvbiUyMGZhY2UlMjBwaG90b3xlbnwwfHx8fDE3NzgwNjUyODZ8MA&ixlib=rb-4.1.0&q=80&w=1080,REAL,Male,36-50
1800,https://images.unsplash.com/photo-1580353836390-a4867846d63a?crop=entropy&cs=tinysrgb&fit=max&fm=jpg&ixid=M3w5NDQwMTV8MHwxfHNlYXJjaHwxNTB8fHBlcnNvbiUyMGZhY2UlMjBwaG90b3xlbnwwfHx8fDE3NzgwNjUyODZ8MA&ixlib=rb-4.1.0&q=80&w=1080,REAL,Male,26-35
1801,https://images.unsplash.com/photo-1580353836390-a4867846d63a?crop=entropy&cs=tinysrgb&fit=max&fm=jpg&ixid=M3w5NDQwMTV8MHwxfHNlYXJjaHwxNTF8fHBlcnNvbiUyMGZhY2UlMjBwaG90b3xlbnwwfHx8fDE3NzgwNjUyODh8MA&ixlib=rb-4.1.0&q=80&w=1080,REAL,Male,18-25
1802,https://images.unsplash.com/photo-1611780133619-f27d7b6ed77f?crop=entropy&cs=tinysrgb&fit=max&fm=jpg&ixid=M3w5NDQwMTV8MHwxfHNlYXJjaHwxNTJ8fHBlcnNvbiUyMGZhY2UlMjBwaG90b3xlbnwwfHx8fDE3NzgwNjUyODh8MA&ixlib=rb-4.1.0&q=80&w=1080,REAL,Male,18-25
1803,https://images.unsplash.com/photo-1639881255077-424edb5a3ead?crop=entropy&cs=tinysrgb&fit=max&fm=jpg&ixid=M3w5NDQwMTV8MHwxfHNlYXJjaHwxNTN8fHBlcnNvbiUyMGZhY2UlMjBwaG90b3xlbnwwfHx8fDE3NzgwNjUyODh8MA&ixlib=rb-4.1.0&q=80&w=1080,REAL,Female,36-50
1804,https://images.unsplash.com/photo-1615241866991-cbbc711263d2?crop=entropy&cs=tinysrgb&fit=max&fm=jpg&ixid=M3w5NDQwMTV8MHwxfHNlYXJjaHwxNTR8fHBlcnNvbiUyMGZhY2UlMjBwaG90b3xlbnwwfHx8fDE3NzgwNjUyODh8MA&ixlib=rb-4.1.0&q=80&w=1080,REAL,Female,36-50
1805,https://images.unsplash.com/photo-1611603088259-3a5dbe3479bf?crop=entropy&cs=tinysrgb&fit=max&fm=jpg&ixid=M3w5NDQwMTV8MHwxfHNlYXJjaHwxNTV8fHBlcnNvbiUyMGZhY2UlMjBwaG90b3xlbnwwfHx8fDE3NzgwNjUyODh8MA&ixlib=rb-4.1.0&q=80&w=1080,REAL,Male,18-25
1806,https://images.unsplash.com/photo-1552495787-ad94c3a760a2?crop=entropy&cs=tinysrgb&fit=max&fm=jpg&ixid=M3w5NDQwMTV8MHwxfHNlYXJjaHwxNTZ8fHBlcnNvbiUyMGZhY2UlMjBwaG90b3xlbnwwfHx8fDE3NzgwNjUyODh8MA&ixlib=rb-4.1.0&q=80&w=1080,REAL,Female,36-50
1807,https://images.unsplash.com/photo-1572288236082-e363d5121568?crop=entropy&cs=tinysrgb&fit=max&fm=jpg&ixid=M3w5NDQwMTV8MHwxfHNlYXJjaHwxNTd8fHBlcnNvbiUyMGZhY2UlMjBwaG90b3xlbnwwfHx8fDE3NzgwNjUyODh8MA&ixlib=rb-4.1.0&q=80&w=1080,REAL,Female,50+
1808,https://images.unsplash.com/photo-1727341556241-e6f5e1029522?crop=entropy&cs=tinysrgb&fit=max&fm=jpg&ixid=M3w5NDQwMTV8MHwxfHNlYXJjaHwxNTh8fHBlcnNvbiUyMGZhY2UlMjBwaG90b3xlbnwwfHx8fDE3NzgwNjUyODh8MA&ixlib=rb-4.1.0&q=80&w=1080,REAL,Unknown,18-25
1809,https://images.unsplash.com/photo-1734657420987-06e7f337d016?crop=entropy&cs=tinysrgb&fit=max&fm=jpg&ixid=M3w5NDQwMTV8MHwxfHNlYXJjaHwxNTl8fHBlcnNvbiUyMGZhY2UlMjBwaG90b3xlbnwwfHx8fDE3NzgwNjUyODh8MA&ixlib=rb-4.1.0&q=80&w=1080,REAL,Unknown,36-50
1810,https://images.unsplash.com/photo-1645790786298-d9f18f32848a?crop=entropy&cs=tinysrgb&fit=max&fm=jpg&ixid=M3w5NDQwMTV8MHwxfHNlYXJjaHwxNjB8fHBlcnNvbiUyMGZhY2UlMjBwaG90b3xlbnwwfHx8fDE3NzgwNjUyODh8MA&ixlib=rb-4.1.0&q=80&w=1080,REAL,Male,50+
1811,https://images.unsplash.com/photo-1635953869014-072895df9786?crop=entropy&cs=tinysrgb&fit=max&fm=jpg&ixid=M3w5NDQwMTV8MHwxfHNlYXJjaHwxNjF8fHBlcnNvbiUyMGZhY2UlMjBwaG90b3xlbnwwfHx8fDE3NzgwNjUyODh8MA&ixlib=rb-4.1.0&q=80&w=1080,REAL,Unknown,18-25
1812,https://images.unsplash.com/photo-1642901463544-38317bf7e907?crop=entropy&cs=tinysrgb&fit=max&fm=jpg&ixid=M3w5NDQwMTV8MHwxfHNlYXJjaHwxNjJ8fHBlcnNvbiUyMGZhY2UlMjBwaG90b3xlbnwwfHx8fDE3NzgwNjUyODh8MA&ixlib=rb-4.1.0&q=80&w=1080,REAL,Female,36-50
1813,https://images.unsplash.com/photo-1605284909169-5e93b375cd4d?crop=entropy&cs=tinysrgb&fit=max&fm=jpg&ixid=M3w5NDQwMTV8MHwxfHNlYXJjaHwxNjN8fHBlcnNvbiUyMGZhY2UlMjBwaG90b3xlbnwwfHx8fDE3NzgwNjUyODh8MA&ixlib=rb-4.1.0&q=80&w=1080,REAL,Female,36-50
1814,https://images.unsplash.com/photo-1623175258280-97c63efd370a?crop=entropy&cs=tinysrgb&fit=max&fm=jpg&ixid=M3w5NDQwMTV8MHwxfHNlYXJjaHwxNjR8fHBlcnNvbiUyMGZhY2UlMjBwaG90b3xlbnwwfHx8fDE3NzgwNjUyODh8MA&ixlib=rb-4.1.0&q=80&w=1080,REAL,Male,18-25
1815,https://images.unsplash.com/photo-1727341557376-f05c5c96087d?crop=entropy&cs=tinysrgb&fit=max&fm=jpg&ixid=M3w5NDQwMTV8MHwxfHNlYXJjaHwxNjV8fHBlcnNvbiUyMGZhY2UlMjBwaG90b3xlbnwwfHx8fDE3NzgwNjUyODh8MA&ixlib=rb-4.1.0&q=80&w=1080,REAL,Unknown,26-35
1816,https://images.unsplash.com/photo-1727341553976-8456538f2009?crop=entropy&cs=tinysrgb&fit=max&fm=jpg&ixid=M3w5NDQwMTV8MHwxfHNlYXJjaHwxNjZ8fHBlcnNvbiUyMGZhY2UlMjBwaG90b3xlbnwwfHx8fDE3NzgwNjUyODh8MA&ixlib=rb-4.1.0&q=80&w=1080,REAL,Unknown,18-25
1817,https://images.unsplash.com/photo-1622022170039-5c3342a288ad?crop=entropy&cs=tinysrgb&fit=max&fm=jpg&ixid=M3w5NDQwMTV8MHwxfHNlYXJjaHwxNjd8fHBlcnNvbiUyMGZhY2UlMjBwaG90b3xlbnwwfHx8fDE3NzgwNjUyODh8MA&ixlib=rb-4.1.0&q=80&w=1080,REAL,Female,36-50
1818,https://images.unsplash.com/photo-1665371723030-4fd9087ce930?crop=entropy&cs=tinysrgb&fit=max&fm=jpg&ixid=M3w5NDQwMTV8MHwxfHNlYXJjaHwxNjh8fHBlcnNvbiUyMGZhY2UlMjBwaG90b3xlbnwwfHx8fDE3NzgwNjUyODh8MA&ixlib=rb-4.1.0&q=80&w=1080,REAL,Female,18-25
1819,https://images.unsplash.com/photo-1727341557531-343cd4364501?crop=entropy&cs=tinysrgb&fit=max&fm=jpg&ixid=M3w5NDQwMTV8MHwxfHNlYXJjaHwxNjl8fHBlcnNvbiUyMGZhY2UlMjBwaG90b3xlbnwwfHx8fDE3NzgwNjUyODh8MA&ixlib=rb-4.1.0&q=80&w=1080,REAL,Unknown,18-25
1820,https://images.unsplash.com/photo-1727341556787-7292f7515aec?crop=entropy&cs=tinysrgb&fit=max&fm=jpg&ixid=M3w5NDQwMTV8MHwxfHNlYXJjaHwxNzB8fHBlcnNvbiUyMGZhY2UlMjBwaG90b3xlbnwwfHx8fDE3NzgwNjUyODh8MA&ixlib=rb-4.1.0&q=80&w=1080,REAL,Female,18-25
1821,https://images.unsplash.com/photo-1586814648605-a677ea9285a6?crop=entropy&cs=tinysrgb&fit=max&fm=jpg&ixid=M3w5NDQwMTV8MHwxfHNlYXJjaHwxNzF8fHBlcnNvbiUyMGZhY2UlMjBwaG90b3xlbnwwfHx8fDE3NzgwNjUyODh8MA&ixlib=rb-4.1.0&q=80&w=1080,REAL,Unknown,18-25
1822,https://images.unsplash.com/photo-1623677271918-cbb0745702c8?crop=entropy&cs=tinysrgb&fit=max&fm=jpg&ixid=M3w5NDQwMTV8MHwxfHNlYXJjaHwxNzJ8fHBlcnNvbiUyMGZhY2UlMjBwaG90b3xlbnwwfHx8fDE3NzgwNjUyODh8MA&ixlib=rb-4.1.0&q=80&w=1080,REAL,Female,26-35
1823,https://images.unsplash.com/photo-1708779379055-7a92f00cc090?crop=entropy&cs=tinysrgb&fit=max&fm=jpg&ixid=M3w5NDQwMTV8MHwxfHNlYXJjaHwxNzN8fHBlcnNvbiUyMGZhY2UlMjBwaG90b3xlbnwwfHx8fDE3NzgwNjUyODh8MA&ixlib=rb-4.1.0&q=80&w=1080,REAL,Female,18-25
1824,https://images.unsplash.com/photo-1622842182823-28bfbfba47e3?crop=entropy&cs=tinysrgb&fit=max&fm=jpg&ixid=M3w5NDQwMTV8MHwxfHNlYXJjaHwxNzR8fHBlcnNvbiUyMGZhY2UlMjBwaG90b3xlbnwwfHx8fDE3NzgwNjUyODh8MA&ixlib=rb-4.1.0&q=80&w=1080,REAL,Unknown,18-25
1825,https://images.unsplash.com/photo-1641252525354-4026216c3916?crop=entropy&cs=tinysrgb&fit=max&fm=jpg&ixid=M3w5NDQwMTV8MHwxfHNlYXJjaHwxNzV8fHBlcnNvbiUyMGZhY2UlMjBwaG90b3xlbnwwfHx8fDE3NzgwNjUyODh8MA&ixlib=rb-4.1.0&q=80&w=1080,REAL,Male,26-35
1826,https://images.unsplash.com/photo-1635457802326-d2274dfd5572?crop=entropy&cs=tinysrgb&fit=max&fm=jpg&ixid=M3w5NDQwMTV8MHwxfHNlYXJjaHwxNzZ8fHBlcnNvbiUyMGZhY2UlMjBwaG90b3xlbnwwfHx8fDE3NzgwNjUyODh8MA&ixlib=rb-4.1.0&q=80&w=1080,REAL,Female,36-50
1827,https://images.unsplash.com/photo-1588851799505-f701f0e30bcf?crop=entropy&cs=tinysrgb&fit=max&fm=jpg&ixid=M3w5NDQwMTV8MHwxfHNlYXJjaHwxNzd8fHBlcnNvbiUyMGZhY2UlMjBwaG90b3xlbnwwfHx8fDE3NzgwNjUyODh8MA&ixlib=rb-4.1.0&q=80&w=1080,REAL,Female,50+
1828,https://images.unsplash.com/photo-1621912577629-24f35b0bb034?crop=entropy&cs=tinysrgb&fit=max&fm=jpg&ixid=M3w5NDQwMTV8MHwxfHNlYXJjaHwxNzh8fHBlcnNvbiUyMGZhY2UlMjBwaG90b3xlbnwwfHx8fDE3NzgwNjUyODh8MA&ixlib=rb-4.1.0&q=80&w=1080,REAL,Male,36-50
1829,https://images.unsplash.com/photo-1732490451492-a05ed556deb8?crop=entropy&cs=tinysrgb&fit=max&fm=jpg&ixid=M3w5NDQwMTV8MHwxfHNlYXJjaHwxNzl8fHBlcnNvbiUyMGZhY2UlMjBwaG90b3xlbnwwfHx8fDE3NzgwNjUyODh8MA&ixlib=rb-4.1.0&q=80&w=1080,REAL,Unknown,18-25
1830,https://images.unsplash.com/photo-1610928212533-f927e1e8c905?crop=entropy&cs=tinysrgb&fit=max&fm=jpg&ixid=M3w5NDQwMTV8MHwxfHNlYXJjaHwxODB8fHBlcnNvbiUyMGZhY2UlMjBwaG90b3xlbnwwfHx8fDE3NzgwNjUyODh8MA&ixlib=rb-4.1.0&q=80&w=1080,REAL,Female,50+
1831,https://images.unsplash.com/photo-1723063495041-ec4225ac078a?crop=entropy&cs=tinysrgb&fit=max&fm=jpg&ixid=M3w5NDQwMTV8MHwxfHNlYXJjaHwxODF8fHBlcnNvbiUyMGZhY2UlMjBwaG90b3xlbnwwfHx8fDE3NzgwNjUyOTB8MA&ixlib=rb-4.1.0&q=80&w=1080,REAL,Female,26-35
1832,https://images.unsplash.com/photo-1717887923436-58b1cf5627d8?crop=entropy&cs=tinysrgb&fit=max&fm=jpg&ixid=M3w5NDQwMTV8MHwxfHNlYXJjaHwxODJ8fHBlcnNvbiUyMGZhY2UlMjBwaG90b3xlbnwwfHx8fDE3NzgwNjUyOTB8MA&ixlib=rb-4.1.0&q=80&w=1080,REAL,Unknown,50+
1833,https://images.unsplash.com/photo-1605972508994-a29759038123?crop=entropy&cs=tinysrgb&fit=max&fm=jpg&ixid=M3w5NDQwMTV8MHwxfHNlYXJjaHwxODN8fHBlcnNvbiUyMGZhY2UlMjBwaG90b3xlbnwwfHx8fDE3NzgwNjUyOTB8MA&ixlib=rb-4.1.0&q=80&w=1080,REAL,Female,36-50
1834,https://images.unsplash.com/photo-1734067129129-bcb732801efe?crop=entropy&cs=tinysrgb&fit=max&fm=jpg&ixid=M3w5NDQwMTV8MHwxfHNlYXJjaHwxODR8fHBlcnNvbiUyMGZhY2UlMjBwaG90b3xlbnwwfHx8fDE3NzgwNjUyOTB8MA&ixlib=rb-4.1.0&q=80&w=1080,REAL,Unknown,18-25
1835,https://images.unsplash.com/photo-1637039796091-a3c6279fad80?crop=entropy&cs=tinysrgb&fit=max&fm=jpg&ixid=M3w5NDQwMTV8MHwxfHNlYXJjaHwxODV8fHBlcnNvbiUyMGZhY2UlMjBwaG90b3xlbnwwfHx8fDE3NzgwNjUyOTB8MA&ixlib=rb-4.1.0&q=80&w=1080,REAL,Female,26-35
1836,https://images.unsplash.com/photo-1694106192312-08d813b3d2ef?crop=entropy&cs=tinysrgb&fit=max&fm=jpg&ixid=M3w5NDQwMTV8MHwxfHNlYXJjaHwxODZ8fHBlcnNvbiUyMGZhY2UlMjBwaG90b3xlbnwwfHx8fDE3NzgwNjUyOTB8MA&ixlib=rb-4.1.0&q=80&w=1080,REAL,Unknown,50+
1837,https://images.unsplash.com/photo-1695830042175-af833fd6d982?crop=entropy&cs=tinysrgb&fit=max&fm=jpg&ixid=M3w5NDQwMTV8MHwxfHNlYXJjaHwxODd8fHBlcnNvbiUyMGZhY2UlMjBwaG90b3xlbnwwfHx8fDE3NzgwNjUyOTB8MA&ixlib=rb-4.1.0&q=80&w=1080,REAL,Unknown,50+
1838,https://images.unsplash.com/photo-1637813623627-65624f40bb4f?crop=entropy&cs=tinysrgb&fit=max&fm=jpg&ixid=M3w5NDQwMTV8MHwxfHNlYXJjaHwxODh8fHBlcnNvbiUyMGZhY2UlMjBwaG90b3xlbnwwfHx8fDE3NzgwNjUyOTB8MA&ixlib=rb-4.1.0&q=80&w=1080,REAL,Unknown,36-50
1839,https://images.unsplash.com/photo-1633663638607-55a2ed68ad7a?crop=entropy&cs=tinysrgb&fit=max&fm=jpg&ixid=M3w5NDQwMTV8MHwxfHNlYXJjaHwxODl8fHBlcnNvbiUyMGZhY2UlMjBwaG90b3xlbnwwfHx8fDE3NzgwNjUyOTB8MA&ixlib=rb-4.1.0&q=80&w=1080,REAL,Unknown,50+
1840,https://images.unsplash.com/photo-1590424744257-fdb03ed78ae0?crop=entropy&cs=tinysrgb&fit=max&fm=jpg&ixid=M3w5NDQwMTV8MHwxfHNlYXJjaHwxOTB8fHBlcnNvbiUyMGZhY2UlMjBwaG90b3xlbnwwfHx8fDE3NzgwNjUyOTB8MA&ixlib=rb-4.1.0&q=80&w=1080,REAL,Male,36-50
1841,https://images.unsplash.com/photo-1587837073080-448bc6a2329b?crop=entropy&cs=tinysrgb&fit=max&fm=jpg&ixid=M3w5NDQwMTV8MHwxfHNlYXJjaHwxOTF8fHBlcnNvbiUyMGZhY2UlMjBwaG90b3xlbnwwfHx8fDE3NzgwNjUyOTB8MA&ixlib=rb-4.1.0&q=80&w=1080,REAL,Unknown,26-35
1842,https://images.unsplash.com/photo-1697635645215-07612e91b8dd?crop=entropy&cs=tinysrgb&fit=max&fm=jpg&ixid=M3w5NDQwMTV8MHwxfHNlYXJjaHwxOTJ8fHBlcnNvbiUyMGZhY2UlMjBwaG90b3xlbnwwfHx8fDE3NzgwNjUyOTB8MA&ixlib=rb-4.1.0&q=80&w=1080,REAL,Female,36-50
1843,https://images.unsplash.com/photo-1685903772095-f07172808761?crop=entropy&cs=tinysrgb&fit=max&fm=jpg&ixid=M3w5NDQwMTV8MHwxfHNlYXJjaHwxOTN8fHBlcnNvbiUyMGZhY2UlMjBwaG90b3xlbnwwfHx8fDE3NzgwNjUyOTB8MA&ixlib=rb-4.1.0&q=80&w=1080,REAL,Female,36-50
1844,https://images.unsplash.com/photo-1727341557146-4abab94d0812?crop=entropy&cs=tinysrgb&fit=max&fm=jpg&ixid=M3w5NDQwMTV8MHwxfHNlYXJjaHwxOTR8fHBlcnNvbiUyMGZhY2UlMjBwaG90b3xlbnwwfHx8fDE3NzgwNjUyOTB8MA&ixlib=rb-4.1.0&q=80&w=1080,REAL,Female,50+
1845,https://images.unsplash.com/photo-1645281365698-483a80514aa5?crop=entropy&cs=tinysrgb&fit=max&fm=jpg&ixid=M3w5NDQwMTV8MHwxfHNlYXJjaHwxOTV8fHBlcnNvbiUyMGZhY2UlMjBwaG90b3xlbnwwfHx8fDE3NzgwNjUyOTB8MA&ixlib=rb-4.1.0&q=80&w=1080,REAL,Unknown,18-25
1846,https://images.unsplash.com/photo-1584339566146-14d8046c203f?crop=entropy&cs=tinysrgb&fit=max&fm=jpg&ixid=M3w5NDQwMTV8MHwxfHNlYXJjaHwxOTZ8fHBlcnNvbiUyMGZhY2UlMjBwaG90b3xlbnwwfHx8fDE3NzgwNjUyOTB8MA&ixlib=rb-4.1.0&q=80&w=1080,REAL,Female,26-35
1847,https://images.unsplash.com/photo-1706496366816-f589fadff1cd?crop=entropy&cs=tinysrgb&fit=max&fm=jpg&ixid=M3w5NDQwMTV8MHwxfHNlYXJjaHwxOTd8fHBlcnNvbiUyMGZhY2UlMjBwaG90b3xlbnwwfHx8fDE3NzgwNjUyOTB8MA&ixlib=rb-4.1.0&q=80&w=1080,REAL,Male,50+
1848,https://images.unsplash.com/photo-1721134319507-108ae2e5162b?crop=entropy&cs=tinysrgb&fit=max&fm=jpg&ixid=M3w5NDQwMTV8MHwxfHNlYXJjaHwxOTh8fHBlcnNvbiUyMGZhY2UlMjBwaG90b3xlbnwwfHx8fDE3NzgwNjUyOTB8MA&ixlib=rb-4.1.0&q=80&w=1080,REAL,Unknown,18-25
1849,https://images.unsplash.com/photo-1641252481923-c2ec906a39b1?crop=entropy&cs=tinysrgb&fit=max&fm=jpg&ixid=M3w5NDQwMTV8MHwxfHNlYXJjaHwxOTl8fHBlcnNvbiUyMGZhY2UlMjBwaG90b3xlbnwwfHx8fDE3NzgwNjUyOTB8MA&ixlib=rb-4.1.0&q=80&w=1080,REAL,Unknown,26-35
1850,https://images.unsplash.com/photo-1647007419554-d56279abd62e?crop=entropy&cs=tinysrgb&fit=max&fm=jpg&ixid=M3w5NDQwMTV8MHwxfHNlYXJjaHwyMDB8fHBlcnNvbiUyMGZhY2UlMjBwaG90b3xlbnwwfHx8fDE3NzgwNjUyOTB8MA&ixlib=rb-4.1.0&q=80&w=1080,REAL,Unknown,18-25
1851,https://images.unsplash.com/photo-1647945776490-6165d490c042?crop=entropy&cs=tinysrgb&fit=max&fm=jpg&ixid=M3w5NDQwMTV8MHwxfHNlYXJjaHwyMDF8fHBlcnNvbiUyMGZhY2UlMjBwaG90b3xlbnwwfHx8fDE3NzgwNjUyOTB8MA&ixlib=rb-4.1.0&q=80&w=1080,REAL,Unknown,36-50
1852,https://images.unsplash.com/photo-1596801493225-c4737aee9026?crop=entropy&cs=tinysrgb&fit=max&fm=jpg&ixid=M3w5NDQwMTV8MHwxfHNlYXJjaHwyMDJ8fHBlcnNvbiUyMGZhY2UlMjBwaG90b3xlbnwwfHx8fDE3NzgwNjUyOTB8MA&ixlib=rb-4.1.0&q=80&w=1080,REAL,Female,26-35
1853,https://images.unsplash.com/photo-1647132684208-11ae22956150?crop=entropy&cs=tinysrgb&fit=max&fm=jpg&ixid=M3w5NDQwMTV8MHwxfHNlYXJjaHwyMDN8fHBlcnNvbiUyMGZhY2UlMjBwaG90b3xlbnwwfHx8fDE3NzgwNjUyOTB8MA&ixlib=rb-4.1.0&q=80&w=1080,REAL,Female,18-25
1854,https://images.unsplash.com/photo-1653565336257-a7609528717c?crop=entropy&cs=tinysrgb&fit=max&fm=jpg&ixid=M3w5NDQwMTV8MHwxfHNlYXJjaHwyMDR8fHBlcnNvbiUyMGZhY2UlMjBwaG90b3xlbnwwfHx8fDE3NzgwNjUyOTB8MA&ixlib=rb-4.1.0&q=80&w=1080,REAL,Male,26-35
1855,https://images.unsplash.com/photo-1631701119265-33ca2b80d00d?crop=entropy&cs=tinysrgb&fit=max&fm=jpg&ixid=M3w5NDQwMTV8MHwxfHNlYXJjaHwyMDV8fHBlcnNvbiUyMGZhY2UlMjBwaG90b3xlbnwwfHx8fDE3NzgwNjUyOTB8MA&ixlib=rb-4.1.0&q=80&w=1080,REAL,Female,18-25
1856,https://images.unsplash.com/photo-1634402153378-16bd852cd046?crop=entropy&cs=tinysrgb&fit=max&fm=jpg&ixid=M3w5NDQwMTV8MHwxfHNlYXJjaHwyMDZ8fHBlcnNvbiUyMGZhY2UlMjBwaG90b3xlbnwwfHx8fDE3NzgwNjUyOTB8MA&ixlib=rb-4.1.0&q=80&w=1080,REAL,Female,26-35
1857,https://images.unsplash.com/photo-1733425264383-842e0cd98386?crop=entropy&cs=tinysrgb&fit=max&fm=jpg&ixid=M3w5NDQwMTV8MHwxfHNlYXJjaHwyMDd8fHBlcnNvbiUyMGZhY2UlMjBwaG90b3xlbnwwfHx8fDE3NzgwNjUyOTB8MA&ixlib=rb-4.1.0&q=80&w=1080,REAL,Male,18-25
1858,https://images.unsplash.com/photo-1578426443815-274f54c85a29?crop=entropy&cs=tinysrgb&fit=max&fm=jpg&ixid=M3w5NDQwMTV8MHwxfHNlYXJjaHwyMDh8fHBlcnNvbiUyMGZhY2UlMjBwaG90b3xlbnwwfHx8fDE3NzgwNjUyOTB8MA&ixlib=rb-4.1.0&q=80&w=1080,REAL,Male,18-25
1859,https://images.unsplash.com/photo-1633897688321-8505c94c3dc4?crop=entropy&cs=tinysrgb&fit=max&fm=jpg&ixid=M3w5NDQwMTV8MHwxfHNlYXJjaHwyMDl8fHBlcnNvbiUyMGZhY2UlMjBwaG90b3xlbnwwfHx8fDE3NzgwNjUyOTB8MA&ixlib=rb-4.1.0&q=80&w=1080,REAL,Male,50+
1860,https://images.unsplash.com/photo-1609959067540-2018c702724e?crop=entropy&cs=tinysrgb&fit=max&fm=jpg&ixid=M3w5NDQwMTV8MHwxfHNlYXJjaHwyMTB8fHBlcnNvbiUyMGZhY2UlMjBwaG90b3xlbnwwfHx8fDE3NzgwNjUyOTB8MA&ixlib=rb-4.1.0&q=80&w=1080,REAL,Female,18-25
1861,https://images.unsplash.com/photo-1647132684208-11ae22956150?crop=entropy&cs=tinysrgb&fit=max&fm=jpg&ixid=M3w5NDQwMTV8MHwxfHNlYXJjaHwyMTF8fHBlcnNvbiUyMGZhY2UlMjBwaG90b3xlbnwwfHx8fDE3NzgwNjUyOTJ8MA&ixlib=rb-4.1.0&q=80&w=1080,REAL,Male,26-35
1862,https://images.unsplash.com/photo-1596801493225-c4737aee9026?crop=entropy&cs=tinysrgb&fit=max&fm=jpg&ixid=M3w5NDQwMTV8MHwxfHNlYXJjaHwyMTJ8fHBlcnNvbiUyMGZhY2UlMjBwaG90b3xlbnwwfHx8fDE3NzgwNjUyOTJ8MA&ixlib=rb-4.1.0&q=80&w=1080,REAL,Female,26-35
1863,https://images.unsplash.com/photo-1641764343067-f35532659966?crop=entropy&cs=tinysrgb&fit=max&fm=jpg&ixid=M3w5NDQwMTV8MHwxfHNlYXJjaHwyMTN8fHBlcnNvbiUyMGZhY2UlMjBwaG90b3xlbnwwfHx8fDE3NzgwNjUyOTJ8MA&ixlib=rb-4.1.0&q=80&w=1080,REAL,Male,26-35
1864,https://images.unsplash.com/photo-1622716453112-5ee26ed091ad?crop=entropy&cs=tinysrgb&fit=max&fm=jpg&ixid=M3w5NDQwMTV8MHwxfHNlYXJjaHwyMTR8fHBlcnNvbiUyMGZhY2UlMjBwaG90b3xlbnwwfHx8fDE3NzgwNjUyOTJ8MA&ixlib=rb-4.1.0&q=80&w=1080,REAL,Unknown,26-35
1865,https://images.unsplash.com/photo-1673883429828-2a13bd2ca323?crop=entropy&cs=tinysrgb&fit=max&fm=jpg&ixid=M3w5NDQwMTV8MHwxfHNlYXJjaHwyMTV8fHBlcnNvbiUyMGZhY2UlMjBwaG90b3xlbnwwfHx8fDE3NzgwNjUyOTJ8MA&ixlib=rb-4.1.0&q=80&w=1080,REAL,Male,18-25
1866,https://images.unsplash.com/photo-1673883431115-70ffca89e69b?crop=entropy&cs=tinysrgb&fit=max&fm=jpg&ixid=M3w5NDQwMTV8MHwxfHNlYXJjaHwyMTZ8fHBlcnNvbiUyMGZhY2UlMjBwaG90b3xlbnwwfHx8fDE3NzgwNjUyOTJ8MA&ixlib=rb-4.1.0&q=80&w=1080,REAL,Unknown,36-50
1867,https://images.unsplash.com/photo-1589067400794-5e1fbbd2e464?crop=entropy&cs=tinysrgb&fit=max&fm=jpg&ixid=M3w5NDQwMTV8MHwxfHNlYXJjaHwyMTd8fHBlcnNvbiUyMGZhY2UlMjBwaG90b3xlbnwwfHx8fDE3NzgwNjUyOTJ8MA&ixlib=rb-4.1.0&q=80&w=1080,REAL,Female,36-50
1868,https://images.unsplash.com/photo-1673883430475-08c6cad65d9a?crop=entropy&cs=tinysrgb&fit=max&fm=jpg&ixid=M3w5NDQwMTV8MHwxfHNlYXJjaHwyMTh8fHBlcnNvbiUyMGZhY2UlMjBwaG90b3xlbnwwfHx8fDE3NzgwNjUyOTJ8MA&ixlib=rb-4.1.0&q=80&w=1080,REAL,Unknown,18-25
1869,https://images.unsplash.com/photo-1573146258565-fa7106ae6a37?crop=entropy&cs=tinysrgb&fit=max&fm=jpg&ixid=M3w5NDQwMTV8MHwxfHNlYXJjaHwyMTl8fHBlcnNvbiUyMGZhY2UlMjBwaG90b3xlbnwwfHx8fDE3NzgwNjUyOTJ8MA&ixlib=rb-4.1.0&q=80&w=1080,REAL,Male,50+
1870,https://images.unsplash.com/photo-1585202600732-4cc815aebdf8?crop=entropy&cs=tinysrgb&fit=max&fm=jpg&ixid=M3w5NDQwMTV8MHwxfHNlYXJjaHwyMjB8fHBlcnNvbiUyMGZhY2UlMjBwaG90b3xlbnwwfHx8fDE3NzgwNjUyOTJ8MA&ixlib=rb-4.1.0&q=80&w=1080,REAL,Unknown,50+
1871,https://images.unsplash.com/photo-1611431182782-cb1f5acd6e94?crop=entropy&cs=tinysrgb&fit=max&fm=jpg&ixid=M3w5NDQwMTV8MHwxfHNlYXJjaHwyMjF8fHBlcnNvbiUyMGZhY2UlMjBwaG90b3xlbnwwfHx8fDE3NzgwNjUyOTJ8MA&ixlib=rb-4.1.0&q=80&w=1080,REAL,Unknown,18-25
1872,https://images.unsplash.com/photo-1629164169770-b0ae2327aa1f?crop=entropy&cs=tinysrgb&fit=max&fm=jpg&ixid=M3w5NDQwMTV8MHwxfHNlYXJjaHwyMjJ8fHBlcnNvbiUyMGZhY2UlMjBwaG90b3xlbnwwfHx8fDE3NzgwNjUyOTJ8MA&ixlib=rb-4.1.0&q=80&w=1080,REAL,Male,36-50
1873,https://images.unsplash.com/photo-1586186468323-daf278df1ce8?crop=entropy&cs=tinysrgb&fit=max&fm=jpg&ixid=M3w5NDQwMTV8MHwxfHNlYXJjaHwyMjN8fHBlcnNvbiUyMGZhY2UlMjBwaG90b3xlbnwwfHx8fDE3NzgwNjUyOTJ8MA&ixlib=rb-4.1.0&q=80&w=1080,REAL,Female,50+
1874,https://images.unsplash.com/photo-1673883429995-ee6cdde789c6?crop=entropy&cs=tinysrgb&fit=max&fm=jpg&ixid=M3w5NDQwMTV8MHwxfHNlYXJjaHwyMjR8fHBlcnNvbiUyMGZhY2UlMjBwaG90b3xlbnwwfHx8fDE3NzgwNjUyOTJ8MA&ixlib=rb-4.1.0&q=80&w=1080,REAL,Female,36-50
1875,https://images.unsplash.com/photo-1608327070138-f325a945c8cb?crop=entropy&cs=tinysrgb&fit=max&fm=jpg&ixid=M3w5NDQwMTV8MHwxfHNlYXJjaHwyMjV8fHBlcnNvbiUyMGZhY2UlMjBwaG90b3xlbnwwfHx8fDE3NzgwNjUyOTJ8MA&ixlib=rb-4.1.0&q=80&w=1080,REAL,Male,18-25
1876,https://images.unsplash.com/photo-1704585613095-e188c784ab71?crop=entropy&cs=tinysrgb&fit=max&fm=jpg&ixid=M3w5NDQwMTV8MHwxfHNlYXJjaHwyMjZ8fHBlcnNvbiUyMGZhY2UlMjBwaG90b3xlbnwwfHx8fDE3NzgwNjUyOTJ8MA&ixlib=rb-4.1.0&q=80&w=1080,REAL,Unknown,36-50
1877,https://images.unsplash.com/photo-1739671191236-867608fec5e7?crop=entropy&cs=tinysrgb&fit=max&fm=jpg&ixid=M3w5NDQwMTV8MHwxfHNlYXJjaHwyMjd8fHBlcnNvbiUyMGZhY2UlMjBwaG90b3xlbnwwfHx8fDE3NzgwNjUyOTJ8MA&ixlib=rb-4.1.0&q=80&w=1080,REAL,Unknown,26-35
1878,https://images.unsplash.com/photo-1738000033806-bef61bcd7465?crop=entropy&cs=tinysrgb&fit=max&fm=jpg&ixid=M3w5NDQwMTV8MHwxfHNlYXJjaHwyMjh8fHBlcnNvbiUyMGZhY2UlMjBwaG90b3xlbnwwfHx8fDE3NzgwNjUyOTJ8MA&ixlib=rb-4.1.0&q=80&w=1080,REAL,Male,26-35
1879,https://images.unsplash.com/photo-1593051274853-f51f80af84ed?crop=entropy&cs=tinysrgb&fit=max&fm=jpg&ixid=M3w5NDQwMTV8MHwxfHNlYXJjaHwyMjl8fHBlcnNvbiUyMGZhY2UlMjBwaG90b3xlbnwwfHx8fDE3NzgwNjUyOTJ8MA&ixlib=rb-4.1.0&q=80&w=1080,REAL,Unknown,36-50
1880,https://images.unsplash.com/photo-1585095284510-4e377c7e0ab0?crop=entropy&cs=tinysrgb&fit=max&fm=jpg&ixid=M3w5NDQwMTV8MHwxfHNlYXJjaHwyMzB8fHBlcnNvbiUyMGZhY2UlMjBwaG90b3xlbnwwfHx8fDE3NzgwNjUyOTJ8MA&ixlib=rb-4.1.0&q=80&w=1080,REAL,Male,26-35
1881,https://images.unsplash.com/photo-1726168798432-7f765fa44653?crop=entropy&cs=tinysrgb&fit=max&fm=jpg&ixid=M3w5NDQwMTV8MHwxfHNlYXJjaHwyMzF8fHBlcnNvbiUyMGZhY2UlMjBwaG90b3xlbnwwfHx8fDE3NzgwNjUyOTJ8MA&ixlib=rb-4.1.0&q=80&w=1080,REAL,Male,36-50
1882,https://images.unsplash.com/photo-1717563601066-d4b876b7df1e?crop=entropy&cs=tinysrgb&fit=max&fm=jpg&ixid=M3w5NDQwMTV8MHwxfHNlYXJjaHwyMzJ8fHBlcnNvbiUyMGZhY2UlMjBwaG90b3xlbnwwfHx8fDE3NzgwNjUyOTJ8MA&ixlib=rb-4.1.0&q=80&w=1080,REAL,Unknown,36-50
1883,https://images.unsplash.com/photo-1706732881978-153e118daf08?crop=entropy&cs=tinysrgb&fit=max&fm=jpg&ixid=M3w5NDQwMTV8MHwxfHNlYXJjaHwyMzN8fHBlcnNvbiUyMGZhY2UlMjBwaG90b3xlbnwwfHx8fDE3NzgwNjUyOTJ8MA&ixlib=rb-4.1.0&q=80&w=1080,REAL,Female,36-50
1884,https://images.unsplash.com/photo-1641252432722-da9bbe6235c7?crop=entropy&cs=tinysrgb&fit=max&fm=jpg&ixid=M3w5NDQwMTV8MHwxfHNlYXJjaHwyMzR8fHBlcnNvbiUyMGZhY2UlMjBwaG90b3xlbnwwfHx8fDE3NzgwNjUyOTJ8MA&ixlib=rb-4.1.0&q=80&w=1080,REAL,Female,18-25
1885,https://images.unsplash.com/photo-1640562983306-c42fce634c50?crop=entropy&cs=tinysrgb&fit=max&fm=jpg&ixid=M3w5NDQwMTV8MHwxfHNlYXJjaHwyMzV8fHBlcnNvbiUyMGZhY2UlMjBwaG90b3xlbnwwfHx8fDE3NzgwNjUyOTJ8MA&ixlib=rb-4.1.0&q=80&w=1080,REAL,Female,50+
1886,https://images.unsplash.com/photo-1643598354968-8d75a04ca821?crop=entropy&cs=tinysrgb&fit=max&fm=jpg&ixid=M3w5NDQwMTV8MHwxfHNlYXJjaHwyMzZ8fHBlcnNvbiUyMGZhY2UlMjBwaG90b3xlbnwwfHx8fDE3NzgwNjUyOTJ8MA&ixlib=rb-4.1.0&q=80&w=1080,REAL,Female,18-25
1887,https://images.unsplash.com/photo-1655847001912-20a783d10888?crop=entropy&cs=tinysrgb&fit=max&fm=jpg&ixid=M3w5NDQwMTV8MHwxfHNlYXJjaHwyMzd8fHBlcnNvbiUyMGZhY2UlMjBwaG90b3xlbnwwfHx8fDE3NzgwNjUyOTJ8MA&ixlib=rb-4.1.0&q=80&w=1080,REAL,Male,18-25
1888,https://images.unsplash.com/photo-1700104335456-a6a570b233d3?crop=entropy&cs=tinysrgb&fit=max&fm=jpg&ixid=M3w5NDQwMTV8MHwxfHNlYXJjaHwyMzh8fHBlcnNvbiUyMGZhY2UlMjBwaG90b3xlbnwwfHx8fDE3NzgwNjUyOTJ8MA&ixlib=rb-4.1.0&q=80&w=1080,REAL,Unknown,36-50
1889,https://images.unsplash.com/photo-1655841769348-fb2f0ead0216?crop=entropy&cs=tinysrgb&fit=max&fm=jpg&ixid=M3w5NDQwMTV8MHwxfHNlYXJjaHwyMzl8fHBlcnNvbiUyMGZhY2UlMjBwaG90b3xlbnwwfHx8fDE3NzgwNjUyOTJ8MA&ixlib=rb-4.1.0&q=80&w=1080,REAL,Female,50+
1890,https://images.unsplash.com/photo-1589359425603-dfe010cf3ffa?crop=entropy&cs=tinysrgb&fit=max&fm=jpg&ixid=M3w5NDQwMTV8MHwxfHNlYXJjaHwyNDB8fHBlcnNvbiUyMGZhY2UlMjBwaG90b3xlbnwwfHx8fDE3NzgwNjUyOTJ8MA&ixlib=rb-4.1.0&q=80&w=1080,REAL,Female,50+
1891,https://images.unsplash.com/photo-1617016848795-64d05f3dfdef?crop=entropy&cs=tinysrgb&fit=max&fm=jpg&ixid=M3w5NDQwMTV8MHwxfHNlYXJjaHwyNDF8fHBlcnNvbiUyMGZhY2UlMjBwaG90b3xlbnwwfHx8fDE3NzgwNjUyOTV8MA&ixlib=rb-4.1.0&q=80&w=1080,REAL,Female,36-50
1892,https://images.unsplash.com/photo-1704286508220-a4e809ade26c?crop=entropy&cs=tinysrgb&fit=max&fm=jpg&ixid=M3w5NDQwMTV8MHwxfHNlYXJjaHwyNDJ8fHBlcnNvbiUyMGZhY2UlMjBwaG90b3xlbnwwfHx8fDE3NzgwNjUyOTV8MA&ixlib=rb-4.1.0&q=80&w=1080,REAL,Male,18-25
1893,https://images.unsplash.com/photo-1704286810758-1be3ba666ea0?crop=entropy&cs=tinysrgb&fit=max&fm=jpg&ixid=M3w5NDQwMTV8MHwxfHNlYXJjaHwyNDN8fHBlcnNvbiUyMGZhY2UlMjBwaG90b3xlbnwwfHx8fDE3NzgwNjUyOTV8MA&ixlib=rb-4.1.0&q=80&w=1080,REAL,Female,50+
1894,https://images.unsplash.com/photo-1714023498660-e4c470b285b7?crop=entropy&cs=tinysrgb&fit=max&fm=jpg&ixid=M3w5NDQwMTV8MHwxfHNlYXJjaHwyNDR8fHBlcnNvbiUyMGZhY2UlMjBwaG90b3xlbnwwfHx8fDE3NzgwNjUyOTV8MA&ixlib=rb-4.1.0&q=80&w=1080,REAL,Male,36-50
1895,https://images.unsplash.com/photo-1509005303677-92c314127770?crop=entropy&cs=tinysrgb&fit=max&fm=jpg&ixid=M3w5NDQwMTV8MHwxfHNlYXJjaHwyNDV8fHBlcnNvbiUyMGZhY2UlMjBwaG90b3xlbnwwfHx8fDE3NzgwNjUyOTV8MA&ixlib=rb-4.1.0&q=80&w=1080,REAL,Unknown,26-35
1896,https://images.unsplash.com/photo-1628277097324-e0cd3071dae3?crop=entropy&cs=tinysrgb&fit=max&fm=jpg&ixid=M3w5NDQwMTV8MHwxfHNlYXJjaHwyNDZ8fHBlcnNvbiUyMGZhY2UlMjBwaG90b3xlbnwwfHx8fDE3NzgwNjUyOTV8MA&ixlib=rb-4.1.0&q=80&w=1080,REAL,Male,18-25
1897,https://images.unsplash.com/photo-1704286602267-4d5e478f49e1?crop=entropy&cs=tinysrgb&fit=max&fm=jpg&ixid=M3w5NDQwMTV8MHwxfHNlYXJjaHwyNDd8fHBlcnNvbiUyMGZhY2UlMjBwaG90b3xlbnwwfHx8fDE3NzgwNjUyOTV8MA&ixlib=rb-4.1.0&q=80&w=1080,REAL,Male,26-35
1898,https://images.unsplash.com/photo-1704286602312-71b5bedda30e?crop=entropy&cs=tinysrgb&fit=max&fm=jpg&ixid=M3w5NDQwMTV8MHwxfHNlYXJjaHwyNDh8fHBlcnNvbiUyMGZhY2UlMjBwaG90b3xlbnwwfHx8fDE3NzgwNjUyOTV8MA&ixlib=rb-4.1.0&q=80&w=1080,REAL,Female,50+
1899,https://images.unsplash.com/photo-1704286525149-1eff7cad02c6?crop=entropy&cs=tinysrgb&fit=max&fm=jpg&ixid=M3w5NDQwMTV8MHwxfHNlYXJjaHwyNDl8fHBlcnNvbiUyMGZhY2UlMjBwaG90b3xlbnwwfHx8fDE3NzgwNjUyOTV8MA&ixlib=rb-4.1.0&q=80&w=1080,REAL,Male,50+
1900,https://images.unsplash.com/photo-1704286539584-60458e2ef445?crop=entropy&cs=tinysrgb&fit=max&fm=jpg&ixid=M3w5NDQwMTV8MHwxfHNlYXJjaHwyNTB8fHBlcnNvbiUyMGZhY2UlMjBwaG90b3xlbnwwfHx8fDE3NzgwNjUyOTV8MA&ixlib=rb-4.1.0&q=80&w=1080,REAL,Female,26-35
1901,https://images.unsplash.com/photo-1593956905717-0d48276f99f4?crop=entropy&cs=tinysrgb&fit=max&fm=jpg&ixid=M3w5NDQwMTV8MHwxfHNlYXJjaHwyNTF8fHBlcnNvbiUyMGZhY2UlMjBwaG90b3xlbnwwfHx8fDE3NzgwNjUyOTV8MA&ixlib=rb-4.1.0&q=80&w=1080,REAL,Female,18-25
1902,https://images.unsplash.com/photo-1634930027445-3aceec7c163c?crop=entropy&cs=tinysrgb&fit=max&fm=jpg&ixid=M3w5NDQwMTV8MHwxfHNlYXJjaHwyNTJ8fHBlcnNvbiUyMGZhY2UlMjBwaG90b3xlbnwwfHx8fDE3NzgwNjUyOTV8MA&ixlib=rb-4.1.0&q=80&w=1080,REAL,Unknown,26-35
1903,https://images.unsplash.com/photo-1630635280270-00799dd04da6?crop=entropy&cs=tinysrgb&fit=max&fm=jpg&ixid=M3w5NDQwMTV8MHwxfHNlYXJjaHwyNTN8fHBlcnNvbiUyMGZhY2UlMjBwaG90b3xlbnwwfHx8fDE3NzgwNjUyOTV8MA&ixlib=rb-4.1.0&q=80&w=1080,REAL,Unknown,18-25
1904,https://images.unsplash.com/photo-1704287060425-9051c1140b86?crop=entropy&cs=tinysrgb&fit=max&fm=jpg&ixid=M3w5NDQwMTV8MHwxfHNlYXJjaHwyNTR8fHBlcnNvbiUyMGZhY2UlMjBwaG90b3xlbnwwfHx8fDE3NzgwNjUyOTV8MA&ixlib=rb-4.1.0&q=80&w=1080,REAL,Male,26-35
1905,https://images.unsplash.com/photo-1636339097905-9a3400df292f?crop=entropy&cs=tinysrgb&fit=max&fm=jpg&ixid=M3w5NDQwMTV8MHwxfHNlYXJjaHwyNTV8fHBlcnNvbiUyMGZhY2UlMjBwaG90b3xlbnwwfHx8fDE3NzgwNjUyOTV8MA&ixlib=rb-4.1.0&q=80&w=1080,REAL,Female,36-50
1906,https://images.unsplash.com/photo-1626112232474-04e226b430ed?crop=entropy&cs=tinysrgb&fit=max&fm=jpg&ixid=M3w5NDQwMTV8MHwxfHNlYXJjaHwyNTZ8fHBlcnNvbiUyMGZhY2UlMjBwaG90b3xlbnwwfHx8fDE3NzgwNjUyOTV8MA&ixlib=rb-4.1.0&q=80&w=1080,REAL,Female,50+
1907,https://images.unsplash.com/photo-1730925355309-cb9e4af73ebb?crop=entropy&cs=tinysrgb&fit=max&fm=jpg&ixid=M3w5NDQwMTV8MHwxfHNlYXJjaHwyNTd8fHBlcnNvbiUyMGZhY2UlMjBwaG90b3xlbnwwfHx8fDE3NzgwNjUyOTV8MA&ixlib=rb-4.1.0&q=80&w=1080,REAL,Female,36-50
1908,https://images.unsplash.com/photo-1635130579917-8f14ed3c0b16?crop=entropy&cs=tinysrgb&fit=max&fm=jpg&ixid=M3w5NDQwMTV8MHwxfHNlYXJjaHwyNTh8fHBlcnNvbiUyMGZhY2UlMjBwaG90b3xlbnwwfHx8fDE3NzgwNjUyOTV8MA&ixlib=rb-4.1.0&q=80&w=1080,REAL,Unknown,36-50
1909,https://images.unsplash.com/photo-1628078720690-2e35921026f6?crop=entropy&cs=tinysrgb&fit=max&fm=jpg&ixid=M3w5NDQwMTV8MHwxfHNlYXJjaHwyNTl8fHBlcnNvbiUyMGZhY2UlMjBwaG90b3xlbnwwfHx8fDE3NzgwNjUyOTV8MA&ixlib=rb-4.1.0&q=80&w=1080,REAL,Male,36-50
1910,https://images.unsplash.com/photo-1704286572919-6c86d11e5409?crop=entropy&cs=tinysrgb&fit=max&fm=jpg&ixid=M3w5NDQwMTV8MHwxfHNlYXJjaHwyNjB8fHBlcnNvbiUyMGZhY2UlMjBwaG90b3xlbnwwfHx8fDE3NzgwNjUyOTV8MA&ixlib=rb-4.1.0&q=80&w=1080,REAL,Female,26-35
1911,https://images.unsplash.com/photo-1638992190837-019b26ec6221?crop=entropy&cs=tinysrgb&fit=max&fm=jpg&ixid=M3w5NDQwMTV8MHwxfHNlYXJjaHwyNjF8fHBlcnNvbiUyMGZhY2UlMjBwaG90b3xlbnwwfHx8fDE3NzgwNjUyOTV8MA&ixlib=rb-4.1.0&q=80&w=1080,REAL,Unknown,36-50
1912,https://images.unsplash.com/photo-1577870083487-96990d067681?crop=entropy&cs=tinysrgb&fit=max&fm=jpg&ixid=M3w5NDQwMTV8MHwxfHNlYXJjaHwyNjJ8fHBlcnNvbiUyMGZhY2UlMjBwaG90b3xlbnwwfHx8fDE3NzgwNjUyOTV8MA&ixlib=rb-4.1.0&q=80&w=1080,REAL,Female,50+
1913,https://images.unsplash.com/photo-1704286810508-cadbd7202bb0?crop=entropy&cs=tinysrgb&fit=max&fm=jpg&ixid=M3w5NDQwMTV8MHwxfHNlYXJjaHwyNjN8fHBlcnNvbiUyMGZhY2UlMjBwaG90b3xlbnwwfHx8fDE3NzgwNjUyOTV8MA&ixlib=rb-4.1.0&q=80&w=1080,REAL,Female,26-35
1914,https://images.unsplash.com/photo-1704286810497-7b9711c7dba6?crop=entropy&cs=tinysrgb&fit=max&fm=jpg&ixid=M3w5NDQwMTV8MHwxfHNlYXJjaHwyNjR8fHBlcnNvbiUyMGZhY2UlMjBwaG90b3xlbnwwfHx8fDE3NzgwNjUyOTV8MA&ixlib=rb-4.1.0&q=80&w=1080,REAL,Male,26-35
1915,https://images.unsplash.com/photo-1583437953730-f6db7685c585?crop=entropy&cs=tinysrgb&fit=max&fm=jpg&ixid=M3w5NDQwMTV8MHwxfHNlYXJjaHwyNjV8fHBlcnNvbiUyMGZhY2UlMjBwaG90b3xlbnwwfHx8fDE3NzgwNjUyOTV8MA&ixlib=rb-4.1.0&q=80&w=1080,REAL,Female,26-35
1916,https://images.unsplash.com/photo-1601487131419-16432f42b528?crop=entropy&cs=tinysrgb&fit=max&fm=jpg&ixid=M3w5NDQwMTV8MHwxfHNlYXJjaHwyNjZ8fHBlcnNvbiUyMGZhY2UlMjBwaG90b3xlbnwwfHx8fDE3NzgwNjUyOTV8MA&ixlib=rb-4.1.0&q=80&w=1080,REAL,Female,26-35
1917,https://images.unsplash.com/photo-1715622053361-4baf5ad2c51a?crop=entropy&cs=tinysrgb&fit=max&fm=jpg&ixid=M3w5NDQwMTV8MHwxfHNlYXJjaHwyNjd8fHBlcnNvbiUyMGZhY2UlMjBwaG90b3xlbnwwfHx8fDE3NzgwNjUyOTV8MA&ixlib=rb-4.1.0&q=80&w=1080,REAL,Female,18-25
1918,https://images.unsplash.com/photo-1608815059604-221fdcca989e?crop=entropy&cs=tinysrgb&fit=max&fm=jpg&ixid=M3w5NDQwMTV8MHwxfHNlYXJjaHwyNjh8fHBlcnNvbiUyMGZhY2UlMjBwaG90b3xlbnwwfHx8fDE3NzgwNjUyOTV8MA&ixlib=rb-4.1.0&q=80&w=1080,REAL,Male,50+
1919,https://images.unsplash.com/photo-1642180284916-31e33d24a8d8?crop=entropy&cs=tinysrgb&fit=max&fm=jpg&ixid=M3w5NDQwMTV8MHwxfHNlYXJjaHwyNjl8fHBlcnNvbiUyMGZhY2UlMjBwaG90b3xlbnwwfHx8fDE3NzgwNjUyOTV8MA&ixlib=rb-4.1.0&q=80&w=1080,REAL,Female,18-25
1920,https://images.unsplash.com/photo-1595942866260-fb479b66af71?crop=entropy&cs=tinysrgb&fit=max&fm=jpg&ixid=M3w5NDQwMTV8MHwxfHNlYXJjaHwyNzB8fHBlcnNvbiUyMGZhY2UlMjBwaG90b3xlbnwwfHx8fDE3NzgwNjUyOTV8MA&ixlib=rb-4.1.0&q=80&w=1080,REAL,Unknown,18-25
1921,https://images.unsplash.com/photo-1618937995753-94fe3bd8375c?crop=entropy&cs=tinysrgb&fit=max&fm=jpg&ixid=M3w5NDQwMTV8MHwxfHNlYXJjaHwyNzF8fHBlcnNvbiUyMGZhY2UlMjBwaG90b3xlbnwwfHx8fDE3NzgwNjUyOTd8MA&ixlib=rb-4.1.0&q=80&w=1080,REAL,Female,18-25
1922,https://images.unsplash.com/photo-1623040594022-bc570093fbcd?crop=entropy&cs=tinysrgb&fit=max&fm=jpg&ixid=M3w5NDQwMTV8MHwxfHNlYXJjaHwyNzJ8fHBlcnNvbiUyMGZhY2UlMjBwaG90b3xlbnwwfHx8fDE3NzgwNjUyOTd8MA&ixlib=rb-4.1.0&q=80&w=1080,REAL,Unknown,18-25
1923,https://images.unsplash.com/photo-1693039537350-3bba6975add7?crop=entropy&cs=tinysrgb&fit=max&fm=jpg&ixid=M3w5NDQwMTV8MHwxfHNlYXJjaHwyNzN8fHBlcnNvbiUyMGZhY2UlMjBwaG90b3xlbnwwfHx8fDE3NzgwNjUyOTd8MA&ixlib=rb-4.1.0&q=80&w=1080,REAL,Male,18-25
1924,https://images.unsplash.com/photo-1617228257257-8764266e4caa?crop=entropy&cs=tinysrgb&fit=max&fm=jpg&ixid=M3w5NDQwMTV8MHwxfHNlYXJjaHwyNzR8fHBlcnNvbiUyMGZhY2UlMjBwaG90b3xlbnwwfHx8fDE3NzgwNjUyOTd8MA&ixlib=rb-4.1.0&q=80&w=1080,REAL,Unknown,18-25
1925,https://images.unsplash.com/photo-1648500128152-fa49f73e36df?crop=entropy&cs=tinysrgb&fit=max&fm=jpg&ixid=M3w5NDQwMTV8MHwxfHNlYXJjaHwyNzV8fHBlcnNvbiUyMGZhY2UlMjBwaG90b3xlbnwwfHx8fDE3NzgwNjUyOTd8MA&ixlib=rb-4.1.0&q=80&w=1080,REAL,Female,18-25
1926,https://images.unsplash.com/photo-1659303387119-cd2b3d745bcb?crop=entropy&cs=tinysrgb&fit=max&fm=jpg&ixid=M3w5NDQwMTV8MHwxfHNlYXJjaHwyNzZ8fHBlcnNvbiUyMGZhY2UlMjBwaG90b3xlbnwwfHx8fDE3NzgwNjUyOTd8MA&ixlib=rb-4.1.0&q=80&w=1080,REAL,Female,36-50
1927,https://images.unsplash.com/photo-1659303388083-d5f1d41d795b?crop=entropy&cs=tinysrgb&fit=max&fm=jpg&ixid=M3w5NDQwMTV8MHwxfHNlYXJjaHwyNzd8fHBlcnNvbiUyMGZhY2UlMjBwaG90b3xlbnwwfHx8fDE3NzgwNjUyOTd8MA&ixlib=rb-4.1.0&q=80&w=1080,REAL,Male,18-25
1928,https://images.unsplash.com/photo-1648484859923-3da237daa9fd?crop=entropy&cs=tinysrgb&fit=max&fm=jpg&ixid=M3w5NDQwMTV8MHwxfHNlYXJjaHwyNzh8fHBlcnNvbiUyMGZhY2UlMjBwaG90b3xlbnwwfHx8fDE3NzgwNjUyOTd8MA&ixlib=rb-4.1.0&q=80&w=1080,REAL,Female,18-25
1929,https://images.unsplash.com/photo-1648484859326-4fe726b5da67?crop=entropy&cs=tinysrgb&fit=max&fm=jpg&ixid=M3w5NDQwMTV8MHwxfHNlYXJjaHwyNzl8fHBlcnNvbiUyMGZhY2UlMjBwaG90b3xlbnwwfHx8fDE3NzgwNjUyOTd8MA&ixlib=rb-4.1.0&q=80&w=1080,REAL,Unknown,36-50
1930,https://images.unsplash.com/photo-1648484859940-2f99b3af3db6?crop=entropy&cs=tinysrgb&fit=max&fm=jpg&ixid=M3w5NDQwMTV8MHwxfHNlYXJjaHwyODB8fHBlcnNvbiUyMGZhY2UlMjBwaG90b3xlbnwwfHx8fDE3NzgwNjUyOTd8MA&ixlib=rb-4.1.0&q=80&w=1080,REAL,Female,36-50
1931,https://images.unsplash.com/photo-1648484860076-13f9f7f1b7e1?crop=entropy&cs=tinysrgb&fit=max&fm=jpg&ixid=M3w5NDQwMTV8MHwxfHNlYXJjaHwyODF8fHBlcnNvbiUyMGZhY2UlMjBwaG90b3xlbnwwfHx8fDE3NzgwNjUyOTd8MA&ixlib=rb-4.1.0&q=80&w=1080,REAL,Unknown,18-25
1932,https://images.unsplash.com/photo-1648484860019-e878aaad3902?crop=entropy&cs=tinysrgb&fit=max&fm=jpg&ixid=M3w5NDQwMTV8MHwxfHNlYXJjaHwyODJ8fHBlcnNvbiUyMGZhY2UlMjBwaG90b3xlbnwwfHx8fDE3NzgwNjUyOTd8MA&ixlib=rb-4.1.0&q=80&w=1080,REAL,Unknown,50+
1933,https://images.unsplash.com/photo-1648484859948-6c6f5a39b7eb?crop=entropy&cs=tinysrgb&fit=max&fm=jpg&ixid=M3w5NDQwMTV8MHwxfHNlYXJjaHwyODN8fHBlcnNvbiUyMGZhY2UlMjBwaG90b3xlbnwwfHx8fDE3NzgwNjUyOTd8MA&ixlib=rb-4.1.0&q=80&w=1080,REAL,Female,50+
1934,https://images.unsplash.com/photo-1648484859331-bd85bf2238d5?crop=entropy&cs=tinysrgb&fit=max&fm=jpg&ixid=M3w5NDQwMTV8MHwxfHNlYXJjaHwyODR8fHBlcnNvbiUyMGZhY2UlMjBwaG90b3xlbnwwfHx8fDE3NzgwNjUyOTd8MA&ixlib=rb-4.1.0&q=80&w=1080,REAL,Female,36-50
1935,https://images.unsplash.com/photo-1648484860081-8f5bb2c9340f?crop=entropy&cs=tinysrgb&fit=max&fm=jpg&ixid=M3w5NDQwMTV8MHwxfHNlYXJjaHwyODV8fHBlcnNvbiUyMGZhY2UlMjBwaG90b3xlbnwwfHx8fDE3NzgwNjUyOTd8MA&ixlib=rb-4.1.0&q=80&w=1080,REAL,Unknown,18-25
1936,https://images.unsplash.com/photo-1648484860050-17ac9cbcc64a?crop=entropy&cs=tinysrgb&fit=max&fm=jpg&ixid=M3w5NDQwMTV8MHwxfHNlYXJjaHwyODZ8fHBlcnNvbiUyMGZhY2UlMjBwaG90b3xlbnwwfHx8fDE3NzgwNjUyOTd8MA&ixlib=rb-4.1.0&q=80&w=1080,REAL,Male,36-50
1937,https://images.unsplash.com/photo-1648500127366-4fb4a70a4c3e?crop=entropy&cs=tinysrgb&fit=max&fm=jpg&ixid=M3w5NDQwMTV8MHwxfHNlYXJjaHwyODd8fHBlcnNvbiUyMGZhY2UlMjBwaG90b3xlbnwwfHx8fDE3NzgwNjUyOTd8MA&ixlib=rb-4.1.0&q=80&w=1080,REAL,Male,50+
1938,https://images.unsplash.com/photo-1648500128065-2f67c752ed36?crop=entropy&cs=tinysrgb&fit=max&fm=jpg&ixid=M3w5NDQwMTV8MHwxfHNlYXJjaHwyODh8fHBlcnNvbiUyMGZhY2UlMjBwaG90b3xlbnwwfHx8fDE3NzgwNjUyOTd8MA&ixlib=rb-4.1.0&q=80&w=1080,REAL,Unknown,18-25
1939,https://images.unsplash.com/photo-1648500128135-42a9b7e26474?crop=entropy&cs=tinysrgb&fit=max&fm=jpg&ixid=M3w5NDQwMTV8MHwxfHNlYXJjaHwyODl8fHBlcnNvbiUyMGZhY2UlMjBwaG90b3xlbnwwfHx8fDE3NzgwNjUyOTd8MA&ixlib=rb-4.1.0&q=80&w=1080,REAL,Male,36-50
1940,https://images.unsplash.com/photo-1648500128132-5c823caf67a0?crop=entropy&cs=tinysrgb&fit=max&fm=jpg&ixid=M3w5NDQwMTV8MHwxfHNlYXJjaHwyOTB8fHBlcnNvbiUyMGZhY2UlMjBwaG90b3xlbnwwfHx8fDE3NzgwNjUyOTd8MA&ixlib=rb-4.1.0&q=80&w=1080,REAL,Unknown,26-35
1941,https://images.unsplash.com/photo-1648484859360-1e4168a7bd39?crop=entropy&cs=tinysrgb&fit=max&fm=jpg&ixid=M3w5NDQwMTV8MHwxfHNlYXJjaHwyOTF8fHBlcnNvbiUyMGZhY2UlMjBwaG90b3xlbnwwfHx8fDE3NzgwNjUyOTd8MA&ixlib=rb-4.1.0&q=80&w=1080,REAL,Female,36-50
1942,https://images.unsplash.com/photo-1648484859986-7bfa9b86b10e?crop=entropy&cs=tinysrgb&fit=max&fm=jpg&ixid=M3w5NDQwMTV8MHwxfHNlYXJjaHwyOTJ8fHBlcnNvbiUyMGZhY2UlMjBwaG90b3xlbnwwfHx8fDE3NzgwNjUyOTd8MA&ixlib=rb-4.1.0&q=80&w=1080,REAL,Male,36-50
1943,https://images.unsplash.com/photo-1648484860027-4ee9323f2e5e?crop=entropy&cs=tinysrgb&fit=max&fm=jpg&ixid=M3w5NDQwMTV8MHwxfHNlYXJjaHwyOTN8fHBlcnNvbiUyMGZhY2UlMjBwaG90b3xlbnwwfHx8fDE3NzgwNjUyOTd8MA&ixlib=rb-4.1.0&q=80&w=1080,REAL,Female,18-25
1944,https://images.unsplash.com/photo-1648484859885-73ed7aeaab5b?crop=entropy&cs=tinysrgb&fit=max&fm=jpg&ixid=M3w5NDQwMTV8MHwxfHNlYXJjaHwyOTR8fHBlcnNvbiUyMGZhY2UlMjBwaG90b3xlbnwwfHx8fDE3NzgwNjUyOTd8MA&ixlib=rb-4.1.0&q=80&w=1080,REAL,Male,50+
1945,https://images.unsplash.com/photo-1648484859873-0a39f82e2f03?crop=entropy&cs=tinysrgb&fit=max&fm=jpg&ixid=M3w5NDQwMTV8MHwxfHNlYXJjaHwyOTV8fHBlcnNvbiUyMGZhY2UlMjBwaG90b3xlbnwwfHx8fDE3NzgwNjUyOTd8MA&ixlib=rb-4.1.0&q=80&w=1080,REAL,Female,50+
1946,https://images.unsplash.com/photo-1648484860062-ee82b3ebaa6f?crop=entropy&cs=tinysrgb&fit=max&fm=jpg&ixid=M3w5NDQwMTV8MHwxfHNlYXJjaHwyOTZ8fHBlcnNvbiUyMGZhY2UlMjBwaG90b3xlbnwwfHx8fDE3NzgwNjUyOTd8MA&ixlib=rb-4.1.0&q=80&w=1080,REAL,Male,36-50
1947,https://images.unsplash.com/photo-1648484859889-2876efe3b735?crop=entropy&cs=tinysrgb&fit=max&fm=jpg&ixid=M3w5NDQwMTV8MHwxfHNlYXJjaHwyOTd8fHBlcnNvbiUyMGZhY2UlMjBwaG90b3xlbnwwfHx8fDE3NzgwNjUyOTd8MA&ixlib=rb-4.1.0&q=80&w=1080,REAL,Male,18-25
1948,https://images.unsplash.com/photo-1648500128131-09befdacb4c6?crop=entropy&cs=tinysrgb&fit=max&fm=jpg&ixid=M3w5NDQwMTV8MHwxfHNlYXJjaHwyOTh8fHBlcnNvbiUyMGZhY2UlMjBwaG90b3xlbnwwfHx8fDE3NzgwNjUyOTd8MA&ixlib=rb-4.1.0&q=80&w=1080,REAL,Male,26-35
1949,https://images.unsplash.com/photo-1648484860021-ad9eaa439066?crop=entropy&cs=tinysrgb&fit=max&fm=jpg&ixid=M3w5NDQwMTV8MHwxfHNlYXJjaHwyOTl8fHBlcnNvbiUyMGZhY2UlMjBwaG90b3xlbnwwfHx8fDE3NzgwNjUyOTd8MA&ixlib=rb-4.1.0&q=80&w=1080,REAL,Unknown,26-35
1950,https://images.unsplash.com/photo-1579883309454-9806b996d8e0?crop=entropy&cs=tinysrgb&fit=max&fm=jpg&ixid=M3w5NDQwMTV8MHwxfHNlYXJjaHwzMDB8fHBlcnNvbiUyMGZhY2UlMjBwaG90b3xlbnwwfHx8fDE3NzgwNjUyOTd8MA&ixlib=rb-4.1.0&q=80&w=1080,REAL,Female,50+
1951,https://images.unsplash.com/photo-1648484859322-7a88777a582f?crop=entropy&cs=tinysrgb&fit=max&fm=jpg&ixid=M3w5NDQwMTV8MHwxfHNlYXJjaHwzMDF8fHBlcnNvbiUyMGZhY2UlMjBwaG90b3xlbnwwfHx8fDE3NzgwNjUyOTl8MA&ixlib=rb-4.1.0&q=80&w=1080,REAL,Male,50+
1952,https://images.unsplash.com/photo-1648484859924-2ed487a66fbd?crop=entropy&cs=tinysrgb&fit=max&fm=jpg&ixid=M3w5NDQwMTV8MHwxfHNlYXJjaHwzMDJ8fHBlcnNvbiUyMGZhY2UlMjBwaG90b3xlbnwwfHx8fDE3NzgwNjUyOTl8MA&ixlib=rb-4.1.0&q=80&w=1080,REAL,Male,50+
1953,https://images.unsplash.com/photo-1648484859970-4bfa3acc96f2?crop=entropy&cs=tinysrgb&fit=max&fm=jpg&ixid=M3w5NDQwMTV8MHwxfHNlYXJjaHwzMDN8fHBlcnNvbiUyMGZhY2UlMjBwaG90b3xlbnwwfHx8fDE3NzgwNjUyOTl8MA&ixlib=rb-4.1.0&q=80&w=1080,REAL,Female,18-25
1954,https://images.unsplash.com/photo-1648484859916-07defde20414?crop=entropy&cs=tinysrgb&fit=max&fm=jpg&ixid=M3w5NDQwMTV8MHwxfHNlYXJjaHwzMDR8fHBlcnNvbiUyMGZhY2UlMjBwaG90b3xlbnwwfHx8fDE3NzgwNjUyOTl8MA&ixlib=rb-4.1.0&q=80&w=1080,REAL,Female,26-35
1955,https://images.unsplash.com/photo-1659303388073-7b03bf56aac7?crop=entropy&cs=tinysrgb&fit=max&fm=jpg&ixid=M3w5NDQwMTV8MHwxfHNlYXJjaHwzMDV8fHBlcnNvbiUyMGZhY2UlMjBwaG90b3xlbnwwfHx8fDE3NzgwNjUyOTl8MA&ixlib=rb-4.1.0&q=80&w=1080,REAL,Unknown,50+
1956,https://images.unsplash.com/photo-1648484859996-fe216479bd74?crop=entropy&cs=tinysrgb&fit=max&fm=jpg&ixid=M3w5NDQwMTV8MHwxfHNlYXJjaHwzMDZ8fHBlcnNvbiUyMGZhY2UlMjBwaG90b3xlbnwwfHx8fDE3NzgwNjUyOTl8MA&ixlib=rb-4.1.0&q=80&w=1080,REAL,Female,36-50
1957,https://images.unsplash.com/photo-1648500128137-5d4210c9fe34?crop=entropy&cs=tinysrgb&fit=max&fm=jpg&ixid=M3w5NDQwMTV8MHwxfHNlYXJjaHwzMDd8fHBlcnNvbiUyMGZhY2UlMjBwaG90b3xlbnwwfHx8fDE3NzgwNjUyOTl8MA&ixlib=rb-4.1.0&q=80&w=1080,REAL,Male,36-50
1958,https://images.unsplash.com/photo-1648484860038-ed59f4992d9e?crop=entropy&cs=tinysrgb&fit=max&fm=jpg&ixid=M3w5NDQwMTV8MHwxfHNlYXJjaHwzMDh8fHBlcnNvbiUyMGZhY2UlMjBwaG90b3xlbnwwfHx8fDE3NzgwNjUyOTl8MA&ixlib=rb-4.1.0&q=80&w=1080,REAL,Unknown,18-25
1959,https://images.unsplash.com/photo-1648484859953-a108b0704d93?crop=entropy&cs=tinysrgb&fit=max&fm=jpg&ixid=M3w5NDQwMTV8MHwxfHNlYXJjaHwzMDl8fHBlcnNvbiUyMGZhY2UlMjBwaG90b3xlbnwwfHx8fDE3NzgwNjUyOTl8MA&ixlib=rb-4.1.0&q=80&w=1080,REAL,Female,50+
1960,https://images.unsplash.com/photo-1648484859921-85585451161e?crop=entropy&cs=tinysrgb&fit=max&fm=jpg&ixid=M3w5NDQwMTV8MHwxfHNlYXJjaHwzMTB8fHBlcnNvbiUyMGZhY2UlMjBwaG90b3xlbnwwfHx8fDE3NzgwNjUyOTl8MA&ixlib=rb-4.1.0&q=80&w=1080,REAL,Male,26-35
1961,https://images.unsplash.com/photo-1648484860078-d548c57d48fb?crop=entropy&cs=tinysrgb&fit=max&fm=jpg&ixid=M3w5NDQwMTV8MHwxfHNlYXJjaHwzMTF8fHBlcnNvbiUyMGZhY2UlMjBwaG90b3xlbnwwfHx8fDE3NzgwNjUyOTl8MA&ixlib=rb-4.1.0&q=80&w=1080,REAL,Female,26-35
1962,https://images.unsplash.com/photo-1648484859889-cfcbe82d834b?crop=entropy&cs=tinysrgb&fit=max&fm=jpg&ixid=M3w5NDQwMTV8MHwxfHNlYXJjaHwzMTJ8fHBlcnNvbiUyMGZhY2UlMjBwaG90b3xlbnwwfHx8fDE3NzgwNjUyOTl8MA&ixlib=rb-4.1.0&q=80&w=1080,REAL,Unknown,50+
1963,https://images.unsplash.com/photo-1648484859963-35328055100e?crop=entropy&cs=tinysrgb&fit=max&fm=jpg&ixid=M3w5NDQwMTV8MHwxfHNlYXJjaHwzMTN8fHBlcnNvbiUyMGZhY2UlMjBwaG90b3xlbnwwfHx8fDE3NzgwNjUyOTl8MA&ixlib=rb-4.1.0&q=80&w=1080,REAL,Female,18-25
1964,https://images.unsplash.com/photo-1648484860063-30338e0a4992?crop=entropy&cs=tinysrgb&fit=max&fm=jpg&ixid=M3w5NDQwMTV8MHwxfHNlYXJjaHwzMTR8fHBlcnNvbiUyMGZhY2UlMjBwaG90b3xlbnwwfHx8fDE3NzgwNjUyOTl8MA&ixlib=rb-4.1.0&q=80&w=1080,REAL,Female,50+
1965,https://images.unsplash.com/photo-1648484859895-bb273d9c7cf1?crop=entropy&cs=tinysrgb&fit=max&fm=jpg&ixid=M3w5NDQwMTV8MHwxfHNlYXJjaHwzMTV8fHBlcnNvbiUyMGZhY2UlMjBwaG90b3xlbnwwfHx8fDE3NzgwNjUyOTl8MA&ixlib=rb-4.1.0&q=80&w=1080,REAL,Unknown,18-25
1966,https://images.unsplash.com/photo-1648500127266-717dfd1717f4?crop=entropy&cs=tinysrgb&fit=max&fm=jpg&ixid=M3w5NDQwMTV8MHwxfHNlYXJjaHwzMTZ8fHBlcnNvbiUyMGZhY2UlMjBwaG90b3xlbnwwfHx8fDE3NzgwNjUyOTl8MA&ixlib=rb-4.1.0&q=80&w=1080,REAL,Male,26-35
1967,https://images.unsplash.com/photo-1648500127277-1be5b6da72ce?crop=entropy&cs=tinysrgb&fit=max&fm=jpg&ixid=M3w5NDQwMTV8MHwxfHNlYXJjaHwzMTd8fHBlcnNvbiUyMGZhY2UlMjBwaG90b3xlbnwwfHx8fDE3NzgwNjUyOTl8MA&ixlib=rb-4.1.0&q=80&w=1080,REAL,Female,50+
1968,https://images.unsplash.com/photo-1648500127279-69a6cccdb84f?crop=entropy&cs=tinysrgb&fit=max&fm=jpg&ixid=M3w5NDQwMTV8MHwxfHNlYXJjaHwzMTh8fHBlcnNvbiUyMGZhY2UlMjBwaG90b3xlbnwwfHx8fDE3NzgwNjUyOTl8MA&ixlib=rb-4.1.0&q=80&w=1080,REAL,Female,18-25
1969,https://images.unsplash.com/photo-1648500128151-e7cba1a0baf8?crop=entropy&cs=tinysrgb&fit=max&fm=jpg&ixid=M3w5NDQwMTV8MHwxfHNlYXJjaHwzMTl8fHBlcnNvbiUyMGZhY2UlMjBwaG90b3xlbnwwfHx8fDE3NzgwNjUyOTl8MA&ixlib=rb-4.1.0&q=80&w=1080,REAL,Male,36-50
1970,https://images.unsplash.com/photo-1648484859917-e396c8a88803?crop=entropy&cs=tinysrgb&fit=max&fm=jpg&ixid=M3w5NDQwMTV8MHwxfHNlYXJjaHwzMjB8fHBlcnNvbiUyMGZhY2UlMjBwaG90b3xlbnwwfHx8fDE3NzgwNjUyOTl8MA&ixlib=rb-4.1.0&q=80&w=1080,REAL,Male,50+
1971,https://images.unsplash.com/photo-1648484859984-2dcb024c91fb?crop=entropy&cs=tinysrgb&fit=max&fm=jpg&ixid=M3w5NDQwMTV8MHwxfHNlYXJjaHwzMjF8fHBlcnNvbiUyMGZhY2UlMjBwaG90b3xlbnwwfHx8fDE3NzgwNjUyOTl8MA&ixlib=rb-4.1.0&q=80&w=1080,REAL,Female,26-35
1972,https://images.unsplash.com/photo-1648484860064-4bf5b9827a8e?crop=entropy&cs=tinysrgb&fit=max&fm=jpg&ixid=M3w5NDQwMTV8MHwxfHNlYXJjaHwzMjJ8fHBlcnNvbiUyMGZhY2UlMjBwaG90b3xlbnwwfHx8fDE3NzgwNjUyOTl8MA&ixlib=rb-4.1.0&q=80&w=1080,REAL,Unknown,18-25
1973,https://images.unsplash.com/photo-1648484859962-97fc288f3d53?crop=entropy&cs=tinysrgb&fit=max&fm=jpg&ixid=M3w5NDQwMTV8MHwxfHNlYXJjaHwzMjN8fHBlcnNvbiUyMGZhY2UlMjBwaG90b3xlbnwwfHx8fDE3NzgwNjUyOTl8MA&ixlib=rb-4.1.0&q=80&w=1080,REAL,Unknown,18-25
1974,https://images.unsplash.com/photo-1648484860045-f7fdac111d3f?crop=entropy&cs=tinysrgb&fit=max&fm=jpg&ixid=M3w5NDQwMTV8MHwxfHNlYXJjaHwzMjR8fHBlcnNvbiUyMGZhY2UlMjBwaG90b3xlbnwwfHx8fDE3NzgwNjUyOTl8MA&ixlib=rb-4.1.0&q=80&w=1080,REAL,Unknown,18-25
1975,https://images.unsplash.com/photo-1730925393994-32cc03584f57?crop=entropy&cs=tinysrgb&fit=max&fm=jpg&ixid=M3w5NDQwMTV8MHwxfHNlYXJjaHwzMjV8fHBlcnNvbiUyMGZhY2UlMjBwaG90b3xlbnwwfHx8fDE3NzgwNjUyOTl8MA&ixlib=rb-4.1.0&q=80&w=1080,REAL,Male,18-25
1976,https://images.unsplash.com/photo-1629604834139-d950e2808f3e?crop=entropy&cs=tinysrgb&fit=max&fm=jpg&ixid=M3w5NDQwMTV8MHwxfHNlYXJjaHwzMjZ8fHBlcnNvbiUyMGZhY2UlMjBwaG90b3xlbnwwfHx8fDE3NzgwNjUyOTl8MA&ixlib=rb-4.1.0&q=80&w=1080,REAL,Female,26-35
1977,https://images.unsplash.com/photo-1730926113324-2ed98f695074?crop=entropy&cs=tinysrgb&fit=max&fm=jpg&ixid=M3w5NDQwMTV8MHwxfHNlYXJjaHwzMjd8fHBlcnNvbiUyMGZhY2UlMjBwaG90b3xlbnwwfHx8fDE3NzgwNjUyOTl8MA&ixlib=rb-4.1.0&q=80&w=1080,REAL,Unknown,50+
1978,https://images.unsplash.com/photo-1661911148708-8f38b98f191b?crop=entropy&cs=tinysrgb&fit=max&fm=jpg&ixid=M3w5NDQwMTV8MHwxfHNlYXJjaHwzMjh8fHBlcnNvbiUyMGZhY2UlMjBwaG90b3xlbnwwfHx8fDE3NzgwNjUyOTl8MA&ixlib=rb-4.1.0&q=80&w=1080,REAL,Female,36-50
1979,https://images.unsplash.com/photo-1645528943905-cfe67ac3305a?crop=entropy&cs=tinysrgb&fit=max&fm=jpg&ixid=M3w5NDQwMTV8MHwxfHNlYXJjaHwzMjl8fHBlcnNvbiUyMGZhY2UlMjBwaG90b3xlbnwwfHx8fDE3NzgwNjUyOTl8MA&ixlib=rb-4.1.0&q=80&w=1080,REAL,Unknown,36-50
1980,https://images.unsplash.com/photo-1613499417341-56e0861c6320?crop=entropy&cs=tinysrgb&fit=max&fm=jpg&ixid=M3w5NDQwMTV8MHwxfHNlYXJjaHwzMzB8fHBlcnNvbiUyMGZhY2UlMjBwaG90b3xlbnwwfHx8fDE3NzgwNjUyOTl8MA&ixlib=rb-4.1.0&q=80&w=1080,REAL,Male,36-50
1981,https://images.unsplash.com/photo-1613499417341-56e0861c6320?crop=entropy&cs=tinysrgb&fit=max&fm=jpg&ixid=M3w5NDQwMTV8MHwxfHNlYXJjaHwzMzF8fHBlcnNvbiUyMGZhY2UlMjBwaG90b3xlbnwwfHx8fDE3NzgwNjUzMDF8MA&ixlib=rb-4.1.0&q=80&w=1080,REAL,Female,18-25
1982,https://images.unsplash.com/photo-1629604834139-d950e2808f3e?crop=entropy&cs=tinysrgb&fit=max&fm=jpg&ixid=M3w5NDQwMTV8MHwxfHNlYXJjaHwzMzJ8fHBlcnNvbiUyMGZhY2UlMjBwaG90b3xlbnwwfHx8fDE3NzgwNjUzMDF8MA&ixlib=rb-4.1.0&q=80&w=1080,REAL,Male,26-35
1983,https://images.unsplash.com/photo-1730926113324-2ed98f695074?crop=entropy&cs=tinysrgb&fit=max&fm=jpg&ixid=M3w5NDQwMTV8MHwxfHNlYXJjaHwzMzN8fHBlcnNvbiUyMGZhY2UlMjBwaG90b3xlbnwwfHx8fDE3NzgwNjUzMDF8MA&ixlib=rb-4.1.0&q=80&w=1080,REAL,Female,26-35
1984,https://images.unsplash.com/photo-1661911148708-8f38b98f191b?crop=entropy&cs=tinysrgb&fit=max&fm=jpg&ixid=M3w5NDQwMTV8MHwxfHNlYXJjaHwzMzR8fHBlcnNvbiUyMGZhY2UlMjBwaG90b3xlbnwwfHx8fDE3NzgwNjUzMDF8MA&ixlib=rb-4.1.0&q=80&w=1080,REAL,Male,36-50
1985,https://images.unsplash.com/photo-1648484859917-e396c8a88803?crop=entropy&cs=tinysrgb&fit=max&fm=jpg&ixid=M3w5NDQwMTV8MHwxfHNlYXJjaHwzMzV8fHBlcnNvbiUyMGZhY2UlMjBwaG90b3xlbnwwfHx8fDE3NzgwNjUzMDF8MA&ixlib=rb-4.1.0&q=80&w=1080,REAL,Female,36-50
1986,https://images.unsplash.com/photo-1648484859984-2dcb024c91fb?crop=entropy&cs=tinysrgb&fit=max&fm=jpg&ixid=M3w5NDQwMTV8MHwxfHNlYXJjaHwzMzZ8fHBlcnNvbiUyMGZhY2UlMjBwaG90b3xlbnwwfHx8fDE3NzgwNjUzMDF8MA&ixlib=rb-4.1.0&q=80&w=1080,REAL,Unknown,18-25
1987,https://images.unsplash.com/photo-1648484860064-4bf5b9827a8e?crop=entropy&cs=tinysrgb&fit=max&fm=jpg&ixid=M3w5NDQwMTV8MHwxfHNlYXJjaHwzMzd8fHBlcnNvbiUyMGZhY2UlMjBwaG90b3xlbnwwfHx8fDE3NzgwNjUzMDF8MA&ixlib=rb-4.1.0&q=80&w=1080,REAL,Unknown,50+
1988,https://images.unsplash.com/photo-1648484859962-97fc288f3d53?crop=entropy&cs=tinysrgb&fit=max&fm=jpg&ixid=M3w5NDQwMTV8MHwxfHNlYXJjaHwzMzh8fHBlcnNvbiUyMGZhY2UlMjBwaG90b3xlbnwwfHx8fDE3NzgwNjUzMDF8MA&ixlib=rb-4.1.0&q=80&w=1080,REAL,Unknown,36-50
1989,https://images.unsplash.com/photo-1648500128151-e7cba1a0baf8?crop=entropy&cs=tinysrgb&fit=max&fm=jpg&ixid=M3w5NDQwMTV8MHwxfHNlYXJjaHwzMzl8fHBlcnNvbiUyMGZhY2UlMjBwaG90b3xlbnwwfHx8fDE3NzgwNjUzMDF8MA&ixlib=rb-4.1.0&q=80&w=1080,REAL,Male,18-25
1990,https://images.unsplash.com/photo-1648484860045-f7fdac111d3f?crop=entropy&cs=tinysrgb&fit=max&fm=jpg&ixid=M3w5NDQwMTV8MHwxfHNlYXJjaHwzNDB8fHBlcnNvbiUyMGZhY2UlMjBwaG90b3xlbnwwfHx8fDE3NzgwNjUzMDF8MA&ixlib=rb-4.1.0&q=80&w=1080,REAL,Unknown,26-35
1991,https://images.unsplash.com/photo-1648484860115-906abc06a59a?crop=entropy&cs=tinysrgb&fit=max&fm=jpg&ixid=M3w5NDQwMTV8MHwxfHNlYXJjaHwzNDF8fHBlcnNvbiUyMGZhY2UlMjBwaG90b3xlbnwwfHx8fDE3NzgwNjUzMDF8MA&ixlib=rb-4.1.0&q=80&w=1080,REAL,Male,50+
1992,https://images.unsplash.com/photo-1648484859985-b18509e81c4d?crop=entropy&cs=tinysrgb&fit=max&fm=jpg&ixid=M3w5NDQwMTV8MHwxfHNlYXJjaHwzNDJ8fHBlcnNvbiUyMGZhY2UlMjBwaG90b3xlbnwwfHx8fDE3NzgwNjUzMDF8MA&ixlib=rb-4.1.0&q=80&w=1080,REAL,Unknown,26-35
1993,https://images.unsplash.com/photo-1648484859317-0c20c0ef989a?crop=entropy&cs=tinysrgb&fit=max&fm=jpg&ixid=M3w5NDQwMTV8MHwxfHNlYXJjaHwzNDN8fHBlcnNvbiUyMGZhY2UlMjBwaG90b3xlbnwwfHx8fDE3NzgwNjUzMDF8MA&ixlib=rb-4.1.0&q=80&w=1080,REAL,Unknown,26-35
1994,https://images.unsplash.com/photo-1648484859324-ab0ddbc5c2e8?crop=entropy&cs=tinysrgb&fit=max&fm=jpg&ixid=M3w5NDQwMTV8MHwxfHNlYXJjaHwzNDR8fHBlcnNvbiUyMGZhY2UlMjBwaG90b3xlbnwwfHx8fDE3NzgwNjUzMDF8MA&ixlib=rb-4.1.0&q=80&w=1080,REAL,Female,26-35
1995,https://images.unsplash.com/photo-1648484859967-c5fe826a27c8?crop=entropy&cs=tinysrgb&fit=max&fm=jpg&ixid=M3w5NDQwMTV8MHwxfHNlYXJjaHwzNDV8fHBlcnNvbiUyMGZhY2UlMjBwaG90b3xlbnwwfHx8fDE3NzgwNjUzMDF8MA&ixlib=rb-4.1.0&q=80&w=1080,REAL,Female,36-50
1996,https://images.unsplash.com/photo-1648484860075-b3b1f2fe0de8?crop=entropy&cs=tinysrgb&fit=max&fm=jpg&ixid=M3w5NDQwMTV8MHwxfHNlYXJjaHwzNDZ8fHBlcnNvbiUyMGZhY2UlMjBwaG90b3xlbnwwfHx8fDE3NzgwNjUzMDF8MA&ixlib=rb-4.1.0&q=80&w=1080,REAL,Female,36-50
1997,https://images.unsplash.com/photo-1648500128120-3d313dfc3d91?crop=entropy&cs=tinysrgb&fit=max&fm=jpg&ixid=M3w5NDQwMTV8MHwxfHNlYXJjaHwzNDd8fHBlcnNvbiUyMGZhY2UlMjBwaG90b3xlbnwwfHx8fDE3NzgwNjUzMDF8MA&ixlib=rb-4.1.0&q=80&w=1080,REAL,Male,36-50
1998,https://images.unsplash.com/photo-1628912625431-180c4e848eba?crop=entropy&cs=tinysrgb&fit=max&fm=jpg&ixid=M3w5NDQwMTV8MHwxfHNlYXJjaHwzNDh8fHBlcnNvbiUyMGZhY2UlMjBwaG90b3xlbnwwfHx8fDE3NzgwNjUzMDF8MA&ixlib=rb-4.1.0&q=80&w=1080,REAL,Female,50+
1999,https://images.unsplash.com/photo-1619417818988-c8309a8c7dd6?crop=entropy&cs=tinysrgb&fit=max&fm=jpg&ixid=M3w5NDQwMTV8MHwxfHNlYXJjaHwzNDl8fHBlcnNvbiUyMGZhY2UlMjBwaG90b3xlbnwwfHx8fDE3NzgwNjUzMDF8MA&ixlib=rb-4.1.0&q=80&w=1080,REAL,Female,36-50
2000,https://images.unsplash.com/photo-1740148641998-b406a7b0b306?crop=entropy&cs=tinysrgb&fit=max&fm=jpg&ixid=M3w5NDQwMTV8MHwxfHNlYXJjaHwzNTB8fHBlcnNvbiUyMGZhY2UlMjBwaG90b3xlbnwwfHx8fDE3NzgwNjUzMDF8MA&ixlib=rb-4.1.0&q=80&w=1080,REAL,Female,36-50
2001,https://images.unsplash.com/photo-1701284356734-9b6cda0c9d77?crop=entropy&cs=tinysrgb&fit=max&fm=jpg&ixid=M3w5NDQwMTV8MHwxfHNlYXJjaHwzNTF8fHBlcnNvbiUyMGZhY2UlMjBwaG90b3xlbnwwfHx8fDE3NzgwNjUzMDF8MA&ixlib=rb-4.1.0&q=80&w=1080,REAL,Female,50+
2002,https://images.unsplash.com/photo-1744670111274-b2552edd7cbf?crop=entropy&cs=tinysrgb&fit=max&fm=jpg&ixid=M3w5NDQwMTV8MHwxfHNlYXJjaHwzNTJ8fHBlcnNvbiUyMGZhY2UlMjBwaG90b3xlbnwwfHx8fDE3NzgwNjUzMDF8MA&ixlib=rb-4.1.0&q=80&w=1080,REAL,Unknown,36-50
2003,https://images.unsplash.com/photo-1730925393994-32cc03584f57?crop=entropy&cs=tinysrgb&fit=max&fm=jpg&ixid=M3w5NDQwMTV8MHwxfHNlYXJjaHwzNTN8fHBlcnNvbiUyMGZhY2UlMjBwaG90b3xlbnwwfHx8fDE3NzgwNjUzMDF8MA&ixlib=rb-4.1.0&q=80&w=1080,REAL,Unknown,26-35
2004,https://images.unsplash.com/photo-1648500128124-9101d372c0e0?crop=entropy&cs=tinysrgb&fit=max&fm=jpg&ixid=M3w5NDQwMTV8MHwxfHNlYXJjaHwzNTR8fHBlcnNvbiUyMGZhY2UlMjBwaG90b3xlbnwwfHx8fDE3NzgwNjUzMDF8MA&ixlib=rb-4.1.0&q=80&w=1080,REAL,Male,50+
2005,https://images.unsplash.com/photo-1648484859972-c8d9ec0fd9e2?crop=entropy&cs=tinysrgb&fit=max&fm=jpg&ixid=M3w5NDQwMTV8MHwxfHNlYXJjaHwzNTV8fHBlcnNvbiUyMGZhY2UlMjBwaG90b3xlbnwwfHx8fDE3NzgwNjUzMDF8MA&ixlib=rb-4.1.0&q=80&w=1080,REAL,Unknown,36-50
2006,https://images.unsplash.com/photo-1612985506925-5e06030387bc?crop=entropy&cs=tinysrgb&fit=max&fm=jpg&ixid=M3w5NDQwMTV8MHwxfHNlYXJjaHwzNTZ8fHBlcnNvbiUyMGZhY2UlMjBwaG90b3xlbnwwfHx8fDE3NzgwNjUzMDF8MA&ixlib=rb-4.1.0&q=80&w=1080,REAL,Female,50+
2007,https://images.unsplash.com/photo-1576132420670-d370d1334b7d?crop=entropy&cs=tinysrgb&fit=max&fm=jpg&ixid=M3w5NDQwMTV8MHwxfHNlYXJjaHwzNTd8fHBlcnNvbiUyMGZhY2UlMjBwaG90b3xlbnwwfHx8fDE3NzgwNjUzMDF8MA&ixlib=rb-4.1.0&q=80&w=1080,REAL,Unknown,18-25
2008,https://images.unsplash.com/photo-1636310794789-123951c0fd58?crop=entropy&cs=tinysrgb&fit=max&fm=jpg&ixid=M3w5NDQwMTV8MHwxfHNlYXJjaHwzNTh8fHBlcnNvbiUyMGZhY2UlMjBwaG90b3xlbnwwfHx8fDE3NzgwNjUzMDF8MA&ixlib=rb-4.1.0&q=80&w=1080,REAL,Unknown,36-50
2009,https://images.unsplash.com/photo-1738130325148-e81feea5b3a1?crop=entropy&cs=tinysrgb&fit=max&fm=jpg&ixid=M3w5NDQwMTV8MHwxfHNlYXJjaHwzNTl8fHBlcnNvbiUyMGZhY2UlMjBwaG90b3xlbnwwfHx8fDE3NzgwNjUzMDF8MA&ixlib=rb-4.1.0&q=80&w=1080,REAL,Male,50+
2010,https://images.unsplash.com/photo-1602730207460-826fd46361d1?crop=entropy&cs=tinysrgb&fit=max&fm=jpg&ixid=M3w5NDQwMTV8MHwxfHNlYXJjaHwzNjB8fHBlcnNvbiUyMGZhY2UlMjBwaG90b3xlbnwwfHx8fDE3NzgwNjUzMDF8MA&ixlib=rb-4.1.0&q=80&w=1080,REAL,Male,26-35
2011,https://images.unsplash.com/photo-1636310794789-123951c0fd58?crop=entropy&cs=tinysrgb&fit=max&fm=jpg&ixid=M3w5NDQwMTV8MHwxfHNlYXJjaHwzNjF8fHBlcnNvbiUyMGZhY2UlMjBwaG90b3xlbnwwfHx8fDE3NzgwNjUzMDN8MA&ixlib=rb-4.1.0&q=80&w=1080,REAL,Female,36-50
2012,https://images.unsplash.com/photo-1738130325148-e81feea5b3a1?crop=entropy&cs=tinysrgb&fit=max&fm=jpg&ixid=M3w5NDQwMTV8MHwxfHNlYXJjaHwzNjJ8fHBlcnNvbiUyMGZhY2UlMjBwaG90b3xlbnwwfHx8fDE3NzgwNjUzMDN8MA&ixlib=rb-4.1.0&q=80&w=1080,REAL,Male,18-25
2013,https://images.unsplash.com/photo-1576132420670-d370d1334b7d?crop=entropy&cs=tinysrgb&fit=max&fm=jpg&ixid=M3w5NDQwMTV8MHwxfHNlYXJjaHwzNjN8fHBlcnNvbiUyMGZhY2UlMjBwaG90b3xlbnwwfHx8fDE3NzgwNjUzMDN8MA&ixlib=rb-4.1.0&q=80&w=1080,REAL,Female,36-50
2014,https://images.unsplash.com/photo-1594482977418-8190a3b33c6d?crop=entropy&cs=tinysrgb&fit=max&fm=jpg&ixid=M3w5NDQwMTV8MHwxfHNlYXJjaHwzNjR8fHBlcnNvbiUyMGZhY2UlMjBwaG90b3xlbnwwfHx8fDE3NzgwNjUzMDN8MA&ixlib=rb-4.1.0&q=80&w=1080,REAL,Female,36-50
2015,https://images.unsplash.com/photo-1602730207460-826fd46361d1?crop=entropy&cs=tinysrgb&fit=max&fm=jpg&ixid=M3w5NDQwMTV8MHwxfHNlYXJjaHwzNjV8fHBlcnNvbiUyMGZhY2UlMjBwaG90b3xlbnwwfHx8fDE3NzgwNjUzMDN8MA&ixlib=rb-4.1.0&q=80&w=1080,REAL,Female,26-35
2016,https://images.unsplash.com/photo-1648484859987-0da8b9d58a80?crop=entropy&cs=tinysrgb&fit=max&fm=jpg&ixid=M3w5NDQwMTV8MHwxfHNlYXJjaHwzNjZ8fHBlcnNvbiUyMGZhY2UlMjBwaG90b3xlbnwwfHx8fDE3NzgwNjUzMDN8MA&ixlib=rb-4.1.0&q=80&w=1080,REAL,Unknown,18-25
2017,https://images.unsplash.com/photo-1648500128138-53b62cbb1cf8?crop=entropy&cs=tinysrgb&fit=max&fm=jpg&ixid=M3w5NDQwMTV8MHwxfHNlYXJjaHwzNjd8fHBlcnNvbiUyMGZhY2UlMjBwaG90b3xlbnwwfHx8fDE3NzgwNjUzMDN8MA&ixlib=rb-4.1.0&q=80&w=1080,REAL,Female,18-25
2018,https://images.unsplash.com/photo-1648484860065-cbb89614d125?crop=entropy&cs=tinysrgb&fit=max&fm=jpg&ixid=M3w5NDQwMTV8MHwxfHNlYXJjaHwzNjh8fHBlcnNvbiUyMGZhY2UlMjBwaG90b3xlbnwwfHx8fDE3NzgwNjUzMDN8MA&ixlib=rb-4.1.0&q=80&w=1080,REAL,Female,18-25
2019,https://images.unsplash.com/photo-1648484859960-97a7c372d8d0?crop=entropy&cs=tinysrgb&fit=max&fm=jpg&ixid=M3w5NDQwMTV8MHwxfHNlYXJjaHwzNjl8fHBlcnNvbiUyMGZhY2UlMjBwaG90b3xlbnwwfHx8fDE3NzgwNjUzMDN8MA&ixlib=rb-4.1.0&q=80&w=1080,REAL,Female,50+
2020,https://images.unsplash.com/photo-1648484859337-2abb6cd1160f?crop=entropy&cs=tinysrgb&fit=max&fm=jpg&ixid=M3w5NDQwMTV8MHwxfHNlYXJjaHwzNzB8fHBlcnNvbiUyMGZhY2UlMjBwaG90b3xlbnwwfHx8fDE3NzgwNjUzMDN8MA&ixlib=rb-4.1.0&q=80&w=1080,REAL,Female,26-35
2021,https://images.unsplash.com/photo-1648500128175-6ab50b669077?crop=entropy&cs=tinysrgb&fit=max&fm=jpg&ixid=M3w5NDQwMTV8MHwxfHNlYXJjaHwzNzF8fHBlcnNvbiUyMGZhY2UlMjBwaG90b3xlbnwwfHx8fDE3NzgwNjUzMDN8MA&ixlib=rb-4.1.0&q=80&w=1080,REAL,Female,50+
2022,https://images.unsplash.com/photo-1648500128161-7964c8b9419d?crop=entropy&cs=tinysrgb&fit=max&fm=jpg&ixid=M3w5NDQwMTV8MHwxfHNlYXJjaHwzNzJ8fHBlcnNvbiUyMGZhY2UlMjBwaG90b3xlbnwwfHx8fDE3NzgwNjUzMDN8MA&ixlib=rb-4.1.0&q=80&w=1080,REAL,Female,36-50
2023,https://images.unsplash.com/photo-1648500128137-a5f192779858?crop=entropy&cs=tinysrgb&fit=max&fm=jpg&ixid=M3w5NDQwMTV8MHwxfHNlYXJjaHwzNzN8fHBlcnNvbiUyMGZhY2UlMjBwaG90b3xlbnwwfHx8fDE3NzgwNjUzMDN8MA&ixlib=rb-4.1.0&q=80&w=1080,REAL,Female,50+
2024,https://images.unsplash.com/photo-1636721371881-c9707636e767?crop=entropy&cs=tinysrgb&fit=max&fm=jpg&ixid=M3w5NDQwMTV8MHwxfHNlYXJjaHwzNzR8fHBlcnNvbiUyMGZhY2UlMjBwaG90b3xlbnwwfHx8fDE3NzgwNjUzMDN8MA&ixlib=rb-4.1.0&q=80&w=1080,REAL,Male,18-25
2025,https://images.unsplash.com/photo-1762422411398-cbb151dca8e5?crop=entropy&cs=tinysrgb&fit=max&fm=jpg&ixid=M3w5NDQwMTV8MHwxfHNlYXJjaHwzNzV8fHBlcnNvbiUyMGZhY2UlMjBwaG90b3xlbnwwfHx8fDE3NzgwNjUzMDN8MA&ixlib=rb-4.1.0&q=80&w=1080,REAL,Female,50+
2026,https://images.unsplash.com/photo-1656014570709-7437353f5907?crop=entropy&cs=tinysrgb&fit=max&fm=jpg&ixid=M3w5NDQwMTV8MHwxfHNlYXJjaHwzNzZ8fHBlcnNvbiUyMGZhY2UlMjBwaG90b3xlbnwwfHx8fDE3NzgwNjUzMDN8MA&ixlib=rb-4.1.0&q=80&w=1080,REAL,Female,50+
2027,https://images.unsplash.com/photo-1724710152008-9c64ee7ab7ed?crop=entropy&cs=tinysrgb&fit=max&fm=jpg&ixid=M3w5NDQwMTV8MHwxfHNlYXJjaHwzNzd8fHBlcnNvbiUyMGZhY2UlMjBwaG90b3xlbnwwfHx8fDE3NzgwNjUzMDN8MA&ixlib=rb-4.1.0&q=80&w=1080,REAL,Male,50+
2028,https://images.unsplash.com/photo-1640677875583-7470bbf4749d?crop=entropy&cs=tinysrgb&fit=max&fm=jpg&ixid=M3w5NDQwMTV8MHwxfHNlYXJjaHwzNzh8fHBlcnNvbiUyMGZhY2UlMjBwaG90b3xlbnwwfHx8fDE3NzgwNjUzMDN8MA&ixlib=rb-4.1.0&q=80&w=1080,REAL,Male,36-50
2029,https://images.unsplash.com/photo-1590860053579-2d11ce0adbd9?crop=entropy&cs=tinysrgb&fit=max&fm=jpg&ixid=M3w5NDQwMTV8MHwxfHNlYXJjaHwzNzl8fHBlcnNvbiUyMGZhY2UlMjBwaG90b3xlbnwwfHx8fDE3NzgwNjUzMDN8MA&ixlib=rb-4.1.0&q=80&w=1080,REAL,Female,50+
2030,https://images.unsplash.com/photo-1611198824090-f6fcdbd5b54f?crop=entropy&cs=tinysrgb&fit=max&fm=jpg&ixid=M3w5NDQwMTV8MHwxfHNlYXJjaHwzODB8fHBlcnNvbiUyMGZhY2UlMjBwaG90b3xlbnwwfHx8fDE3NzgwNjUzMDN8MA&ixlib=rb-4.1.0&q=80&w=1080,REAL,Female,36-50
2031,https://images.unsplash.com/photo-1689803754730-239edbc2aed4?crop=entropy&cs=tinysrgb&fit=max&fm=jpg&ixid=M3w5NDQwMTV8MHwxfHNlYXJjaHwzODF8fHBlcnNvbiUyMGZhY2UlMjBwaG90b3xlbnwwfHx8fDE3NzgwNjUzMDN8MA&ixlib=rb-4.1.0&q=80&w=1080,REAL,Male,18-25
2032,https://images.unsplash.com/photo-1651146562847-daec015cd8dc?crop=entropy&cs=tinysrgb&fit=max&fm=jpg&ixid=M3w5NDQwMTV8MHwxfHNlYXJjaHwzODJ8fHBlcnNvbiUyMGZhY2UlMjBwaG90b3xlbnwwfHx8fDE3NzgwNjUzMDN8MA&ixlib=rb-4.1.0&q=80&w=1080,REAL,Male,18-25
2033,https://images.unsplash.com/photo-1645968094374-e2a53ac2ae5d?crop=entropy&cs=tinysrgb&fit=max&fm=jpg&ixid=M3w5NDQwMTV8MHwxfHNlYXJjaHwzODN8fHBlcnNvbiUyMGZhY2UlMjBwaG90b3xlbnwwfHx8fDE3NzgwNjUzMDN8MA&ixlib=rb-4.1.0&q=80&w=1080,REAL,Female,18-25
2034,https://images.unsplash.com/photo-1706719903539-c16a1af597eb?crop=entropy&cs=tinysrgb&fit=max&fm=jpg&ixid=M3w5NDQwMTV8MHwxfHNlYXJjaHwzODR8fHBlcnNvbiUyMGZhY2UlMjBwaG90b3xlbnwwfHx8fDE3NzgwNjUzMDN8MA&ixlib=rb-4.1.0&q=80&w=1080,REAL,Female,50+
2035,https://images.unsplash.com/photo-1689803754774-26826c2ba980?crop=entropy&cs=tinysrgb&fit=max&fm=jpg&ixid=M3w5NDQwMTV8MHwxfHNlYXJjaHwzODV8fHBlcnNvbiUyMGZhY2UlMjBwaG90b3xlbnwwfHx8fDE3NzgwNjUzMDN8MA&ixlib=rb-4.1.0&q=80&w=1080,REAL,Female,50+
2036,https://images.unsplash.com/photo-1689803757010-c779c255d3ec?crop=entropy&cs=tinysrgb&fit=max&fm=jpg&ixid=M3w5NDQwMTV8MHwxfHNlYXJjaHwzODZ8fHBlcnNvbiUyMGZhY2UlMjBwaG90b3xlbnwwfHx8fDE3NzgwNjUzMDN8MA&ixlib=rb-4.1.0&q=80&w=1080,REAL,Unknown,50+
2037,https://images.unsplash.com/photo-1689803768650-7fe01c229b59?crop=entropy&cs=tinysrgb&fit=max&fm=jpg&ixid=M3w5NDQwMTV8MHwxfHNlYXJjaHwzODd8fHBlcnNvbiUyMGZhY2UlMjBwaG90b3xlbnwwfHx8fDE3NzgwNjUzMDN8MA&ixlib=rb-4.1.0&q=80&w=1080,REAL,Female,36-50
2038,https://images.unsplash.com/photo-1726741694185-71aa437d6ab2?crop=entropy&cs=tinysrgb&fit=max&fm=jpg&ixid=M3w5NDQwMTV8MHwxfHNlYXJjaHwzODh8fHBlcnNvbiUyMGZhY2UlMjBwaG90b3xlbnwwfHx8fDE3NzgwNjUzMDN8MA&ixlib=rb-4.1.0&q=80&w=1080,REAL,Male,26-35
2039,https://images.unsplash.com/photo-1726741697303-a93d16351451?crop=entropy&cs=tinysrgb&fit=max&fm=jpg&ixid=M3w5NDQwMTV8MHwxfHNlYXJjaHwzODl8fHBlcnNvbiUyMGZhY2UlMjBwaG90b3xlbnwwfHx8fDE3NzgwNjUzMDN8MA&ixlib=rb-4.1.0&q=80&w=1080,REAL,Male,18-25
2040,https://images.unsplash.com/photo-1726741697234-a4a3309e99b8?crop=entropy&cs=tinysrgb&fit=max&fm=jpg&ixid=M3w5NDQwMTV8MHwxfHNlYXJjaHwzOTB8fHBlcnNvbiUyMGZhY2UlMjBwaG90b3xlbnwwfHx8fDE3NzgwNjUzMDN8MA&ixlib=rb-4.1.0&q=80&w=1080,REAL,Male,36-50
2041,https://images.unsplash.com/photo-1731005446956-2851a5e79534?crop=entropy&cs=tinysrgb&fit=max&fm=jpg&ixid=M3w5NDQwMTV8MHwxfHNlYXJjaHwzOTF8fHBlcnNvbiUyMGZhY2UlMjBwaG90b3xlbnwwfHx8fDE3NzgwNjUzMDV8MA&ixlib=rb-4.1.0&q=80&w=1080,REAL,Female,18-25
2042,https://images.unsplash.com/photo-1653586050249-908669be7d37?crop=entropy&cs=tinysrgb&fit=max&fm=jpg&ixid=M3w5NDQwMTV8MHwxfHNlYXJjaHwzOTJ8fHBlcnNvbiUyMGZhY2UlMjBwaG90b3xlbnwwfHx8fDE3NzgwNjUzMDV8MA&ixlib=rb-4.1.0&q=80&w=1080,REAL,Male,26-35
2043,https://images.unsplash.com/photo-1726741697440-bb3d73f31daf?crop=entropy&cs=tinysrgb&fit=max&fm=jpg&ixid=M3w5NDQwMTV8MHwxfHNlYXJjaHwzOTN8fHBlcnNvbiUyMGZhY2UlMjBwaG90b3xlbnwwfHx8fDE3NzgwNjUzMDV8MA&ixlib=rb-4.1.0&q=80&w=1080,REAL,Female,26-35
2044,https://images.unsplash.com/photo-1732124740807-390dc648ed55?crop=entropy&cs=tinysrgb&fit=max&fm=jpg&ixid=M3w5NDQwMTV8MHwxfHNlYXJjaHwzOTR8fHBlcnNvbiUyMGZhY2UlMjBwaG90b3xlbnwwfHx8fDE3NzgwNjUzMDV8MA&ixlib=rb-4.1.0&q=80&w=1080,REAL,Female,18-25
2045,https://images.unsplash.com/photo-1689803767591-176a7c49bcdb?crop=entropy&cs=tinysrgb&fit=max&fm=jpg&ixid=M3w5NDQwMTV8MHwxfHNlYXJjaHwzOTV8fHBlcnNvbiUyMGZhY2UlMjBwaG90b3xlbnwwfHx8fDE3NzgwNjUzMDV8MA&ixlib=rb-4.1.0&q=80&w=1080,REAL,Female,50+
2046,https://images.unsplash.com/photo-1689803768564-b0975f1289ef?crop=entropy&cs=tinysrgb&fit=max&fm=jpg&ixid=M3w5NDQwMTV8MHwxfHNlYXJjaHwzOTZ8fHBlcnNvbiUyMGZhY2UlMjBwaG90b3xlbnwwfHx8fDE3NzgwNjUzMDV8MA&ixlib=rb-4.1.0&q=80&w=1080,REAL,Unknown,18-25
2047,https://images.unsplash.com/photo-1689803768407-b4e6d8e0e685?crop=entropy&cs=tinysrgb&fit=max&fm=jpg&ixid=M3w5NDQwMTV8MHwxfHNlYXJjaHwzOTd8fHBlcnNvbiUyMGZhY2UlMjBwaG90b3xlbnwwfHx8fDE3NzgwNjUzMDV8MA&ixlib=rb-4.1.0&q=80&w=1080,REAL,Female,26-35
2048,https://images.unsplash.com/photo-1645968094392-93803370ed67?crop=entropy&cs=tinysrgb&fit=max&fm=jpg&ixid=M3w5NDQwMTV8MHwxfHNlYXJjaHwzOTh8fHBlcnNvbiUyMGZhY2UlMjBwaG90b3xlbnwwfHx8fDE3NzgwNjUzMDV8MA&ixlib=rb-4.1.0&q=80&w=1080,REAL,Female,26-35
2049,https://images.unsplash.com/photo-1726741697520-9ad84cf00a4d?crop=entropy&cs=tinysrgb&fit=max&fm=jpg&ixid=M3w5NDQwMTV8MHwxfHNlYXJjaHwzOTl8fHBlcnNvbiUyMGZhY2UlMjBwaG90b3xlbnwwfHx8fDE3NzgwNjUzMDV8MA&ixlib=rb-4.1.0&q=80&w=1080,REAL,Female,26-35
2050,https://images.unsplash.com/photo-1726741695142-2c3300e9d9bb?crop=entropy&cs=tinysrgb&fit=max&fm=jpg&ixid=M3w5NDQwMTV8MHwxfHNlYXJjaHw0MDB8fHBlcnNvbiUyMGZhY2UlMjBwaG90b3xlbnwwfHx8fDE3NzgwNjUzMDV8MA&ixlib=rb-4.1.0&q=80&w=1080,REAL,Female,18-25
2051,https://images.unsplash.com/photo-1726741694276-e386042ae6f7?crop=entropy&cs=tinysrgb&fit=max&fm=jpg&ixid=M3w5NDQwMTV8MHwxfHNlYXJjaHw0MDF8fHBlcnNvbiUyMGZhY2UlMjBwaG90b3xlbnwwfHx8fDE3NzgwNjUzMDV8MA&ixlib=rb-4.1.0&q=80&w=1080,REAL,Unknown,18-25
2052,https://images.unsplash.com/photo-1629797731335-3dd6ead0f1b2?crop=entropy&cs=tinysrgb&fit=max&fm=jpg&ixid=M3w5NDQwMTV8MHwxfHNlYXJjaHw0MDJ8fHBlcnNvbiUyMGZhY2UlMjBwaG90b3xlbnwwfHx8fDE3NzgwNjUzMDV8MA&ixlib=rb-4.1.0&q=80&w=1080,REAL,Female,50+
2053,https://images.unsplash.com/photo-1645968093389-704585a7359d?crop=entropy&cs=tinysrgb&fit=max&fm=jpg&ixid=M3w5NDQwMTV8MHwxfHNlYXJjaHw0MDN8fHBlcnNvbiUyMGZhY2UlMjBwaG90b3xlbnwwfHx8fDE3NzgwNjUzMDV8MA&ixlib=rb-4.1.0&q=80&w=1080,REAL,Unknown,26-35
2054,https://images.unsplash.com/photo-1635763229860-482a9dface3b?crop=entropy&cs=tinysrgb&fit=max&fm=jpg&ixid=M3w5NDQwMTV8MHwxfHNlYXJjaHw0MDR8fHBlcnNvbiUyMGZhY2UlMjBwaG90b3xlbnwwfHx8fDE3NzgwNjUzMDV8MA&ixlib=rb-4.1.0&q=80&w=1080,REAL,Female,50+
2055,https://images.unsplash.com/photo-1632333526241-210e13726987?crop=entropy&cs=tinysrgb&fit=max&fm=jpg&ixid=M3w5NDQwMTV8MHwxfHNlYXJjaHw0MDV8fHBlcnNvbiUyMGZhY2UlMjBwaG90b3xlbnwwfHx8fDE3NzgwNjUzMDV8MA&ixlib=rb-4.1.0&q=80&w=1080,REAL,Male,50+
2056,https://images.unsplash.com/photo-1632333526812-c11ff6ba0366?crop=entropy&cs=tinysrgb&fit=max&fm=jpg&ixid=M3w5NDQwMTV8MHwxfHNlYXJjaHw0MDZ8fHBlcnNvbiUyMGZhY2UlMjBwaG90b3xlbnwwfHx8fDE3NzgwNjUzMDV8MA&ixlib=rb-4.1.0&q=80&w=1080,REAL,Female,18-25
2057,https://images.unsplash.com/photo-1704139135855-06cef49f5771?crop=entropy&cs=tinysrgb&fit=max&fm=jpg&ixid=M3w5NDQwMTV8MHwxfHNlYXJjaHw0MDd8fHBlcnNvbiUyMGZhY2UlMjBwaG90b3xlbnwwfHx8fDE3NzgwNjUzMDV8MA&ixlib=rb-4.1.0&q=80&w=1080,REAL,Male,26-35
2058,https://images.unsplash.com/photo-1689803760979-fbe3c80c5062?crop=entropy&cs=tinysrgb&fit=max&fm=jpg&ixid=M3w5NDQwMTV8MHwxfHNlYXJjaHw0MDh8fHBlcnNvbiUyMGZhY2UlMjBwaG90b3xlbnwwfHx8fDE3NzgwNjUzMDV8MA&ixlib=rb-4.1.0&q=80&w=1080,REAL,Unknown,18-25
2059,https://images.unsplash.com/photo-1744670111338-095a8f846cf3?crop=entropy&cs=tinysrgb&fit=max&fm=jpg&ixid=M3w5NDQwMTV8MHwxfHNlYXJjaHw0MDl8fHBlcnNvbiUyMGZhY2UlMjBwaG90b3xlbnwwfHx8fDE3NzgwNjUzMDV8MA&ixlib=rb-4.1.0&q=80&w=1080,REAL,Male,50+
2060,https://images.unsplash.com/photo-1588276435894-96b967abbf8a?crop=entropy&cs=tinysrgb&fit=max&fm=jpg&ixid=M3w5NDQwMTV8MHwxfHNlYXJjaHw0MTB8fHBlcnNvbiUyMGZhY2UlMjBwaG90b3xlbnwwfHx8fDE3NzgwNjUzMDV8MA&ixlib=rb-4.1.0&q=80&w=1080,REAL,Male,36-50
2061,https://images.unsplash.com/photo-1619253690154-d275458c650e?crop=entropy&cs=tinysrgb&fit=max&fm=jpg&ixid=M3w5NDQwMTV8MHwxfHNlYXJjaHw0MTF8fHBlcnNvbiUyMGZhY2UlMjBwaG90b3xlbnwwfHx8fDE3NzgwNjUzMDV8MA&ixlib=rb-4.1.0&q=80&w=1080,REAL,Male,50+
2062,https://images.unsplash.com/photo-1619253690152-72349caa0108?crop=entropy&cs=tinysrgb&fit=max&fm=jpg&ixid=M3w5NDQwMTV8MHwxfHNlYXJjaHw0MTJ8fHBlcnNvbiUyMGZhY2UlMjBwaG90b3xlbnwwfHx8fDE3NzgwNjUzMDV8MA&ixlib=rb-4.1.0&q=80&w=1080,REAL,Unknown,18-25
2063,https://images.unsplash.com/photo-1585836072325-7abc198af1c1?crop=entropy&cs=tinysrgb&fit=max&fm=jpg&ixid=M3w5NDQwMTV8MHwxfHNlYXJjaHw0MTN8fHBlcnNvbiUyMGZhY2UlMjBwaG90b3xlbnwwfHx8fDE3NzgwNjUzMDV8MA&ixlib=rb-4.1.0&q=80&w=1080,REAL,Male,36-50
2064,https://images.unsplash.com/photo-1630280962293-2bf1a65400b5?crop=entropy&cs=tinysrgb&fit=max&fm=jpg&ixid=M3w5NDQwMTV8MHwxfHNlYXJjaHw0MTR8fHBlcnNvbiUyMGZhY2UlMjBwaG90b3xlbnwwfHx8fDE3NzgwNjUzMDV8MA&ixlib=rb-4.1.0&q=80&w=1080,REAL,Female,50+
2065,https://images.unsplash.com/photo-1726741694559-b3e23a2db831?crop=entropy&cs=tinysrgb&fit=max&fm=jpg&ixid=M3w5NDQwMTV8MHwxfHNlYXJjaHw0MTV8fHBlcnNvbiUyMGZhY2UlMjBwaG90b3xlbnwwfHx8fDE3NzgwNjUzMDV8MA&ixlib=rb-4.1.0&q=80&w=1080,REAL,Male,50+
2066,https://images.unsplash.com/photo-1726741696576-2cbb9161e613?crop=entropy&cs=tinysrgb&fit=max&fm=jpg&ixid=M3w5NDQwMTV8MHwxfHNlYXJjaHw0MTZ8fHBlcnNvbiUyMGZhY2UlMjBwaG90b3xlbnwwfHx8fDE3NzgwNjUzMDV8MA&ixlib=rb-4.1.0&q=80&w=1080,REAL,Male,36-50
2067,https://images.unsplash.com/photo-1689803767849-55c78ed5dfc1?crop=entropy&cs=tinysrgb&fit=max&fm=jpg&ixid=M3w5NDQwMTV8MHwxfHNlYXJjaHw0MTd8fHBlcnNvbiUyMGZhY2UlMjBwaG90b3xlbnwwfHx8fDE3NzgwNjUzMDV8MA&ixlib=rb-4.1.0&q=80&w=1080,REAL,Unknown,18-25
2068,https://images.unsplash.com/photo-1689803743729-62563dbde198?crop=entropy&cs=tinysrgb&fit=max&fm=jpg&ixid=M3w5NDQwMTV8MHwxfHNlYXJjaHw0MTh8fHBlcnNvbiUyMGZhY2UlMjBwaG90b3xlbnwwfHx8fDE3NzgwNjUzMDV8MA&ixlib=rb-4.1.0&q=80&w=1080,REAL,Unknown,26-35
2069,https://images.unsplash.com/photo-1646174884178-442159ec346a?crop=entropy&cs=tinysrgb&fit=max&fm=jpg&ixid=M3w5NDQwMTV8MHwxfHNlYXJjaHw0MTl8fHBlcnNvbiUyMGZhY2UlMjBwaG90b3xlbnwwfHx8fDE3NzgwNjUzMDV8MA&ixlib=rb-4.1.0&q=80&w=1080,REAL,Unknown,26-35
2070,https://images.unsplash.com/photo-1712746438871-93052cdff718?crop=entropy&cs=tinysrgb&fit=max&fm=jpg&ixid=M3w5NDQwMTV8MHwxfHNlYXJjaHw0MjB8fHBlcnNvbiUyMGZhY2UlMjBwaG90b3xlbnwwfHx8fDE3NzgwNjUzMDV8MA&ixlib=rb-4.1.0&q=80&w=1080,REAL,Male,26-35
2071,https://images.unsplash.com/photo-1726741695668-f4d193bfe521?crop=entropy&cs=tinysrgb&fit=max&fm=jpg&ixid=M3w5NDQwMTV8MHwxfHNlYXJjaHw0MjF8fHBlcnNvbiUyMGZhY2UlMjBwaG90b3xlbnwwfHx8fDE3NzgwNjUzMDh8MA&ixlib=rb-4.1.0&q=80&w=1080,REAL,Female,18-25
2072,https://images.unsplash.com/photo-1689803768417-8d868a1aa0f9?crop=entropy&cs=tinysrgb&fit=max&fm=jpg&ixid=M3w5NDQwMTV8MHwxfHNlYXJjaHw0MjJ8fHBlcnNvbiUyMGZhY2UlMjBwaG90b3xlbnwwfHx8fDE3NzgwNjUzMDh8MA&ixlib=rb-4.1.0&q=80&w=1080,REAL,Male,18-25
2073,https://images.unsplash.com/photo-1689803753214-86d52624b838?crop=entropy&cs=tinysrgb&fit=max&fm=jpg&ixid=M3w5NDQwMTV8MHwxfHNlYXJjaHw0MjN8fHBlcnNvbiUyMGZhY2UlMjBwaG90b3xlbnwwfHx8fDE3NzgwNjUzMDh8MA&ixlib=rb-4.1.0&q=80&w=1080,REAL,Male,26-35
2074,https://images.unsplash.com/photo-1659028019575-23c9eebf9134?crop=entropy&cs=tinysrgb&fit=max&fm=jpg&ixid=M3w5NDQwMTV8MHwxfHNlYXJjaHw0MjR8fHBlcnNvbiUyMGZhY2UlMjBwaG90b3xlbnwwfHx8fDE3NzgwNjUzMDh8MA&ixlib=rb-4.1.0&q=80&w=1080,REAL,Male,50+
2075,https://images.unsplash.com/photo-1597069170894-eb727a7a7b3c?crop=entropy&cs=tinysrgb&fit=max&fm=jpg&ixid=M3w5NDQwMTV8MHwxfHNlYXJjaHw0MjV8fHBlcnNvbiUyMGZhY2UlMjBwaG90b3xlbnwwfHx8fDE3NzgwNjUzMDh8MA&ixlib=rb-4.1.0&q=80&w=1080,REAL,Male,18-25
2076,https://images.unsplash.com/photo-1646243668895-3535fdc9191d?crop=entropy&cs=tinysrgb&fit=max&fm=jpg&ixid=M3w5NDQwMTV8MHwxfHNlYXJjaHw0MjZ8fHBlcnNvbiUyMGZhY2UlMjBwaG90b3xlbnwwfHx8fDE3NzgwNjUzMDh8MA&ixlib=rb-4.1.0&q=80&w=1080,REAL,Male,26-35
2077,https://images.unsplash.com/photo-1635423894263-a3589dad4a7e?crop=entropy&cs=tinysrgb&fit=max&fm=jpg&ixid=M3w5NDQwMTV8MHwxfHNlYXJjaHw0Mjd8fHBlcnNvbiUyMGZhY2UlMjBwaG90b3xlbnwwfHx8fDE3NzgwNjUzMDh8MA&ixlib=rb-4.1.0&q=80&w=1080,REAL,Female,26-35
2078,https://images.unsplash.com/photo-1610695687078-7b7694f976cf?crop=entropy&cs=tinysrgb&fit=max&fm=jpg&ixid=M3w5NDQwMTV8MHwxfHNlYXJjaHw0Mjh8fHBlcnNvbiUyMGZhY2UlMjBwaG90b3xlbnwwfHx8fDE3NzgwNjUzMDh8MA&ixlib=rb-4.1.0&q=80&w=1080,REAL,Male,18-25
2079,https://images.unsplash.com/photo-1727414087229-5f9f649b7012?crop=entropy&cs=tinysrgb&fit=max&fm=jpg&ixid=M3w5NDQwMTV8MHwxfHNlYXJjaHw0Mjl8fHBlcnNvbiUyMGZhY2UlMjBwaG90b3xlbnwwfHx8fDE3NzgwNjUzMDh8MA&ixlib=rb-4.1.0&q=80&w=1080,REAL,Unknown,50+
2080,https://images.unsplash.com/photo-1726741696557-cb79f2259ac8?crop=entropy&cs=tinysrgb&fit=max&fm=jpg&ixid=M3w5NDQwMTV8MHwxfHNlYXJjaHw0MzB8fHBlcnNvbiUyMGZhY2UlMjBwaG90b3xlbnwwfHx8fDE3NzgwNjUzMDh8MA&ixlib=rb-4.1.0&q=80&w=1080,REAL,Unknown,26-35
2081,https://images.unsplash.com/photo-1726741694414-9294f36f0a47?crop=entropy&cs=tinysrgb&fit=max&fm=jpg&ixid=M3w5NDQwMTV8MHwxfHNlYXJjaHw0MzF8fHBlcnNvbiUyMGZhY2UlMjBwaG90b3xlbnwwfHx8fDE3NzgwNjUzMDh8MA&ixlib=rb-4.1.0&q=80&w=1080,REAL,Male,36-50
2082,https://images.unsplash.com/photo-1726741697783-e3e84e683962?crop=entropy&cs=tinysrgb&fit=max&fm=jpg&ixid=M3w5NDQwMTV8MHwxfHNlYXJjaHw0MzJ8fHBlcnNvbiUyMGZhY2UlMjBwaG90b3xlbnwwfHx8fDE3NzgwNjUzMDh8MA&ixlib=rb-4.1.0&q=80&w=1080,REAL,Unknown,18-25
2083,https://images.unsplash.com/photo-1726741696624-e840ebe74b51?crop=entropy&cs=tinysrgb&fit=max&fm=jpg&ixid=M3w5NDQwMTV8MHwxfHNlYXJjaHw0MzN8fHBlcnNvbiUyMGZhY2UlMjBwaG90b3xlbnwwfHx8fDE3NzgwNjUzMDh8MA&ixlib=rb-4.1.0&q=80&w=1080,REAL,Unknown,26-35
2084,https://images.unsplash.com/photo-1645968093376-cd1e1dbad17c?crop=entropy&cs=tinysrgb&fit=max&fm=jpg&ixid=M3w5NDQwMTV8MHwxfHNlYXJjaHw0MzR8fHBlcnNvbiUyMGZhY2UlMjBwaG90b3xlbnwwfHx8fDE3NzgwNjUzMDh8MA&ixlib=rb-4.1.0&q=80&w=1080,REAL,Female,26-35
2085,https://images.unsplash.com/photo-1670000037492-fe5825592bf9?crop=entropy&cs=tinysrgb&fit=max&fm=jpg&ixid=M3w5NDQwMTV8MHwxfHNlYXJjaHw0MzV8fHBlcnNvbiUyMGZhY2UlMjBwaG90b3xlbnwwfHx8fDE3NzgwNjUzMDh8MA&ixlib=rb-4.1.0&q=80&w=1080,REAL,Male,26-35
2086,https://images.unsplash.com/photo-1589451333388-1621255d8329?crop=entropy&cs=tinysrgb&fit=max&fm=jpg&ixid=M3w5NDQwMTV8MHwxfHNlYXJjaHw0MzZ8fHBlcnNvbiUyMGZhY2UlMjBwaG90b3xlbnwwfHx8fDE3NzgwNjUzMDh8MA&ixlib=rb-4.1.0&q=80&w=1080,REAL,Unknown,26-35
2087,https://images.unsplash.com/photo-1724710540983-adcd50974c57?crop=entropy&cs=tinysrgb&fit=max&fm=jpg&ixid=M3w5NDQwMTV8MHwxfHNlYXJjaHw0Mzd8fHBlcnNvbiUyMGZhY2UlMjBwaG90b3xlbnwwfHx8fDE3NzgwNjUzMDh8MA&ixlib=rb-4.1.0&q=80&w=1080,REAL,Female,26-35
2088,https://images.unsplash.com/photo-1618822520386-93f2474aeeb1?crop=entropy&cs=tinysrgb&fit=max&fm=jpg&ixid=M3w5NDQwMTV8MHwxfHNlYXJjaHw0Mzh8fHBlcnNvbiUyMGZhY2UlMjBwaG90b3xlbnwwfHx8fDE3NzgwNjUzMDh8MA&ixlib=rb-4.1.0&q=80&w=1080,REAL,Male,50+
2089,https://images.unsplash.com/photo-1619253690154-d275458c650e?crop=entropy&cs=tinysrgb&fit=max&fm=jpg&ixid=M3w5NDQwMTV8MHwxfHNlYXJjaHw0Mzl8fHBlcnNvbiUyMGZhY2UlMjBwaG90b3xlbnwwfHx8fDE3NzgwNjUzMDh8MA&ixlib=rb-4.1.0&q=80&w=1080,REAL,Female,18-25
2090,https://images.unsplash.com/photo-1619253690152-72349caa0108?crop=entropy&cs=tinysrgb&fit=max&fm=jpg&ixid=M3w5NDQwMTV8MHwxfHNlYXJjaHw0NDB8fHBlcnNvbiUyMGZhY2UlMjBwaG90b3xlbnwwfHx8fDE3NzgwNjUzMDh8MA&ixlib=rb-4.1.0&q=80&w=1080,REAL,Male,18-25
2091,https://images.unsplash.com/photo-1585836072325-7abc198af1c1?crop=entropy&cs=tinysrgb&fit=max&fm=jpg&ixid=M3w5NDQwMTV8MHwxfHNlYXJjaHw0NDF8fHBlcnNvbiUyMGZhY2UlMjBwaG90b3xlbnwwfHx8fDE3NzgwNjUzMDh8MA&ixlib=rb-4.1.0&q=80&w=1080,REAL,Unknown,50+
2092,https://images.unsplash.com/photo-1630280962293-2bf1a65400b5?crop=entropy&cs=tinysrgb&fit=max&fm=jpg&ixid=M3w5NDQwMTV8MHwxfHNlYXJjaHw0NDJ8fHBlcnNvbiUyMGZhY2UlMjBwaG90b3xlbnwwfHx8fDE3NzgwNjUzMDh8MA&ixlib=rb-4.1.0&q=80&w=1080,REAL,Unknown,36-50
2093,https://images.unsplash.com/photo-1689803760979-fbe3c80c5062?crop=entropy&cs=tinysrgb&fit=max&fm=jpg&ixid=M3w5NDQwMTV8MHwxfHNlYXJjaHw0NDN8fHBlcnNvbiUyMGZhY2UlMjBwaG90b3xlbnwwfHx8fDE3NzgwNjUzMDh8MA&ixlib=rb-4.1.0&q=80&w=1080,REAL,Female,50+
2094,https://images.unsplash.com/photo-1632333526241-210e13726987?crop=entropy&cs=tinysrgb&fit=max&fm=jpg&ixid=M3w5NDQwMTV8MHwxfHNlYXJjaHw0NDR8fHBlcnNvbiUyMGZhY2UlMjBwaG90b3xlbnwwfHx8fDE3NzgwNjUzMDh8MA&ixlib=rb-4.1.0&q=80&w=1080,REAL,Female,36-50
2095,https://images.unsplash.com/photo-1632333526812-c11ff6ba0366?crop=entropy&cs=tinysrgb&fit=max&fm=jpg&ixid=M3w5NDQwMTV8MHwxfHNlYXJjaHw0NDV8fHBlcnNvbiUyMGZhY2UlMjBwaG90b3xlbnwwfHx8fDE3NzgwNjUzMDh8MA&ixlib=rb-4.1.0&q=80&w=1080,REAL,Female,36-50
2096,https://images.unsplash.com/photo-1704139135855-06cef49f5771?crop=entropy&cs=tinysrgb&fit=max&fm=jpg&ixid=M3w5NDQwMTV8MHwxfHNlYXJjaHw0NDZ8fHBlcnNvbiUyMGZhY2UlMjBwaG90b3xlbnwwfHx8fDE3NzgwNjUzMDh8MA&ixlib=rb-4.1.0&q=80&w=1080,REAL,Female,50+
2097,https://images.unsplash.com/photo-1712746438871-93052cdff718?crop=entropy&cs=tinysrgb&fit=max&fm=jpg&ixid=M3w5NDQwMTV8MHwxfHNlYXJjaHw0NDd8fHBlcnNvbiUyMGZhY2UlMjBwaG90b3xlbnwwfHx8fDE3NzgwNjUzMDh8MA&ixlib=rb-4.1.0&q=80&w=1080,REAL,Female,18-25
2098,https://images.unsplash.com/photo-1744670111338-095a8f846cf3?crop=entropy&cs=tinysrgb&fit=max&fm=jpg&ixid=M3w5NDQwMTV8MHwxfHNlYXJjaHw0NDh8fHBlcnNvbiUyMGZhY2UlMjBwaG90b3xlbnwwfHx8fDE3NzgwNjUzMDh8MA&ixlib=rb-4.1.0&q=80&w=1080,REAL,Unknown,36-50
2099,https://images.unsplash.com/photo-1588276435894-96b967abbf8a?crop=entropy&cs=tinysrgb&fit=max&fm=jpg&ixid=M3w5NDQwMTV8MHwxfHNlYXJjaHw0NDl8fHBlcnNvbiUyMGZhY2UlMjBwaG90b3xlbnwwfHx8fDE3NzgwNjUzMDh8MA&ixlib=rb-4.1.0&q=80&w=1080,REAL,Male,18-25
2100,https://images.unsplash.com/photo-1726741694559-b3e23a2db831?crop=entropy&cs=tinysrgb&fit=max&fm=jpg&ixid=M3w5NDQwMTV8MHwxfHNlYXJjaHw0NTB8fHBlcnNvbiUyMGZhY2UlMjBwaG90b3xlbnwwfHx8fDE3NzgwNjUzMDh8MA&ixlib=rb-4.1.0&q=80&w=1080,REAL,Male,18-25
2101,https://images.unsplash.com/photo-1689803763675-5e9087a322da?crop=entropy&cs=tinysrgb&fit=max&fm=jpg&ixid=M3w5NDQwMTV8MHwxfHNlYXJjaHw0NTF8fHBlcnNvbiUyMGZhY2UlMjBwaG90b3xlbnwwfHx8fDE3NzgwNjUzMTB8MA&ixlib=rb-4.1.0&q=80&w=1080,REAL,Female,26-35
2102,https://images.unsplash.com/photo-1689803764656-0e01259265b4?crop=entropy&cs=tinysrgb&fit=max&fm=jpg&ixid=M3w5NDQwMTV8MHwxfHNlYXJjaHw0NTJ8fHBlcnNvbiUyMGZhY2UlMjBwaG90b3xlbnwwfHx8fDE3NzgwNjUzMTB8MA&ixlib=rb-4.1.0&q=80&w=1080,REAL,Female,26-35
2103,https://images.unsplash.com/photo-1637133111206-6a1b88c476a2?crop=entropy&cs=tinysrgb&fit=max&fm=jpg&ixid=M3w5NDQwMTV8MHwxfHNlYXJjaHw0NTN8fHBlcnNvbiUyMGZhY2UlMjBwaG90b3xlbnwwfHx8fDE3NzgwNjUzMTB8MA&ixlib=rb-4.1.0&q=80&w=1080,REAL,Female,18-25
2104,https://images.unsplash.com/photo-1726741696397-41927b5f8f13?crop=entropy&cs=tinysrgb&fit=max&fm=jpg&ixid=M3w5NDQwMTV8MHwxfHNlYXJjaHw0NTR8fHBlcnNvbiUyMGZhY2UlMjBwaG90b3xlbnwwfHx8fDE3NzgwNjUzMTB8MA&ixlib=rb-4.1.0&q=80&w=1080,REAL,Female,26-35
2105,https://images.unsplash.com/photo-1635130881215-08a81b7c2e61?crop=entropy&cs=tinysrgb&fit=max&fm=jpg&ixid=M3w5NDQwMTV8MHwxfHNlYXJjaHw0NTV8fHBlcnNvbiUyMGZhY2UlMjBwaG90b3xlbnwwfHx8fDE3NzgwNjUzMTB8MA&ixlib=rb-4.1.0&q=80&w=1080,REAL,Female,26-35
2106,https://images.unsplash.com/photo-1607189968599-9739cb26a88b?crop=entropy&cs=tinysrgb&fit=max&fm=jpg&ixid=M3w5NDQwMTV8MHwxfHNlYXJjaHw0NTZ8fHBlcnNvbiUyMGZhY2UlMjBwaG90b3xlbnwwfHx8fDE3NzgwNjUzMTB8MA&ixlib=rb-4.1.0&q=80&w=1080,REAL,Female,26-35
2107,https://images.unsplash.com/photo-1726741697184-c481174a3490?crop=entropy&cs=tinysrgb&fit=max&fm=jpg&ixid=M3w5NDQwMTV8MHwxfHNlYXJjaHw0NTd8fHBlcnNvbiUyMGZhY2UlMjBwaG90b3xlbnwwfHx8fDE3NzgwNjUzMTB8MA&ixlib=rb-4.1.0&q=80&w=1080,REAL,Male,50+
2108,https://images.unsplash.com/photo-1726741695254-d2049ba5022f?crop=entropy&cs=tinysrgb&fit=max&fm=jpg&ixid=M3w5NDQwMTV8MHwxfHNlYXJjaHw0NTh8fHBlcnNvbiUyMGZhY2UlMjBwaG90b3xlbnwwfHx8fDE3NzgwNjUzMTB8MA&ixlib=rb-4.1.0&q=80&w=1080,REAL,Female,26-35
2109,https://images.unsplash.com/photo-1726741697211-585ded8287fa?crop=entropy&cs=tinysrgb&fit=max&fm=jpg&ixid=M3w5NDQwMTV8MHwxfHNlYXJjaHw0NTl8fHBlcnNvbiUyMGZhY2UlMjBwaG90b3xlbnwwfHx8fDE3NzgwNjUzMTB8MA&ixlib=rb-4.1.0&q=80&w=1080,REAL,Unknown,26-35
2110,https://images.unsplash.com/photo-1726741695561-41c6722e6f88?crop=entropy&cs=tinysrgb&fit=max&fm=jpg&ixid=M3w5NDQwMTV8MHwxfHNlYXJjaHw0NjB8fHBlcnNvbiUyMGZhY2UlMjBwaG90b3xlbnwwfHx8fDE3NzgwNjUzMTB8MA&ixlib=rb-4.1.0&q=80&w=1080,REAL,Female,26-35
2111,https://images.unsplash.com/photo-1611421466791-f1769faa1523?crop=entropy&cs=tinysrgb&fit=max&fm=jpg&ixid=M3w5NDQwMTV8MHwxfHNlYXJjaHw0NjF8fHBlcnNvbiUyMGZhY2UlMjBwaG90b3xlbnwwfHx8fDE3NzgwNjUzMTB8MA&ixlib=rb-4.1.0&q=80&w=1080,REAL,Female,36-50
2112,https://images.unsplash.com/photo-1586377794368-976693962b4d?crop=entropy&cs=tinysrgb&fit=max&fm=jpg&ixid=M3w5NDQwMTV8MHwxfHNlYXJjaHw0NjJ8fHBlcnNvbiUyMGZhY2UlMjBwaG90b3xlbnwwfHx8fDE3NzgwNjUzMTB8MA&ixlib=rb-4.1.0&q=80&w=1080,REAL,Male,36-50
2113,https://images.unsplash.com/photo-1702576820994-d74249d3468f?crop=entropy&cs=tinysrgb&fit=max&fm=jpg&ixid=M3w5NDQwMTV8MHwxfHNlYXJjaHw0NjN8fHBlcnNvbiUyMGZhY2UlMjBwaG90b3xlbnwwfHx8fDE3NzgwNjUzMTB8MA&ixlib=rb-4.1.0&q=80&w=1080,REAL,Unknown,26-35
2114,https://images.unsplash.com/photo-1646251165758-df8462c08202?crop=entropy&cs=tinysrgb&fit=max&fm=jpg&ixid=M3w5NDQwMTV8MHwxfHNlYXJjaHw0NjR8fHBlcnNvbiUyMGZhY2UlMjBwaG90b3xlbnwwfHx8fDE3NzgwNjUzMTB8MA&ixlib=rb-4.1.0&q=80&w=1080,REAL,Female,50+
2115,https://images.unsplash.com/photo-1637844606284-48d093cba4e9?crop=entropy&cs=tinysrgb&fit=max&fm=jpg&ixid=M3w5NDQwMTV8MHwxfHNlYXJjaHw0NjV8fHBlcnNvbiUyMGZhY2UlMjBwaG90b3xlbnwwfHx8fDE3NzgwNjUzMTB8MA&ixlib=rb-4.1.0&q=80&w=1080,REAL,Male,50+
2116,https://images.unsplash.com/photo-1592473879899-522b55c6adb1?crop=entropy&cs=tinysrgb&fit=max&fm=jpg&ixid=M3w5NDQwMTV8MHwxfHNlYXJjaHw0NjZ8fHBlcnNvbiUyMGZhY2UlMjBwaG90b3xlbnwwfHx8fDE3NzgwNjUzMTB8MA&ixlib=rb-4.1.0&q=80&w=1080,REAL,Female,18-25
2117,https://images.unsplash.com/photo-1729517516217-e54db009b7f9?crop=entropy&cs=tinysrgb&fit=max&fm=jpg&ixid=M3w5NDQwMTV8MHwxfHNlYXJjaHw0Njd8fHBlcnNvbiUyMGZhY2UlMjBwaG90b3xlbnwwfHx8fDE3NzgwNjUzMTB8MA&ixlib=rb-4.1.0&q=80&w=1080,REAL,Female,36-50
2118,https://images.unsplash.com/photo-1589006261191-36eb1dfd58b0?crop=entropy&cs=tinysrgb&fit=max&fm=jpg&ixid=M3w5NDQwMTV8MHwxfHNlYXJjaHw0Njh8fHBlcnNvbiUyMGZhY2UlMjBwaG90b3xlbnwwfHx8fDE3NzgwNjUzMTB8MA&ixlib=rb-4.1.0&q=80&w=1080,REAL,Male,18-25
2119,https://images.unsplash.com/photo-1739671586168-ba5e13e014f6?crop=entropy&cs=tinysrgb&fit=max&fm=jpg&ixid=M3w5NDQwMTV8MHwxfHNlYXJjaHw0Njl8fHBlcnNvbiUyMGZhY2UlMjBwaG90b3xlbnwwfHx8fDE3NzgwNjUzMTB8MA&ixlib=rb-4.1.0&q=80&w=1080,REAL,Female,36-50
2120,https://images.unsplash.com/photo-1723031840495-57a7154b191b?crop=entropy&cs=tinysrgb&fit=max&fm=jpg&ixid=M3w5NDQwMTV8MHwxfHNlYXJjaHw0NzB8fHBlcnNvbiUyMGZhY2UlMjBwaG90b3xlbnwwfHx8fDE3NzgwNjUzMTB8MA&ixlib=rb-4.1.0&q=80&w=1080,REAL,Female,18-25
2121,https://images.unsplash.com/photo-1597124926410-071909e0db1e?crop=entropy&cs=tinysrgb&fit=max&fm=jpg&ixid=M3w5NDQwMTV8MHwxfHNlYXJjaHw0NzF8fHBlcnNvbiUyMGZhY2UlMjBwaG90b3xlbnwwfHx8fDE3NzgwNjUzMTB8MA&ixlib=rb-4.1.0&q=80&w=1080,REAL,Male,36-50
2122,https://images.unsplash.com/photo-1611435401566-68fec74432ef?crop=entropy&cs=tinysrgb&fit=max&fm=jpg&ixid=M3w5NDQwMTV8MHwxfHNlYXJjaHw0NzJ8fHBlcnNvbiUyMGZhY2UlMjBwaG90b3xlbnwwfHx8fDE3NzgwNjUzMTB8MA&ixlib=rb-4.1.0&q=80&w=1080,REAL,Female,18-25
2123,https://images.unsplash.com/photo-1632333524657-19e0870058b1?crop=entropy&cs=tinysrgb&fit=max&fm=jpg&ixid=M3w5NDQwMTV8MHwxfHNlYXJjaHw0NzN8fHBlcnNvbiUyMGZhY2UlMjBwaG90b3xlbnwwfHx8fDE3NzgwNjUzMTB8MA&ixlib=rb-4.1.0&q=80&w=1080,REAL,Unknown,18-25
2124,https://images.unsplash.com/photo-1634402111954-c93c3ff148cc?crop=entropy&cs=tinysrgb&fit=max&fm=jpg&ixid=M3w5NDQwMTV8MHwxfHNlYXJjaHw0NzR8fHBlcnNvbiUyMGZhY2UlMjBwaG90b3xlbnwwfHx8fDE3NzgwNjUzMTB8MA&ixlib=rb-4.1.0&q=80&w=1080,REAL,Unknown,36-50
2125,https://images.unsplash.com/photo-1633208320095-cfa052f7d4ed?crop=entropy&cs=tinysrgb&fit=max&fm=jpg&ixid=M3w5NDQwMTV8MHwxfHNlYXJjaHw0NzV8fHBlcnNvbiUyMGZhY2UlMjBwaG90b3xlbnwwfHx8fDE3NzgwNjUzMTB8MA&ixlib=rb-4.1.0&q=80&w=1080,REAL,Female,18-25
2126,https://images.unsplash.com/photo-1633573094602-5305dba665a6?crop=entropy&cs=tinysrgb&fit=max&fm=jpg&ixid=M3w5NDQwMTV8MHwxfHNlYXJjaHw0NzZ8fHBlcnNvbiUyMGZhY2UlMjBwaG90b3xlbnwwfHx8fDE3NzgwNjUzMTB8MA&ixlib=rb-4.1.0&q=80&w=1080,REAL,Unknown,26-35
2127,https://images.unsplash.com/photo-1726741696724-4b193e637bf9?crop=entropy&cs=tinysrgb&fit=max&fm=jpg&ixid=M3w5NDQwMTV8MHwxfHNlYXJjaHw0Nzd8fHBlcnNvbiUyMGZhY2UlMjBwaG90b3xlbnwwfHx8fDE3NzgwNjUzMTB8MA&ixlib=rb-4.1.0&q=80&w=1080,REAL,Male,50+
2128,https://images.unsplash.com/photo-1689803766452-929a13357638?crop=entropy&cs=tinysrgb&fit=max&fm=jpg&ixid=M3w5NDQwMTV8MHwxfHNlYXJjaHw0Nzh8fHBlcnNvbiUyMGZhY2UlMjBwaG90b3xlbnwwfHx8fDE3NzgwNjUzMTB8MA&ixlib=rb-4.1.0&q=80&w=1080,REAL,Unknown,18-25
2129,https://images.unsplash.com/photo-1588287792348-8fc81e82828d?crop=entropy&cs=tinysrgb&fit=max&fm=jpg&ixid=M3w5NDQwMTV8MHwxfHNlYXJjaHw0Nzl8fHBlcnNvbiUyMGZhY2UlMjBwaG90b3xlbnwwfHx8fDE3NzgwNjUzMTB8MA&ixlib=rb-4.1.0&q=80&w=1080,REAL,Unknown,18-25
2130,https://images.unsplash.com/photo-1646342027944-7daa72d304d9?crop=entropy&cs=tinysrgb&fit=max&fm=jpg&ixid=M3w5NDQwMTV8MHwxfHNlYXJjaHw0ODB8fHBlcnNvbiUyMGZhY2UlMjBwaG90b3xlbnwwfHx8fDE3NzgwNjUzMTB8MA&ixlib=rb-4.1.0&q=80&w=1080,REAL,Male,18-25
2131,https://images.unsplash.com/photo-1656339504243-2df4c5ebf1c0?crop=entropy&cs=tinysrgb&fit=max&fm=jpg&ixid=M3w5NDQwMTV8MHwxfHNlYXJjaHw0ODF8fHBlcnNvbiUyMGZhY2UlMjBwaG90b3xlbnwwfHx8fDE3NzgwNjUzMTN8MA&ixlib=rb-4.1.0&q=80&w=1080,REAL,Unknown,26-35
2132,https://images.unsplash.com/photo-1728567813223-ba7b1404c9f9?crop=entropy&cs=tinysrgb&fit=max&fm=jpg&ixid=M3w5NDQwMTV8MHwxfHNlYXJjaHw0ODJ8fHBlcnNvbiUyMGZhY2UlMjBwaG90b3xlbnwwfHx8fDE3NzgwNjUzMTN8MA&ixlib=rb-4.1.0&q=80&w=1080,REAL,Unknown,36-50
2133,https://images.unsplash.com/photo-1614008236245-fd3e0e9166cf?crop=entropy&cs=tinysrgb&fit=max&fm=jpg&ixid=M3w5NDQwMTV8MHwxfHNlYXJjaHw0ODN8fHBlcnNvbiUyMGZhY2UlMjBwaG90b3xlbnwwfHx8fDE3NzgwNjUzMTN8MA&ixlib=rb-4.1.0&q=80&w=1080,REAL,Male,50+
2134,https://images.unsplash.com/photo-1726741695963-503d26b1d537?crop=entropy&cs=tinysrgb&fit=max&fm=jpg&ixid=M3w5NDQwMTV8MHwxfHNlYXJjaHw0ODR8fHBlcnNvbiUyMGZhY2UlMjBwaG90b3xlbnwwfHx8fDE3NzgwNjUzMTN8MA&ixlib=rb-4.1.0&q=80&w=1080,REAL,Male,26-35
2135,https://images.unsplash.com/photo-1726741694972-4e5a65e1b069?crop=entropy&cs=tinysrgb&fit=max&fm=jpg&ixid=M3w5NDQwMTV8MHwxfHNlYXJjaHw0ODV8fHBlcnNvbiUyMGZhY2UlMjBwaG90b3xlbnwwfHx8fDE3NzgwNjUzMTN8MA&ixlib=rb-4.1.0&q=80&w=1080,REAL,Male,18-25
2136,https://images.unsplash.com/photo-1700317440880-54edb57c99a7?crop=entropy&cs=tinysrgb&fit=max&fm=jpg&ixid=M3w5NDQwMTV8MHwxfHNlYXJjaHw0ODZ8fHBlcnNvbiUyMGZhY2UlMjBwaG90b3xlbnwwfHx8fDE3NzgwNjUzMTN8MA&ixlib=rb-4.1.0&q=80&w=1080,REAL,Female,36-50
2137,https://images.unsplash.com/photo-1614830499230-dd6cfbc50a4e?crop=entropy&cs=tinysrgb&fit=max&fm=jpg&ixid=M3w5NDQwMTV8MHwxfHNlYXJjaHw0ODd8fHBlcnNvbiUyMGZhY2UlMjBwaG90b3xlbnwwfHx8fDE3NzgwNjUzMTN8MA&ixlib=rb-4.1.0&q=80&w=1080,REAL,Unknown,50+
2138,https://images.unsplash.com/photo-1592653902547-285aac36d851?crop=entropy&cs=tinysrgb&fit=max&fm=jpg&ixid=M3w5NDQwMTV8MHwxfHNlYXJjaHw0ODh8fHBlcnNvbiUyMGZhY2UlMjBwaG90b3xlbnwwfHx8fDE3NzgwNjUzMTN8MA&ixlib=rb-4.1.0&q=80&w=1080,REAL,Female,18-25
2139,https://images.unsplash.com/photo-1624572898909-af83632e6f8b?crop=entropy&cs=tinysrgb&fit=max&fm=jpg&ixid=M3w5NDQwMTV8MHwxfHNlYXJjaHw0ODl8fHBlcnNvbiUyMGZhY2UlMjBwaG90b3xlbnwwfHx8fDE3NzgwNjUzMTN8MA&ixlib=rb-4.1.0&q=80&w=1080,REAL,Female,50+
2140,https://images.unsplash.com/photo-1591578600937-89c92c95f574?crop=entropy&cs=tinysrgb&fit=max&fm=jpg&ixid=M3w5NDQwMTV8MHwxfHNlYXJjaHw0OTB8fHBlcnNvbiUyMGZhY2UlMjBwaG90b3xlbnwwfHx8fDE3NzgwNjUzMTN8MA&ixlib=rb-4.1.0&q=80&w=1080,REAL,Male,18-25
2141,https://images.unsplash.com/photo-1589254332786-c053c2c370dd?crop=entropy&cs=tinysrgb&fit=max&fm=jpg&ixid=M3w5NDQwMTV8MHwxfHNlYXJjaHw0OTF8fHBlcnNvbiUyMGZhY2UlMjBwaG90b3xlbnwwfHx8fDE3NzgwNjUzMTN8MA&ixlib=rb-4.1.0&q=80&w=1080,REAL,Female,26-35
2142,https://images.unsplash.com/photo-1726741695768-d77b40ae41de?crop=entropy&cs=tinysrgb&fit=max&fm=jpg&ixid=M3w5NDQwMTV8MHwxfHNlYXJjaHw0OTJ8fHBlcnNvbiUyMGZhY2UlMjBwaG90b3xlbnwwfHx8fDE3NzgwNjUzMTN8MA&ixlib=rb-4.1.0&q=80&w=1080,REAL,Unknown,36-50
2143,https://images.unsplash.com/photo-1655368645558-93cf220eddd5?crop=entropy&cs=tinysrgb&fit=max&fm=jpg&ixid=M3w5NDQwMTV8MHwxfHNlYXJjaHw0OTN8fHBlcnNvbiUyMGZhY2UlMjBwaG90b3xlbnwwfHx8fDE3NzgwNjUzMTN8MA&ixlib=rb-4.1.0&q=80&w=1080,REAL,Female,26-35
2144,https://images.unsplash.com/photo-1635130439503-fced6db0b8cb?crop=entropy&cs=tinysrgb&fit=max&fm=jpg&ixid=M3w5NDQwMTV8MHwxfHNlYXJjaHw0OTR8fHBlcnNvbiUyMGZhY2UlMjBwaG90b3xlbnwwfHx8fDE3NzgwNjUzMTN8MA&ixlib=rb-4.1.0&q=80&w=1080,REAL,Female,26-35
2145,https://images.unsplash.com/photo-1624562153115-cbfb4fa92046?crop=entropy&cs=tinysrgb&fit=max&fm=jpg&ixid=M3w5NDQwMTV8MHwxfHNlYXJjaHw0OTV8fHBlcnNvbiUyMGZhY2UlMjBwaG90b3xlbnwwfHx8fDE3NzgwNjUzMTN8MA&ixlib=rb-4.1.0&q=80&w=1080,REAL,Female,36-50
2146,https://images.unsplash.com/photo-1726741697137-6f325587a9f1?crop=entropy&cs=tinysrgb&fit=max&fm=jpg&ixid=M3w5NDQwMTV8MHwxfHNlYXJjaHw0OTZ8fHBlcnNvbiUyMGZhY2UlMjBwaG90b3xlbnwwfHx8fDE3NzgwNjUzMTN8MA&ixlib=rb-4.1.0&q=80&w=1080,REAL,Female,50+
2147,https://images.unsplash.com/photo-1640677909806-fe6cfd89730c?crop=entropy&cs=tinysrgb&fit=max&fm=jpg&ixid=M3w5NDQwMTV8MHwxfHNlYXJjaHw0OTd8fHBlcnNvbiUyMGZhY2UlMjBwaG90b3xlbnwwfHx8fDE3NzgwNjUzMTN8MA&ixlib=rb-4.1.0&q=80&w=1080,REAL,Female,26-35
2148,https://images.unsplash.com/photo-1726741696657-5cce5f6b6d98?crop=entropy&cs=tinysrgb&fit=max&fm=jpg&ixid=M3w5NDQwMTV8MHwxfHNlYXJjaHw0OTh8fHBlcnNvbiUyMGZhY2UlMjBwaG90b3xlbnwwfHx8fDE3NzgwNjUzMTN8MA&ixlib=rb-4.1.0&q=80&w=1080,REAL,Unknown,18-25
2149,https://images.unsplash.com/photo-1726741694530-67990f01adb6?crop=entropy&cs=tinysrgb&fit=max&fm=jpg&ixid=M3w5NDQwMTV8MHwxfHNlYXJjaHw0OTl8fHBlcnNvbiUyMGZhY2UlMjBwaG90b3xlbnwwfHx8fDE3NzgwNjUzMTN8MA&ixlib=rb-4.1.0&q=80&w=1080,REAL,Male,18-25
2150,https://images.unsplash.com/photo-1632108545615-6d6569491424?crop=entropy&cs=tinysrgb&fit=max&fm=jpg&ixid=M3w5NDQwMTV8MHwxfHNlYXJjaHw1MDB8fHBlcnNvbiUyMGZhY2UlMjBwaG90b3xlbnwwfHx8fDE3NzgwNjUzMTN8MA&ixlib=rb-4.1.0&q=80&w=1080,REAL,Male,50+
2151,https://images.unsplash.com/photo-1590873803005-539ede4d828a?crop=entropy&cs=tinysrgb&fit=max&fm=jpg&ixid=M3w5NDQwMTV8MHwxfHNlYXJjaHw1MDF8fHBlcnNvbiUyMGZhY2UlMjBwaG90b3xlbnwwfHx8fDE3NzgwNjUzMTN8MA&ixlib=rb-4.1.0&q=80&w=1080,REAL,Male,36-50
2152,https://images.unsplash.com/photo-1730925440675-a84880b1e581?crop=entropy&cs=tinysrgb&fit=max&fm=jpg&ixid=M3w5NDQwMTV8MHwxfHNlYXJjaHw1MDJ8fHBlcnNvbiUyMGZhY2UlMjBwaG90b3xlbnwwfHx8fDE3NzgwNjUzMTN8MA&ixlib=rb-4.1.0&q=80&w=1080,REAL,Female,18-25
2153,https://images.unsplash.com/photo-1700317440755-75d1fddcd219?crop=entropy&cs=tinysrgb&fit=max&fm=jpg&ixid=M3w5NDQwMTV8MHwxfHNlYXJjaHw1MDN8fHBlcnNvbiUyMGZhY2UlMjBwaG90b3xlbnwwfHx8fDE3NzgwNjUzMTN8MA&ixlib=rb-4.1.0&q=80&w=1080,REAL,Female,36-50
2154,https://images.unsplash.com/photo-1700317440743-ffe7b2134276?crop=entropy&cs=tinysrgb&fit=max&fm=jpg&ixid=M3w5NDQwMTV8MHwxfHNlYXJjaHw1MDR8fHBlcnNvbiUyMGZhY2UlMjBwaG90b3xlbnwwfHx8fDE3NzgwNjUzMTN8MA&ixlib=rb-4.1.0&q=80&w=1080,REAL,Female,50+
2155,https://images.unsplash.com/photo-1577870083684-cc6fe47359e0?crop=entropy&cs=tinysrgb&fit=max&fm=jpg&ixid=M3w5NDQwMTV8MHwxfHNlYXJjaHw1MDV8fHBlcnNvbiUyMGZhY2UlMjBwaG90b3xlbnwwfHx8fDE3NzgwNjUzMTN8MA&ixlib=rb-4.1.0&q=80&w=1080,REAL,Unknown,26-35
2156,https://images.unsplash.com/photo-1657402340873-6c68462be5de?crop=entropy&cs=tinysrgb&fit=max&fm=jpg&ixid=M3w5NDQwMTV8MHwxfHNlYXJjaHw1MDZ8fHBlcnNvbiUyMGZhY2UlMjBwaG90b3xlbnwwfHx8fDE3NzgwNjUzMTN8MA&ixlib=rb-4.1.0&q=80&w=1080,REAL,Unknown,36-50
2157,https://images.unsplash.com/photo-1635892267985-a66a54058438?crop=entropy&cs=tinysrgb&fit=max&fm=jpg&ixid=M3w5NDQwMTV8MHwxfHNlYXJjaHw1MDd8fHBlcnNvbiUyMGZhY2UlMjBwaG90b3xlbnwwfHx8fDE3NzgwNjUzMTN8MA&ixlib=rb-4.1.0&q=80&w=1080,REAL,Female,18-25
2158,https://images.unsplash.com/photo-1726741695246-e71ed81a6a34?crop=entropy&cs=tinysrgb&fit=max&fm=jpg&ixid=M3w5NDQwMTV8MHwxfHNlYXJjaHw1MDh8fHBlcnNvbiUyMGZhY2UlMjBwaG90b3xlbnwwfHx8fDE3NzgwNjUzMTN8MA&ixlib=rb-4.1.0&q=80&w=1080,REAL,Female,26-35
2159,https://images.unsplash.com/photo-1627085067881-02da06b73aa1?crop=entropy&cs=tinysrgb&fit=max&fm=jpg&ixid=M3w5NDQwMTV8MHwxfHNlYXJjaHw1MDl8fHBlcnNvbiUyMGZhY2UlMjBwaG90b3xlbnwwfHx8fDE3NzgwNjUzMTN8MA&ixlib=rb-4.1.0&q=80&w=1080,REAL,Unknown,36-50
2160,https://images.unsplash.com/photo-1703420294575-801fe57ce544?crop=entropy&cs=tinysrgb&fit=max&fm=jpg&ixid=M3w5NDQwMTV8MHwxfHNlYXJjaHw1MTB8fHBlcnNvbiUyMGZhY2UlMjBwaG90b3xlbnwwfHx8fDE3NzgwNjUzMTN8MA&ixlib=rb-4.1.0&q=80&w=1080,REAL,Male,18-25
2161,https://images.unsplash.com/photo-1656339781704-0afb3becfd90?crop=entropy&cs=tinysrgb&fit=max&fm=jpg&ixid=M3w5NDQwMTV8MHwxfHNlYXJjaHw1MTF8fHBlcnNvbiUyMGZhY2UlMjBwaG90b3xlbnwwfHx8fDE3NzgwNjUzMTZ8MA&ixlib=rb-4.1.0&q=80&w=1080,REAL,Unknown,18-25
2162,https://images.unsplash.com/photo-1510753825673-db997abad99e?crop=entropy&cs=tinysrgb&fit=max&fm=jpg&ixid=M3w5NDQwMTV8MHwxfHNlYXJjaHw1MTJ8fHBlcnNvbiUyMGZhY2UlMjBwaG90b3xlbnwwfHx8fDE3NzgwNjUzMTZ8MA&ixlib=rb-4.1.0&q=80&w=1080,REAL,Unknown,50+
2163,https://images.unsplash.com/photo-1667557241482-01913211109b?crop=entropy&cs=tinysrgb&fit=max&fm=jpg&ixid=M3w5NDQwMTV8MHwxfHNlYXJjaHw1MTN8fHBlcnNvbiUyMGZhY2UlMjBwaG90b3xlbnwwfHx8fDE3NzgwNjUzMTZ8MA&ixlib=rb-4.1.0&q=80&w=1080,REAL,Male,36-50
2164,https://images.unsplash.com/photo-1583531434835-a89cd594fab3?crop=entropy&cs=tinysrgb&fit=max&fm=jpg&ixid=M3w5NDQwMTV8MHwxfHNlYXJjaHw1MTR8fHBlcnNvbiUyMGZhY2UlMjBwaG90b3xlbnwwfHx8fDE3NzgwNjUzMTZ8MA&ixlib=rb-4.1.0&q=80&w=1080,REAL,Female,36-50
2165,https://images.unsplash.com/photo-1729517664974-8949fde5f617?crop=entropy&cs=tinysrgb&fit=max&fm=jpg&ixid=M3w5NDQwMTV8MHwxfHNlYXJjaHw1MTV8fHBlcnNvbiUyMGZhY2UlMjBwaG90b3xlbnwwfHx8fDE3NzgwNjUzMTZ8MA&ixlib=rb-4.1.0&q=80&w=1080,REAL,Unknown,18-25
2166,https://images.unsplash.com/photo-1726741697069-5fde865d3490?crop=entropy&cs=tinysrgb&fit=max&fm=jpg&ixid=M3w5NDQwMTV8MHwxfHNlYXJjaHw1MTZ8fHBlcnNvbiUyMGZhY2UlMjBwaG90b3xlbnwwfHx8fDE3NzgwNjUzMTZ8MA&ixlib=rb-4.1.0&q=80&w=1080,REAL,Unknown,50+
2167,https://images.unsplash.com/photo-1678531730566-e4fa1a8a3c42?crop=entropy&cs=tinysrgb&fit=max&fm=jpg&ixid=M3w5NDQwMTV8MHwxfHNlYXJjaHw1MTd8fHBlcnNvbiUyMGZhY2UlMjBwaG90b3xlbnwwfHx8fDE3NzgwNjUzMTZ8MA&ixlib=rb-4.1.0&q=80&w=1080,REAL,Unknown,50+
2168,https://images.unsplash.com/photo-1726741691592-f2821115d4a9?crop=entropy&cs=tinysrgb&fit=max&fm=jpg&ixid=M3w5NDQwMTV8MHwxfHNlYXJjaHw1MTh8fHBlcnNvbiUyMGZhY2UlMjBwaG90b3xlbnwwfHx8fDE3NzgwNjUzMTZ8MA&ixlib=rb-4.1.0&q=80&w=1080,REAL,Female,36-50
2169,https://images.unsplash.com/photo-1726741693479-92eff7dd99bd?crop=entropy&cs=tinysrgb&fit=max&fm=jpg&ixid=M3w5NDQwMTV8MHwxfHNlYXJjaHw1MTl8fHBlcnNvbiUyMGZhY2UlMjBwaG90b3xlbnwwfHx8fDE3NzgwNjUzMTZ8MA&ixlib=rb-4.1.0&q=80&w=1080,REAL,Female,18-25
2170,https://images.unsplash.com/photo-1568047422922-ab797aeabfb9?crop=entropy&cs=tinysrgb&fit=max&fm=jpg&ixid=M3w5NDQwMTV8MHwxfHNlYXJjaHw1MjB8fHBlcnNvbiUyMGZhY2UlMjBwaG90b3xlbnwwfHx8fDE3NzgwNjUzMTZ8MA&ixlib=rb-4.1.0&q=80&w=1080,REAL,Unknown,18-25
2171,https://images.unsplash.com/photo-1595784279873-62b38b5e7cd6?crop=entropy&cs=tinysrgb&fit=max&fm=jpg&ixid=M3w5NDQwMTV8MHwxfHNlYXJjaHw1MjF8fHBlcnNvbiUyMGZhY2UlMjBwaG90b3xlbnwwfHx8fDE3NzgwNjUzMTZ8MA&ixlib=rb-4.1.0&q=80&w=1080,REAL,Unknown,18-25
2172,https://images.unsplash.com/photo-1631884103917-1371e8994ca9?crop=entropy&cs=tinysrgb&fit=max&fm=jpg&ixid=M3w5NDQwMTV8MHwxfHNlYXJjaHw1MjJ8fHBlcnNvbiUyMGZhY2UlMjBwaG90b3xlbnwwfHx8fDE3NzgwNjUzMTZ8MA&ixlib=rb-4.1.0&q=80&w=1080,REAL,Unknown,26-35
2173,https://images.unsplash.com/photo-1527888134035-745830ac26fd?crop=entropy&cs=tinysrgb&fit=max&fm=jpg&ixid=M3w5NDQwMTV8MHwxfHNlYXJjaHw1MjN8fHBlcnNvbiUyMGZhY2UlMjBwaG90b3xlbnwwfHx8fDE3NzgwNjUzMTZ8MA&ixlib=rb-4.1.0&q=80&w=1080,REAL,Male,26-35
2174,https://images.unsplash.com/photo-1726741696458-136916da091b?crop=entropy&cs=tinysrgb&fit=max&fm=jpg&ixid=M3w5NDQwMTV8MHwxfHNlYXJjaHw1MjR8fHBlcnNvbiUyMGZhY2UlMjBwaG90b3xlbnwwfHx8fDE3NzgwNjUzMTZ8MA&ixlib=rb-4.1.0&q=80&w=1080,REAL,Female,18-25
2175,https://images.unsplash.com/photo-1726741695988-090b92063819?crop=entropy&cs=tinysrgb&fit=max&fm=jpg&ixid=M3w5NDQwMTV8MHwxfHNlYXJjaHw1MjV8fHBlcnNvbiUyMGZhY2UlMjBwaG90b3xlbnwwfHx8fDE3NzgwNjUzMTZ8MA&ixlib=rb-4.1.0&q=80&w=1080,REAL,Unknown,50+
2176,https://images.unsplash.com/photo-1621687279203-9cbef79771b9?crop=entropy&cs=tinysrgb&fit=max&fm=jpg&ixid=M3w5NDQwMTV8MHwxfHNlYXJjaHw1MjZ8fHBlcnNvbiUyMGZhY2UlMjBwaG90b3xlbnwwfHx8fDE3NzgwNjUzMTZ8MA&ixlib=rb-4.1.0&q=80&w=1080,REAL,Unknown,26-35
2177,https://images.unsplash.com/photo-1699063947034-5a95cc0e5244?crop=entropy&cs=tinysrgb&fit=max&fm=jpg&ixid=M3w5NDQwMTV8MHwxfHNlYXJjaHw1Mjd8fHBlcnNvbiUyMGZhY2UlMjBwaG90b3xlbnwwfHx8fDE3NzgwNjUzMTZ8MA&ixlib=rb-4.1.0&q=80&w=1080,REAL,Male,50+
2178,https://images.unsplash.com/photo-1726741695822-8abfeb691be9?crop=entropy&cs=tinysrgb&fit=max&fm=jpg&ixid=M3w5NDQwMTV8MHwxfHNlYXJjaHw1Mjh8fHBlcnNvbiUyMGZhY2UlMjBwaG90b3xlbnwwfHx8fDE3NzgwNjUzMTZ8MA&ixlib=rb-4.1.0&q=80&w=1080,REAL,Unknown,36-50
2179,https://images.unsplash.com/photo-1726741695535-79425d470af5?crop=entropy&cs=tinysrgb&fit=max&fm=jpg&ixid=M3w5NDQwMTV8MHwxfHNlYXJjaHw1Mjl8fHBlcnNvbiUyMGZhY2UlMjBwaG90b3xlbnwwfHx8fDE3NzgwNjUzMTZ8MA&ixlib=rb-4.1.0&q=80&w=1080,REAL,Unknown,36-50
2180,https://images.unsplash.com/photo-1643565983849-6868de1f608f?crop=entropy&cs=tinysrgb&fit=max&fm=jpg&ixid=M3w5NDQwMTV8MHwxfHNlYXJjaHw1MzB8fHBlcnNvbiUyMGZhY2UlMjBwaG90b3xlbnwwfHx8fDE3NzgwNjUzMTZ8MA&ixlib=rb-4.1.0&q=80&w=1080,REAL,Female,26-35
2181,https://images.unsplash.com/photo-1637088745733-113d0121fb6d?crop=entropy&cs=tinysrgb&fit=max&fm=jpg&ixid=M3w5NDQwMTV8MHwxfHNlYXJjaHw1MzF8fHBlcnNvbiUyMGZhY2UlMjBwaG90b3xlbnwwfHx8fDE3NzgwNjUzMTZ8MA&ixlib=rb-4.1.0&q=80&w=1080,REAL,Female,18-25
2182,https://images.unsplash.com/photo-1767617959691-a7984e75de3b?crop=entropy&cs=tinysrgb&fit=max&fm=jpg&ixid=M3w5NDQwMTV8MHwxfHNlYXJjaHw1MzJ8fHBlcnNvbiUyMGZhY2UlMjBwaG90b3xlbnwwfHx8fDE3NzgwNjUzMTZ8MA&ixlib=rb-4.1.0&q=80&w=1080,REAL,Unknown,36-50
2183,https://images.unsplash.com/photo-1700317440795-4f52d9364783?crop=entropy&cs=tinysrgb&fit=max&fm=jpg&ixid=M3w5NDQwMTV8MHwxfHNlYXJjaHw1MzN8fHBlcnNvbiUyMGZhY2UlMjBwaG90b3xlbnwwfHx8fDE3NzgwNjUzMTZ8MA&ixlib=rb-4.1.0&q=80&w=1080,REAL,Female,18-25
2184,https://images.unsplash.com/photo-1700317440750-4c6a35429fd9?crop=entropy&cs=tinysrgb&fit=max&fm=jpg&ixid=M3w5NDQwMTV8MHwxfHNlYXJjaHw1MzR8fHBlcnNvbiUyMGZhY2UlMjBwaG90b3xlbnwwfHx8fDE3NzgwNjUzMTZ8MA&ixlib=rb-4.1.0&q=80&w=1080,REAL,Male,36-50
2185,https://images.unsplash.com/photo-1731711926227-7b37a7ef2cd7?crop=entropy&cs=tinysrgb&fit=max&fm=jpg&ixid=M3w5NDQwMTV8MHwxfHNlYXJjaHw1MzV8fHBlcnNvbiUyMGZhY2UlMjBwaG90b3xlbnwwfHx8fDE3NzgwNjUzMTZ8MA&ixlib=rb-4.1.0&q=80&w=1080,REAL,Male,36-50
2186,https://images.unsplash.com/photo-1730925585695-d1e5d8ee53f2?crop=entropy&cs=tinysrgb&fit=max&fm=jpg&ixid=M3w5NDQwMTV8MHwxfHNlYXJjaHw1MzZ8fHBlcnNvbiUyMGZhY2UlMjBwaG90b3xlbnwwfHx8fDE3NzgwNjUzMTZ8MA&ixlib=rb-4.1.0&q=80&w=1080,REAL,Female,26-35
2187,https://images.unsplash.com/photo-1744979704702-ffce10b28bf6?crop=entropy&cs=tinysrgb&fit=max&fm=jpg&ixid=M3w5NDQwMTV8MHwxfHNlYXJjaHw1Mzd8fHBlcnNvbiUyMGZhY2UlMjBwaG90b3xlbnwwfHx8fDE3NzgwNjUzMTZ8MA&ixlib=rb-4.1.0&q=80&w=1080,REAL,Female,18-25
2188,https://images.unsplash.com/photo-1617818195753-a90d286cdbb2?crop=entropy&cs=tinysrgb&fit=max&fm=jpg&ixid=M3w5NDQwMTV8MHwxfHNlYXJjaHw1Mzh8fHBlcnNvbiUyMGZhY2UlMjBwaG90b3xlbnwwfHx8fDE3NzgwNjUzMTZ8MA&ixlib=rb-4.1.0&q=80&w=1080,REAL,Unknown,18-25
2189,https://images.unsplash.com/photo-1608255780689-c4ace9fe5798?crop=entropy&cs=tinysrgb&fit=max&fm=jpg&ixid=M3w5NDQwMTV8MHwxfHNlYXJjaHw1Mzl8fHBlcnNvbiUyMGZhY2UlMjBwaG90b3xlbnwwfHx8fDE3NzgwNjUzMTZ8MA&ixlib=rb-4.1.0&q=80&w=1080,REAL,Female,18-25
2190,https://images.unsplash.com/photo-1618559850638-2aed8a8e8cdc?crop=entropy&cs=tinysrgb&fit=max&fm=jpg&ixid=M3w5NDQwMTV8MHwxfHNlYXJjaHw1NDB8fHBlcnNvbiUyMGZhY2UlMjBwaG90b3xlbnwwfHx8fDE3NzgwNjUzMTZ8MA&ixlib=rb-4.1.0&q=80&w=1080,REAL,Unknown,50+
2191,https://images.unsplash.com/photo-1777691416533-7c272e37f0e5?crop=entropy&cs=tinysrgb&fit=max&fm=jpg&ixid=M3w5NDQwMTV8MHwxfHNlYXJjaHw1NDF8fHlvdW5nJTIwcGVyc29uJTIwZmFjZXxlbnwwfHx8fDE3NzgwNjg4MzB8MA&ixlib=rb-4.1.0&q=80&w=1080,REAL,Unknown,18-25
2192,https://images.unsplash.com/photo-1758598497192-15ffa411c3de?crop=entropy&cs=tinysrgb&fit=max&fm=jpg&ixid=M3w5NDQwMTV8MHwxfHNlYXJjaHw1NDJ8fHlvdW5nJTIwcGVyc29uJTIwZmFjZXxlbnwwfHx8fDE3NzgwNjg4MzB8MA&ixlib=rb-4.1.0&q=80&w=1080,REAL,Unknown,26-35
2193,https://images.unsplash.com/photo-1759873911617-11762e8803bd?crop=entropy&cs=tinysrgb&fit=max&fm=jpg&ixid=M3w5NDQwMTV8MHwxfHNlYXJjaHw1NDN8fHlvdW5nJTIwcGVyc29uJTIwZmFjZXxlbnwwfHx8fDE3NzgwNjg4MzB8MA&ixlib=rb-4.1.0&q=80&w=1080,REAL,Unknown,50+
2194,https://images.unsplash.com/photo-1773700433410-9d71ca9dedae?crop=entropy&cs=tinysrgb&fit=max&fm=jpg&ixid=M3w5NDQwMTV8MHwxfHNlYXJjaHw1NDR8fHlvdW5nJTIwcGVyc29uJTIwZmFjZXxlbnwwfHx8fDE3NzgwNjg4MzB8MA&ixlib=rb-4.1.0&q=80&w=1080,REAL,Male,18-25
2195,https://images.unsplash.com/photo-1758523672347-d4a0e2bb33df?crop=entropy&cs=tinysrgb&fit=max&fm=jpg&ixid=M3w5NDQwMTV8MHwxfHNlYXJjaHw1NDV8fHlvdW5nJTIwcGVyc29uJTIwZmFjZXxlbnwwfHx8fDE3NzgwNjg4MzB8MA&ixlib=rb-4.1.0&q=80&w=1080,REAL,Unknown,26-35
2196,https://images.unsplash.com/photo-1759873911653-de3160efde17?crop=entropy&cs=tinysrgb&fit=max&fm=jpg&ixid=M3w5NDQwMTV8MHwxfHNlYXJjaHw1NDZ8fHlvdW5nJTIwcGVyc29uJTIwZmFjZXxlbnwwfHx8fDE3NzgwNjg4MzB8MA&ixlib=rb-4.1.0&q=80&w=1080,REAL,Unknown,26-35
2197,https://images.unsplash.com/photo-1656132996610-625507699051?crop=entropy&cs=tinysrgb&fit=max&fm=jpg&ixid=M3w5NDQwMTV8MHwxfHNlYXJjaHw1NDd8fHlvdW5nJTIwcGVyc29uJTIwZmFjZXxlbnwwfHx8fDE3NzgwNjg4MzB8MA&ixlib=rb-4.1.0&q=80&w=1080,REAL,Male,18-25
2198,https://images.unsplash.com/photo-1610120441873-a45b01e3e0b1?crop=entropy&cs=tinysrgb&fit=max&fm=jpg&ixid=M3w5NDQwMTV8MHwxfHNlYXJjaHw1NDh8fHlvdW5nJTIwcGVyc29uJTIwZmFjZXxlbnwwfHx8fDE3NzgwNjg4MzB8MA&ixlib=rb-4.1.0&q=80&w=1080,REAL,Male,50+
2199,https://images.unsplash.com/photo-1758600436074-1d5165c04bfa?crop=entropy&cs=tinysrgb&fit=max&fm=jpg&ixid=M3w5NDQwMTV8MHwxfHNlYXJjaHw1NDl8fHlvdW5nJTIwcGVyc29uJTIwZmFjZXxlbnwwfHx8fDE3NzgwNjg4MzB8MA&ixlib=rb-4.1.0&q=80&w=1080,REAL,Female,26-35
2200,https://images.unsplash.com/photo-1758273240097-b861e2f65b38?crop=entropy&cs=tinysrgb&fit=max&fm=jpg&ixid=M3w5NDQwMTV8MHwxfHNlYXJjaHw1NTB8fHlvdW5nJTIwcGVyc29uJTIwZmFjZXxlbnwwfHx8fDE3NzgwNjg4MzB8MA&ixlib=rb-4.1.0&q=80&w=1080,REAL,Unknown,36-50
2201,https://images.unsplash.com/photo-1769650796022-a1881a367b18?crop=entropy&cs=tinysrgb&fit=max&fm=jpg&ixid=M3w5NDQwMTV8MHwxfHNlYXJjaHw1NTF8fHlvdW5nJTIwcGVyc29uJTIwZmFjZXxlbnwwfHx8fDE3NzgwNjg4MzB8MA&ixlib=rb-4.1.0&q=80&w=1080,REAL,Female,50+
2202,https://images.unsplash.com/photo-1758523672555-9eed7fcd2876?crop=entropy&cs=tinysrgb&fit=max&fm=jpg&ixid=M3w5NDQwMTV8MHwxfHNlYXJjaHw1NTJ8fHlvdW5nJTIwcGVyc29uJTIwZmFjZXxlbnwwfHx8fDE3NzgwNjg4MzB8MA&ixlib=rb-4.1.0&q=80&w=1080,REAL,Female,26-35
2203,https://images.unsplash.com/photo-1758600432828-0ce6e52d1e83?crop=entropy&cs=tinysrgb&fit=max&fm=jpg&ixid=M3w5NDQwMTV8MHwxfHNlYXJjaHw1NTN8fHlvdW5nJTIwcGVyc29uJTIwZmFjZXxlbnwwfHx8fDE3NzgwNjg4MzB8MA&ixlib=rb-4.1.0&q=80&w=1080,REAL,Male,36-50
2204,https://images.unsplash.com/photo-1761919003017-26823363ccf6?crop=entropy&cs=tinysrgb&fit=max&fm=jpg&ixid=M3w5NDQwMTV8MHwxfHNlYXJjaHw1NTR8fHlvdW5nJTIwcGVyc29uJTIwZmFjZXxlbnwwfHx8fDE3NzgwNjg4MzB8MA&ixlib=rb-4.1.0&q=80&w=1080,REAL,Unknown,36-50
2205,https://images.unsplash.com/photo-1760552069335-07d43ca826f4?crop=entropy&cs=tinysrgb&fit=max&fm=jpg&ixid=M3w5NDQwMTV8MHwxfHNlYXJjaHw1NTV8fHlvdW5nJTIwcGVyc29uJTIwZmFjZXxlbnwwfHx8fDE3NzgwNjg4MzB8MA&ixlib=rb-4.1.0&q=80&w=1080,REAL,Male,26-35
2206,https://images.unsplash.com/photo-1758273239858-e2090a60b45d?crop=entropy&cs=tinysrgb&fit=max&fm=jpg&ixid=M3w5NDQwMTV8MHwxfHNlYXJjaHw1NTZ8fHlvdW5nJTIwcGVyc29uJTIwZmFjZXxlbnwwfHx8fDE3NzgwNjg4MzB8MA&ixlib=rb-4.1.0&q=80&w=1080,REAL,Female,26-35
2207,https://images.unsplash.com/photo-1762796159022-6771e710aced?crop=entropy&cs=tinysrgb&fit=max&fm=jpg&ixid=M3w5NDQwMTV8MHwxfHNlYXJjaHw1NTd8fHlvdW5nJTIwcGVyc29uJTIwZmFjZXxlbnwwfHx8fDE3NzgwNjg4MzB8MA&ixlib=rb-4.1.0&q=80&w=1080,REAL,Male,50+
2208,https://images.unsplash.com/photo-1763956391192-b5e25643e356?crop=entropy&cs=tinysrgb&fit=max&fm=jpg&ixid=M3w5NDQwMTV8MHwxfHNlYXJjaHw1NTh8fHlvdW5nJTIwcGVyc29uJTIwZmFjZXxlbnwwfHx8fDE3NzgwNjg4MzB8MA&ixlib=rb-4.1.0&q=80&w=1080,REAL,Male,50+
2209,https://images.unsplash.com/photo-1758523981310-0f45f27a8a1e?crop=entropy&cs=tinysrgb&fit=max&fm=jpg&ixid=M3w5NDQwMTV8MHwxfHNlYXJjaHw1NTl8fHlvdW5nJTIwcGVyc29uJTIwZmFjZXxlbnwwfHx8fDE3NzgwNjg4MzB8MA&ixlib=rb-4.1.0&q=80&w=1080,REAL,Male,36-50
2210,https://images.unsplash.com/photo-1760551937886-6dcf2099204f?crop=entropy&cs=tinysrgb&fit=max&fm=jpg&ixid=M3w5NDQwMTV8MHwxfHNlYXJjaHw1NjB8fHlvdW5nJTIwcGVyc29uJTIwZmFjZXxlbnwwfHx8fDE3NzgwNjg4MzB8MA&ixlib=rb-4.1.0&q=80&w=1080,REAL,Male,50+
2211,https://images.unsplash.com/photo-1762796159134-f4c079daae28?crop=entropy&cs=tinysrgb&fit=max&fm=jpg&ixid=M3w5NDQwMTV8MHwxfHNlYXJjaHw1NjF8fHlvdW5nJTIwcGVyc29uJTIwZmFjZXxlbnwwfHx8fDE3NzgwNjg4MzB8MA&ixlib=rb-4.1.0&q=80&w=1080,REAL,Unknown,26-35
2212,https://images.unsplash.com/photo-1760552069944-e5dc0712fe85?crop=entropy&cs=tinysrgb&fit=max&fm=jpg&ixid=M3w5NDQwMTV8MHwxfHNlYXJjaHw1NjJ8fHlvdW5nJTIwcGVyc29uJTIwZmFjZXxlbnwwfHx8fDE3NzgwNjg4MzB8MA&ixlib=rb-4.1.0&q=80&w=1080,REAL,Unknown,18-25
2213,https://images.unsplash.com/photo-1758523672300-500f7148726c?crop=entropy&cs=tinysrgb&fit=max&fm=jpg&ixid=M3w5NDQwMTV8MHwxfHNlYXJjaHw1NjN8fHlvdW5nJTIwcGVyc29uJTIwZmFjZXxlbnwwfHx8fDE3NzgwNjg4MzB8MA&ixlib=rb-4.1.0&q=80&w=1080,REAL,Female,50+
2214,https://images.unsplash.com/photo-1758523671918-cfe797ba54cb?crop=entropy&cs=tinysrgb&fit=max&fm=jpg&ixid=M3w5NDQwMTV8MHwxfHNlYXJjaHw1NjR8fHlvdW5nJTIwcGVyc29uJTIwZmFjZXxlbnwwfHx8fDE3NzgwNjg4MzB8MA&ixlib=rb-4.1.0&q=80&w=1080,REAL,Unknown,36-50
2215,https://images.unsplash.com/photo-1758600588038-fe270aac2d09?crop=entropy&cs=tinysrgb&fit=max&fm=jpg&ixid=M3w5NDQwMTV8MHwxfHNlYXJjaHw1NjV8fHlvdW5nJTIwcGVyc29uJTIwZmFjZXxlbnwwfHx8fDE3NzgwNjg4MzB8MA&ixlib=rb-4.1.0&q=80&w=1080,REAL,Female,50+
2216,https://images.unsplash.com/photo-1771621089868-47780cb7dfb9?crop=entropy&cs=tinysrgb&fit=max&fm=jpg&ixid=M3w5NDQwMTV8MHwxfHNlYXJjaHw1NjZ8fHlvdW5nJTIwcGVyc29uJTIwZmFjZXxlbnwwfHx8fDE3NzgwNjg4MzB8MA&ixlib=rb-4.1.0&q=80&w=1080,REAL,Female,50+
2217,https://images.unsplash.com/photo-1777694541714-946710a272ed?crop=entropy&cs=tinysrgb&fit=max&fm=jpg&ixid=M3w5NDQwMTV8MHwxfHNlYXJjaHw1Njd8fHlvdW5nJTIwcGVyc29uJTIwZmFjZXxlbnwwfHx8fDE3NzgwNjg4MzB8MA&ixlib=rb-4.1.0&q=80&w=1080,REAL,Female,26-35
2218,https://images.unsplash.com/photo-1761155724096-cf7ce1e9d095?crop=entropy&cs=tinysrgb&fit=max&fm=jpg&ixid=M3w5NDQwMTV8MHwxfHNlYXJjaHw1Njh8fHlvdW5nJTIwcGVyc29uJTIwZmFjZXxlbnwwfHx8fDE3NzgwNjg4MzB8MA&ixlib=rb-4.1.0&q=80&w=1080,REAL,Female,50+
2219,https://images.unsplash.com/photo-1758611969595-7ee1ab171376?crop=entropy&cs=tinysrgb&fit=max&fm=jpg&ixid=M3w5NDQwMTV8MHwxfHNlYXJjaHw1Njl8fHlvdW5nJTIwcGVyc29uJTIwZmFjZXxlbnwwfHx8fDE3NzgwNjg4MzB8MA&ixlib=rb-4.1.0&q=80&w=1080,REAL,Female,50+
2220,https://images.unsplash.com/photo-1759356917833-e01c3f9f0932?crop=entropy&cs=tinysrgb&fit=max&fm=jpg&ixid=M3w5NDQwMTV8MHwxfHNlYXJjaHw1NzB8fHlvdW5nJTIwcGVyc29uJTIwZmFjZXxlbnwwfHx8fDE3NzgwNjg4MzB8MA&ixlib=rb-4.1.0&q=80&w=1080,REAL,Unknown,50+
2221,https://images.unsplash.com/photo-1748159997883-144da87b0fa7?crop=entropy&cs=tinysrgb&fit=max&fm=jpg&ixid=M3w5NDQwMTV8MHwxfHNlYXJjaHwxfHxhZHVsdCUyMGZhY2UlMjBwaG90b3xlbnwwfHx8fDE3NzgwNjg4MzJ8MA&ixlib=rb-4.1.0&q=80&w=1080,REAL,Unknown,18-25
2222,https://images.unsplash.com/photo-1723516138229-e9e9904d67ac?crop=entropy&cs=tinysrgb&fit=max&fm=jpg&ixid=M3w5NDQwMTV8MHwxfHNlYXJjaHwyfHxhZHVsdCUyMGZhY2UlMjBwaG90b3xlbnwwfHx8fDE3NzgwNjg4MzJ8MA&ixlib=rb-4.1.0&q=80&w=1080,REAL,Unknown,18-25
2223,https://images.unsplash.com/photo-1748159997915-91b355f1f08c?crop=entropy&cs=tinysrgb&fit=max&fm=jpg&ixid=M3w5NDQwMTV8MHwxfHNlYXJjaHwzfHxhZHVsdCUyMGZhY2UlMjBwaG90b3xlbnwwfHx8fDE3NzgwNjg4MzJ8MA&ixlib=rb-4.1.0&q=80&w=1080,REAL,Male,50+
2224,https://images.unsplash.com/photo-1708035392101-b8e8fed39524?crop=entropy&cs=tinysrgb&fit=max&fm=jpg&ixid=M3w5NDQwMTV8MHwxfHNlYXJjaHw0fHxhZHVsdCUyMGZhY2UlMjBwaG90b3xlbnwwfHx8fDE3NzgwNjg4MzJ8MA&ixlib=rb-4.1.0&q=80&w=1080,REAL,Male,26-35
2225,https://images.unsplash.com/photo-1745426358430-7d88183c1b90?crop=entropy&cs=tinysrgb&fit=max&fm=jpg&ixid=M3w5NDQwMTV8MHwxfHNlYXJjaHw1fHxhZHVsdCUyMGZhY2UlMjBwaG90b3xlbnwwfHx8fDE3NzgwNjg4MzJ8MA&ixlib=rb-4.1.0&q=80&w=1080,REAL,Male,26-35
2226,https://images.unsplash.com/photo-1748159997943-968c9271a3a8?crop=entropy&cs=tinysrgb&fit=max&fm=jpg&ixid=M3w5NDQwMTV8MHwxfHNlYXJjaHw2fHxhZHVsdCUyMGZhY2UlMjBwaG90b3xlbnwwfHx8fDE3NzgwNjg4MzJ8MA&ixlib=rb-4.1.0&q=80&w=1080,REAL,Male,18-25
2227,https://images.unsplash.com/photo-1740074857209-389de8b311df?crop=entropy&cs=tinysrgb&fit=max&fm=jpg&ixid=M3w5NDQwMTV8MHwxfHNlYXJjaHw3fHxhZHVsdCUyMGZhY2UlMjBwaG90b3xlbnwwfHx8fDE3NzgwNjg4MzJ8MA&ixlib=rb-4.1.0&q=80&w=1080,REAL,Unknown,50+
2228,https://images.unsplash.com/photo-1586501081992-de543a5b8778?crop=entropy&cs=tinysrgb&fit=max&fm=jpg&ixid=M3w5NDQwMTV8MHwxfHNlYXJjaHw4fHxhZHVsdCUyMGZhY2UlMjBwaG90b3xlbnwwfHx8fDE3NzgwNjg4MzJ8MA&ixlib=rb-4.1.0&q=80&w=1080,REAL,Female,18-25
2229,https://images.unsplash.com/photo-1710886289695-4a7e2f214aaf?crop=entropy&cs=tinysrgb&fit=max&fm=jpg&ixid=M3w5NDQwMTV8MHwxfHNlYXJjaHw5fHxhZHVsdCUyMGZhY2UlMjBwaG90b3xlbnwwfHx8fDE3NzgwNjg4MzJ8MA&ixlib=rb-4.1.0&q=80&w=1080,REAL,Female,18-25
2230,https://images.unsplash.com/photo-1710886317108-0a36c6b22818?crop=entropy&cs=tinysrgb&fit=max&fm=jpg&ixid=M3w5NDQwMTV8MHwxfHNlYXJjaHwxMHx8YWR1bHQlMjBmYWNlJTIwcGhvdG98ZW58MHx8fHwxNzc4MDY4ODMyfDA&ixlib=rb-4.1.0&q=80&w=1080,REAL,Unknown,36-50
2231,https://images.unsplash.com/photo-1710886292307-76cba12b74a4?crop=entropy&cs=tinysrgb&fit=max&fm=jpg&ixid=M3w5NDQwMTV8MHwxfHNlYXJjaHwxMXx8YWR1bHQlMjBmYWNlJTIwcGhvdG98ZW58MHx8fHwxNzc4MDY4ODMyfDA&ixlib=rb-4.1.0&q=80&w=1080,REAL,Male,26-35
2232,https://images.unsplash.com/photo-1711913322813-fd6f3c039e06?crop=entropy&cs=tinysrgb&fit=max&fm=jpg&ixid=M3w5NDQwMTV8MHwxfHNlYXJjaHwxMnx8YWR1bHQlMjBmYWNlJTIwcGhvdG98ZW58MHx8fHwxNzc4MDY4ODMyfDA&ixlib=rb-4.1.0&q=80&w=1080,REAL,Unknown,26-35
2233,https://images.unsplash.com/photo-1734656913620-7dc20c2fc2ac?crop=entropy&cs=tinysrgb&fit=max&fm=jpg&ixid=M3w5NDQwMTV8MHwxfHNlYXJjaHwxM3x8YWR1bHQlMjBmYWNlJTIwcGhvdG98ZW58MHx8fHwxNzc4MDY4ODMyfDA&ixlib=rb-4.1.0&q=80&w=1080,REAL,Unknown,18-25
2234,https://images.unsplash.com/photo-1683892571255-3a76eb40c676?crop=entropy&cs=tinysrgb&fit=max&fm=jpg&ixid=M3w5NDQwMTV8MHwxfHNlYXJjaHwxNHx8YWR1bHQlMjBmYWNlJTIwcGhvdG98ZW58MHx8fHwxNzc4MDY4ODMyfDA&ixlib=rb-4.1.0&q=80&w=1080,REAL,Unknown,26-35
2235,https://images.unsplash.com/photo-1710886317113-96b7f40ef714?crop=entropy&cs=tinysrgb&fit=max&fm=jpg&ixid=M3w5NDQwMTV8MHwxfHNlYXJjaHwxNXx8YWR1bHQlMjBmYWNlJTIwcGhvdG98ZW58MHx8fHwxNzc4MDY4ODMyfDA&ixlib=rb-4.1.0&q=80&w=1080,REAL,Unknown,36-50
2236,https://images.unsplash.com/photo-1707915140945-bb040acfff54?crop=entropy&cs=tinysrgb&fit=max&fm=jpg&ixid=M3w5NDQwMTV8MHwxfHNlYXJjaHwxNnx8YWR1bHQlMjBmYWNlJTIwcGhvdG98ZW58MHx8fHwxNzc4MDY4ODMyfDA&ixlib=rb-4.1.0&q=80&w=1080,REAL,Unknown,18-25
2237,https://images.unsplash.com/photo-1711913322812-b22ef78adef2?crop=entropy&cs=tinysrgb&fit=max&fm=jpg&ixid=M3w5NDQwMTV8MHwxfHNlYXJjaHwxN3x8YWR1bHQlMjBmYWNlJTIwcGhvdG98ZW58MHx8fHwxNzc4MDY4ODMyfDA&ixlib=rb-4.1.0&q=80&w=1080,REAL,Unknown,18-25
2238,https://images.unsplash.com/photo-1734656633373-1f8e977a2a75?crop=entropy&cs=tinysrgb&fit=max&fm=jpg&ixid=M3w5NDQwMTV8MHwxfHNlYXJjaHwxOHx8YWR1bHQlMjBmYWNlJTIwcGhvdG98ZW58MHx8fHwxNzc4MDY4ODMyfDA&ixlib=rb-4.1.0&q=80&w=1080,REAL,Female,36-50
2239,https://images.unsplash.com/photo-1741981961804-825227c06782?crop=entropy&cs=tinysrgb&fit=max&fm=jpg&ixid=M3w5NDQwMTV8MHwxfHNlYXJjaHwxOXx8YWR1bHQlMjBmYWNlJTIwcGhvdG98ZW58MHx8fHwxNzc4MDY4ODMyfDA&ixlib=rb-4.1.0&q=80&w=1080,REAL,Unknown,18-25
2240,https://images.unsplash.com/photo-1754671246369-ee51e6208a44?crop=entropy&cs=tinysrgb&fit=max&fm=jpg&ixid=M3w5NDQwMTV8MHwxfHNlYXJjaHwyMHx8YWR1bHQlMjBmYWNlJTIwcGhvdG98ZW58MHx8fHwxNzc4MDY4ODMyfDA&ixlib=rb-4.1.0&q=80&w=1080,REAL,Female,26-35
2241,https://images.unsplash.com/photo-1754671246404-5de19bf22b68?crop=entropy&cs=tinysrgb&fit=max&fm=jpg&ixid=M3w5NDQwMTV8MHwxfHNlYXJjaHwyMXx8YWR1bHQlMjBmYWNlJTIwcGhvdG98ZW58MHx8fHwxNzc4MDY4ODMyfDA&ixlib=rb-4.1.0&q=80&w=1080,REAL,Male,50+
2242,https://images.unsplash.com/photo-1754671246332-c1735faffbe1?crop=entropy&cs=tinysrgb&fit=max&fm=jpg&ixid=M3w5NDQwMTV8MHwxfHNlYXJjaHwyMnx8YWR1bHQlMjBmYWNlJTIwcGhvdG98ZW58MHx8fHwxNzc4MDY4ODMyfDA&ixlib=rb-4.1.0&q=80&w=1080,REAL,Unknown,50+
2243,https://images.unsplash.com/photo-1711913322812-a84d37007924?crop=entropy&cs=tinysrgb&fit=max&fm=jpg&ixid=M3w5NDQwMTV8MHwxfHNlYXJjaHwyM3x8YWR1bHQlMjBmYWNlJTIwcGhvdG98ZW58MHx8fHwxNzc4MDY4ODMyfDA&ixlib=rb-4.1.0&q=80&w=1080,REAL,Male,18-25
2244,https://images.unsplash.com/photo-1754671246380-b34ecfb2ac9a?crop=entropy&cs=tinysrgb&fit=max&fm=jpg&ixid=M3w5NDQwMTV8MHwxfHNlYXJjaHwyNHx8YWR1bHQlMjBmYWNlJTIwcGhvdG98ZW58MHx8fHwxNzc4MDY4ODMyfDA&ixlib=rb-4.1.0&q=80&w=1080,REAL,Male,36-50
2245,https://images.unsplash.com/photo-1739671191234-1772df1d1b7e?crop=entropy&cs=tinysrgb&fit=max&fm=jpg&ixid=M3w5NDQwMTV8MHwxfHNlYXJjaHwyNXx8YWR1bHQlMjBmYWNlJTIwcGhvdG98ZW58MHx8fHwxNzc4MDY4ODMyfDA&ixlib=rb-4.1.0&q=80&w=1080,REAL,Female,50+
2246,https://images.unsplash.com/photo-1702449269565-8bbe32972f65?crop=entropy&cs=tinysrgb&fit=max&fm=jpg&ixid=M3w5NDQwMTV8MHwxfHNlYXJjaHwyNnx8YWR1bHQlMjBmYWNlJTIwcGhvdG98ZW58MHx8fHwxNzc4MDY4ODMyfDA&ixlib=rb-4.1.0&q=80&w=1080,REAL,Female,18-25
2247,https://images.unsplash.com/photo-1622022169552-82259e7c324c?crop=entropy&cs=tinysrgb&fit=max&fm=jpg&ixid=M3w5NDQwMTV8MHwxfHNlYXJjaHwyN3x8YWR1bHQlMjBmYWNlJTIwcGhvdG98ZW58MHx8fHwxNzc4MDY4ODMyfDA&ixlib=rb-4.1.0&q=80&w=1080,REAL,Female,36-50
2248,https://images.unsplash.com/photo-1727341554128-3a73b53f0a8c?crop=entropy&cs=tinysrgb&fit=max&fm=jpg&ixid=M3w5NDQwMTV8MHwxfHNlYXJjaHwyOHx8YWR1bHQlMjBmYWNlJTIwcGhvdG98ZW58MHx8fHwxNzc4MDY4ODMyfDA&ixlib=rb-4.1.0&q=80&w=1080,REAL,Male,50+
2249,https://images.unsplash.com/photo-1727341552984-d0260518e38d?crop=entropy&cs=tinysrgb&fit=max&fm=jpg&ixid=M3w5NDQwMTV8MHwxfHNlYXJjaHwyOXx8YWR1bHQlMjBmYWNlJTIwcGhvdG98ZW58MHx8fHwxNzc4MDY4ODMyfDA&ixlib=rb-4.1.0&q=80&w=1080,REAL,Unknown,18-25
2250,https://images.unsplash.com/photo-1727341552055-8dfafb909bf8?crop=entropy&cs=tinysrgb&fit=max&fm=jpg&ixid=M3w5NDQwMTV8MHwxfHNlYXJjaHwzMHx8YWR1bHQlMjBmYWNlJTIwcGhvdG98ZW58MHx8fHwxNzc4MDY4ODMyfDA&ixlib=rb-4.1.0&q=80&w=1080,REAL,Unknown,36-50
2251,https://images.unsplash.com/photo-1732562793918-7b7816cfa1e4?crop=entropy&cs=tinysrgb&fit=max&fm=jpg&ixid=M3w5NDQwMTV8MHwxfHNlYXJjaHwzMXx8YWR1bHQlMjBmYWNlJTIwcGhvdG98ZW58MHx8fHwxNzc4MDY4ODMzfDA&ixlib=rb-4.1.0&q=80&w=1080,REAL,Female,18-25
2252,https://images.unsplash.com/photo-1734657420987-06e7f337d016?crop=entropy&cs=tinysrgb&fit=max&fm=jpg&ixid=M3w5NDQwMTV8MHwxfHNlYXJjaHwzMnx8YWR1bHQlMjBmYWNlJTIwcGhvdG98ZW58MHx8fHwxNzc4MDY4ODMzfDA&ixlib=rb-4.1.0&q=80&w=1080,REAL,Unknown,26-35
2253,https://images.unsplash.com/photo-1605284909169-5e93b375cd4d?crop=entropy&cs=tinysrgb&fit=max&fm=jpg&ixid=M3w5NDQwMTV8MHwxfHNlYXJjaHwzM3x8YWR1bHQlMjBmYWNlJTIwcGhvdG98ZW58MHx8fHwxNzc4MDY4ODMzfDA&ixlib=rb-4.1.0&q=80&w=1080,REAL,Male,18-25
2254,https://images.unsplash.com/photo-1753905262516-c6bc35f1a2ca?crop=entropy&cs=tinysrgb&fit=max&fm=jpg&ixid=M3w5NDQwMTV8MHwxfHNlYXJjaHwzNHx8YWR1bHQlMjBmYWNlJTIwcGhvdG98ZW58MHx8fHwxNzc4MDY4ODMzfDA&ixlib=rb-4.1.0&q=80&w=1080,REAL,Unknown,18-25
2255,https://images.unsplash.com/photo-1754671246394-9e8ce0175f3d?crop=entropy&cs=tinysrgb&fit=max&fm=jpg&ixid=M3w5NDQwMTV8MHwxfHNlYXJjaHwzNXx8YWR1bHQlMjBmYWNlJTIwcGhvdG98ZW58MHx8fHwxNzc4MDY4ODMzfDA&ixlib=rb-4.1.0&q=80&w=1080,REAL,Female,50+
2256,https://images.unsplash.com/photo-1727341556787-7292f7515aec?crop=entropy&cs=tinysrgb&fit=max&fm=jpg&ixid=M3w5NDQwMTV8MHwxfHNlYXJjaHwzNnx8YWR1bHQlMjBmYWNlJTIwcGhvdG98ZW58MHx8fHwxNzc4MDY4ODMzfDA&ixlib=rb-4.1.0&q=80&w=1080,REAL,Female,50+
2257,https://images.unsplash.com/photo-1727341557531-343cd4364501?crop=entropy&cs=tinysrgb&fit=max&fm=jpg&ixid=M3w5NDQwMTV8MHwxfHNlYXJjaHwzN3x8YWR1bHQlMjBmYWNlJTIwcGhvdG98ZW58MHx8fHwxNzc4MDY4ODMzfDA&ixlib=rb-4.1.0&q=80&w=1080,REAL,Male,50+
2258,https://images.unsplash.com/photo-1756366521936-6f1babb58973?crop=entropy&cs=tinysrgb&fit=max&fm=jpg&ixid=M3w5NDQwMTV8MHwxfHNlYXJjaHwzOHx8YWR1bHQlMjBmYWNlJTIwcGhvdG98ZW58MHx8fHwxNzc4MDY4ODMzfDA&ixlib=rb-4.1.0&q=80&w=1080,REAL,Male,26-35
2259,https://images.unsplash.com/photo-1727341557376-f05c5c96087d?crop=entropy&cs=tinysrgb&fit=max&fm=jpg&ixid=M3w5NDQwMTV8MHwxfHNlYXJjaHwzOXx8YWR1bHQlMjBmYWNlJTIwcGhvdG98ZW58MHx8fHwxNzc4MDY4ODMzfDA&ixlib=rb-4.1.0&q=80&w=1080,REAL,Female,50+
2260,https://images.unsplash.com/photo-1734067129129-bcb732801efe?crop=entropy&cs=tinysrgb&fit=max&fm=jpg&ixid=M3w5NDQwMTV8MHwxfHNlYXJjaHw0MHx8YWR1bHQlMjBmYWNlJTIwcGhvdG98ZW58MHx8fHwxNzc4MDY4ODMzfDA&ixlib=rb-4.1.0&q=80&w=1080,REAL,Female,50+
2261,https://images.unsplash.com/photo-1622022170039-5c3342a288ad?crop=entropy&cs=tinysrgb&fit=max&fm=jpg&ixid=M3w5NDQwMTV8MHwxfHNlYXJjaHw0MXx8YWR1bHQlMjBmYWNlJTIwcGhvdG98ZW58MHx8fHwxNzc4MDY4ODMzfDA&ixlib=rb-4.1.0&q=80&w=1080,REAL,Female,18-25
2262,https://images.unsplash.com/photo-1605284909157-6e7c49db3d01?crop=entropy&cs=tinysrgb&fit=max&fm=jpg&ixid=M3w5NDQwMTV8MHwxfHNlYXJjaHw0Mnx8YWR1bHQlMjBmYWNlJTIwcGhvdG98ZW58MHx8fHwxNzc4MDY4ODMzfDA&ixlib=rb-4.1.0&q=80&w=1080,REAL,Unknown,26-35
2263,https://images.unsplash.com/photo-1706496366816-f589fadff1cd?crop=entropy&cs=tinysrgb&fit=max&fm=jpg&ixid=M3w5NDQwMTV8MHwxfHNlYXJjaHw0M3x8YWR1bHQlMjBmYWNlJTIwcGhvdG98ZW58MHx8fHwxNzc4MDY4ODMzfDA&ixlib=rb-4.1.0&q=80&w=1080,REAL,Unknown,50+
2264,https://images.unsplash.com/photo-1733425264383-842e0cd98386?crop=entropy&cs=tinysrgb&fit=max&fm=jpg&ixid=M3w5NDQwMTV8MHwxfHNlYXJjaHw0NHx8YWR1bHQlMjBmYWNlJTIwcGhvdG98ZW58MHx8fHwxNzc4MDY4ODMzfDA&ixlib=rb-4.1.0&q=80&w=1080,REAL,Female,36-50
2265,https://images.unsplash.com/photo-1753898854513-97ea15851501?crop=entropy&cs=tinysrgb&fit=max&fm=jpg&ixid=M3w5NDQwMTV8MHwxfHNlYXJjaHw0NXx8YWR1bHQlMjBmYWNlJTIwcGhvdG98ZW58MHx8fHwxNzc4MDY4ODMzfDA&ixlib=rb-4.1.0&q=80&w=1080,REAL,Female,26-35
2266,https://images.unsplash.com/photo-1753295057074-75c0eea10909?crop=entropy&cs=tinysrgb&fit=max&fm=jpg&ixid=M3w5NDQwMTV8MHwxfHNlYXJjaHw0Nnx8YWR1bHQlMjBmYWNlJTIwcGhvdG98ZW58MHx8fHwxNzc4MDY4ODMzfDA&ixlib=rb-4.1.0&q=80&w=1080,REAL,Female,36-50
2267,https://images.unsplash.com/photo-1727341557146-4abab94d0812?crop=entropy&cs=tinysrgb&fit=max&fm=jpg&ixid=M3w5NDQwMTV8MHwxfHNlYXJjaHw0N3x8YWR1bHQlMjBmYWNlJTIwcGhvdG98ZW58MHx8fHwxNzc4MDY4ODMzfDA&ixlib=rb-4.1.0&q=80&w=1080,REAL,Unknown,18-25
2268,https://images.unsplash.com/photo-1708144824610-f078a8cc926f?crop=entropy&cs=tinysrgb&fit=max&fm=jpg&ixid=M3w5NDQwMTV8MHwxfHNlYXJjaHw0OHx8YWR1bHQlMjBmYWNlJTIwcGhvdG98ZW58MHx8fHwxNzc4MDY4ODMzfDA&ixlib=rb-4.1.0&q=80&w=1080,REAL,Unknown,18-25
2269,https://images.unsplash.com/photo-1748159998082-075b29862fb2?crop=entropy&cs=tinysrgb&fit=max&fm=jpg&ixid=M3w5NDQwMTV8MHwxfHNlYXJjaHw0OXx8YWR1bHQlMjBmYWNlJTIwcGhvdG98ZW58MHx8fHwxNzc4MDY4ODMzfDA&ixlib=rb-4.1.0&q=80&w=1080,REAL,Female,18-25
2270,https://images.unsplash.com/photo-1748159997903-860ce1392c7d?crop=entropy&cs=tinysrgb&fit=max&fm=jpg&ixid=M3w5NDQwMTV8MHwxfHNlYXJjaHw1MHx8YWR1bHQlMjBmYWNlJTIwcGhvdG98ZW58MHx8fHwxNzc4MDY4ODMzfDA&ixlib=rb-4.1.0&q=80&w=1080,REAL,Unknown,26-35
2271,https://images.unsplash.com/photo-1748159997925-874b786e4014?crop=entropy&cs=tinysrgb&fit=max&fm=jpg&ixid=M3w5NDQwMTV8MHwxfHNlYXJjaHw1MXx8YWR1bHQlMjBmYWNlJTIwcGhvdG98ZW58MHx8fHwxNzc4MDY4ODMzfDA&ixlib=rb-4.1.0&q=80&w=1080,REAL,Unknown,26-35
2272,https://images.unsplash.com/photo-1748159998064-012d1c427d1d?crop=entropy&cs=tinysrgb&fit=max&fm=jpg&ixid=M3w5NDQwMTV8MHwxfHNlYXJjaHw1Mnx8YWR1bHQlMjBmYWNlJTIwcGhvdG98ZW58MHx8fHwxNzc4MDY4ODMzfDA&ixlib=rb-4.1.0&q=80&w=1080,REAL,Unknown,18-25
2273,https://images.unsplash.com/photo-1717563601066-d4b876b7df1e?crop=entropy&cs=tinysrgb&fit=max&fm=jpg&ixid=M3w5NDQwMTV8MHwxfHNlYXJjaHw1M3x8YWR1bHQlMjBmYWNlJTIwcGhvdG98ZW58MHx8fHwxNzc4MDY4ODMzfDA&ixlib=rb-4.1.0&q=80&w=1080,REAL,Female,36-50
2274,https://images.unsplash.com/photo-1748159997958-4e07233539fb?crop=entropy&cs=tinysrgb&fit=max&fm=jpg&ixid=M3w5NDQwMTV8MHwxfHNlYXJjaHw1NHx8YWR1bHQlMjBmYWNlJTIwcGhvdG98ZW58MHx8fHwxNzc4MDY4ODMzfDA&ixlib=rb-4.1.0&q=80&w=1080,REAL,Male,50+
2275,https://images.unsplash.com/photo-1739671191236-867608fec5e7?crop=entropy&cs=tinysrgb&fit=max&fm=jpg&ixid=M3w5NDQwMTV8MHwxfHNlYXJjaHw1NXx8YWR1bHQlMjBmYWNlJTIwcGhvdG98ZW58MHx8fHwxNzc4MDY4ODMzfDA&ixlib=rb-4.1.0&q=80&w=1080,REAL,Female,18-25
2276,https://images.unsplash.com/photo-1738000033806-bef61bcd7465?crop=entropy&cs=tinysrgb&fit=max&fm=jpg&ixid=M3w5NDQwMTV8MHwxfHNlYXJjaHw1Nnx8YWR1bHQlMjBmYWNlJTIwcGhvdG98ZW58MHx8fHwxNzc4MDY4ODMzfDA&ixlib=rb-4.1.0&q=80&w=1080,REAL,Male,18-25
2277,https://images.unsplash.com/photo-1726168798432-7f765fa44653?crop=entropy&cs=tinysrgb&fit=max&fm=jpg&ixid=M3w5NDQwMTV8MHwxfHNlYXJjaHw1N3x8YWR1bHQlMjBmYWNlJTIwcGhvdG98ZW58MHx8fHwxNzc4MDY4ODMzfDA&ixlib=rb-4.1.0&q=80&w=1080,REAL,Male,18-25
2278,https://images.unsplash.com/photo-1746721931312-9a630c0bc00d?crop=entropy&cs=tinysrgb&fit=max&fm=jpg&ixid=M3w5NDQwMTV8MHwxfHNlYXJjaHw1OHx8YWR1bHQlMjBmYWNlJTIwcGhvdG98ZW58MHx8fHwxNzc4MDY4ODMzfDA&ixlib=rb-4.1.0&q=80&w=1080,REAL,Unknown,36-50
2279,https://images.unsplash.com/photo-1755127761414-c4f552bb3549?crop=entropy&cs=tinysrgb&fit=max&fm=jpg&ixid=M3w5NDQwMTV8MHwxfHNlYXJjaHw1OXx8YWR1bHQlMjBmYWNlJTIwcGhvdG98ZW58MHx8fHwxNzc4MDY4ODMzfDA&ixlib=rb-4.1.0&q=80&w=1080,REAL,Unknown,26-35
2280,https://images.unsplash.com/photo-1755098452555-28a0f9893506?crop=entropy&cs=tinysrgb&fit=max&fm=jpg&ixid=M3w5NDQwMTV8MHwxfHNlYXJjaHw2MHx8YWR1bHQlMjBmYWNlJTIwcGhvdG98ZW58MHx8fHwxNzc4MDY4ODMzfDA&ixlib=rb-4.1.0&q=80&w=1080,REAL,Male,18-25
2281,https://images.unsplash.com/photo-1755098452555-28a0f9893506?crop=entropy&cs=tinysrgb&fit=max&fm=jpg&ixid=M3w5NDQwMTV8MHwxfHNlYXJjaHw2MXx8YWR1bHQlMjBmYWNlJTIwcGhvdG98ZW58MHx8fHwxNzc4MDY4ODM1fDA&ixlib=rb-4.1.0&q=80&w=1080,REAL,Unknown,36-50
2282,https://images.unsplash.com/photo-1755098452537-2b0f0fdd9f3d?crop=entropy&cs=tinysrgb&fit=max&fm=jpg&ixid=M3w5NDQwMTV8MHwxfHNlYXJjaHw2Mnx8YWR1bHQlMjBmYWNlJTIwcGhvdG98ZW58MHx8fHwxNzc4MDY4ODM1fDA&ixlib=rb-4.1.0&q=80&w=1080,REAL,Female,36-50
2283,https://images.unsplash.com/photo-1755098452314-a8e2a89e3992?crop=entropy&cs=tinysrgb&fit=max&fm=jpg&ixid=M3w5NDQwMTV8MHwxfHNlYXJjaHw2M3x8YWR1bHQlMjBmYWNlJTIwcGhvdG98ZW58MHx8fHwxNzc4MDY4ODM1fDA&ixlib=rb-4.1.0&q=80&w=1080,REAL,Male,26-35
2284,https://images.unsplash.com/photo-1755127761414-c4f552bb3549?crop=entropy&cs=tinysrgb&fit=max&fm=jpg&ixid=M3w5NDQwMTV8MHwxfHNlYXJjaHw2NHx8YWR1bHQlMjBmYWNlJTIwcGhvdG98ZW58MHx8fHwxNzc4MDY4ODM1fDA&ixlib=rb-4.1.0&q=80&w=1080,REAL,Unknown,36-50
2285,https://images.unsplash.com/photo-1748159997943-968c9271a3a8?crop=entropy&cs=tinysrgb&fit=max&fm=jpg&ixid=M3w5NDQwMTV8MHwxfHNlYXJjaHw2NXx8YWR1bHQlMjBmYWNlJTIwcGhvdG98ZW58MHx8fHwxNzc4MDY4ODM1fDA&ixlib=rb-4.1.0&q=80&w=1080,REAL,Female,26-35
2286,https://images.unsplash.com/photo-1755098452435-8efae46fa7ea?crop=entropy&cs=tinysrgb&fit=max&fm=jpg&ixid=M3w5NDQwMTV8MHwxfHNlYXJjaHw2Nnx8YWR1bHQlMjBmYWNlJTIwcGhvdG98ZW58MHx8fHwxNzc4MDY4ODM1fDA&ixlib=rb-4.1.0&q=80&w=1080,REAL,Unknown,18-25
2287,https://images.unsplash.com/photo-1730925355309-cb9e4af73ebb?crop=entropy&cs=tinysrgb&fit=max&fm=jpg&ixid=M3w5NDQwMTV8MHwxfHNlYXJjaHw2N3x8YWR1bHQlMjBmYWNlJTIwcGhvdG98ZW58MHx8fHwxNzc4MDY4ODM1fDA&ixlib=rb-4.1.0&q=80&w=1080,REAL,Female,26-35
2288,https://images.unsplash.com/photo-1755098452437-dfee62a90ebc?crop=entropy&cs=tinysrgb&fit=max&fm=jpg&ixid=M3w5NDQwMTV8MHwxfHNlYXJjaHw2OHx8YWR1bHQlMjBmYWNlJTIwcGhvdG98ZW58MHx8fHwxNzc4MDY4ODM1fDA&ixlib=rb-4.1.0&q=80&w=1080,REAL,Female,50+
2289,https://images.unsplash.com/photo-1755098452418-45f707d10940?crop=entropy&cs=tinysrgb&fit=max&fm=jpg&ixid=M3w5NDQwMTV8MHwxfHNlYXJjaHw2OXx8YWR1bHQlMjBmYWNlJTIwcGhvdG98ZW58MHx8fHwxNzc4MDY4ODM1fDA&ixlib=rb-4.1.0&q=80&w=1080,REAL,Unknown,50+
2290,https://images.unsplash.com/photo-1755098452353-38b55cd27651?crop=entropy&cs=tinysrgb&fit=max&fm=jpg&ixid=M3w5NDQwMTV8MHwxfHNlYXJjaHw3MHx8YWR1bHQlMjBmYWNlJTIwcGhvdG98ZW58MHx8fHwxNzc4MDY4ODM1fDA&ixlib=rb-4.1.0&q=80&w=1080,REAL,Female,26-35
2291,https://images.unsplash.com/photo-1755098452357-abf4ec6bcdb9?crop=entropy&cs=tinysrgb&fit=max&fm=jpg&ixid=M3w5NDQwMTV8MHwxfHNlYXJjaHw3MXx8YWR1bHQlMjBmYWNlJTIwcGhvdG98ZW58MHx8fHwxNzc4MDY4ODM1fDA&ixlib=rb-4.1.0&q=80&w=1080,REAL,Male,18-25
2292,https://images.unsplash.com/photo-1755098452565-6b67bcd63b8b?crop=entropy&cs=tinysrgb&fit=max&fm=jpg&ixid=M3w5NDQwMTV8MHwxfHNlYXJjaHw3Mnx8YWR1bHQlMjBmYWNlJTIwcGhvdG98ZW58MHx8fHwxNzc4MDY4ODM1fDA&ixlib=rb-4.1.0&q=80&w=1080,REAL,Male,26-35
2293,https://images.unsplash.com/photo-1756366522005-f99faf126a12?crop=entropy&cs=tinysrgb&fit=max&fm=jpg&ixid=M3w5NDQwMTV8MHwxfHNlYXJjaHw3M3x8YWR1bHQlMjBmYWNlJTIwcGhvdG98ZW58MHx8fHwxNzc4MDY4ODM1fDA&ixlib=rb-4.1.0&q=80&w=1080,REAL,Female,18-25
2294,https://images.unsplash.com/photo-1743395473692-bd2cc668efbf?crop=entropy&cs=tinysrgb&fit=max&fm=jpg&ixid=M3w5NDQwMTV8MHwxfHNlYXJjaHw3NHx8YWR1bHQlMjBmYWNlJTIwcGhvdG98ZW58MHx8fHwxNzc4MDY4ODM1fDA&ixlib=rb-4.1.0&q=80&w=1080,REAL,Unknown,50+
2295,https://images.unsplash.com/photo-1748159997853-bc3a44da2445?crop=entropy&cs=tinysrgb&fit=max&fm=jpg&ixid=M3w5NDQwMTV8MHwxfHNlYXJjaHw3NXx8YWR1bHQlMjBmYWNlJTIwcGhvdG98ZW58MHx8fHwxNzc4MDY4ODM1fDA&ixlib=rb-4.1.0&q=80&w=1080,REAL,Unknown,36-50
2296,https://images.unsplash.com/photo-1755098452648-1b32c5909740?crop=entropy&cs=tinysrgb&fit=max&fm=jpg&ixid=M3w5NDQwMTV8MHwxfHNlYXJjaHw3Nnx8YWR1bHQlMjBmYWNlJTIwcGhvdG98ZW58MHx8fHwxNzc4MDY4ODM1fDA&ixlib=rb-4.1.0&q=80&w=1080,REAL,Unknown,18-25
2297,https://images.unsplash.com/photo-1755098452451-14381eb6330e?crop=entropy&cs=tinysrgb&fit=max&fm=jpg&ixid=M3w5NDQwMTV8MHwxfHNlYXJjaHw3N3x8YWR1bHQlMjBmYWNlJTIwcGhvdG98ZW58MHx8fHwxNzc4MDY4ODM1fDA&ixlib=rb-4.1.0&q=80&w=1080,REAL,Male,36-50
2298,https://images.unsplash.com/photo-1755098453236-d6309adf0317?crop=entropy&cs=tinysrgb&fit=max&fm=jpg&ixid=M3w5NDQwMTV8MHwxfHNlYXJjaHw3OHx8YWR1bHQlMjBmYWNlJTIwcGhvdG98ZW58MHx8fHwxNzc4MDY4ODM1fDA&ixlib=rb-4.1.0&q=80&w=1080,REAL,Female,50+
2299,https://images.unsplash.com/photo-1755098452363-71404ec07171?crop=entropy&cs=tinysrgb&fit=max&fm=jpg&ixid=M3w5NDQwMTV8MHwxfHNlYXJjaHw3OXx8YWR1bHQlMjBmYWNlJTIwcGhvdG98ZW58MHx8fHwxNzc4MDY4ODM1fDA&ixlib=rb-4.1.0&q=80&w=1080,REAL,Male,18-25
2300,https://images.unsplash.com/photo-1755098452332-5ab07f0a6e7f?crop=entropy&cs=tinysrgb&fit=max&fm=jpg&ixid=M3w5NDQwMTV8MHwxfHNlYXJjaHw4MHx8YWR1bHQlMjBmYWNlJTIwcGhvdG98ZW58MHx8fHwxNzc4MDY4ODM1fDA&ixlib=rb-4.1.0&q=80&w=1080,REAL,Unknown,36-50
2301,https://images.unsplash.com/photo-1755098452550-269e05f68d59?crop=entropy&cs=tinysrgb&fit=max&fm=jpg&ixid=M3w5NDQwMTV8MHwxfHNlYXJjaHw4MXx8YWR1bHQlMjBmYWNlJTIwcGhvdG98ZW58MHx8fHwxNzc4MDY4ODM1fDA&ixlib=rb-4.1.0&q=80&w=1080,REAL,Male,18-25
2302,https://images.unsplash.com/photo-1755098452420-3e16a6539123?crop=entropy&cs=tinysrgb&fit=max&fm=jpg&ixid=M3w5NDQwMTV8MHwxfHNlYXJjaHw4Mnx8YWR1bHQlMjBmYWNlJTIwcGhvdG98ZW58MHx8fHwxNzc4MDY4ODM1fDA&ixlib=rb-4.1.0&q=80&w=1080,REAL,Male,36-50
2303,https://images.unsplash.com/photo-1755098453727-633861910fdd?crop=entropy&cs=tinysrgb&fit=max&fm=jpg&ixid=M3w5NDQwMTV8MHwxfHNlYXJjaHw4M3x8YWR1bHQlMjBmYWNlJTIwcGhvdG98ZW58MHx8fHwxNzc4MDY4ODM1fDA&ixlib=rb-4.1.0&q=80&w=1080,REAL,Female,50+
2304,https://images.unsplash.com/photo-1715622053361-4baf5ad2c51a?crop=entropy&cs=tinysrgb&fit=max&fm=jpg&ixid=M3w5NDQwMTV8MHwxfHNlYXJjaHw4NHx8YWR1bHQlMjBmYWNlJTIwcGhvdG98ZW58MHx8fHwxNzc4MDY4ODM1fDA&ixlib=rb-4.1.0&q=80&w=1080,REAL,Male,36-50
2305,https://images.unsplash.com/photo-1755127761410-0c00c398c308?crop=entropy&cs=tinysrgb&fit=max&fm=jpg&ixid=M3w5NDQwMTV8MHwxfHNlYXJjaHw4NXx8YWR1bHQlMjBmYWNlJTIwcGhvdG98ZW58MHx8fHwxNzc4MDY4ODM1fDA&ixlib=rb-4.1.0&q=80&w=1080,REAL,Unknown,18-25
2306,https://images.unsplash.com/photo-1700104335456-a6a570b233d3?crop=entropy&cs=tinysrgb&fit=max&fm=jpg&ixid=M3w5NDQwMTV8MHwxfHNlYXJjaHw4Nnx8YWR1bHQlMjBmYWNlJTIwcGhvdG98ZW58MHx8fHwxNzc4MDY4ODM1fDA&ixlib=rb-4.1.0&q=80&w=1080,REAL,Female,36-50
2307,https://images.unsplash.com/photo-1755098452457-e7040b91860c?crop=entropy&cs=tinysrgb&fit=max&fm=jpg&ixid=M3w5NDQwMTV8MHwxfHNlYXJjaHw4N3x8YWR1bHQlMjBmYWNlJTIwcGhvdG98ZW58MHx8fHwxNzc4MDY4ODM1fDA&ixlib=rb-4.1.0&q=80&w=1080,REAL,Female,26-35
2308,https://images.unsplash.com/photo-1755098452355-2a0a541c5dda?crop=entropy&cs=tinysrgb&fit=max&fm=jpg&ixid=M3w5NDQwMTV8MHwxfHNlYXJjaHw4OHx8YWR1bHQlMjBmYWNlJTIwcGhvdG98ZW58MHx8fHwxNzc4MDY4ODM1fDA&ixlib=rb-4.1.0&q=80&w=1080,REAL,Unknown,36-50
2309,https://images.unsplash.com/photo-1755098452441-470b25b33d9b?crop=entropy&cs=tinysrgb&fit=max&fm=jpg&ixid=M3w5NDQwMTV8MHwxfHNlYXJjaHw4OXx8YWR1bHQlMjBmYWNlJTIwcGhvdG98ZW58MHx8fHwxNzc4MDY4ODM1fDA&ixlib=rb-4.1.0&q=80&w=1080,REAL,Male,36-50
2310,https://images.unsplash.com/photo-1755098452600-ee22a510d77e?crop=entropy&cs=tinysrgb&fit=max&fm=jpg&ixid=M3w5NDQwMTV8MHwxfHNlYXJjaHw5MHx8YWR1bHQlMjBmYWNlJTIwcGhvdG98ZW58MHx8fHwxNzc4MDY4ODM1fDA&ixlib=rb-4.1.0&q=80&w=1080,REAL,Male,18-25
2311,https://images.unsplash.com/photo-1749406196983-fba985c697cd?crop=entropy&cs=tinysrgb&fit=max&fm=jpg&ixid=M3w5NDQwMTV8MHwxfHNlYXJjaHw5MXx8YWR1bHQlMjBmYWNlJTIwcGhvdG98ZW58MHx8fHwxNzc4MDY4ODM4fDA&ixlib=rb-4.1.0&q=80&w=1080,REAL,Female,36-50
2312,https://images.unsplash.com/photo-1739809006763-49663591bdcd?crop=entropy&cs=tinysrgb&fit=max&fm=jpg&ixid=M3w5NDQwMTV8MHwxfHNlYXJjaHw5Mnx8YWR1bHQlMjBmYWNlJTIwcGhvdG98ZW58MHx8fHwxNzc4MDY4ODM4fDA&ixlib=rb-4.1.0&q=80&w=1080,REAL,Unknown,50+
2313,https://images.unsplash.com/photo-1730925393994-32cc03584f57?crop=entropy&cs=tinysrgb&fit=max&fm=jpg&ixid=M3w5NDQwMTV8MHwxfHNlYXJjaHw5M3x8YWR1bHQlMjBmYWNlJTIwcGhvdG98ZW58MHx8fHwxNzc4MDY4ODM4fDA&ixlib=rb-4.1.0&q=80&w=1080,REAL,Female,18-25
2314,https://images.unsplash.com/photo-1730926113324-2ed98f695074?crop=entropy&cs=tinysrgb&fit=max&fm=jpg&ixid=M3w5NDQwMTV8MHwxfHNlYXJjaHw5NHx8YWR1bHQlMjBmYWNlJTIwcGhvdG98ZW58MHx8fHwxNzc4MDY4ODM4fDA&ixlib=rb-4.1.0&q=80&w=1080,REAL,Unknown,36-50
2315,https://images.unsplash.com/photo-1714629825960-75fd2154d700?crop=entropy&cs=tinysrgb&fit=max&fm=jpg&ixid=M3w5NDQwMTV8MHwxfHNlYXJjaHw5NXx8YWR1bHQlMjBmYWNlJTIwcGhvdG98ZW58MHx8fHwxNzc4MDY4ODM4fDA&ixlib=rb-4.1.0&q=80&w=1080,REAL,Unknown,50+
2316,https://images.unsplash.com/photo-1738130325148-e81feea5b3a1?crop=entropy&cs=tinysrgb&fit=max&fm=jpg&ixid=M3w5NDQwMTV8MHwxfHNlYXJjaHw5Nnx8YWR1bHQlMjBmYWNlJTIwcGhvdG98ZW58MHx8fHwxNzc4MDY4ODM4fDA&ixlib=rb-4.1.0&q=80&w=1080,REAL,Male,26-35
2317,https://images.unsplash.com/photo-1747700014702-4de692bc534d?crop=entropy&cs=tinysrgb&fit=max&fm=jpg&ixid=M3w5NDQwMTV8MHwxfHNlYXJjaHw5N3x8YWR1bHQlMjBmYWNlJTIwcGhvdG98ZW58MHx8fHwxNzc4MDY4ODM4fDA&ixlib=rb-4.1.0&q=80&w=1080,REAL,Unknown,18-25
2318,https://images.unsplash.com/photo-1731012100642-77bd00ba59f4?crop=entropy&cs=tinysrgb&fit=max&fm=jpg&ixid=M3w5NDQwMTV8MHwxfHNlYXJjaHw5OHx8YWR1bHQlMjBmYWNlJTIwcGhvdG98ZW58MHx8fHwxNzc4MDY4ODM4fDA&ixlib=rb-4.1.0&q=80&w=1080,REAL,Unknown,18-25
2319,https://images.unsplash.com/photo-1740148641998-b406a7b0b306?crop=entropy&cs=tinysrgb&fit=max&fm=jpg&ixid=M3w5NDQwMTV8MHwxfHNlYXJjaHw5OXx8YWR1bHQlMjBmYWNlJTIwcGhvdG98ZW58MHx8fHwxNzc4MDY4ODM4fDA&ixlib=rb-4.1.0&q=80&w=1080,REAL,Male,36-50
2320,https://images.unsplash.com/photo-1714914759577-585329b5a370?crop=entropy&cs=tinysrgb&fit=max&fm=jpg&ixid=M3w5NDQwMTV8MHwxfHNlYXJjaHwxMDB8fGFkdWx0JTIwZmFjZSUyMHBob3RvfGVufDB8fHx8MTc3ODA2ODgzOHww&ixlib=rb-4.1.0&q=80&w=1080,REAL,Female,26-35
2321,https://images.unsplash.com/photo-1726741694185-71aa437d6ab2?crop=entropy&cs=tinysrgb&fit=max&fm=jpg&ixid=M3w5NDQwMTV8MHwxfHNlYXJjaHwxMDF8fGFkdWx0JTIwZmFjZSUyMHBob3RvfGVufDB8fHx8MTc3ODA2ODgzOHww&ixlib=rb-4.1.0&q=80&w=1080,REAL,Male,18-25
2322,https://images.unsplash.com/photo-1726741697303-a93d16351451?crop=entropy&cs=tinysrgb&fit=max&fm=jpg&ixid=M3w5NDQwMTV8MHwxfHNlYXJjaHwxMDJ8fGFkdWx0JTIwZmFjZSUyMHBob3RvfGVufDB8fHx8MTc3ODA2ODgzOHww&ixlib=rb-4.1.0&q=80&w=1080,REAL,Male,26-35
2323,https://images.unsplash.com/photo-1704139135855-06cef49f5771?crop=entropy&cs=tinysrgb&fit=max&fm=jpg&ixid=M3w5NDQwMTV8MHwxfHNlYXJjaHwxMDN8fGFkdWx0JTIwZmFjZSUyMHBob3RvfGVufDB8fHx8MTc3ODA2ODgzOHww&ixlib=rb-4.1.0&q=80&w=1080,REAL,Female,36-50
2324,https://images.unsplash.com/photo-1726741694559-b3e23a2db831?crop=entropy&cs=tinysrgb&fit=max&fm=jpg&ixid=M3w5NDQwMTV8MHwxfHNlYXJjaHwxMDR8fGFkdWx0JTIwZmFjZSUyMHBob3RvfGVufDB8fHx8MTc3ODA2ODgzOHww&ixlib=rb-4.1.0&q=80&w=1080,REAL,Unknown,18-25
2325,https://images.unsplash.com/photo-1726741696576-2cbb9161e613?crop=entropy&cs=tinysrgb&fit=max&fm=jpg&ixid=M3w5NDQwMTV8MHwxfHNlYXJjaHwxMDV8fGFkdWx0JTIwZmFjZSUyMHBob3RvfGVufDB8fHx8MTc3ODA2ODgzOHww&ixlib=rb-4.1.0&q=80&w=1080,REAL,Male,50+
2326,https://images.unsplash.com/photo-1732124740807-390dc648ed55?crop=entropy&cs=tinysrgb&fit=max&fm=jpg&ixid=M3w5NDQwMTV8MHwxfHNlYXJjaHwxMDZ8fGFkdWx0JTIwZmFjZSUyMHBob3RvfGVufDB8fHx8MTc3ODA2ODgzOHww&ixlib=rb-4.1.0&q=80&w=1080,REAL,Female,36-50
2327,https://images.unsplash.com/photo-1726741697520-9ad84cf00a4d?crop=entropy&cs=tinysrgb&fit=max&fm=jpg&ixid=M3w5NDQwMTV8MHwxfHNlYXJjaHwxMDd8fGFkdWx0JTIwZmFjZSUyMHBob3RvfGVufDB8fHx8MTc3ODA2ODgzOHww&ixlib=rb-4.1.0&q=80&w=1080,REAL,Unknown,26-35
2328,https://images.unsplash.com/photo-1645968093389-704585a7359d?crop=entropy&cs=tinysrgb&fit=max&fm=jpg&ixid=M3w5NDQwMTV8MHwxfHNlYXJjaHwxMDh8fGFkdWx0JTIwZmFjZSUyMHBob3RvfGVufDB8fHx8MTc3ODA2ODgzOHww&ixlib=rb-4.1.0&q=80&w=1080,REAL,Female,50+
2329,https://images.unsplash.com/photo-1755128773522-84dd1fb950c2?crop=entropy&cs=tinysrgb&fit=max&fm=jpg&ixid=M3w5NDQwMTV8MHwxfHNlYXJjaHwxMDl8fGFkdWx0JTIwZmFjZSUyMHBob3RvfGVufDB8fHx8MTc3ODA2ODgzOHww&ixlib=rb-4.1.0&q=80&w=1080,REAL,Female,26-35
2330,https://images.unsplash.com/photo-1726741694474-96d9f5a3d28e?crop=entropy&cs=tinysrgb&fit=max&fm=jpg&ixid=M3w5NDQwMTV8MHwxfHNlYXJjaHwxMTB8fGFkdWx0JTIwZmFjZSUyMHBob3RvfGVufDB8fHx8MTc3ODA2ODgzOHww&ixlib=rb-4.1.0&q=80&w=1080,REAL,Unknown,26-35
2331,https://images.unsplash.com/photo-1726741696679-60aabd0a5f23?crop=entropy&cs=tinysrgb&fit=max&fm=jpg&ixid=M3w5NDQwMTV8MHwxfHNlYXJjaHwxMTF8fGFkdWx0JTIwZmFjZSUyMHBob3RvfGVufDB8fHx8MTc3ODA2ODgzOHww&ixlib=rb-4.1.0&q=80&w=1080,REAL,Male,50+
2332,https://images.unsplash.com/photo-1754951661102-341dfb58bd26?crop=entropy&cs=tinysrgb&fit=max&fm=jpg&ixid=M3w5NDQwMTV8MHwxfHNlYXJjaHwxMTJ8fGFkdWx0JTIwZmFjZSUyMHBob3RvfGVufDB8fHx8MTc3ODA2ODgzOHww&ixlib=rb-4.1.0&q=80&w=1080,REAL,Male,36-50
2333,https://images.unsplash.com/photo-1726741695254-d2049ba5022f?crop=entropy&cs=tinysrgb&fit=max&fm=jpg&ixid=M3w5NDQwMTV8MHwxfHNlYXJjaHwxMTN8fGFkdWx0JTIwZmFjZSUyMHBob3RvfGVufDB8fHx8MTc3ODA2ODgzOHww&ixlib=rb-4.1.0&q=80&w=1080,REAL,Unknown,18-25
2334,https://images.unsplash.com/photo-1726741697211-585ded8287fa?crop=entropy&cs=tinysrgb&fit=max&fm=jpg&ixid=M3w5NDQwMTV8MHwxfHNlYXJjaHwxMTR8fGFkdWx0JTIwZmFjZSUyMHBob3RvfGVufDB8fHx8MTc3ODA2ODgzOHww&ixlib=rb-4.1.0&q=80&w=1080,REAL,Female,50+
2335,https://images.unsplash.com/photo-1726741695561-41c6722e6f88?crop=entropy&cs=tinysrgb&fit=max&fm=jpg&ixid=M3w5NDQwMTV8MHwxfHNlYXJjaHwxMTV8fGFkdWx0JTIwZmFjZSUyMHBob3RvfGVufDB8fHx8MTc3ODA2ODgzOHww&ixlib=rb-4.1.0&q=80&w=1080,REAL,Male,26-35
2336,https://images.unsplash.com/photo-1739671586168-ba5e13e014f6?crop=entropy&cs=tinysrgb&fit=max&fm=jpg&ixid=M3w5NDQwMTV8MHwxfHNlYXJjaHwxMTZ8fGFkdWx0JTIwZmFjZSUyMHBob3RvfGVufDB8fHx8MTc3ODA2ODgzOHww&ixlib=rb-4.1.0&q=80&w=1080,REAL,Male,18-25
2337,https://images.unsplash.com/photo-1726741696397-41927b5f8f13?crop=entropy&cs=tinysrgb&fit=max&fm=jpg&ixid=M3w5NDQwMTV8MHwxfHNlYXJjaHwxMTd8fGFkdWx0JTIwZmFjZSUyMHBob3RvfGVufDB8fHx8MTc3ODA2ODgzOHww&ixlib=rb-4.1.0&q=80&w=1080,REAL,Unknown,18-25
2338,https://images.unsplash.com/photo-1733860497057-b36b1a8ef426?crop=entropy&cs=tinysrgb&fit=max&fm=jpg&ixid=M3w5NDQwMTV8MHwxfHNlYXJjaHwxMTh8fGFkdWx0JTIwZmFjZSUyMHBob3RvfGVufDB8fHx8MTc3ODA2ODgzOHww&ixlib=rb-4.1.0&q=80&w=1080,REAL,Unknown,36-50
2339,https://images.unsplash.com/photo-1645968093376-cd1e1dbad17c?crop=entropy&cs=tinysrgb&fit=max&fm=jpg&ixid=M3w5NDQwMTV8MHwxfHNlYXJjaHwxMTl8fGFkdWx0JTIwZmFjZSUyMHBob3RvfGVufDB8fHx8MTc3ODA2ODgzOHww&ixlib=rb-4.1.0&q=80&w=1080,REAL,Unknown,50+
2340,https://images.unsplash.com/photo-1727414087229-5f9f649b7012?crop=entropy&cs=tinysrgb&fit=max&fm=jpg&ixid=M3w5NDQwMTV8MHwxfHNlYXJjaHwxMjB8fGFkdWx0JTIwZmFjZSUyMHBob3RvfGVufDB8fHx8MTc3ODA2ODgzOHww&ixlib=rb-4.1.0&q=80&w=1080,REAL,Unknown,18-25
2341,https://images.unsplash.com/photo-1726741695254-d2049ba5022f?crop=entropy&cs=tinysrgb&fit=max&fm=jpg&ixid=M3w5NDQwMTV8MHwxfHNlYXJjaHwxMjF8fGFkdWx0JTIwZmFjZSUyMHBob3RvfGVufDB8fHx8MTc3ODA2ODg0MHww&ixlib=rb-4.1.0&q=80&w=1080,REAL,Unknown,36-50
2342,https://images.unsplash.com/photo-1726741697211-585ded8287fa?crop=entropy&cs=tinysrgb&fit=max&fm=jpg&ixid=M3w5NDQwMTV8MHwxfHNlYXJjaHwxMjJ8fGFkdWx0JTIwZmFjZSUyMHBob3RvfGVufDB8fHx8MTc3ODA2ODg0MHww&ixlib=rb-4.1.0&q=80&w=1080,REAL,Male,36-50
2343,https://images.unsplash.com/photo-1726741695561-41c6722e6f88?crop=entropy&cs=tinysrgb&fit=max&fm=jpg&ixid=M3w5NDQwMTV8MHwxfHNlYXJjaHwxMjN8fGFkdWx0JTIwZmFjZSUyMHBob3RvfGVufDB8fHx8MTc3ODA2ODg0MHww&ixlib=rb-4.1.0&q=80&w=1080,REAL,Female,18-25
2344,https://images.unsplash.com/photo-1739671586168-ba5e13e014f6?crop=entropy&cs=tinysrgb&fit=max&fm=jpg&ixid=M3w5NDQwMTV8MHwxfHNlYXJjaHwxMjR8fGFkdWx0JTIwZmFjZSUyMHBob3RvfGVufDB8fHx8MTc3ODA2ODg0MHww&ixlib=rb-4.1.0&q=80&w=1080,REAL,Male,50+
2345,https://images.unsplash.com/photo-1757348665310-0b68ed0ebc30?crop=entropy&cs=tinysrgb&fit=max&fm=jpg&ixid=M3w5NDQwMTV8MHwxfHNlYXJjaHwxMjV8fGFkdWx0JTIwZmFjZSUyMHBob3RvfGVufDB8fHx8MTc3ODA2ODg0MHww&ixlib=rb-4.1.0&q=80&w=1080,REAL,Unknown,50+
2346,https://images.unsplash.com/photo-1704989977281-a741f7e1f7a0?crop=entropy&cs=tinysrgb&fit=max&fm=jpg&ixid=M3w5NDQwMTV8MHwxfHNlYXJjaHwxMjZ8fGFkdWx0JTIwZmFjZSUyMHBob3RvfGVufDB8fHx8MTc3ODA2ODg0MHww&ixlib=rb-4.1.0&q=80&w=1080,REAL,Unknown,26-35
2347,https://images.unsplash.com/photo-1726741695768-d77b40ae41de?crop=entropy&cs=tinysrgb&fit=max&fm=jpg&ixid=M3w5NDQwMTV8MHwxfHNlYXJjaHwxMjd8fGFkdWx0JTIwZmFjZSUyMHBob3RvfGVufDB8fHx8MTc3ODA2ODg0MHww&ixlib=rb-4.1.0&q=80&w=1080,REAL,Male,18-25
2348,https://images.unsplash.com/photo-1728567813223-ba7b1404c9f9?crop=entropy&cs=tinysrgb&fit=max&fm=jpg&ixid=M3w5NDQwMTV8MHwxfHNlYXJjaHwxMjh8fGFkdWx0JTIwZmFjZSUyMHBob3RvfGVufDB8fHx8MTc3ODA2ODg0MHww&ixlib=rb-4.1.0&q=80&w=1080,REAL,Male,18-25
2349,https://images.unsplash.com/photo-1726741695963-503d26b1d537?crop=entropy&cs=tinysrgb&fit=max&fm=jpg&ixid=M3w5NDQwMTV8MHwxfHNlYXJjaHwxMjl8fGFkdWx0JTIwZmFjZSUyMHBob3RvfGVufDB8fHx8MTc3ODA2ODg0MHww&ixlib=rb-4.1.0&q=80&w=1080,REAL,Male,36-50
2350,https://images.unsplash.com/photo-1726741694972-4e5a65e1b069?crop=entropy&cs=tinysrgb&fit=max&fm=jpg&ixid=M3w5NDQwMTV8MHwxfHNlYXJjaHwxMzB8fGFkdWx0JTIwZmFjZSUyMHBob3RvfGVufDB8fHx8MTc3ODA2ODg0MHww&ixlib=rb-4.1.0&q=80&w=1080,REAL,Male,18-25
2351,https://images.unsplash.com/photo-1726741695246-e71ed81a6a34?crop=entropy&cs=tinysrgb&fit=max&fm=jpg&ixid=M3w5NDQwMTV8MHwxfHNlYXJjaHwxMzF8fGFkdWx0JTIwZmFjZSUyMHBob3RvfGVufDB8fHx8MTc3ODA2ODg0MHww&ixlib=rb-4.1.0&q=80&w=1080,REAL,Male,36-50
2352,https://images.unsplash.com/photo-1751647670934-66f2dde5e3f9?crop=entropy&cs=tinysrgb&fit=max&fm=jpg&ixid=M3w5NDQwMTV8MHwxfHNlYXJjaHwxMzJ8fGFkdWx0JTIwZmFjZSUyMHBob3RvfGVufDB8fHx8MTc3ODA2ODg0MHww&ixlib=rb-4.1.0&q=80&w=1080,REAL,Male,50+
2353,https://images.unsplash.com/photo-1703420294575-801fe57ce544?crop=entropy&cs=tinysrgb&fit=max&fm=jpg&ixid=M3w5NDQwMTV8MHwxfHNlYXJjaHwxMzN8fGFkdWx0JTIwZmFjZSUyMHBob3RvfGVufDB8fHx8MTc3ODA2ODg0MHww&ixlib=rb-4.1.0&q=80&w=1080,REAL,Male,36-50
2354,https://images.unsplash.com/photo-1704989969259-39f5189359bf?crop=entropy&cs=tinysrgb&fit=max&fm=jpg&ixid=M3w5NDQwMTV8MHwxfHNlYXJjaHwxMzR8fGFkdWx0JTIwZmFjZSUyMHBob3RvfGVufDB8fHx8MTc3ODA2ODg0MHww&ixlib=rb-4.1.0&q=80&w=1080,REAL,Female,36-50
2355,https://images.unsplash.com/photo-1726741694530-67990f01adb6?crop=entropy&cs=tinysrgb&fit=max&fm=jpg&ixid=M3w5NDQwMTV8MHwxfHNlYXJjaHwxMzV8fGFkdWx0JTIwZmFjZSUyMHBob3RvfGVufDB8fHx8MTc3ODA2ODg0MHww&ixlib=rb-4.1.0&q=80&w=1080,REAL,Female,36-50
2356,https://images.unsplash.com/photo-1730925440675-a84880b1e581?crop=entropy&cs=tinysrgb&fit=max&fm=jpg&ixid=M3w5NDQwMTV8MHwxfHNlYXJjaHwxMzZ8fGFkdWx0JTIwZmFjZSUyMHBob3RvfGVufDB8fHx8MTc3ODA2ODg0MHww&ixlib=rb-4.1.0&q=80&w=1080,REAL,Male,26-35
2357,https://images.unsplash.com/photo-1726741697137-6f325587a9f1?crop=entropy&cs=tinysrgb&fit=max&fm=jpg&ixid=M3w5NDQwMTV8MHwxfHNlYXJjaHwxMzd8fGFkdWx0JTIwZmFjZSUyMHBob3RvfGVufDB8fHx8MTc3ODA2ODg0MHww&ixlib=rb-4.1.0&q=80&w=1080,REAL,Male,26-35
2358,https://images.unsplash.com/photo-1609818926432-f0888e03f38f?crop=entropy&cs=tinysrgb&fit=max&fm=jpg&ixid=M3w5NDQwMTV8MHwxfHNlYXJjaHwxMzh8fGFkdWx0JTIwZmFjZSUyMHBob3RvfGVufDB8fHx8MTc3ODA2ODg0MHww&ixlib=rb-4.1.0&q=80&w=1080,REAL,Unknown,26-35
2359,https://images.unsplash.com/photo-1755127761405-9bfee57dabcc?crop=entropy&cs=tinysrgb&fit=max&fm=jpg&ixid=M3w5NDQwMTV8MHwxfHNlYXJjaHwxMzl8fGFkdWx0JTIwZmFjZSUyMHBob3RvfGVufDB8fHx8MTc3ODA2ODg0MHww&ixlib=rb-4.1.0&q=80&w=1080,REAL,Female,50+
2360,https://images.unsplash.com/photo-1704989983343-21476626a16a?crop=entropy&cs=tinysrgb&fit=max&fm=jpg&ixid=M3w5NDQwMTV8MHwxfHNlYXJjaHwxNDB8fGFkdWx0JTIwZmFjZSUyMHBob3RvfGVufDB8fHx8MTc3ODA2ODg0MHww&ixlib=rb-4.1.0&q=80&w=1080,REAL,Male,50+
2361,https://images.unsplash.com/photo-1729517664974-8949fde5f617?crop=entropy&cs=tinysrgb&fit=max&fm=jpg&ixid=M3w5NDQwMTV8MHwxfHNlYXJjaHwxNDF8fGFkdWx0JTIwZmFjZSUyMHBob3RvfGVufDB8fHx8MTc3ODA2ODg0MHww&ixlib=rb-4.1.0&q=80&w=1080,REAL,Unknown,18-25
2362,https://images.unsplash.com/photo-1726741697069-5fde865d3490?crop=entropy&cs=tinysrgb&fit=max&fm=jpg&ixid=M3w5NDQwMTV8MHwxfHNlYXJjaHwxNDJ8fGFkdWx0JTIwZmFjZSUyMHBob3RvfGVufDB8fHx8MTc3ODA2ODg0MHww&ixlib=rb-4.1.0&q=80&w=1080,REAL,Female,36-50
2363,https://images.unsplash.com/photo-1726741693479-92eff7dd99bd?crop=entropy&cs=tinysrgb&fit=max&fm=jpg&ixid=M3w5NDQwMTV8MHwxfHNlYXJjaHwxNDN8fGFkdWx0JTIwZmFjZSUyMHBob3RvfGVufDB8fHx8MTc3ODA2ODg0MHww&ixlib=rb-4.1.0&q=80&w=1080,REAL,Female,36-50
2364,https://images.unsplash.com/photo-1726741696458-136916da091b?crop=entropy&cs=tinysrgb&fit=max&fm=jpg&ixid=M3w5NDQwMTV8MHwxfHNlYXJjaHwxNDR8fGFkdWx0JTIwZmFjZSUyMHBob3RvfGVufDB8fHx8MTc3ODA2ODg0MHww&ixlib=rb-4.1.0&q=80&w=1080,REAL,Male,26-35
2365,https://images.unsplash.com/photo-1699063947034-5a95cc0e5244?crop=entropy&cs=tinysrgb&fit=max&fm=jpg&ixid=M3w5NDQwMTV8MHwxfHNlYXJjaHwxNDV8fGFkdWx0JTIwZmFjZSUyMHBob3RvfGVufDB8fHx8MTc3ODA2ODg0MHww&ixlib=rb-4.1.0&q=80&w=1080,REAL,Male,50+
2366,https://images.unsplash.com/photo-1726741695822-8abfeb691be9?crop=entropy&cs=tinysrgb&fit=max&fm=jpg&ixid=M3w5NDQwMTV8MHwxfHNlYXJjaHwxNDZ8fGFkdWx0JTIwZmFjZSUyMHBob3RvfGVufDB8fHx8MTc3ODA2ODg0MHww&ixlib=rb-4.1.0&q=80&w=1080,REAL,Unknown,50+
2367,https://images.unsplash.com/photo-1726741695535-79425d470af5?crop=entropy&cs=tinysrgb&fit=max&fm=jpg&ixid=M3w5NDQwMTV8MHwxfHNlYXJjaHwxNDd8fGFkdWx0JTIwZmFjZSUyMHBob3RvfGVufDB8fHx8MTc3ODA2ODg0MHww&ixlib=rb-4.1.0&q=80&w=1080,REAL,Female,50+
2368,https://images.unsplash.com/photo-1744980139746-a7c68148c228?crop=entropy&cs=tinysrgb&fit=max&fm=jpg&ixid=M3w5NDQwMTV8MHwxfHNlYXJjaHwxNDh8fGFkdWx0JTIwZmFjZSUyMHBob3RvfGVufDB8fHx8MTc3ODA2ODg0MHww&ixlib=rb-4.1.0&q=80&w=1080,REAL,Unknown,26-35
2369,https://images.unsplash.com/photo-1730925585695-d1e5d8ee53f2?crop=entropy&cs=tinysrgb&fit=max&fm=jpg&ixid=M3w5NDQwMTV8MHwxfHNlYXJjaHwxNDl8fGFkdWx0JTIwZmFjZSUyMHBob3RvfGVufDB8fHx8MTc3ODA2ODg0MHww&ixlib=rb-4.1.0&q=80&w=1080,REAL,Female,18-25
2370,https://images.unsplash.com/photo-1744979704702-ffce10b28bf6?crop=entropy&cs=tinysrgb&fit=max&fm=jpg&ixid=M3w5NDQwMTV8MHwxfHNlYXJjaHwxNTB8fGFkdWx0JTIwZmFjZSUyMHBob3RvfGVufDB8fHx8MTc3ODA2ODg0MHww&ixlib=rb-4.1.0&q=80&w=1080,REAL,Female,26-35
2371,https://images.unsplash.com/photo-1718878961603-15c33d1a84f5?crop=entropy&cs=tinysrgb&fit=max&fm=jpg&ixid=M3w5NDQwMTV8MHwxfHNlYXJjaHwxNTF8fGFkdWx0JTIwZmFjZSUyMHBob3RvfGVufDB8fHx8MTc3ODA2ODg0Mnww&ixlib=rb-4.1.0&q=80&w=1080,REAL,Unknown,18-25
2372,https://images.unsplash.com/photo-1727724048020-c59e3fc8697a?crop=entropy&cs=tinysrgb&fit=max&fm=jpg&ixid=M3w5NDQwMTV8MHwxfHNlYXJjaHwxNTJ8fGFkdWx0JTIwZmFjZSUyMHBob3RvfGVufDB8fHx8MTc3ODA2ODg0Mnww&ixlib=rb-4.1.0&q=80&w=1080,REAL,Male,50+
2373,https://images.unsplash.com/photo-1729517516456-24d42dbe8f67?crop=entropy&cs=tinysrgb&fit=max&fm=jpg&ixid=M3w5NDQwMTV8MHwxfHNlYXJjaHwxNTN8fGFkdWx0JTIwZmFjZSUyMHBob3RvfGVufDB8fHx8MTc3ODA2ODg0Mnww&ixlib=rb-4.1.0&q=80&w=1080,REAL,Female,26-35
2374,https://images.unsplash.com/photo-1561457876-53dc76b07f9a?crop=entropy&cs=tinysrgb&fit=max&fm=jpg&ixid=M3w5NDQwMTV8MHwxfHNlYXJjaHwxNTR8fGFkdWx0JTIwZmFjZSUyMHBob3RvfGVufDB8fHx8MTc3ODA2ODg0Mnww&ixlib=rb-4.1.0&q=80&w=1080,REAL,Unknown,18-25
2375,https://images.unsplash.com/photo-1730925465502-092bd083a79c?crop=entropy&cs=tinysrgb&fit=max&fm=jpg&ixid=M3w5NDQwMTV8MHwxfHNlYXJjaHwxNTV8fGFkdWx0JTIwZmFjZSUyMHBob3RvfGVufDB8fHx8MTc3ODA2ODg0Mnww&ixlib=rb-4.1.0&q=80&w=1080,REAL,Male,26-35
2376,https://images.unsplash.com/photo-1740523851018-824a7ee75313?crop=entropy&cs=tinysrgb&fit=max&fm=jpg&ixid=M3w5NDQwMTV8MHwxfHNlYXJjaHwxNTZ8fGFkdWx0JTIwZmFjZSUyMHBob3RvfGVufDB8fHx8MTc3ODA2ODg0Mnww&ixlib=rb-4.1.0&q=80&w=1080,REAL,Unknown,50+
2377,https://images.unsplash.com/photo-1718879084416-f46ac8acdacb?crop=entropy&cs=tinysrgb&fit=max&fm=jpg&ixid=M3w5NDQwMTV8MHwxfHNlYXJjaHwxNTd8fGFkdWx0JTIwZmFjZSUyMHBob3RvfGVufDB8fHx8MTc3ODA2ODg0Mnww&ixlib=rb-4.1.0&q=80&w=1080,REAL,Male,36-50
2378,https://images.unsplash.com/photo-1755534134927-6d238c1f75bf?crop=entropy&cs=tinysrgb&fit=max&fm=jpg&ixid=M3w5NDQwMTV8MHwxfHNlYXJjaHwxNTh8fGFkdWx0JTIwZmFjZSUyMHBob3RvfGVufDB8fHx8MTc3ODA2ODg0Mnww&ixlib=rb-4.1.0&q=80&w=1080,REAL,Male,50+
2379,https://images.unsplash.com/photo-1734656633373-1f8e977a2a75?crop=entropy&cs=tinysrgb&fit=max&fm=jpg&ixid=M3w5NDQwMTV8MHwxfHNlYXJjaHwxNTl8fGFkdWx0JTIwZmFjZSUyMHBob3RvfGVufDB8fHx8MTc3ODA2ODg0Mnww&ixlib=rb-4.1.0&q=80&w=1080,REAL,Male,26-35
2380,https://images.unsplash.com/photo-1709666441235-89c99872c592?crop=entropy&cs=tinysrgb&fit=max&fm=jpg&ixid=M3w5NDQwMTV8MHwxfHNlYXJjaHwxNjB8fGFkdWx0JTIwZmFjZSUyMHBob3RvfGVufDB8fHx8MTc3ODA2ODg0Mnww&ixlib=rb-4.1.0&q=80&w=1080,REAL,Female,26-35
2381,https://images.unsplash.com/photo-1739671191251-508c25ec2593?crop=entropy&cs=tinysrgb&fit=max&fm=jpg&ixid=M3w5NDQwMTV8MHwxfHNlYXJjaHwxNjF8fGFkdWx0JTIwZmFjZSUyMHBob3RvfGVufDB8fHx8MTc3ODA2ODg0Mnww&ixlib=rb-4.1.0&q=80&w=1080,REAL,Female,36-50
2382,https://images.unsplash.com/photo-1735560265618-2be7d0e571db?crop=entropy&cs=tinysrgb&fit=max&fm=jpg&ixid=M3w5NDQwMTV8MHwxfHNlYXJjaHwxNjJ8fGFkdWx0JTIwZmFjZSUyMHBob3RvfGVufDB8fHx8MTc3ODA2ODg0Mnww&ixlib=rb-4.1.0&q=80&w=1080,REAL,Unknown,36-50
2383,https://images.unsplash.com/photo-1750776579871-218e179e29c6?crop=entropy&cs=tinysrgb&fit=max&fm=jpg&ixid=M3w5NDQwMTV8MHwxfHNlYXJjaHwxNjN8fGFkdWx0JTIwZmFjZSUyMHBob3RvfGVufDB8fHx8MTc3ODA2ODg0Mnww&ixlib=rb-4.1.0&q=80&w=1080,REAL,Female,18-25
2384,https://images.unsplash.com/photo-1755534134954-59d67130a7ca?crop=entropy&cs=tinysrgb&fit=max&fm=jpg&ixid=M3w5NDQwMTV8MHwxfHNlYXJjaHwxNjR8fGFkdWx0JTIwZmFjZSUyMHBob3RvfGVufDB8fHx8MTc3ODA2ODg0Mnww&ixlib=rb-4.1.0&q=80&w=1080,REAL,Male,36-50
2385,https://images.unsplash.com/photo-1716654570887-e06156695965?crop=entropy&cs=tinysrgb&fit=max&fm=jpg&ixid=M3w5NDQwMTV8MHwxfHNlYXJjaHwxNjV8fGFkdWx0JTIwZmFjZSUyMHBob3RvfGVufDB8fHx8MTc3ODA2ODg0Mnww&ixlib=rb-4.1.0&q=80&w=1080,REAL,Male,36-50
2386,https://images.unsplash.com/photo-1716751037647-4a29ebf9cdc7?crop=entropy&cs=tinysrgb&fit=max&fm=jpg&ixid=M3w5NDQwMTV8MHwxfHNlYXJjaHwxNjZ8fGFkdWx0JTIwZmFjZSUyMHBob3RvfGVufDB8fHx8MTc3ODA2ODg0Mnww&ixlib=rb-4.1.0&q=80&w=1080,REAL,Unknown,50+
2387,https://images.unsplash.com/photo-1727341553567-550523603ac9?crop=entropy&cs=tinysrgb&fit=max&fm=jpg&ixid=M3w5NDQwMTV8MHwxfHNlYXJjaHwxNjd8fGFkdWx0JTIwZmFjZSUyMHBob3RvfGVufDB8fHx8MTc3ODA2ODg0Mnww&ixlib=rb-4.1.0&q=80&w=1080,REAL,Male,18-25
2388,https://images.unsplash.com/photo-1727341552909-559eef4c18f0?crop=entropy&cs=tinysrgb&fit=max&fm=jpg&ixid=M3w5NDQwMTV8MHwxfHNlYXJjaHwxNjh8fGFkdWx0JTIwZmFjZSUyMHBob3RvfGVufDB8fHx8MTc3ODA2ODg0Mnww&ixlib=rb-4.1.0&q=80&w=1080,REAL,Male,18-25
2389,https://images.unsplash.com/photo-1744493913932-6c7cc5db0376?crop=entropy&cs=tinysrgb&fit=max&fm=jpg&ixid=M3w5NDQwMTV8MHwxfHNlYXJjaHwxNjl8fGFkdWx0JTIwZmFjZSUyMHBob3RvfGVufDB8fHx8MTc3ODA2ODg0Mnww&ixlib=rb-4.1.0&q=80&w=1080,REAL,Male,18-25
2390,https://images.unsplash.com/photo-1712868794038-c4da5a05f728?crop=entropy&cs=tinysrgb&fit=max&fm=jpg&ixid=M3w5NDQwMTV8MHwxfHNlYXJjaHwxNzB8fGFkdWx0JTIwZmFjZSUyMHBob3RvfGVufDB8fHx8MTc3ODA2ODg0Mnww&ixlib=rb-4.1.0&q=80&w=1080,REAL,Male,26-35
2391,https://images.unsplash.com/photo-1605284908561-5a0f53977d88?crop=entropy&cs=tinysrgb&fit=max&fm=jpg&ixid=M3w5NDQwMTV8MHwxfHNlYXJjaHwxNzF8fGFkdWx0JTIwZmFjZSUyMHBob3RvfGVufDB8fHx8MTc3ODA2ODg0Mnww&ixlib=rb-4.1.0&q=80&w=1080,REAL,Unknown,50+
2392,https://images.unsplash.com/photo-1735205012251-f01d6eacf5b9?crop=entropy&cs=tinysrgb&fit=max&fm=jpg&ixid=M3w5NDQwMTV8MHwxfHNlYXJjaHwxNzJ8fGFkdWx0JTIwZmFjZSUyMHBob3RvfGVufDB8fHx8MTc3ODA2ODg0Mnww&ixlib=rb-4.1.0&q=80&w=1080,REAL,Female,36-50
2393,https://images.unsplash.com/photo-1727341553976-8456538f2009?crop=entropy&cs=tinysrgb&fit=max&fm=jpg&ixid=M3w5NDQwMTV8MHwxfHNlYXJjaHwxNzN8fGFkdWx0JTIwZmFjZSUyMHBob3RvfGVufDB8fHx8MTc3ODA2ODg0Mnww&ixlib=rb-4.1.0&q=80&w=1080,REAL,Unknown,36-50
2394,https://images.unsplash.com/photo-1742851101862-0b3ebd3c2438?crop=entropy&cs=tinysrgb&fit=max&fm=jpg&ixid=M3w5NDQwMTV8MHwxfHNlYXJjaHwxNzR8fGFkdWx0JTIwZmFjZSUyMHBob3RvfGVufDB8fHx8MTc3ODA2ODg0Mnww&ixlib=rb-4.1.0&q=80&w=1080,REAL,Unknown,18-25
2395,https://images.unsplash.com/photo-1727341553709-e75899f69fc5?crop=entropy&cs=tinysrgb&fit=max&fm=jpg&ixid=M3w5NDQwMTV8MHwxfHNlYXJjaHwxNzV8fGFkdWx0JTIwZmFjZSUyMHBob3RvfGVufDB8fHx8MTc3ODA2ODg0Mnww&ixlib=rb-4.1.0&q=80&w=1080,REAL,Male,26-35
2396,https://images.unsplash.com/photo-1752119663527-09996b3f257f?crop=entropy&cs=tinysrgb&fit=max&fm=jpg&ixid=M3w5NDQwMTV8MHwxfHNlYXJjaHwxNzZ8fGFkdWx0JTIwZmFjZSUyMHBob3RvfGVufDB8fHx8MTc3ODA2ODg0Mnww&ixlib=rb-4.1.0&q=80&w=1080,REAL,Female,36-50
2397,https://images.unsplash.com/photo-1734657481463-cf08cf371ca1?crop=entropy&cs=tinysrgb&fit=max&fm=jpg&ixid=M3w5NDQwMTV8MHwxfHNlYXJjaHwxNzd8fGFkdWx0JTIwZmFjZSUyMHBob3RvfGVufDB8fHx8MTc3ODA2ODg0Mnww&ixlib=rb-4.1.0&q=80&w=1080,REAL,Female,50+
2398,https://images.unsplash.com/photo-1727341555506-32c71857f7d2?crop=entropy&cs=tinysrgb&fit=max&fm=jpg&ixid=M3w5NDQwMTV8MHwxfHNlYXJjaHwxNzh8fGFkdWx0JTIwZmFjZSUyMHBob3RvfGVufDB8fHx8MTc3ODA2ODg0Mnww&ixlib=rb-4.1.0&q=80&w=1080,REAL,Unknown,18-25
2399,https://images.unsplash.com/photo-1734953951277-bfcc2dd270c4?crop=entropy&cs=tinysrgb&fit=max&fm=jpg&ixid=M3w5NDQwMTV8MHwxfHNlYXJjaHwxNzl8fGFkdWx0JTIwZmFjZSUyMHBob3RvfGVufDB8fHx8MTc3ODA2ODg0Mnww&ixlib=rb-4.1.0&q=80&w=1080,REAL,Unknown,36-50
2400,https://images.unsplash.com/photo-1726741692510-0eb5d1187780?crop=entropy&cs=tinysrgb&fit=max&fm=jpg&ixid=M3w5NDQwMTV8MHwxfHNlYXJjaHwxODB8fGFkdWx0JTIwZmFjZSUyMHBob3RvfGVufDB8fHx8MTc3ODA2ODg0Mnww&ixlib=rb-4.1.0&q=80&w=1080,REAL,Female,36-50
2401,https://images.unsplash.com/photo-1730813424550-0fa4d1ca3102?crop=entropy&cs=tinysrgb&fit=max&fm=jpg&ixid=M3w5NDQwMTV8MHwxfHNlYXJjaHwxODF8fGFkdWx0JTIwZmFjZSUyMHBob3RvfGVufDB8fHx8MTc3ODA2ODg0NHww&ixlib=rb-4.1.0&q=80&w=1080,REAL,Male,50+
2402,https://images.unsplash.com/photo-1747937779248-6c621bab7511?crop=entropy&cs=tinysrgb&fit=max&fm=jpg&ixid=M3w5NDQwMTV8MHwxfHNlYXJjaHwxODJ8fGFkdWx0JTIwZmFjZSUyMHBob3RvfGVufDB8fHx8MTc3ODA2ODg0NHww&ixlib=rb-4.1.0&q=80&w=1080,REAL,Male,36-50
2403,https://images.unsplash.com/photo-1727341551248-e3c45783ee93?crop=entropy&cs=tinysrgb&fit=max&fm=jpg&ixid=M3w5NDQwMTV8MHwxfHNlYXJjaHwxODN8fGFkdWx0JTIwZmFjZSUyMHBob3RvfGVufDB8fHx8MTc3ODA2ODg0NHww&ixlib=rb-4.1.0&q=80&w=1080,REAL,Female,18-25
2404,https://images.unsplash.com/photo-1727341553306-5d3fb21cc6f1?crop=entropy&cs=tinysrgb&fit=max&fm=jpg&ixid=M3w5NDQwMTV8MHwxfHNlYXJjaHwxODR8fGFkdWx0JTIwZmFjZSUyMHBob3RvfGVufDB8fHx8MTc3ODA2ODg0NHww&ixlib=rb-4.1.0&q=80&w=1080,REAL,Female,18-25
2405,https://images.unsplash.com/photo-1727341554700-a8d18105d1d1?crop=entropy&cs=tinysrgb&fit=max&fm=jpg&ixid=M3w5NDQwMTV8MHwxfHNlYXJjaHwxODV8fGFkdWx0JTIwZmFjZSUyMHBob3RvfGVufDB8fHx8MTc3ODA2ODg0NHww&ixlib=rb-4.1.0&q=80&w=1080,REAL,Male,26-35
2406,https://images.unsplash.com/photo-1727341555111-9bf7c2bcbd19?crop=entropy&cs=tinysrgb&fit=max&fm=jpg&ixid=M3w5NDQwMTV8MHwxfHNlYXJjaHwxODZ8fGFkdWx0JTIwZmFjZSUyMHBob3RvfGVufDB8fHx8MTc3ODA2ODg0NHww&ixlib=rb-4.1.0&q=80&w=1080,REAL,Female,18-25
2407,https://images.unsplash.com/photo-1738130892621-ea936f363089?crop=entropy&cs=tinysrgb&fit=max&fm=jpg&ixid=M3w5NDQwMTV8MHwxfHNlYXJjaHwxODd8fGFkdWx0JTIwZmFjZSUyMHBob3RvfGVufDB8fHx8MTc3ODA2ODg0NHww&ixlib=rb-4.1.0&q=80&w=1080,REAL,Unknown,36-50
2408,https://images.unsplash.com/photo-1742714014667-97e7a5c3ec2b?crop=entropy&cs=tinysrgb&fit=max&fm=jpg&ixid=M3w5NDQwMTV8MHwxfHNlYXJjaHwxODh8fGFkdWx0JTIwZmFjZSUyMHBob3RvfGVufDB8fHx8MTc3ODA2ODg0NHww&ixlib=rb-4.1.0&q=80&w=1080,REAL,Female,50+
2409,https://images.unsplash.com/photo-1704989974977-8f0983f9d681?crop=entropy&cs=tinysrgb&fit=max&fm=jpg&ixid=M3w5NDQwMTV8MHwxfHNlYXJjaHwxODl8fGFkdWx0JTIwZmFjZSUyMHBob3RvfGVufDB8fHx8MTc3ODA2ODg0NHww&ixlib=rb-4.1.0&q=80&w=1080,REAL,Male,26-35
2410,https://images.unsplash.com/photo-1726741692510-0eb5d1187780?crop=entropy&cs=tinysrgb&fit=max&fm=jpg&ixid=M3w5NDQwMTV8MHwxfHNlYXJjaHwxOTB8fGFkdWx0JTIwZmFjZSUyMHBob3RvfGVufDB8fHx8MTc3ODA2ODg0NHww&ixlib=rb-4.1.0&q=80&w=1080,REAL,Female,26-35
2411,https://images.unsplash.com/photo-1734953951277-bfcc2dd270c4?crop=entropy&cs=tinysrgb&fit=max&fm=jpg&ixid=M3w5NDQwMTV8MHwxfHNlYXJjaHwxOTF8fGFkdWx0JTIwZmFjZSUyMHBob3RvfGVufDB8fHx8MTc3ODA2ODg0NHww&ixlib=rb-4.1.0&q=80&w=1080,REAL,Female,26-35
2412,https://images.unsplash.com/photo-1734657481463-cf08cf371ca1?crop=entropy&cs=tinysrgb&fit=max&fm=jpg&ixid=M3w5NDQwMTV8MHwxfHNlYXJjaHwxOTJ8fGFkdWx0JTIwZmFjZSUyMHBob3RvfGVufDB8fHx8MTc3ODA2ODg0NHww&ixlib=rb-4.1.0&q=80&w=1080,REAL,Female,50+
2413,https://images.unsplash.com/photo-1727341555506-32c71857f7d2?crop=entropy&cs=tinysrgb&fit=max&fm=jpg&ixid=M3w5NDQwMTV8MHwxfHNlYXJjaHwxOTN8fGFkdWx0JTIwZmFjZSUyMHBob3RvfGVufDB8fHx8MTc3ODA2ODg0NHww&ixlib=rb-4.1.0&q=80&w=1080,REAL,Male,18-25
2414,https://images.unsplash.com/photo-1741738582568-01995ea45776?crop=entropy&cs=tinysrgb&fit=max&fm=jpg&ixid=M3w5NDQwMTV8MHwxfHNlYXJjaHwxOTR8fGFkdWx0JTIwZmFjZSUyMHBob3RvfGVufDB8fHx8MTc3ODA2ODg0NHww&ixlib=rb-4.1.0&q=80&w=1080,REAL,Female,26-35
2415,https://images.unsplash.com/photo-1749074536771-a21868729dc8?crop=entropy&cs=tinysrgb&fit=max&fm=jpg&ixid=M3w5NDQwMTV8MHwxfHNlYXJjaHwxOTV8fGFkdWx0JTIwZmFjZSUyMHBob3RvfGVufDB8fHx8MTc3ODA2ODg0NHww&ixlib=rb-4.1.0&q=80&w=1080,REAL,Male,26-35
2416,https://images.unsplash.com/photo-1723113029545-d99f29bbbc5e?crop=entropy&cs=tinysrgb&fit=max&fm=jpg&ixid=M3w5NDQwMTV8MHwxfHNlYXJjaHwxOTZ8fGFkdWx0JTIwZmFjZSUyMHBob3RvfGVufDB8fHx8MTc3ODA2ODg0NHww&ixlib=rb-4.1.0&q=80&w=1080,REAL,Female,50+
2417,https://images.unsplash.com/photo-1727341554370-80e0fe9ad082?crop=entropy&cs=tinysrgb&fit=max&fm=jpg&ixid=M3w5NDQwMTV8MHwxfHNlYXJjaHwxOTd8fGFkdWx0JTIwZmFjZSUyMHBob3RvfGVufDB8fHx8MTc3ODA2ODg0NHww&ixlib=rb-4.1.0&q=80&w=1080,REAL,Unknown,36-50
2418,https://images.unsplash.com/photo-1750267681848-90ac2dbcf43a?crop=entropy&cs=tinysrgb&fit=max&fm=jpg&ixid=M3w5NDQwMTV8MHwxfHNlYXJjaHwxOTh8fGFkdWx0JTIwZmFjZSUyMHBob3RvfGVufDB8fHx8MTc3ODA2ODg0NHww&ixlib=rb-4.1.0&q=80&w=1080,REAL,Female,18-25
2419,https://images.unsplash.com/photo-1704313638657-486462057d15?crop=entropy&cs=tinysrgb&fit=max&fm=jpg&ixid=M3w5NDQwMTV8MHwxfHNlYXJjaHwxOTl8fGFkdWx0JTIwZmFjZSUyMHBob3RvfGVufDB8fHx8MTc3ODA2ODg0NHww&ixlib=rb-4.1.0&q=80&w=1080,REAL,Female,36-50
2420,https://images.unsplash.com/photo-1744492407882-f58d42a6baf1?crop=entropy&cs=tinysrgb&fit=max&fm=jpg&ixid=M3w5NDQwMTV8MHwxfHNlYXJjaHwyMDB8fGFkdWx0JTIwZmFjZSUyMHBob3RvfGVufDB8fHx8MTc3ODA2ODg0NHww&ixlib=rb-4.1.0&q=80&w=1080,REAL,Male,18-25
2421,https://images.unsplash.com/photo-1622022169583-a80b9d3ef873?crop=entropy&cs=tinysrgb&fit=max&fm=jpg&ixid=M3w5NDQwMTV8MHwxfHNlYXJjaHwyMDF8fGFkdWx0JTIwZmFjZSUyMHBob3RvfGVufDB8fHx8MTc3ODA2ODg0NHww&ixlib=rb-4.1.0&q=80&w=1080,REAL,Male,50+
2422,https://images.unsplash.com/photo-1702458634152-ef1e7fda096c?crop=entropy&cs=tinysrgb&fit=max&fm=jpg&ixid=M3w5NDQwMTV8MHwxfHNlYXJjaHwyMDJ8fGFkdWx0JTIwZmFjZSUyMHBob3RvfGVufDB8fHx8MTc3ODA2ODg0NHww&ixlib=rb-4.1.0&q=80&w=1080,REAL,Female,36-50
2423,https://images.unsplash.com/photo-1707139743543-590aeb0437d8?crop=entropy&cs=tinysrgb&fit=max&fm=jpg&ixid=M3w5NDQwMTV8MHwxfHNlYXJjaHwyMDN8fGFkdWx0JTIwZmFjZSUyMHBob3RvfGVufDB8fHx8MTc3ODA2ODg0NHww&ixlib=rb-4.1.0&q=80&w=1080,REAL,Unknown,36-50
2424,https://images.unsplash.com/photo-1715838854648-ea200803934a?crop=entropy&cs=tinysrgb&fit=max&fm=jpg&ixid=M3w5NDQwMTV8MHwxfHNlYXJjaHwyMDR8fGFkdWx0JTIwZmFjZSUyMHBob3RvfGVufDB8fHx8MTc3ODA2ODg0NHww&ixlib=rb-4.1.0&q=80&w=1080,REAL,Unknown,18-25
2425,https://images.unsplash.com/photo-1737412358025-160a0c22e6c5?crop=entropy&cs=tinysrgb&fit=max&fm=jpg&ixid=M3w5NDQwMTV8MHwxfHNlYXJjaHwyMDV8fGFkdWx0JTIwZmFjZSUyMHBob3RvfGVufDB8fHx8MTc3ODA2ODg0NHww&ixlib=rb-4.1.0&q=80&w=1080,REAL,Male,18-25
2426,https://images.unsplash.com/photo-1741900461080-e0f70094dcdb?crop=entropy&cs=tinysrgb&fit=max&fm=jpg&ixid=M3w5NDQwMTV8MHwxfHNlYXJjaHwyMDZ8fGFkdWx0JTIwZmFjZSUyMHBob3RvfGVufDB8fHx8MTc3ODA2ODg0NHww&ixlib=rb-4.1.0&q=80&w=1080,REAL,Unknown,50+
2427,https://images.unsplash.com/photo-1741900461084-4c25e0de13ef?crop=entropy&cs=tinysrgb&fit=max&fm=jpg&ixid=M3w5NDQwMTV8MHwxfHNlYXJjaHwyMDd8fGFkdWx0JTIwZmFjZSUyMHBob3RvfGVufDB8fHx8MTc3ODA2ODg0NHww&ixlib=rb-4.1.0&q=80&w=1080,REAL,Female,18-25
2428,https://images.unsplash.com/photo-1741900461183-619d9dfcadce?crop=entropy&cs=tinysrgb&fit=max&fm=jpg&ixid=M3w5NDQwMTV8MHwxfHNlYXJjaHwyMDh8fGFkdWx0JTIwZmFjZSUyMHBob3RvfGVufDB8fHx8MTc3ODA2ODg0NHww&ixlib=rb-4.1.0&q=80&w=1080,REAL,Male,26-35
2429,https://images.unsplash.com/photo-1728599980532-838c05729e6a?crop=entropy&cs=tinysrgb&fit=max&fm=jpg&ixid=M3w5NDQwMTV8MHwxfHNlYXJjaHwyMDl8fGFkdWx0JTIwZmFjZSUyMHBob3RvfGVufDB8fHx8MTc3ODA2ODg0NHww&ixlib=rb-4.1.0&q=80&w=1080,REAL,Male,26-35
2430,https://images.unsplash.com/photo-1741900461172-51f4c0159842?crop=entropy&cs=tinysrgb&fit=max&fm=jpg&ixid=M3w5NDQwMTV8MHwxfHNlYXJjaHwyMTB8fGFkdWx0JTIwZmFjZSUyMHBob3RvfGVufDB8fHx8MTc3ODA2ODg0NHww&ixlib=rb-4.1.0&q=80&w=1080,REAL,Female,18-25
2431,https://images.unsplash.com/photo-1728599980532-838c05729e6a?crop=entropy&cs=tinysrgb&fit=max&fm=jpg&ixid=M3w5NDQwMTV8MHwxfHNlYXJjaHwyMTF8fGFkdWx0JTIwZmFjZSUyMHBob3RvfGVufDB8fHx8MTc3ODA2ODg0Nnww&ixlib=rb-4.1.0&q=80&w=1080,REAL,Male,50+
2432,https://images.unsplash.com/photo-1741900461297-e1de872d608e?crop=entropy&cs=tinysrgb&fit=max&fm=jpg&ixid=M3w5NDQwMTV8MHwxfHNlYXJjaHwyMTJ8fGFkdWx0JTIwZmFjZSUyMHBob3RvfGVufDB8fHx8MTc3ODA2ODg0Nnww&ixlib=rb-4.1.0&q=80&w=1080,REAL,Male,36-50
2433,https://images.unsplash.com/photo-1741900461082-1d070c42cd6c?crop=entropy&cs=tinysrgb&fit=max&fm=jpg&ixid=M3w5NDQwMTV8MHwxfHNlYXJjaHwyMTN8fGFkdWx0JTIwZmFjZSUyMHBob3RvfGVufDB8fHx8MTc3ODA2ODg0Nnww&ixlib=rb-4.1.0&q=80&w=1080,REAL,Male,26-35
2434,https://images.unsplash.com/photo-1722667499667-723883166a5a?crop=entropy&cs=tinysrgb&fit=max&fm=jpg&ixid=M3w5NDQwMTV8MHwxfHNlYXJjaHwyMTR8fGFkdWx0JTIwZmFjZSUyMHBob3RvfGVufDB8fHx8MTc3ODA2ODg0Nnww&ixlib=rb-4.1.0&q=80&w=1080,REAL,Female,18-25
2435,https://images.unsplash.com/photo-1686242585106-f6f3547bc4ae?crop=entropy&cs=tinysrgb&fit=max&fm=jpg&ixid=M3w5NDQwMTV8MHwxfHNlYXJjaHwyMTV8fGFkdWx0JTIwZmFjZSUyMHBob3RvfGVufDB8fHx8MTc3ODA2ODg0Nnww&ixlib=rb-4.1.0&q=80&w=1080,REAL,Male,50+
2436,https://images.unsplash.com/photo-1686242584283-cc2592a20744?crop=entropy&cs=tinysrgb&fit=max&fm=jpg&ixid=M3w5NDQwMTV8MHwxfHNlYXJjaHwyMTZ8fGFkdWx0JTIwZmFjZSUyMHBob3RvfGVufDB8fHx8MTc3ODA2ODg0Nnww&ixlib=rb-4.1.0&q=80&w=1080,REAL,Unknown,18-25
2437,https://images.unsplash.com/photo-1686242586493-c77dd071e1e8?crop=entropy&cs=tinysrgb&fit=max&fm=jpg&ixid=M3w5NDQwMTV8MHwxfHNlYXJjaHwyMTd8fGFkdWx0JTIwZmFjZSUyMHBob3RvfGVufDB8fHx8MTc3ODA2ODg0Nnww&ixlib=rb-4.1.0&q=80&w=1080,REAL,Male,26-35
2438,https://images.unsplash.com/photo-1686242585085-dc1b1a0a0cb8?crop=entropy&cs=tinysrgb&fit=max&fm=jpg&ixid=M3w5NDQwMTV8MHwxfHNlYXJjaHwyMTh8fGFkdWx0JTIwZmFjZSUyMHBob3RvfGVufDB8fHx8MTc3ODA2ODg0Nnww&ixlib=rb-4.1.0&q=80&w=1080,REAL,Female,50+
2439,https://images.unsplash.com/photo-1686242584972-7a0f25ec4d62?crop=entropy&cs=tinysrgb&fit=max&fm=jpg&ixid=M3w5NDQwMTV8MHwxfHNlYXJjaHwyMTl8fGFkdWx0JTIwZmFjZSUyMHBob3RvfGVufDB8fHx8MTc3ODA2ODg0Nnww&ixlib=rb-4.1.0&q=80&w=1080,REAL,Unknown,36-50
2440,https://images.unsplash.com/photo-1686242585398-6a069e7eb7c3?crop=entropy&cs=tinysrgb&fit=max&fm=jpg&ixid=M3w5NDQwMTV8MHwxfHNlYXJjaHwyMjB8fGFkdWx0JTIwZmFjZSUyMHBob3RvfGVufDB8fHx8MTc3ODA2ODg0Nnww&ixlib=rb-4.1.0&q=80&w=1080,REAL,Male,18-25
2441,https://images.unsplash.com/photo-1589220286904-3dcef62c68ee?crop=entropy&cs=tinysrgb&fit=max&fm=jpg&ixid=M3w5NDQwMTV8MHwxfHNlYXJjaHwyMjF8fGFkdWx0JTIwZmFjZSUyMHBob3RvfGVufDB8fHx8MTc3ODA2ODg0Nnww&ixlib=rb-4.1.0&q=80&w=1080,REAL,Male,18-25
2442,https://images.unsplash.com/photo-1618593706014-06782cd3bb3b?crop=entropy&cs=tinysrgb&fit=max&fm=jpg&ixid=M3w5NDQwMTV8MHwxfHNlYXJjaHwyMjJ8fGFkdWx0JTIwZmFjZSUyMHBob3RvfGVufDB8fHx8MTc3ODA2ODg0Nnww&ixlib=rb-4.1.0&q=80&w=1080,REAL,Male,36-50
2443,https://images.unsplash.com/photo-1671797022922-71fe999ab2e9?crop=entropy&cs=tinysrgb&fit=max&fm=jpg&ixid=M3w5NDQwMTV8MHwxfHNlYXJjaHwyMjN8fGFkdWx0JTIwZmFjZSUyMHBob3RvfGVufDB8fHx8MTc3ODA2ODg0Nnww&ixlib=rb-4.1.0&q=80&w=1080,REAL,Male,36-50
2444,https://images.unsplash.com/photo-1740801498451-498c568204ec?crop=entropy&cs=tinysrgb&fit=max&fm=jpg&ixid=M3w5NDQwMTV8MHwxfHNlYXJjaHwyMjR8fGFkdWx0JTIwZmFjZSUyMHBob3RvfGVufDB8fHx8MTc3ODA2ODg0Nnww&ixlib=rb-4.1.0&q=80&w=1080,REAL,Female,18-25
2445,https://images.unsplash.com/photo-1635187103184-6601bdd547b5?crop=entropy&cs=tinysrgb&fit=max&fm=jpg&ixid=M3w5NDQwMTV8MHwxfHNlYXJjaHwyMjV8fGFkdWx0JTIwZmFjZSUyMHBob3RvfGVufDB8fHx8MTc3ODA2ODg0Nnww&ixlib=rb-4.1.0&q=80&w=1080,REAL,Male,26-35
2446,https://images.unsplash.com/photo-1717415111598-343adeb7824b?crop=entropy&cs=tinysrgb&fit=max&fm=jpg&ixid=M3w5NDQwMTV8MHwxfHNlYXJjaHwyMjZ8fGFkdWx0JTIwZmFjZSUyMHBob3RvfGVufDB8fHx8MTc3ODA2ODg0Nnww&ixlib=rb-4.1.0&q=80&w=1080,REAL,Unknown,36-50
2447,https://images.unsplash.com/photo-1626691321482-6c24a4f0903c?crop=entropy&cs=tinysrgb&fit=max&fm=jpg&ixid=M3w5NDQwMTV8MHwxfHNlYXJjaHwyMjd8fGFkdWx0JTIwZmFjZSUyMHBob3RvfGVufDB8fHx8MTc3ODA2ODg0Nnww&ixlib=rb-4.1.0&q=80&w=1080,REAL,Unknown,36-50
2448,https://images.unsplash.com/photo-1594903833720-f9a68102aae1?crop=entropy&cs=tinysrgb&fit=max&fm=jpg&ixid=M3w5NDQwMTV8MHwxfHNlYXJjaHwyMjh8fGFkdWx0JTIwZmFjZSUyMHBob3RvfGVufDB8fHx8MTc3ODA2ODg0Nnww&ixlib=rb-4.1.0&q=80&w=1080,REAL,Unknown,18-25
2449,https://images.unsplash.com/photo-1565368739432-fa208bdd53b7?crop=entropy&cs=tinysrgb&fit=max&fm=jpg&ixid=M3w5NDQwMTV8MHwxfHNlYXJjaHwyMjl8fGFkdWx0JTIwZmFjZSUyMHBob3RvfGVufDB8fHx8MTc3ODA2ODg0Nnww&ixlib=rb-4.1.0&q=80&w=1080,REAL,Unknown,50+
2450,https://images.unsplash.com/photo-1621256983344-ec83d26bbfcf?crop=entropy&cs=tinysrgb&fit=max&fm=jpg&ixid=M3w5NDQwMTV8MHwxfHNlYXJjaHwyMzB8fGFkdWx0JTIwZmFjZSUyMHBob3RvfGVufDB8fHx8MTc3ODA2ODg0Nnww&ixlib=rb-4.1.0&q=80&w=1080,REAL,Unknown,36-50
2451,https://images.unsplash.com/photo-1594903834278-706bdd91fdaa?crop=entropy&cs=tinysrgb&fit=max&fm=jpg&ixid=M3w5NDQwMTV8MHwxfHNlYXJjaHwyMzF8fGFkdWx0JTIwZmFjZSUyMHBob3RvfGVufDB8fHx8MTc3ODA2ODg0Nnww&ixlib=rb-4.1.0&q=80&w=1080,REAL,Male,50+
2452,https://images.unsplash.com/photo-1652883254451-a7c2b94cc35b?crop=entropy&cs=tinysrgb&fit=max&fm=jpg&ixid=M3w5NDQwMTV8MHwxfHNlYXJjaHwyMzJ8fGFkdWx0JTIwZmFjZSUyMHBob3RvfGVufDB8fHx8MTc3ODA2ODg0Nnww&ixlib=rb-4.1.0&q=80&w=1080,REAL,Female,50+
2453,https://images.unsplash.com/photo-1547729047-a1f1532c9a38?crop=entropy&cs=tinysrgb&fit=max&fm=jpg&ixid=M3w5NDQwMTV8MHwxfHNlYXJjaHwyMzN8fGFkdWx0JTIwZmFjZSUyMHBob3RvfGVufDB8fHx8MTc3ODA2ODg0Nnww&ixlib=rb-4.1.0&q=80&w=1080,REAL,Female,18-25
2454,https://images.unsplash.com/photo-1585532487868-ae1ab18246d0?crop=entropy&cs=tinysrgb&fit=max&fm=jpg&ixid=M3w5NDQwMTV8MHwxfHNlYXJjaHwyMzR8fGFkdWx0JTIwZmFjZSUyMHBob3RvfGVufDB8fHx8MTc3ODA2ODg0Nnww&ixlib=rb-4.1.0&q=80&w=1080,REAL,Unknown,18-25
2455,https://images.unsplash.com/photo-1653508036272-a3c11c6d5d8a?crop=entropy&cs=tinysrgb&fit=max&fm=jpg&ixid=M3w5NDQwMTV8MHwxfHNlYXJjaHwyMzV8fGFkdWx0JTIwZmFjZSUyMHBob3RvfGVufDB8fHx8MTc3ODA2ODg0Nnww&ixlib=rb-4.1.0&q=80&w=1080,REAL,Unknown,50+
2456,https://images.unsplash.com/photo-1691423375344-6aef240efcf2?crop=entropy&cs=tinysrgb&fit=max&fm=jpg&ixid=M3w5NDQwMTV8MHwxfHNlYXJjaHwyMzZ8fGFkdWx0JTIwZmFjZSUyMHBob3RvfGVufDB8fHx8MTc3ODA2ODg0Nnww&ixlib=rb-4.1.0&q=80&w=1080,REAL,Female,26-35
2457,https://images.unsplash.com/photo-1671718648176-ecbcae4c1dc9?crop=entropy&cs=tinysrgb&fit=max&fm=jpg&ixid=M3w5NDQwMTV8MHwxfHNlYXJjaHwyMzd8fGFkdWx0JTIwZmFjZSUyMHBob3RvfGVufDB8fHx8MTc3ODA2ODg0Nnww&ixlib=rb-4.1.0&q=80&w=1080,REAL,Male,18-25
2458,https://images.unsplash.com/photo-1523901056858-1b233826cb15?crop=entropy&cs=tinysrgb&fit=max&fm=jpg&ixid=M3w5NDQwMTV8MHwxfHNlYXJjaHwyMzh8fGFkdWx0JTIwZmFjZSUyMHBob3RvfGVufDB8fHx8MTc3ODA2ODg0Nnww&ixlib=rb-4.1.0&q=80&w=1080,REAL,Female,36-50
2459,https://images.unsplash.com/photo-1635187112337-b5f132081538?crop=entropy&cs=tinysrgb&fit=max&fm=jpg&ixid=M3w5NDQwMTV8MHwxfHNlYXJjaHwyMzl8fGFkdWx0JTIwZmFjZSUyMHBob3RvfGVufDB8fHx8MTc3ODA2ODg0Nnww&ixlib=rb-4.1.0&q=80&w=1080,REAL,Female,18-25
2460,https://images.unsplash.com/photo-1559012993-1f67614fbd00?crop=entropy&cs=tinysrgb&fit=max&fm=jpg&ixid=M3w5NDQwMTV8MHwxfHNlYXJjaHwyNDB8fGFkdWx0JTIwZmFjZSUyMHBob3RvfGVufDB8fHx8MTc3ODA2ODg0Nnww&ixlib=rb-4.1.0&q=80&w=1080,REAL,Unknown,18-25
2461,https://images.unsplash.com/photo-1688660435269-9b2220f44c75?crop=entropy&cs=tinysrgb&fit=max&fm=jpg&ixid=M3w5NDQwMTV8MHwxfHNlYXJjaHwyNDF8fGFkdWx0JTIwZmFjZSUyMHBob3RvfGVufDB8fHx8MTc3ODA2ODg0OXww&ixlib=rb-4.1.0&q=80&w=1080,REAL,Unknown,26-35
2462,https://images.unsplash.com/photo-1628125659685-6ca2a5416422?crop=entropy&cs=tinysrgb&fit=max&fm=jpg&ixid=M3w5NDQwMTV8MHwxfHNlYXJjaHwyNDJ8fGFkdWx0JTIwZmFjZSUyMHBob3RvfGVufDB8fHx8MTc3ODA2ODg0OXww&ixlib=rb-4.1.0&q=80&w=1080,REAL,Unknown,36-50
2463,https://images.unsplash.com/photo-1655586542508-ed7264cfe041?crop=entropy&cs=tinysrgb&fit=max&fm=jpg&ixid=M3w5NDQwMTV8MHwxfHNlYXJjaHwyNDN8fGFkdWx0JTIwZmFjZSUyMHBob3RvfGVufDB8fHx8MTc3ODA2ODg0OXww&ixlib=rb-4.1.0&q=80&w=1080,REAL,Unknown,26-35
2464,https://images.unsplash.com/photo-1697158608386-d670c8c4e3f9?crop=entropy&cs=tinysrgb&fit=max&fm=jpg&ixid=M3w5NDQwMTV8MHwxfHNlYXJjaHwyNDR8fGFkdWx0JTIwZmFjZSUyMHBob3RvfGVufDB8fHx8MTc3ODA2ODg0OXww&ixlib=rb-4.1.0&q=80&w=1080,REAL,Female,26-35
2465,https://images.unsplash.com/photo-1641522198165-f5d420e556a3?crop=entropy&cs=tinysrgb&fit=max&fm=jpg&ixid=M3w5NDQwMTV8MHwxfHNlYXJjaHwyNDV8fGFkdWx0JTIwZmFjZSUyMHBob3RvfGVufDB8fHx8MTc3ODA2ODg0OXww&ixlib=rb-4.1.0&q=80&w=1080,REAL,Male,50+
2466,https://images.unsplash.com/photo-1534954553104-88cb75be7648?crop=entropy&cs=tinysrgb&fit=max&fm=jpg&ixid=M3w5NDQwMTV8MHwxfHNlYXJjaHwyNDZ8fGFkdWx0JTIwZmFjZSUyMHBob3RvfGVufDB8fHx8MTc3ODA2ODg0OXww&ixlib=rb-4.1.0&q=80&w=1080,REAL,Unknown,26-35
2467,https://images.unsplash.com/photo-1659373634409-5a6c1c116352?crop=entropy&cs=tinysrgb&fit=max&fm=jpg&ixid=M3w5NDQwMTV8MHwxfHNlYXJjaHwyNDd8fGFkdWx0JTIwZmFjZSUyMHBob3RvfGVufDB8fHx8MTc3ODA2ODg0OXww&ixlib=rb-4.1.0&q=80&w=1080,REAL,Male,18-25
2468,https://images.unsplash.com/photo-1585950689374-86d54b0efd6c?crop=entropy&cs=tinysrgb&fit=max&fm=jpg&ixid=M3w5NDQwMTV8MHwxfHNlYXJjaHwyNDh8fGFkdWx0JTIwZmFjZSUyMHBob3RvfGVufDB8fHx8MTc3ODA2ODg0OXww&ixlib=rb-4.1.0&q=80&w=1080,REAL,Male,36-50
2469,https://images.unsplash.com/photo-1552158732-06dc1d835de0?crop=entropy&cs=tinysrgb&fit=max&fm=jpg&ixid=M3w5NDQwMTV8MHwxfHNlYXJjaHwyNDl8fGFkdWx0JTIwZmFjZSUyMHBob3RvfGVufDB8fHx8MTc3ODA2ODg0OXww&ixlib=rb-4.1.0&q=80&w=1080,REAL,Male,26-35
2470,https://images.unsplash.com/photo-1648844495307-aa5b4b591822?crop=entropy&cs=tinysrgb&fit=max&fm=jpg&ixid=M3w5NDQwMTV8MHwxfHNlYXJjaHwyNTB8fGFkdWx0JTIwZmFjZSUyMHBob3RvfGVufDB8fHx8MTc3ODA2ODg0OXww&ixlib=rb-4.1.0&q=80&w=1080,REAL,Unknown,50+
2471,https://images.unsplash.com/photo-1677504047237-e1eff274275f?crop=entropy&cs=tinysrgb&fit=max&fm=jpg&ixid=M3w5NDQwMTV8MHwxfHNlYXJjaHwyNTF8fGFkdWx0JTIwZmFjZSUyMHBob3RvfGVufDB8fHx8MTc3ODA2ODg0OXww&ixlib=rb-4.1.0&q=80&w=1080,REAL,Female,18-25
2472,https://images.unsplash.com/photo-1623371950828-d173a5dc184b?crop=entropy&cs=tinysrgb&fit=max&fm=jpg&ixid=M3w5NDQwMTV8MHwxfHNlYXJjaHwyNTJ8fGFkdWx0JTIwZmFjZSUyMHBob3RvfGVufDB8fHx8MTc3ODA2ODg0OXww&ixlib=rb-4.1.0&q=80&w=1080,REAL,Female,18-25
2473,https://images.unsplash.com/photo-1700046694069-1090e1ed0f66?crop=entropy&cs=tinysrgb&fit=max&fm=jpg&ixid=M3w5NDQwMTV8MHwxfHNlYXJjaHwyNTN8fGFkdWx0JTIwZmFjZSUyMHBob3RvfGVufDB8fHx8MTc3ODA2ODg0OXww&ixlib=rb-4.1.0&q=80&w=1080,REAL,Male,18-25
2474,https://images.unsplash.com/photo-1520529277867-dbf8c5e0b340?crop=entropy&cs=tinysrgb&fit=max&fm=jpg&ixid=M3w5NDQwMTV8MHwxfHNlYXJjaHwyNTR8fGFkdWx0JTIwZmFjZSUyMHBob3RvfGVufDB8fHx8MTc3ODA2ODg0OXww&ixlib=rb-4.1.0&q=80&w=1080,REAL,Female,18-25
2475,https://images.unsplash.com/photo-1589723789826-8783dda0d502?crop=entropy&cs=tinysrgb&fit=max&fm=jpg&ixid=M3w5NDQwMTV8MHwxfHNlYXJjaHwyNTV8fGFkdWx0JTIwZmFjZSUyMHBob3RvfGVufDB8fHx8MTc3ODA2ODg0OXww&ixlib=rb-4.1.0&q=80&w=1080,REAL,Female,36-50
2476,https://images.unsplash.com/photo-1746410848329-c2b035f49228?crop=entropy&cs=tinysrgb&fit=max&fm=jpg&ixid=M3w5NDQwMTV8MHwxfHNlYXJjaHwyNTZ8fGFkdWx0JTIwZmFjZSUyMHBob3RvfGVufDB8fHx8MTc3ODA2ODg0OXww&ixlib=rb-4.1.0&q=80&w=1080,REAL,Female,18-25
2477,https://images.unsplash.com/photo-1668939110742-82585865c6c6?crop=entropy&cs=tinysrgb&fit=max&fm=jpg&ixid=M3w5NDQwMTV8MHwxfHNlYXJjaHwyNTd8fGFkdWx0JTIwZmFjZSUyMHBob3RvfGVufDB8fHx8MTc3ODA2ODg0OXww&ixlib=rb-4.1.0&q=80&w=1080,REAL,Unknown,36-50
2478,https://images.unsplash.com/photo-1740801505683-9391efb89106?crop=entropy&cs=tinysrgb&fit=max&fm=jpg&ixid=M3w5NDQwMTV8MHwxfHNlYXJjaHwyNTh8fGFkdWx0JTIwZmFjZSUyMHBob3RvfGVufDB8fHx8MTc3ODA2ODg0OXww&ixlib=rb-4.1.0&q=80&w=1080,REAL,Unknown,50+
2479,https://images.unsplash.com/photo-1582011715353-0dfce1542acc?crop=entropy&cs=tinysrgb&fit=max&fm=jpg&ixid=M3w5NDQwMTV8MHwxfHNlYXJjaHwyNTl8fGFkdWx0JTIwZmFjZSUyMHBob3RvfGVufDB8fHx8MTc3ODA2ODg0OXww&ixlib=rb-4.1.0&q=80&w=1080,REAL,Male,50+
2480,https://images.unsplash.com/photo-1746410848313-2b3e7c180977?crop=entropy&cs=tinysrgb&fit=max&fm=jpg&ixid=M3w5NDQwMTV8MHwxfHNlYXJjaHwyNjB8fGFkdWx0JTIwZmFjZSUyMHBob3RvfGVufDB8fHx8MTc3ODA2ODg0OXww&ixlib=rb-4.1.0&q=80&w=1080,REAL,Female,36-50
2481,https://images.unsplash.com/photo-1610767618929-0db1b797cbc6?crop=entropy&cs=tinysrgb&fit=max&fm=jpg&ixid=M3w5NDQwMTV8MHwxfHNlYXJjaHwyNjF8fGFkdWx0JTIwZmFjZSUyMHBob3RvfGVufDB8fHx8MTc3ODA2ODg0OXww&ixlib=rb-4.1.0&q=80&w=1080,REAL,Male,50+
2482,https://images.unsplash.com/photo-1629880603571-8239f469a695?crop=entropy&cs=tinysrgb&fit=max&fm=jpg&ixid=M3w5NDQwMTV8MHwxfHNlYXJjaHwyNjJ8fGFkdWx0JTIwZmFjZSUyMHBob3RvfGVufDB8fHx8MTc3ODA2ODg0OXww&ixlib=rb-4.1.0&q=80&w=1080,REAL,Female,18-25
2483,https://images.unsplash.com/photo-1544806722-0bf6ffad1844?crop=entropy&cs=tinysrgb&fit=max&fm=jpg&ixid=M3w5NDQwMTV8MHwxfHNlYXJjaHwyNjN8fGFkdWx0JTIwZmFjZSUyMHBob3RvfGVufDB8fHx8MTc3ODA2ODg0OXww&ixlib=rb-4.1.0&q=80&w=1080,REAL,Unknown,50+
2484,https://images.unsplash.com/photo-1738091441463-26f8f7e2d0dd?crop=entropy&cs=tinysrgb&fit=max&fm=jpg&ixid=M3w5NDQwMTV8MHwxfHNlYXJjaHwyNjR8fGFkdWx0JTIwZmFjZSUyMHBob3RvfGVufDB8fHx8MTc3ODA2ODg0OXww&ixlib=rb-4.1.0&q=80&w=1080,REAL,Unknown,50+
2485,https://images.unsplash.com/photo-1559012962-209e66dd1cbf?crop=entropy&cs=tinysrgb&fit=max&fm=jpg&ixid=M3w5NDQwMTV8MHwxfHNlYXJjaHwyNjV8fGFkdWx0JTIwZmFjZSUyMHBob3RvfGVufDB8fHx8MTc3ODA2ODg0OXww&ixlib=rb-4.1.0&q=80&w=1080,REAL,Female,18-25
2486,https://images.unsplash.com/photo-1607999879201-61ca2ef1c757?crop=entropy&cs=tinysrgb&fit=max&fm=jpg&ixid=M3w5NDQwMTV8MHwxfHNlYXJjaHwyNjZ8fGFkdWx0JTIwZmFjZSUyMHBob3RvfGVufDB8fHx8MTc3ODA2ODg0OXww&ixlib=rb-4.1.0&q=80&w=1080,REAL,Male,26-35
2487,https://images.unsplash.com/photo-1552350023-2de660f3de07?crop=entropy&cs=tinysrgb&fit=max&fm=jpg&ixid=M3w5NDQwMTV8MHwxfHNlYXJjaHwyNjd8fGFkdWx0JTIwZmFjZSUyMHBob3RvfGVufDB8fHx8MTc3ODA2ODg0OXww&ixlib=rb-4.1.0&q=80&w=1080,REAL,Unknown,18-25
2488,https://images.unsplash.com/photo-1574526787396-da66a83b83fc?crop=entropy&cs=tinysrgb&fit=max&fm=jpg&ixid=M3w5NDQwMTV8MHwxfHNlYXJjaHwyNjh8fGFkdWx0JTIwZmFjZSUyMHBob3RvfGVufDB8fHx8MTc3ODA2ODg0OXww&ixlib=rb-4.1.0&q=80&w=1080,REAL,Unknown,18-25
2489,https://images.unsplash.com/photo-1624834574675-0dadfe31c15f?crop=entropy&cs=tinysrgb&fit=max&fm=jpg&ixid=M3w5NDQwMTV8MHwxfHNlYXJjaHwyNjl8fGFkdWx0JTIwZmFjZSUyMHBob3RvfGVufDB8fHx8MTc3ODA2ODg0OXww&ixlib=rb-4.1.0&q=80&w=1080,REAL,Male,18-25
2490,https://images.unsplash.com/photo-1565023629598-385c80373b3e?crop=entropy&cs=tinysrgb&fit=max&fm=jpg&ixid=M3w5NDQwMTV8MHwxfHNlYXJjaHwyNzB8fGFkdWx0JTIwZmFjZSUyMHBob3RvfGVufDB8fHx8MTc3ODA2ODg0OXww&ixlib=rb-4.1.0&q=80&w=1080,REAL,Male,50+
2491,https://images.unsplash.com/photo-1639351823493-9e451eca0b5b?crop=entropy&cs=tinysrgb&fit=max&fm=jpg&ixid=M3w5NDQwMTV8MHwxfHNlYXJjaHwyNzF8fGFkdWx0JTIwZmFjZSUyMHBob3RvfGVufDB8fHx8MTc3ODA2ODg1MXww&ixlib=rb-4.1.0&q=80&w=1080,REAL,Male,50+
2492,https://images.unsplash.com/photo-1626691321245-27a1dc356f17?crop=entropy&cs=tinysrgb&fit=max&fm=jpg&ixid=M3w5NDQwMTV8MHwxfHNlYXJjaHwyNzJ8fGFkdWx0JTIwZmFjZSUyMHBob3RvfGVufDB8fHx8MTc3ODA2ODg1MXww&ixlib=rb-4.1.0&q=80&w=1080,REAL,Female,18-25
2493,https://images.unsplash.com/photo-1626362337699-9b020ec8e716?crop=entropy&cs=tinysrgb&fit=max&fm=jpg&ixid=M3w5NDQwMTV8MHwxfHNlYXJjaHwyNzN8fGFkdWx0JTIwZmFjZSUyMHBob3RvfGVufDB8fHx8MTc3ODA2ODg1MXww&ixlib=rb-4.1.0&q=80&w=1080,REAL,Unknown,50+
2494,https://images.unsplash.com/photo-1533387912059-6044599bc4c5?crop=entropy&cs=tinysrgb&fit=max&fm=jpg&ixid=M3w5NDQwMTV8MHwxfHNlYXJjaHwyNzR8fGFkdWx0JTIwZmFjZSUyMHBob3RvfGVufDB8fHx8MTc3ODA2ODg1MXww&ixlib=rb-4.1.0&q=80&w=1080,REAL,Female,36-50
2495,https://images.unsplash.com/photo-1611063507812-3f9eea0b46e7?crop=entropy&cs=tinysrgb&fit=max&fm=jpg&ixid=M3w5NDQwMTV8MHwxfHNlYXJjaHwyNzV8fGFkdWx0JTIwZmFjZSUyMHBob3RvfGVufDB8fHx8MTc3ODA2ODg1MXww&ixlib=rb-4.1.0&q=80&w=1080,REAL,Female,26-35
2496,https://images.unsplash.com/photo-1746410848327-988dcf401e2c?crop=entropy&cs=tinysrgb&fit=max&fm=jpg&ixid=M3w5NDQwMTV8MHwxfHNlYXJjaHwyNzZ8fGFkdWx0JTIwZmFjZSUyMHBob3RvfGVufDB8fHx8MTc3ODA2ODg1MXww&ixlib=rb-4.1.0&q=80&w=1080,REAL,Male,18-25
2497,https://images.unsplash.com/photo-1713480892334-884a71a58103?crop=entropy&cs=tinysrgb&fit=max&fm=jpg&ixid=M3w5NDQwMTV8MHwxfHNlYXJjaHwyNzd8fGFkdWx0JTIwZmFjZSUyMHBob3RvfGVufDB8fHx8MTc3ODA2ODg1MXww&ixlib=rb-4.1.0&q=80&w=1080,REAL,Unknown,26-35
2498,https://images.unsplash.com/photo-1650213236604-6dd826c965c0?crop=entropy&cs=tinysrgb&fit=max&fm=jpg&ixid=M3w5NDQwMTV8MHwxfHNlYXJjaHwyNzh8fGFkdWx0JTIwZmFjZSUyMHBob3RvfGVufDB8fHx8MTc3ODA2ODg1MXww&ixlib=rb-4.1.0&q=80&w=1080,REAL,Unknown,50+
2499,https://images.unsplash.com/photo-1629784468535-0fa00ef08b67?crop=entropy&cs=tinysrgb&fit=max&fm=jpg&ixid=M3w5NDQwMTV8MHwxfHNlYXJjaHwyNzl8fGFkdWx0JTIwZmFjZSUyMHBob3RvfGVufDB8fHx8MTc3ODA2ODg1MXww&ixlib=rb-4.1.0&q=80&w=1080,REAL,Male,26-35
2500,https://images.unsplash.com/photo-1598207950594-0fd066748f22?crop=entropy&cs=tinysrgb&fit=max&fm=jpg&ixid=M3w5NDQwMTV8MHwxfHNlYXJjaHwyODB8fGFkdWx0JTIwZmFjZSUyMHBob3RvfGVufDB8fHx8MTc3ODA2ODg1MXww&ixlib=rb-4.1.0&q=80&w=1080,REAL,Male,18-25
2501,https://images.unsplash.com/photo-1619675285842-547d25ae519e?crop=entropy&cs=tinysrgb&fit=max&fm=jpg&ixid=M3w5NDQwMTV8MHwxfHNlYXJjaHwyODF8fGFkdWx0JTIwZmFjZSUyMHBob3RvfGVufDB8fHx8MTc3ODA2ODg1MXww&ixlib=rb-4.1.0&q=80&w=1080,REAL,Male,18-25
2502,https://images.unsplash.com/photo-1611938782728-e5f1b1629983?crop=entropy&cs=tinysrgb&fit=max&fm=jpg&ixid=M3w5NDQwMTV8MHwxfHNlYXJjaHwyODJ8fGFkdWx0JTIwZmFjZSUyMHBob3RvfGVufDB8fHx8MTc3ODA2ODg1MXww&ixlib=rb-4.1.0&q=80&w=1080,REAL,Unknown,36-50
2503,https://images.unsplash.com/photo-1650095663041-78fa245157b1?crop=entropy&cs=tinysrgb&fit=max&fm=jpg&ixid=M3w5NDQwMTV8MHwxfHNlYXJjaHwyODN8fGFkdWx0JTIwZmFjZSUyMHBob3RvfGVufDB8fHx8MTc3ODA2ODg1MXww&ixlib=rb-4.1.0&q=80&w=1080,REAL,Male,18-25
2504,https://images.unsplash.com/photo-1536111873776-77ca66928e33?crop=entropy&cs=tinysrgb&fit=max&fm=jpg&ixid=M3w5NDQwMTV8MHwxfHNlYXJjaHwyODR8fGFkdWx0JTIwZmFjZSUyMHBob3RvfGVufDB8fHx8MTc3ODA2ODg1MXww&ixlib=rb-4.1.0&q=80&w=1080,REAL,Female,18-25
2505,https://images.unsplash.com/photo-1632266911007-2ff3be5d3c04?crop=entropy&cs=tinysrgb&fit=max&fm=jpg&ixid=M3w5NDQwMTV8MHwxfHNlYXJjaHwyODV8fGFkdWx0JTIwZmFjZSUyMHBob3RvfGVufDB8fHx8MTc3ODA2ODg1MXww&ixlib=rb-4.1.0&q=80&w=1080,REAL,Unknown,36-50
2506,https://images.unsplash.com/photo-1601869289768-9b8fe05c61fa?crop=entropy&cs=tinysrgb&fit=max&fm=jpg&ixid=M3w5NDQwMTV8MHwxfHNlYXJjaHwyODZ8fGFkdWx0JTIwZmFjZSUyMHBob3RvfGVufDB8fHx8MTc3ODA2ODg1MXww&ixlib=rb-4.1.0&q=80&w=1080,REAL,Unknown,50+
2507,https://images.unsplash.com/photo-1572707567502-90b57adeb97b?crop=entropy&cs=tinysrgb&fit=max&fm=jpg&ixid=M3w5NDQwMTV8MHwxfHNlYXJjaHwyODd8fGFkdWx0JTIwZmFjZSUyMHBob3RvfGVufDB8fHx8MTc3ODA2ODg1MXww&ixlib=rb-4.1.0&q=80&w=1080,REAL,Male,36-50
2508,https://images.unsplash.com/photo-1586326889087-a28522100441?crop=entropy&cs=tinysrgb&fit=max&fm=jpg&ixid=M3w5NDQwMTV8MHwxfHNlYXJjaHwyODh8fGFkdWx0JTIwZmFjZSUyMHBob3RvfGVufDB8fHx8MTc3ODA2ODg1MXww&ixlib=rb-4.1.0&q=80&w=1080,REAL,Unknown,36-50
2509,https://images.unsplash.com/photo-1718962984269-c069f9d2dec2?crop=entropy&cs=tinysrgb&fit=max&fm=jpg&ixid=M3w5NDQwMTV8MHwxfHNlYXJjaHwyODl8fGFkdWx0JTIwZmFjZSUyMHBob3RvfGVufDB8fHx8MTc3ODA2ODg1MXww&ixlib=rb-4.1.0&q=80&w=1080,REAL,Unknown,36-50
2510,https://images.unsplash.com/photo-1732562534798-9d7198f459d6?crop=entropy&cs=tinysrgb&fit=max&fm=jpg&ixid=M3w5NDQwMTV8MHwxfHNlYXJjaHwyOTB8fGFkdWx0JTIwZmFjZSUyMHBob3RvfGVufDB8fHx8MTc3ODA2ODg1MXww&ixlib=rb-4.1.0&q=80&w=1080,REAL,Unknown,26-35
2511,https://images.unsplash.com/photo-1603297430243-9acf4f078372?crop=entropy&cs=tinysrgb&fit=max&fm=jpg&ixid=M3w5NDQwMTV8MHwxfHNlYXJjaHwyOTF8fGFkdWx0JTIwZmFjZSUyMHBob3RvfGVufDB8fHx8MTc3ODA2ODg1MXww&ixlib=rb-4.1.0&q=80&w=1080,REAL,Unknown,36-50
2512,https://images.unsplash.com/photo-1739710768179-9cae4ad3b355?crop=entropy&cs=tinysrgb&fit=max&fm=jpg&ixid=M3w5NDQwMTV8MHwxfHNlYXJjaHwyOTJ8fGFkdWx0JTIwZmFjZSUyMHBob3RvfGVufDB8fHx8MTc3ODA2ODg1MXww&ixlib=rb-4.1.0&q=80&w=1080,REAL,Unknown,50+
2513,https://images.unsplash.com/photo-1610821681484-ef2f0cec67f4?crop=entropy&cs=tinysrgb&fit=max&fm=jpg&ixid=M3w5NDQwMTV8MHwxfHNlYXJjaHwyOTN8fGFkdWx0JTIwZmFjZSUyMHBob3RvfGVufDB8fHx8MTc3ODA2ODg1MXww&ixlib=rb-4.1.0&q=80&w=1080,REAL,Male,50+
2514,https://images.unsplash.com/photo-1649839297604-b255b9ae5195?crop=entropy&cs=tinysrgb&fit=max&fm=jpg&ixid=M3w5NDQwMTV8MHwxfHNlYXJjaHwyOTR8fGFkdWx0JTIwZmFjZSUyMHBob3RvfGVufDB8fHx8MTc3ODA2ODg1MXww&ixlib=rb-4.1.0&q=80&w=1080,REAL,Male,36-50
2515,https://images.unsplash.com/photo-1630564256398-af1a63001127?crop=entropy&cs=tinysrgb&fit=max&fm=jpg&ixid=M3w5NDQwMTV8MHwxfHNlYXJjaHwyOTV8fGFkdWx0JTIwZmFjZSUyMHBob3RvfGVufDB8fHx8MTc3ODA2ODg1MXww&ixlib=rb-4.1.0&q=80&w=1080,REAL,Female,26-35
2516,https://images.unsplash.com/photo-1665493079387-bdec8180f00e?crop=entropy&cs=tinysrgb&fit=max&fm=jpg&ixid=M3w5NDQwMTV8MHwxfHNlYXJjaHwyOTZ8fGFkdWx0JTIwZmFjZSUyMHBob3RvfGVufDB8fHx8MTc3ODA2ODg1MXww&ixlib=rb-4.1.0&q=80&w=1080,REAL,Male,50+
2517,https://images.unsplash.com/photo-1610767541061-cc2cf8121199?crop=entropy&cs=tinysrgb&fit=max&fm=jpg&ixid=M3w5NDQwMTV8MHwxfHNlYXJjaHwyOTd8fGFkdWx0JTIwZmFjZSUyMHBob3RvfGVufDB8fHx8MTc3ODA2ODg1MXww&ixlib=rb-4.1.0&q=80&w=1080,REAL,Female,50+
2518,https://images.unsplash.com/photo-1754794084957-55cd12d9be45?crop=entropy&cs=tinysrgb&fit=max&fm=jpg&ixid=M3w5NDQwMTV8MHwxfHNlYXJjaHwyOTh8fGFkdWx0JTIwZmFjZSUyMHBob3RvfGVufDB8fHx8MTc3ODA2ODg1MXww&ixlib=rb-4.1.0&q=80&w=1080,REAL,Male,36-50
2519,https://images.unsplash.com/photo-1617746652974-0be48cd984d1?crop=entropy&cs=tinysrgb&fit=max&fm=jpg&ixid=M3w5NDQwMTV8MHwxfHNlYXJjaHwyOTl8fGFkdWx0JTIwZmFjZSUyMHBob3RvfGVufDB8fHx8MTc3ODA2ODg1MXww&ixlib=rb-4.1.0&q=80&w=1080,REAL,Male,26-35
2520,https://images.unsplash.com/photo-1639351823492-9e78ad6d0bae?crop=entropy&cs=tinysrgb&fit=max&fm=jpg&ixid=M3w5NDQwMTV8MHwxfHNlYXJjaHwzMDB8fGFkdWx0JTIwZmFjZSUyMHBob3RvfGVufDB8fHx8MTc3ODA2ODg1MXww&ixlib=rb-4.1.0&q=80&w=1080,REAL,Female,18-25
2521,https://images.unsplash.com/photo-1575533924598-84b7ab715512?crop=entropy&cs=tinysrgb&fit=max&fm=jpg&ixid=M3w5NDQwMTV8MHwxfHNlYXJjaHwzMDF8fGFkdWx0JTIwZmFjZSUyMHBob3RvfGVufDB8fHx8MTc3ODA2ODg1M3ww&ixlib=rb-4.1.0&q=80&w=1080,REAL,Unknown,26-35
2522,https://images.unsplash.com/photo-1626691318072-6f6e0ae5e799?crop=entropy&cs=tinysrgb&fit=max&fm=jpg&ixid=M3w5NDQwMTV8MHwxfHNlYXJjaHwzMDJ8fGFkdWx0JTIwZmFjZSUyMHBob3RvfGVufDB8fHx8MTc3ODA2ODg1M3ww&ixlib=rb-4.1.0&q=80&w=1080,REAL,Female,50+
2523,https://images.unsplash.com/photo-1581939511803-056d56b1d38b?crop=entropy&cs=tinysrgb&fit=max&fm=jpg&ixid=M3w5NDQwMTV8MHwxfHNlYXJjaHwzMDN8fGFkdWx0JTIwZmFjZSUyMHBob3RvfGVufDB8fHx8MTc3ODA2ODg1M3ww&ixlib=rb-4.1.0&q=80&w=1080,REAL,Unknown,18-25
2524,https://images.unsplash.com/photo-1576099374988-92c106eab519?crop=entropy&cs=tinysrgb&fit=max&fm=jpg&ixid=M3w5NDQwMTV8MHwxfHNlYXJjaHwzMDR8fGFkdWx0JTIwZmFjZSUyMHBob3RvfGVufDB8fHx8MTc3ODA2ODg1M3ww&ixlib=rb-4.1.0&q=80&w=1080,REAL,Male,50+
2525,https://images.unsplash.com/photo-1617925357862-706bccbcf0bd?crop=entropy&cs=tinysrgb&fit=max&fm=jpg&ixid=M3w5NDQwMTV8MHwxfHNlYXJjaHwzMDV8fGFkdWx0JTIwZmFjZSUyMHBob3RvfGVufDB8fHx8MTc3ODA2ODg1M3ww&ixlib=rb-4.1.0&q=80&w=1080,REAL,Male,50+
2526,https://images.unsplash.com/photo-1552845436-94349b19322c?crop=entropy&cs=tinysrgb&fit=max&fm=jpg&ixid=M3w5NDQwMTV8MHwxfHNlYXJjaHwzMDZ8fGFkdWx0JTIwZmFjZSUyMHBob3RvfGVufDB8fHx8MTc3ODA2ODg1M3ww&ixlib=rb-4.1.0&q=80&w=1080,REAL,Male,36-50
2527,https://images.unsplash.com/photo-1527105602609-6259668aa670?crop=entropy&cs=tinysrgb&fit=max&fm=jpg&ixid=M3w5NDQwMTV8MHwxfHNlYXJjaHwzMDd8fGFkdWx0JTIwZmFjZSUyMHBob3RvfGVufDB8fHx8MTc3ODA2ODg1M3ww&ixlib=rb-4.1.0&q=80&w=1080,REAL,Female,26-35
2528,https://images.unsplash.com/photo-1568777984968-2ce482b45aaa?crop=entropy&cs=tinysrgb&fit=max&fm=jpg&ixid=M3w5NDQwMTV8MHwxfHNlYXJjaHwzMDh8fGFkdWx0JTIwZmFjZSUyMHBob3RvfGVufDB8fHx8MTc3ODA2ODg1M3ww&ixlib=rb-4.1.0&q=80&w=1080,REAL,Female,26-35
2529,https://images.unsplash.com/photo-1653682386262-b11e3faf8a11?crop=entropy&cs=tinysrgb&fit=max&fm=jpg&ixid=M3w5NDQwMTV8MHwxfHNlYXJjaHwzMDl8fGFkdWx0JTIwZmFjZSUyMHBob3RvfGVufDB8fHx8MTc3ODA2ODg1M3ww&ixlib=rb-4.1.0&q=80&w=1080,REAL,Male,50+
2530,https://images.unsplash.com/photo-1596140001136-1b661070fa4d?crop=entropy&cs=tinysrgb&fit=max&fm=jpg&ixid=M3w5NDQwMTV8MHwxfHNlYXJjaHwzMTB8fGFkdWx0JTIwZmFjZSUyMHBob3RvfGVufDB8fHx8MTc3ODA2ODg1M3ww&ixlib=rb-4.1.0&q=80&w=1080,REAL,Female,50+
2531,https://images.unsplash.com/photo-1647604466811-6a7b1e78892d?crop=entropy&cs=tinysrgb&fit=max&fm=jpg&ixid=M3w5NDQwMTV8MHwxfHNlYXJjaHwzMTF8fGFkdWx0JTIwZmFjZSUyMHBob3RvfGVufDB8fHx8MTc3ODA2ODg1M3ww&ixlib=rb-4.1.0&q=80&w=1080,REAL,Female,26-35
2532,https://images.unsplash.com/photo-1601035242143-8fb58d787cd1?crop=entropy&cs=tinysrgb&fit=max&fm=jpg&ixid=M3w5NDQwMTV8MHwxfHNlYXJjaHwzMTJ8fGFkdWx0JTIwZmFjZSUyMHBob3RvfGVufDB8fHx8MTc3ODA2ODg1M3ww&ixlib=rb-4.1.0&q=80&w=1080,REAL,Unknown,50+
2533,https://images.unsplash.com/photo-1610767540471-dc35cf9d83cb?crop=entropy&cs=tinysrgb&fit=max&fm=jpg&ixid=M3w5NDQwMTV8MHwxfHNlYXJjaHwzMTN8fGFkdWx0JTIwZmFjZSUyMHBob3RvfGVufDB8fHx8MTc3ODA2ODg1M3ww&ixlib=rb-4.1.0&q=80&w=1080,REAL,Male,18-25
2534,https://images.unsplash.com/photo-1591461283504-48919ae873f8?crop=entropy&cs=tinysrgb&fit=max&fm=jpg&ixid=M3w5NDQwMTV8MHwxfHNlYXJjaHwzMTR8fGFkdWx0JTIwZmFjZSUyMHBob3RvfGVufDB8fHx8MTc3ODA2ODg1M3ww&ixlib=rb-4.1.0&q=80&w=1080,REAL,Female,18-25
2535,https://images.unsplash.com/photo-1642423889116-93ace7263b18?crop=entropy&cs=tinysrgb&fit=max&fm=jpg&ixid=M3w5NDQwMTV8MHwxfHNlYXJjaHwzMTV8fGFkdWx0JTIwZmFjZSUyMHBob3RvfGVufDB8fHx8MTc3ODA2ODg1M3ww&ixlib=rb-4.1.0&q=80&w=1080,REAL,Female,18-25
2536,https://images.unsplash.com/photo-1535959762618-82a0762b02f9?crop=entropy&cs=tinysrgb&fit=max&fm=jpg&ixid=M3w5NDQwMTV8MHwxfHNlYXJjaHwzMTZ8fGFkdWx0JTIwZmFjZSUyMHBob3RvfGVufDB8fHx8MTc3ODA2ODg1M3ww&ixlib=rb-4.1.0&q=80&w=1080,REAL,Female,36-50
2537,https://images.unsplash.com/photo-1608144715586-b6ae0519ebda?crop=entropy&cs=tinysrgb&fit=max&fm=jpg&ixid=M3w5NDQwMTV8MHwxfHNlYXJjaHwzMTd8fGFkdWx0JTIwZmFjZSUyMHBob3RvfGVufDB8fHx8MTc3ODA2ODg1M3ww&ixlib=rb-4.1.0&q=80&w=1080,REAL,Male,36-50
2538,https://images.unsplash.com/photo-1620500152453-6cfd7a034e9b?crop=entropy&cs=tinysrgb&fit=max&fm=jpg&ixid=M3w5NDQwMTV8MHwxfHNlYXJjaHwzMTh8fGFkdWx0JTIwZmFjZSUyMHBob3RvfGVufDB8fHx8MTc3ODA2ODg1M3ww&ixlib=rb-4.1.0&q=80&w=1080,REAL,Unknown,36-50
2539,https://images.unsplash.com/photo-1617428882846-7e235cbeabe4?crop=entropy&cs=tinysrgb&fit=max&fm=jpg&ixid=M3w5NDQwMTV8MHwxfHNlYXJjaHwzMTl8fGFkdWx0JTIwZmFjZSUyMHBob3RvfGVufDB8fHx8MTc3ODA2ODg1M3ww&ixlib=rb-4.1.0&q=80&w=1080,REAL,Male,36-50
2540,https://images.unsplash.com/photo-1541112324160-e8a425b58dac?crop=entropy&cs=tinysrgb&fit=max&fm=jpg&ixid=M3w5NDQwMTV8MHwxfHNlYXJjaHwzMjB8fGFkdWx0JTIwZmFjZSUyMHBob3RvfGVufDB8fHx8MTc3ODA2ODg1M3ww&ixlib=rb-4.1.0&q=80&w=1080,REAL,Female,26-35
2541,https://images.unsplash.com/photo-1612601006505-1254db3e290d?crop=entropy&cs=tinysrgb&fit=max&fm=jpg&ixid=M3w5NDQwMTV8MHwxfHNlYXJjaHwzMjF8fGFkdWx0JTIwZmFjZSUyMHBob3RvfGVufDB8fHx8MTc3ODA2ODg1M3ww&ixlib=rb-4.1.0&q=80&w=1080,REAL,Male,50+
2542,https://images.unsplash.com/photo-1593529772620-47f36b5bf724?crop=entropy&cs=tinysrgb&fit=max&fm=jpg&ixid=M3w5NDQwMTV8MHwxfHNlYXJjaHwzMjJ8fGFkdWx0JTIwZmFjZSUyMHBob3RvfGVufDB8fHx8MTc3ODA2ODg1M3ww&ixlib=rb-4.1.0&q=80&w=1080,REAL,Male,50+
2543,https://images.unsplash.com/photo-1617157435664-4a596993ed2b?crop=entropy&cs=tinysrgb&fit=max&fm=jpg&ixid=M3w5NDQwMTV8MHwxfHNlYXJjaHwzMjN8fGFkdWx0JTIwZmFjZSUyMHBob3RvfGVufDB8fHx8MTc3ODA2ODg1M3ww&ixlib=rb-4.1.0&q=80&w=1080,REAL,Female,26-35
2544,https://images.unsplash.com/photo-1680444602159-cd8b9abe4698?crop=entropy&cs=tinysrgb&fit=max&fm=jpg&ixid=M3w5NDQwMTV8MHwxfHNlYXJjaHwzMjR8fGFkdWx0JTIwZmFjZSUyMHBob3RvfGVufDB8fHx8MTc3ODA2ODg1M3ww&ixlib=rb-4.1.0&q=80&w=1080,REAL,Female,18-25
2545,https://images.unsplash.com/photo-1518725522904-4b3939358342?crop=entropy&cs=tinysrgb&fit=max&fm=jpg&ixid=M3w5NDQwMTV8MHwxfHNlYXJjaHwzMjV8fGFkdWx0JTIwZmFjZSUyMHBob3RvfGVufDB8fHx8MTc3ODA2ODg1M3ww&ixlib=rb-4.1.0&q=80&w=1080,REAL,Unknown,36-50
2546,https://images.unsplash.com/photo-1610767619216-94a37b9f3686?crop=entropy&cs=tinysrgb&fit=max&fm=jpg&ixid=M3w5NDQwMTV8MHwxfHNlYXJjaHwzMjZ8fGFkdWx0JTIwZmFjZSUyMHBob3RvfGVufDB8fHx8MTc3ODA2ODg1M3ww&ixlib=rb-4.1.0&q=80&w=1080,REAL,Male,50+
2547,https://images.unsplash.com/photo-1618593167496-24fed8abacd3?crop=entropy&cs=tinysrgb&fit=max&fm=jpg&ixid=M3w5NDQwMTV8MHwxfHNlYXJjaHwzMjd8fGFkdWx0JTIwZmFjZSUyMHBob3RvfGVufDB8fHx8MTc3ODA2ODg1M3ww&ixlib=rb-4.1.0&q=80&w=1080,REAL,Female,18-25
2548,https://images.unsplash.com/photo-1678991012832-b23bb728ea91?crop=entropy&cs=tinysrgb&fit=max&fm=jpg&ixid=M3w5NDQwMTV8MHwxfHNlYXJjaHwzMjh8fGFkdWx0JTIwZmFjZSUyMHBob3RvfGVufDB8fHx8MTc3ODA2ODg1M3ww&ixlib=rb-4.1.0&q=80&w=1080,REAL,Female,36-50
2549,https://images.unsplash.com/photo-1656283396380-5350a6609a94?crop=entropy&cs=tinysrgb&fit=max&fm=jpg&ixid=M3w5NDQwMTV8MHwxfHNlYXJjaHwzMjl8fGFkdWx0JTIwZmFjZSUyMHBob3RvfGVufDB8fHx8MTc3ODA2ODg1M3ww&ixlib=rb-4.1.0&q=80&w=1080,REAL,Male,50+
2550,https://images.unsplash.com/photo-1638659782656-05c8aa4fb88f?crop=entropy&cs=tinysrgb&fit=max&fm=jpg&ixid=M3w5NDQwMTV8MHwxfHNlYXJjaHwzMzB8fGFkdWx0JTIwZmFjZSUyMHBob3RvfGVufDB8fHx8MTc3ODA2ODg1M3ww&ixlib=rb-4.1.0&q=80&w=1080,REAL,Female,36-50
2551,https://images.unsplash.com/photo-1595071406799-a4c9579aef98?crop=entropy&cs=tinysrgb&fit=max&fm=jpg&ixid=M3w5NDQwMTV8MHwxfHNlYXJjaHwzMzF8fGFkdWx0JTIwZmFjZSUyMHBob3RvfGVufDB8fHx8MTc3ODA2ODg1NXww&ixlib=rb-4.1.0&q=80&w=1080,REAL,Female,50+
2552,https://images.unsplash.com/photo-1551735084-c0cb3f65bcf3?crop=entropy&cs=tinysrgb&fit=max&fm=jpg&ixid=M3w5NDQwMTV8MHwxfHNlYXJjaHwzMzJ8fGFkdWx0JTIwZmFjZSUyMHBob3RvfGVufDB8fHx8MTc3ODA2ODg1NXww&ixlib=rb-4.1.0&q=80&w=1080,REAL,Male,18-25
2553,https://images.unsplash.com/photo-1733889886752-f4599c954608?crop=entropy&cs=tinysrgb&fit=max&fm=jpg&ixid=M3w5NDQwMTV8MHwxfHNlYXJjaHwzMzN8fGFkdWx0JTIwZmFjZSUyMHBob3RvfGVufDB8fHx8MTc3ODA2ODg1NXww&ixlib=rb-4.1.0&q=80&w=1080,REAL,Male,18-25
2554,https://images.unsplash.com/photo-1610767618947-90a057e488d8?crop=entropy&cs=tinysrgb&fit=max&fm=jpg&ixid=M3w5NDQwMTV8MHwxfHNlYXJjaHwzMzR8fGFkdWx0JTIwZmFjZSUyMHBob3RvfGVufDB8fHx8MTc3ODA2ODg1NXww&ixlib=rb-4.1.0&q=80&w=1080,REAL,Male,18-25
2555,https://images.unsplash.com/photo-1610360665397-c78136fff4e7?crop=entropy&cs=tinysrgb&fit=max&fm=jpg&ixid=M3w5NDQwMTV8MHwxfHNlYXJjaHwzMzV8fGFkdWx0JTIwZmFjZSUyMHBob3RvfGVufDB8fHx8MTc3ODA2ODg1NXww&ixlib=rb-4.1.0&q=80&w=1080,REAL,Male,26-35
2556,https://images.unsplash.com/photo-1580529725832-304320e6cb1f?crop=entropy&cs=tinysrgb&fit=max&fm=jpg&ixid=M3w5NDQwMTV8MHwxfHNlYXJjaHwzMzZ8fGFkdWx0JTIwZmFjZSUyMHBob3RvfGVufDB8fHx8MTc3ODA2ODg1NXww&ixlib=rb-4.1.0&q=80&w=1080,REAL,Unknown,26-35
2557,https://images.unsplash.com/photo-1748163055046-092959503fe0?crop=entropy&cs=tinysrgb&fit=max&fm=jpg&ixid=M3w5NDQwMTV8MHwxfHNlYXJjaHwzMzd8fGFkdWx0JTIwZmFjZSUyMHBob3RvfGVufDB8fHx8MTc3ODA2ODg1NXww&ixlib=rb-4.1.0&q=80&w=1080,REAL,Female,50+
2558,https://images.unsplash.com/photo-1545450659-1050c4cdd765?crop=entropy&cs=tinysrgb&fit=max&fm=jpg&ixid=M3w5NDQwMTV8MHwxfHNlYXJjaHwzMzh8fGFkdWx0JTIwZmFjZSUyMHBob3RvfGVufDB8fHx8MTc3ODA2ODg1NXww&ixlib=rb-4.1.0&q=80&w=1080,REAL,Unknown,26-35
2559,https://images.unsplash.com/photo-1609708993734-29d07306bdc7?crop=entropy&cs=tinysrgb&fit=max&fm=jpg&ixid=M3w5NDQwMTV8MHwxfHNlYXJjaHwzMzl8fGFkdWx0JTIwZmFjZSUyMHBob3RvfGVufDB8fHx8MTc3ODA2ODg1NXww&ixlib=rb-4.1.0&q=80&w=1080,REAL,Male,18-25
2560,https://images.unsplash.com/photo-1548606007-7c9e58217d35?crop=entropy&cs=tinysrgb&fit=max&fm=jpg&ixid=M3w5NDQwMTV8MHwxfHNlYXJjaHwzNDB8fGFkdWx0JTIwZmFjZSUyMHBob3RvfGVufDB8fHx8MTc3ODA2ODg1NXww&ixlib=rb-4.1.0&q=80&w=1080,REAL,Male,50+
2561,https://images.unsplash.com/photo-1510511293580-9d525c6d8913?crop=entropy&cs=tinysrgb&fit=max&fm=jpg&ixid=M3w5NDQwMTV8MHwxfHNlYXJjaHwzNDF8fGFkdWx0JTIwZmFjZSUyMHBob3RvfGVufDB8fHx8MTc3ODA2ODg1NXww&ixlib=rb-4.1.0&q=80&w=1080,REAL,Female,18-25
2562,https://images.unsplash.com/photo-1678312918656-77a438632392?crop=entropy&cs=tinysrgb&fit=max&fm=jpg&ixid=M3w5NDQwMTV8MHwxfHNlYXJjaHwzNDJ8fGFkdWx0JTIwZmFjZSUyMHBob3RvfGVufDB8fHx8MTc3ODA2ODg1NXww&ixlib=rb-4.1.0&q=80&w=1080,REAL,Male,36-50
2563,https://images.unsplash.com/photo-1558873036-967156c494dd?crop=entropy&cs=tinysrgb&fit=max&fm=jpg&ixid=M3w5NDQwMTV8MHwxfHNlYXJjaHwzNDN8fGFkdWx0JTIwZmFjZSUyMHBob3RvfGVufDB8fHx8MTc3ODA2ODg1NXww&ixlib=rb-4.1.0&q=80&w=1080,REAL,Male,36-50
2564,https://images.unsplash.com/photo-1531860415933-7d5348a737d4?crop=entropy&cs=tinysrgb&fit=max&fm=jpg&ixid=M3w5NDQwMTV8MHwxfHNlYXJjaHwzNDR8fGFkdWx0JTIwZmFjZSUyMHBob3RvfGVufDB8fHx8MTc3ODA2ODg1NXww&ixlib=rb-4.1.0&q=80&w=1080,REAL,Male,18-25
2565,https://images.unsplash.com/photo-1697158397235-e3a9624bf317?crop=entropy&cs=tinysrgb&fit=max&fm=jpg&ixid=M3w5NDQwMTV8MHwxfHNlYXJjaHwzNDV8fGFkdWx0JTIwZmFjZSUyMHBob3RvfGVufDB8fHx8MTc3ODA2ODg1NXww&ixlib=rb-4.1.0&q=80&w=1080,REAL,Male,50+
2566,https://images.unsplash.com/photo-1589221139800-3bd4c3b5a5d5?crop=entropy&cs=tinysrgb&fit=max&fm=jpg&ixid=M3w5NDQwMTV8MHwxfHNlYXJjaHwzNDZ8fGFkdWx0JTIwZmFjZSUyMHBob3RvfGVufDB8fHx8MTc3ODA2ODg1NXww&ixlib=rb-4.1.0&q=80&w=1080,REAL,Unknown,26-35
2567,https://images.unsplash.com/photo-1543435828-738a5e554bea?crop=entropy&cs=tinysrgb&fit=max&fm=jpg&ixid=M3w5NDQwMTV8MHwxfHNlYXJjaHwzNDd8fGFkdWx0JTIwZmFjZSUyMHBob3RvfGVufDB8fHx8MTc3ODA2ODg1NXww&ixlib=rb-4.1.0&q=80&w=1080,REAL,Unknown,50+
2568,https://images.unsplash.com/photo-1629880665002-6e86161fb062?crop=entropy&cs=tinysrgb&fit=max&fm=jpg&ixid=M3w5NDQwMTV8MHwxfHNlYXJjaHwzNDh8fGFkdWx0JTIwZmFjZSUyMHBob3RvfGVufDB8fHx8MTc3ODA2ODg1NXww&ixlib=rb-4.1.0&q=80&w=1080,REAL,Female,50+
2569,https://images.unsplash.com/photo-1608643281496-4393853df402?crop=entropy&cs=tinysrgb&fit=max&fm=jpg&ixid=M3w5NDQwMTV8MHwxfHNlYXJjaHwzNDl8fGFkdWx0JTIwZmFjZSUyMHBob3RvfGVufDB8fHx8MTc3ODA2ODg1NXww&ixlib=rb-4.1.0&q=80&w=1080,REAL,Male,50+
2570,https://images.unsplash.com/photo-1625426193702-15200f5c008f?crop=entropy&cs=tinysrgb&fit=max&fm=jpg&ixid=M3w5NDQwMTV8MHwxfHNlYXJjaHwzNTB8fGFkdWx0JTIwZmFjZSUyMHBob3RvfGVufDB8fHx8MTc3ODA2ODg1NXww&ixlib=rb-4.1.0&q=80&w=1080,REAL,Female,36-50
2571,https://images.unsplash.com/photo-1617925357630-eaad710f9157?crop=entropy&cs=tinysrgb&fit=max&fm=jpg&ixid=M3w5NDQwMTV8MHwxfHNlYXJjaHwzNTF8fGFkdWx0JTIwZmFjZSUyMHBob3RvfGVufDB8fHx8MTc3ODA2ODg1NXww&ixlib=rb-4.1.0&q=80&w=1080,REAL,Male,26-35
2572,https://images.unsplash.com/photo-1603346133925-f81519e36f7c?crop=entropy&cs=tinysrgb&fit=max&fm=jpg&ixid=M3w5NDQwMTV8MHwxfHNlYXJjaHwzNTJ8fGFkdWx0JTIwZmFjZSUyMHBob3RvfGVufDB8fHx8MTc3ODA2ODg1NXww&ixlib=rb-4.1.0&q=80&w=1080,REAL,Unknown,18-25
2573,https://images.unsplash.com/photo-1770210982249-781dacb19442?crop=entropy&cs=tinysrgb&fit=max&fm=jpg&ixid=M3w5NDQwMTV8MHwxfHNlYXJjaHwzNTN8fGFkdWx0JTIwZmFjZSUyMHBob3RvfGVufDB8fHx8MTc3ODA2ODg1NXww&ixlib=rb-4.1.0&q=80&w=1080,REAL,Unknown,50+
2574,https://images.unsplash.com/photo-1600006620831-51c41bdd17d9?crop=entropy&cs=tinysrgb&fit=max&fm=jpg&ixid=M3w5NDQwMTV8MHwxfHNlYXJjaHwzNTR8fGFkdWx0JTIwZmFjZSUyMHBob3RvfGVufDB8fHx8MTc3ODA2ODg1NXww&ixlib=rb-4.1.0&q=80&w=1080,REAL,Male,36-50
2575,https://images.unsplash.com/photo-1741714294773-62e2fc876364?crop=entropy&cs=tinysrgb&fit=max&fm=jpg&ixid=M3w5NDQwMTV8MHwxfHNlYXJjaHwzNTV8fGFkdWx0JTIwZmFjZSUyMHBob3RvfGVufDB8fHx8MTc3ODA2ODg1NXww&ixlib=rb-4.1.0&q=80&w=1080,REAL,Female,26-35
2576,https://images.unsplash.com/photo-1680130418740-d82c42980697?crop=entropy&cs=tinysrgb&fit=max&fm=jpg&ixid=M3w5NDQwMTV8MHwxfHNlYXJjaHwzNTZ8fGFkdWx0JTIwZmFjZSUyMHBob3RvfGVufDB8fHx8MTc3ODA2ODg1NXww&ixlib=rb-4.1.0&q=80&w=1080,REAL,Unknown,18-25
2577,https://images.unsplash.com/photo-1605555579795-81a19ff0ad50?crop=entropy&cs=tinysrgb&fit=max&fm=jpg&ixid=M3w5NDQwMTV8MHwxfHNlYXJjaHwzNTd8fGFkdWx0JTIwZmFjZSUyMHBob3RvfGVufDB8fHx8MTc3ODA2ODg1NXww&ixlib=rb-4.1.0&q=80&w=1080,REAL,Male,36-50
2578,https://images.unsplash.com/photo-1615965763777-785b2b0e9162?crop=entropy&cs=tinysrgb&fit=max&fm=jpg&ixid=M3w5NDQwMTV8MHwxfHNlYXJjaHwzNTh8fGFkdWx0JTIwZmFjZSUyMHBob3RvfGVufDB8fHx8MTc3ODA2ODg1NXww&ixlib=rb-4.1.0&q=80&w=1080,REAL,Female,36-50
2579,https://images.unsplash.com/photo-1624268000400-d6908157bb69?crop=entropy&cs=tinysrgb&fit=max&fm=jpg&ixid=M3w5NDQwMTV8MHwxfHNlYXJjaHwzNTl8fGFkdWx0JTIwZmFjZSUyMHBob3RvfGVufDB8fHx8MTc3ODA2ODg1NXww&ixlib=rb-4.1.0&q=80&w=1080,REAL,Male,50+
2580,https://images.unsplash.com/photo-1543229912-d69e86dc1dc2?crop=entropy&cs=tinysrgb&fit=max&fm=jpg&ixid=M3w5NDQwMTV8MHwxfHNlYXJjaHwzNjB8fGFkdWx0JTIwZmFjZSUyMHBob3RvfGVufDB8fHx8MTc3ODA2ODg1NXww&ixlib=rb-4.1.0&q=80&w=1080,REAL,Female,18-25
2581,https://images.unsplash.com/photo-1615668786027-55d0744594de?crop=entropy&cs=tinysrgb&fit=max&fm=jpg&ixid=M3w5NDQwMTV8MHwxfHNlYXJjaHwzNjF8fGFkdWx0JTIwZmFjZSUyMHBob3RvfGVufDB8fHx8MTc3ODA2ODg1OHww&ixlib=rb-4.1.0&q=80&w=1080,REAL,Female,50+
2582,https://images.unsplash.com/photo-1650213235809-37ceda7b8b60?crop=entropy&cs=tinysrgb&fit=max&fm=jpg&ixid=M3w5NDQwMTV8MHwxfHNlYXJjaHwzNjJ8fGFkdWx0JTIwZmFjZSUyMHBob3RvfGVufDB8fHx8MTc3ODA2ODg1OHww&ixlib=rb-4.1.0&q=80&w=1080,REAL,Unknown,50+
2583,https://images.unsplash.com/photo-1622930324190-64ed6525af13?crop=entropy&cs=tinysrgb&fit=max&fm=jpg&ixid=M3w5NDQwMTV8MHwxfHNlYXJjaHwzNjN8fGFkdWx0JTIwZmFjZSUyMHBob3RvfGVufDB8fHx8MTc3ODA2ODg1OHww&ixlib=rb-4.1.0&q=80&w=1080,REAL,Male,26-35
2584,https://images.unsplash.com/photo-1681887002379-917c74f5313e?crop=entropy&cs=tinysrgb&fit=max&fm=jpg&ixid=M3w5NDQwMTV8MHwxfHNlYXJjaHwzNjR8fGFkdWx0JTIwZmFjZSUyMHBob3RvfGVufDB8fHx8MTc3ODA2ODg1OHww&ixlib=rb-4.1.0&q=80&w=1080,REAL,Male,18-25
2585,https://images.unsplash.com/photo-1560057303-32ab46595f1c?crop=entropy&cs=tinysrgb&fit=max&fm=jpg&ixid=M3w5NDQwMTV8MHwxfHNlYXJjaHwzNjV8fGFkdWx0JTIwZmFjZSUyMHBob3RvfGVufDB8fHx8MTc3ODA2ODg1OHww&ixlib=rb-4.1.0&q=80&w=1080,REAL,Female,18-25
2586,https://images.unsplash.com/photo-1607573209829-b7a560038763?crop=entropy&cs=tinysrgb&fit=max&fm=jpg&ixid=M3w5NDQwMTV8MHwxfHNlYXJjaHwzNjZ8fGFkdWx0JTIwZmFjZSUyMHBob3RvfGVufDB8fHx8MTc3ODA2ODg1OHww&ixlib=rb-4.1.0&q=80&w=1080,REAL,Male,36-50
2587,https://images.unsplash.com/photo-1610767540785-96b4c65de306?crop=entropy&cs=tinysrgb&fit=max&fm=jpg&ixid=M3w5NDQwMTV8MHwxfHNlYXJjaHwzNjd8fGFkdWx0JTIwZmFjZSUyMHBob3RvfGVufDB8fHx8MTc3ODA2ODg1OHww&ixlib=rb-4.1.0&q=80&w=1080,REAL,Unknown,18-25
2588,https://images.unsplash.com/photo-1600603406200-5b2a104684ac?crop=entropy&cs=tinysrgb&fit=max&fm=jpg&ixid=M3w5NDQwMTV8MHwxfHNlYXJjaHwzNjh8fGFkdWx0JTIwZmFjZSUyMHBob3RvfGVufDB8fHx8MTc3ODA2ODg1OHww&ixlib=rb-4.1.0&q=80&w=1080,REAL,Female,36-50
2589,https://images.unsplash.com/photo-1590505695083-a6ceb62cc40e?crop=entropy&cs=tinysrgb&fit=max&fm=jpg&ixid=M3w5NDQwMTV8MHwxfHNlYXJjaHwzNjl8fGFkdWx0JTIwZmFjZSUyMHBob3RvfGVufDB8fHx8MTc3ODA2ODg1OHww&ixlib=rb-4.1.0&q=80&w=1080,REAL,Female,26-35
2590,https://images.unsplash.com/photo-1666615241303-8caf2451c249?crop=entropy&cs=tinysrgb&fit=max&fm=jpg&ixid=M3w5NDQwMTV8MHwxfHNlYXJjaHwzNzB8fGFkdWx0JTIwZmFjZSUyMHBob3RvfGVufDB8fHx8MTc3ODA2ODg1OHww&ixlib=rb-4.1.0&q=80&w=1080,REAL,Male,50+
2591,https://images.unsplash.com/photo-1650213235324-6ecea23acca0?crop=entropy&cs=tinysrgb&fit=max&fm=jpg&ixid=M3w5NDQwMTV8MHwxfHNlYXJjaHwzNzF8fGFkdWx0JTIwZmFjZSUyMHBob3RvfGVufDB8fHx8MTc3ODA2ODg1OHww&ixlib=rb-4.1.0&q=80&w=1080,REAL,Unknown,50+
2592,https://images.unsplash.com/photo-1626691322133-55b61e45bbd0?crop=entropy&cs=tinysrgb&fit=max&fm=jpg&ixid=M3w5NDQwMTV8MHwxfHNlYXJjaHwzNzJ8fGFkdWx0JTIwZmFjZSUyMHBob3RvfGVufDB8fHx8MTc3ODA2ODg1OHww&ixlib=rb-4.1.0&q=80&w=1080,REAL,Unknown,18-25
2593,https://images.unsplash.com/photo-1727386245205-2112b722af99?crop=entropy&cs=tinysrgb&fit=max&fm=jpg&ixid=M3w5NDQwMTV8MHwxfHNlYXJjaHwzNzN8fGFkdWx0JTIwZmFjZSUyMHBob3RvfGVufDB8fHx8MTc3ODA2ODg1OHww&ixlib=rb-4.1.0&q=80&w=1080,REAL,Male,50+
2594,https://images.unsplash.com/photo-1583173170220-22d82796672a?crop=entropy&cs=tinysrgb&fit=max&fm=jpg&ixid=M3w5NDQwMTV8MHwxfHNlYXJjaHwzNzR8fGFkdWx0JTIwZmFjZSUyMHBob3RvfGVufDB8fHx8MTc3ODA2ODg1OHww&ixlib=rb-4.1.0&q=80&w=1080,REAL,Unknown,36-50
2595,https://images.unsplash.com/photo-1604958567041-fc955468b7ed?crop=entropy&cs=tinysrgb&fit=max&fm=jpg&ixid=M3w5NDQwMTV8MHwxfHNlYXJjaHwzNzV8fGFkdWx0JTIwZmFjZSUyMHBob3RvfGVufDB8fHx8MTc3ODA2ODg1OHww&ixlib=rb-4.1.0&q=80&w=1080,REAL,Female,50+
2596,https://images.unsplash.com/photo-1596852374825-7e3103094303?crop=entropy&cs=tinysrgb&fit=max&fm=jpg&ixid=M3w5NDQwMTV8MHwxfHNlYXJjaHwzNzZ8fGFkdWx0JTIwZmFjZSUyMHBob3RvfGVufDB8fHx8MTc3ODA2ODg1OHww&ixlib=rb-4.1.0&q=80&w=1080,REAL,Unknown,36-50
2597,https://images.unsplash.com/photo-1671506539267-5203b8483963?crop=entropy&cs=tinysrgb&fit=max&fm=jpg&ixid=M3w5NDQwMTV8MHwxfHNlYXJjaHwzNzd8fGFkdWx0JTIwZmFjZSUyMHBob3RvfGVufDB8fHx8MTc3ODA2ODg1OHww&ixlib=rb-4.1.0&q=80&w=1080,REAL,Male,50+
2598,https://images.unsplash.com/photo-1563736157-c2a140005205?crop=entropy&cs=tinysrgb&fit=max&fm=jpg&ixid=M3w5NDQwMTV8MHwxfHNlYXJjaHwzNzh8fGFkdWx0JTIwZmFjZSUyMHBob3RvfGVufDB8fHx8MTc3ODA2ODg1OHww&ixlib=rb-4.1.0&q=80&w=1080,REAL,Unknown,18-25
2599,https://images.unsplash.com/photo-1737091955412-07e7867d4a22?crop=entropy&cs=tinysrgb&fit=max&fm=jpg&ixid=M3w5NDQwMTV8MHwxfHNlYXJjaHwzNzl8fGFkdWx0JTIwZmFjZSUyMHBob3RvfGVufDB8fHx8MTc3ODA2ODg1OHww&ixlib=rb-4.1.0&q=80&w=1080,REAL,Unknown,18-25
2600,https://images.unsplash.com/photo-1594932932930-b94355371d1f?crop=entropy&cs=tinysrgb&fit=max&fm=jpg&ixid=M3w5NDQwMTV8MHwxfHNlYXJjaHwzODB8fGFkdWx0JTIwZmFjZSUyMHBob3RvfGVufDB8fHx8MTc3ODA2ODg1OHww&ixlib=rb-4.1.0&q=80&w=1080,REAL,Male,36-50
2601,https://images.unsplash.com/photo-1610820987535-f248a85be4f7?crop=entropy&cs=tinysrgb&fit=max&fm=jpg&ixid=M3w5NDQwMTV8MHwxfHNlYXJjaHwzODF8fGFkdWx0JTIwZmFjZSUyMHBob3RvfGVufDB8fHx8MTc3ODA2ODg1OHww&ixlib=rb-4.1.0&q=80&w=1080,REAL,Male,50+
2602,https://images.unsplash.com/photo-1597570889147-2095765c255f?crop=entropy&cs=tinysrgb&fit=max&fm=jpg&ixid=M3w5NDQwMTV8MHwxfHNlYXJjaHwzODJ8fGFkdWx0JTIwZmFjZSUyMHBob3RvfGVufDB8fHx8MTc3ODA2ODg1OHww&ixlib=rb-4.1.0&q=80&w=1080,REAL,Unknown,18-25
2603,https://images.unsplash.com/photo-1562337404-3044c84ac061?crop=entropy&cs=tinysrgb&fit=max&fm=jpg&ixid=M3w5NDQwMTV8MHwxfHNlYXJjaHwzODN8fGFkdWx0JTIwZmFjZSUyMHBob3RvfGVufDB8fHx8MTc3ODA2ODg1OHww&ixlib=rb-4.1.0&q=80&w=1080,REAL,Male,36-50
2604,https://images.unsplash.com/photo-1761144863268-219ece9568ce?crop=entropy&cs=tinysrgb&fit=max&fm=jpg&ixid=M3w5NDQwMTV8MHwxfHNlYXJjaHwzODR8fGFkdWx0JTIwZmFjZSUyMHBob3RvfGVufDB8fHx8MTc3ODA2ODg1OHww&ixlib=rb-4.1.0&q=80&w=1080,REAL,Male,18-25
2605,https://images.unsplash.com/photo-1617746652908-91e66c07499a?crop=entropy&cs=tinysrgb&fit=max&fm=jpg&ixid=M3w5NDQwMTV8MHwxfHNlYXJjaHwzODV8fGFkdWx0JTIwZmFjZSUyMHBob3RvfGVufDB8fHx8MTc3ODA2ODg1OHww&ixlib=rb-4.1.0&q=80&w=1080,REAL,Unknown,26-35
2606,https://images.unsplash.com/photo-1522724709546-19901cb1818a?crop=entropy&cs=tinysrgb&fit=max&fm=jpg&ixid=M3w5NDQwMTV8MHwxfHNlYXJjaHwzODZ8fGFkdWx0JTIwZmFjZSUyMHBob3RvfGVufDB8fHx8MTc3ODA2ODg1OHww&ixlib=rb-4.1.0&q=80&w=1080,REAL,Unknown,26-35
2607,https://images.unsplash.com/photo-1584984647264-7e6f4e6d6b91?crop=entropy&cs=tinysrgb&fit=max&fm=jpg&ixid=M3w5NDQwMTV8MHwxfHNlYXJjaHwzODd8fGFkdWx0JTIwZmFjZSUyMHBob3RvfGVufDB8fHx8MTc3ODA2ODg1OHww&ixlib=rb-4.1.0&q=80&w=1080,REAL,Male,50+
2608,https://images.unsplash.com/photo-1582875964052-d12f2c4adac2?crop=entropy&cs=tinysrgb&fit=max&fm=jpg&ixid=M3w5NDQwMTV8MHwxfHNlYXJjaHwzODh8fGFkdWx0JTIwZmFjZSUyMHBob3RvfGVufDB8fHx8MTc3ODA2ODg1OHww&ixlib=rb-4.1.0&q=80&w=1080,REAL,Unknown,18-25
2609,https://images.unsplash.com/photo-1652226825940-46ad2a55d132?crop=entropy&cs=tinysrgb&fit=max&fm=jpg&ixid=M3w5NDQwMTV8MHwxfHNlYXJjaHwzODl8fGFkdWx0JTIwZmFjZSUyMHBob3RvfGVufDB8fHx8MTc3ODA2ODg1OHww&ixlib=rb-4.1.0&q=80&w=1080,REAL,Male,18-25
2610,https://images.unsplash.com/photo-1676732619792-7d468a350aa7?crop=entropy&cs=tinysrgb&fit=max&fm=jpg&ixid=M3w5NDQwMTV8MHwxfHNlYXJjaHwzOTB8fGFkdWx0JTIwZmFjZSUyMHBob3RvfGVufDB8fHx8MTc3ODA2ODg1OHww&ixlib=rb-4.1.0&q=80&w=1080,REAL,Male,50+
2611,https://images.unsplash.com/photo-1582875964052-d12f2c4adac2?crop=entropy&cs=tinysrgb&fit=max&fm=jpg&ixid=M3w5NDQwMTV8MHwxfHNlYXJjaHwzOTF8fGFkdWx0JTIwZmFjZSUyMHBob3RvfGVufDB8fHx8MTc3ODA2ODg2MXww&ixlib=rb-4.1.0&q=80&w=1080,REAL,Male,18-25
2612,https://images.unsplash.com/photo-1652226825940-46ad2a55d132?crop=entropy&cs=tinysrgb&fit=max&fm=jpg&ixid=M3w5NDQwMTV8MHwxfHNlYXJjaHwzOTJ8fGFkdWx0JTIwZmFjZSUyMHBob3RvfGVufDB8fHx8MTc3ODA2ODg2MXww&ixlib=rb-4.1.0&q=80&w=1080,REAL,Female,50+
2613,https://images.unsplash.com/photo-1676732619792-7d468a350aa7?crop=entropy&cs=tinysrgb&fit=max&fm=jpg&ixid=M3w5NDQwMTV8MHwxfHNlYXJjaHwzOTN8fGFkdWx0JTIwZmFjZSUyMHBob3RvfGVufDB8fHx8MTc3ODA2ODg2MXww&ixlib=rb-4.1.0&q=80&w=1080,REAL,Male,50+
2614,https://images.unsplash.com/photo-1600783486575-992bde7d4660?crop=entropy&cs=tinysrgb&fit=max&fm=jpg&ixid=M3w5NDQwMTV8MHwxfHNlYXJjaHwzOTR8fGFkdWx0JTIwZmFjZSUyMHBob3RvfGVufDB8fHx8MTc3ODA2ODg2MXww&ixlib=rb-4.1.0&q=80&w=1080,REAL,Male,26-35
2615,https://images.unsplash.com/photo-1759731645491-e511fde0f3fc?crop=entropy&cs=tinysrgb&fit=max&fm=jpg&ixid=M3w5NDQwMTV8MHwxfHNlYXJjaHwzOTV8fGFkdWx0JTIwZmFjZSUyMHBob3RvfGVufDB8fHx8MTc3ODA2ODg2MXww&ixlib=rb-4.1.0&q=80&w=1080,REAL,Unknown,50+
2616,https://images.unsplash.com/photo-1590482634645-39ea413d7a41?crop=entropy&cs=tinysrgb&fit=max&fm=jpg&ixid=M3w5NDQwMTV8MHwxfHNlYXJjaHwzOTZ8fGFkdWx0JTIwZmFjZSUyMHBob3RvfGVufDB8fHx8MTc3ODA2ODg2MXww&ixlib=rb-4.1.0&q=80&w=1080,REAL,Male,18-25
2617,https://images.unsplash.com/photo-1657152042392-c1f39e52e7c9?crop=entropy&cs=tinysrgb&fit=max&fm=jpg&ixid=M3w5NDQwMTV8MHwxfHNlYXJjaHwzOTd8fGFkdWx0JTIwZmFjZSUyMHBob3RvfGVufDB8fHx8MTc3ODA2ODg2MXww&ixlib=rb-4.1.0&q=80&w=1080,REAL,Male,50+
2618,https://images.unsplash.com/photo-1588398071967-cca88cd3240b?crop=entropy&cs=tinysrgb&fit=max&fm=jpg&ixid=M3w5NDQwMTV8MHwxfHNlYXJjaHwzOTh8fGFkdWx0JTIwZmFjZSUyMHBob3RvfGVufDB8fHx8MTc3ODA2ODg2MXww&ixlib=rb-4.1.0&q=80&w=1080,REAL,Female,18-25
2619,https://images.unsplash.com/photo-1737366984875-fb81751f6655?crop=entropy&cs=tinysrgb&fit=max&fm=jpg&ixid=M3w5NDQwMTV8MHwxfHNlYXJjaHwzOTl8fGFkdWx0JTIwZmFjZSUyMHBob3RvfGVufDB8fHx8MTc3ODA2ODg2MXww&ixlib=rb-4.1.0&q=80&w=1080,REAL,Female,36-50
2620,https://images.unsplash.com/photo-1604103713878-522425b132ca?crop=entropy&cs=tinysrgb&fit=max&fm=jpg&ixid=M3w5NDQwMTV8MHwxfHNlYXJjaHw0MDB8fGFkdWx0JTIwZmFjZSUyMHBob3RvfGVufDB8fHx8MTc3ODA2ODg2MXww&ixlib=rb-4.1.0&q=80&w=1080,REAL,Unknown,18-25
2621,https://images.unsplash.com/photo-1516919149785-03ad99e2f1ff?crop=entropy&cs=tinysrgb&fit=max&fm=jpg&ixid=M3w5NDQwMTV8MHwxfHNlYXJjaHw0MDF8fGFkdWx0JTIwZmFjZSUyMHBob3RvfGVufDB8fHx8MTc3ODA2ODg2MXww&ixlib=rb-4.1.0&q=80&w=1080,REAL,Male,18-25
2622,https://images.unsplash.com/photo-1616356061044-e9c1d7724d30?crop=entropy&cs=tinysrgb&fit=max&fm=jpg&ixid=M3w5NDQwMTV8MHwxfHNlYXJjaHw0MDJ8fGFkdWx0JTIwZmFjZSUyMHBob3RvfGVufDB8fHx8MTc3ODA2ODg2MXww&ixlib=rb-4.1.0&q=80&w=1080,REAL,Male,50+
2623,https://images.unsplash.com/photo-1602192566821-61eb1e5243bb?crop=entropy&cs=tinysrgb&fit=max&fm=jpg&ixid=M3w5NDQwMTV8MHwxfHNlYXJjaHw0MDN8fGFkdWx0JTIwZmFjZSUyMHBob3RvfGVufDB8fHx8MTc3ODA2ODg2MXww&ixlib=rb-4.1.0&q=80&w=1080,REAL,Unknown,50+
2624,https://images.unsplash.com/photo-1607639106901-28314a0a622e?crop=entropy&cs=tinysrgb&fit=max&fm=jpg&ixid=M3w5NDQwMTV8MHwxfHNlYXJjaHw0MDR8fGFkdWx0JTIwZmFjZSUyMHBob3RvfGVufDB8fHx8MTc3ODA2ODg2MXww&ixlib=rb-4.1.0&q=80&w=1080,REAL,Female,26-35
2625,https://images.unsplash.com/photo-1570553205083-56e0a16842bf?crop=entropy&cs=tinysrgb&fit=max&fm=jpg&ixid=M3w5NDQwMTV8MHwxfHNlYXJjaHw0MDV8fGFkdWx0JTIwZmFjZSUyMHBob3RvfGVufDB8fHx8MTc3ODA2ODg2MXww&ixlib=rb-4.1.0&q=80&w=1080,REAL,Female,36-50
2626,https://images.unsplash.com/photo-1591973669966-52d2534d9087?crop=entropy&cs=tinysrgb&fit=max&fm=jpg&ixid=M3w5NDQwMTV8MHwxfHNlYXJjaHw0MDZ8fGFkdWx0JTIwZmFjZSUyMHBob3RvfGVufDB8fHx8MTc3ODA2ODg2MXww&ixlib=rb-4.1.0&q=80&w=1080,REAL,Unknown,36-50
2627,https://images.unsplash.com/photo-1684598273417-2d07e1429a6c?crop=entropy&cs=tinysrgb&fit=max&fm=jpg&ixid=M3w5NDQwMTV8MHwxfHNlYXJjaHw0MDd8fGFkdWx0JTIwZmFjZSUyMHBob3RvfGVufDB8fHx8MTc3ODA2ODg2MXww&ixlib=rb-4.1.0&q=80&w=1080,REAL,Male,36-50
2628,https://images.unsplash.com/photo-1650056195131-5e4528807deb?crop=entropy&cs=tinysrgb&fit=max&fm=jpg&ixid=M3w5NDQwMTV8MHwxfHNlYXJjaHw0MDh8fGFkdWx0JTIwZmFjZSUyMHBob3RvfGVufDB8fHx8MTc3ODA2ODg2MXww&ixlib=rb-4.1.0&q=80&w=1080,REAL,Unknown,36-50
2629,https://images.unsplash.com/photo-1668368962565-a1580f651e87?crop=entropy&cs=tinysrgb&fit=max&fm=jpg&ixid=M3w5NDQwMTV8MHwxfHNlYXJjaHw0MDl8fGFkdWx0JTIwZmFjZSUyMHBob3RvfGVufDB8fHx8MTc3ODA2ODg2MXww&ixlib=rb-4.1.0&q=80&w=1080,REAL,Female,50+
2630,https://images.unsplash.com/photo-1601180834006-6f236cbc5b14?crop=entropy&cs=tinysrgb&fit=max&fm=jpg&ixid=M3w5NDQwMTV8MHwxfHNlYXJjaHw0MTB8fGFkdWx0JTIwZmFjZSUyMHBob3RvfGVufDB8fHx8MTc3ODA2ODg2MXww&ixlib=rb-4.1.0&q=80&w=1080,REAL,Unknown,50+
2631,https://images.unsplash.com/photo-1743936701449-461649a4d44b?crop=entropy&cs=tinysrgb&fit=max&fm=jpg&ixid=M3w5NDQwMTV8MHwxfHNlYXJjaHw0MTF8fGFkdWx0JTIwZmFjZSUyMHBob3RvfGVufDB8fHx8MTc3ODA2ODg2MXww&ixlib=rb-4.1.0&q=80&w=1080,REAL,Unknown,26-35
2632,https://images.unsplash.com/photo-1696430579543-093cf7225668?crop=entropy&cs=tinysrgb&fit=max&fm=jpg&ixid=M3w5NDQwMTV8MHwxfHNlYXJjaHw0MTJ8fGFkdWx0JTIwZmFjZSUyMHBob3RvfGVufDB8fHx8MTc3ODA2ODg2MXww&ixlib=rb-4.1.0&q=80&w=1080,REAL,Male,26-35
2633,https://images.unsplash.com/photo-1600227284177-edc363f25e75?crop=entropy&cs=tinysrgb&fit=max&fm=jpg&ixid=M3w5NDQwMTV8MHwxfHNlYXJjaHw0MTN8fGFkdWx0JTIwZmFjZSUyMHBob3RvfGVufDB8fHx8MTc3ODA2ODg2MXww&ixlib=rb-4.1.0&q=80&w=1080,REAL,Female,50+
2634,https://images.unsplash.com/photo-1600930078223-e5178ff7b11e?crop=entropy&cs=tinysrgb&fit=max&fm=jpg&ixid=M3w5NDQwMTV8MHwxfHNlYXJjaHw0MTR8fGFkdWx0JTIwZmFjZSUyMHBob3RvfGVufDB8fHx8MTc3ODA2ODg2MXww&ixlib=rb-4.1.0&q=80&w=1080,REAL,Female,26-35
2635,https://images.unsplash.com/photo-1710528925809-8f91d349283e?crop=entropy&cs=tinysrgb&fit=max&fm=jpg&ixid=M3w5NDQwMTV8MHwxfHNlYXJjaHw0MTV8fGFkdWx0JTIwZmFjZSUyMHBob3RvfGVufDB8fHx8MTc3ODA2ODg2MXww&ixlib=rb-4.1.0&q=80&w=1080,REAL,Unknown,18-25
2636,https://images.unsplash.com/photo-1578863873955-40421002faa6?crop=entropy&cs=tinysrgb&fit=max&fm=jpg&ixid=M3w5NDQwMTV8MHwxfHNlYXJjaHw0MTZ8fGFkdWx0JTIwZmFjZSUyMHBob3RvfGVufDB8fHx8MTc3ODA2ODg2MXww&ixlib=rb-4.1.0&q=80&w=1080,REAL,Male,36-50
2637,https://images.unsplash.com/photo-1611631770913-ceaaa9a54011?crop=entropy&cs=tinysrgb&fit=max&fm=jpg&ixid=M3w5NDQwMTV8MHwxfHNlYXJjaHw0MTd8fGFkdWx0JTIwZmFjZSUyMHBob3RvfGVufDB8fHx8MTc3ODA2ODg2MXww&ixlib=rb-4.1.0&q=80&w=1080,REAL,Male,26-35
2638,https://images.unsplash.com/photo-1575632324512-d05db8f9a988?crop=entropy&cs=tinysrgb&fit=max&fm=jpg&ixid=M3w5NDQwMTV8MHwxfHNlYXJjaHw0MTh8fGFkdWx0JTIwZmFjZSUyMHBob3RvfGVufDB8fHx8MTc3ODA2ODg2MXww&ixlib=rb-4.1.0&q=80&w=1080,REAL,Unknown,36-50
2639,https://images.unsplash.com/photo-1650962903665-d66116fe94ef?crop=entropy&cs=tinysrgb&fit=max&fm=jpg&ixid=M3w5NDQwMTV8MHwxfHNlYXJjaHw0MTl8fGFkdWx0JTIwZmFjZSUyMHBob3RvfGVufDB8fHx8MTc3ODA2ODg2MXww&ixlib=rb-4.1.0&q=80&w=1080,REAL,Male,26-35
2640,https://images.unsplash.com/photo-1610767619432-4e743ac123cb?crop=entropy&cs=tinysrgb&fit=max&fm=jpg&ixid=M3w5NDQwMTV8MHwxfHNlYXJjaHw0MjB8fGFkdWx0JTIwZmFjZSUyMHBob3RvfGVufDB8fHx8MTc3ODA2ODg2MXww&ixlib=rb-4.1.0&q=80&w=1080,REAL,Male,26-35
2641,https://images.unsplash.com/photo-1540227207474-7050562c1164?crop=entropy&cs=tinysrgb&fit=max&fm=jpg&ixid=M3w5NDQwMTV8MHwxfHNlYXJjaHw0MjF8fGFkdWx0JTIwZmFjZSUyMHBob3RvfGVufDB8fHx8MTc3ODA2ODg2NHww&ixlib=rb-4.1.0&q=80&w=1080,REAL,Male,50+
2642,https://images.unsplash.com/photo-1602202771635-edb19b307d19?crop=entropy&cs=tinysrgb&fit=max&fm=jpg&ixid=M3w5NDQwMTV8MHwxfHNlYXJjaHw0MjJ8fGFkdWx0JTIwZmFjZSUyMHBob3RvfGVufDB8fHx8MTc3ODA2ODg2NHww&ixlib=rb-4.1.0&q=80&w=1080,REAL,Unknown,18-25
2643,https://images.unsplash.com/photo-1519965501869-1954ff18db96?crop=entropy&cs=tinysrgb&fit=max&fm=jpg&ixid=M3w5NDQwMTV8MHwxfHNlYXJjaHw0MjN8fGFkdWx0JTIwZmFjZSUyMHBob3RvfGVufDB8fHx8MTc3ODA2ODg2NHww&ixlib=rb-4.1.0&q=80&w=1080,REAL,Male,26-35
2644,https://images.unsplash.com/photo-1600953433961-e0e779644346?crop=entropy&cs=tinysrgb&fit=max&fm=jpg&ixid=M3w5NDQwMTV8MHwxfHNlYXJjaHw0MjR8fGFkdWx0JTIwZmFjZSUyMHBob3RvfGVufDB8fHx8MTc3ODA2ODg2NHww&ixlib=rb-4.1.0&q=80&w=1080,REAL,Unknown,50+
2645,https://images.unsplash.com/photo-1544221878-3173c853b28c?crop=entropy&cs=tinysrgb&fit=max&fm=jpg&ixid=M3w5NDQwMTV8MHwxfHNlYXJjaHw0MjV8fGFkdWx0JTIwZmFjZSUyMHBob3RvfGVufDB8fHx8MTc3ODA2ODg2NHww&ixlib=rb-4.1.0&q=80&w=1080,REAL,Female,18-25
2646,https://images.unsplash.com/photo-1650213237829-2790f1a649da?crop=entropy&cs=tinysrgb&fit=max&fm=jpg&ixid=M3w5NDQwMTV8MHwxfHNlYXJjaHw0MjZ8fGFkdWx0JTIwZmFjZSUyMHBob3RvfGVufDB8fHx8MTc3ODA2ODg2NHww&ixlib=rb-4.1.0&q=80&w=1080,REAL,Unknown,50+
2647,https://images.unsplash.com/photo-1605799334389-52b78b6cad14?crop=entropy&cs=tinysrgb&fit=max&fm=jpg&ixid=M3w5NDQwMTV8MHwxfHNlYXJjaHw0Mjd8fGFkdWx0JTIwZmFjZSUyMHBob3RvfGVufDB8fHx8MTc3ODA2ODg2NHww&ixlib=rb-4.1.0&q=80&w=1080,REAL,Female,50+
2648,https://images.unsplash.com/photo-1591545358481-f3c83a036e43?crop=entropy&cs=tinysrgb&fit=max&fm=jpg&ixid=M3w5NDQwMTV8MHwxfHNlYXJjaHw0Mjh8fGFkdWx0JTIwZmFjZSUyMHBob3RvfGVufDB8fHx8MTc3ODA2ODg2NHww&ixlib=rb-4.1.0&q=80&w=1080,REAL,Unknown,50+
2649,https://images.unsplash.com/photo-1607708217570-720d162c4e26?crop=entropy&cs=tinysrgb&fit=max&fm=jpg&ixid=M3w5NDQwMTV8MHwxfHNlYXJjaHw0Mjl8fGFkdWx0JTIwZmFjZSUyMHBob3RvfGVufDB8fHx8MTc3ODA2ODg2NHww&ixlib=rb-4.1.0&q=80&w=1080,REAL,Female,36-50
2650,https://images.unsplash.com/photo-1581094360472-0e10ec8889c9?crop=entropy&cs=tinysrgb&fit=max&fm=jpg&ixid=M3w5NDQwMTV8MHwxfHNlYXJjaHw0MzB8fGFkdWx0JTIwZmFjZSUyMHBob3RvfGVufDB8fHx8MTc3ODA2ODg2NHww&ixlib=rb-4.1.0&q=80&w=1080,REAL,Unknown,36-50
2651,https://images.unsplash.com/photo-1638912501815-f37cf59c1b20?crop=entropy&cs=tinysrgb&fit=max&fm=jpg&ixid=M3w5NDQwMTV8MHwxfHNlYXJjaHw0MzF8fGFkdWx0JTIwZmFjZSUyMHBob3RvfGVufDB8fHx8MTc3ODA2ODg2NHww&ixlib=rb-4.1.0&q=80&w=1080,REAL,Female,36-50
2652,https://images.unsplash.com/photo-1650381473833-3e2c74a40fbf?crop=entropy&cs=tinysrgb&fit=max&fm=jpg&ixid=M3w5NDQwMTV8MHwxfHNlYXJjaHw0MzJ8fGFkdWx0JTIwZmFjZSUyMHBob3RvfGVufDB8fHx8MTc3ODA2ODg2NHww&ixlib=rb-4.1.0&q=80&w=1080,REAL,Unknown,36-50
2653,https://images.unsplash.com/photo-1644791896768-686a06912fd4?crop=entropy&cs=tinysrgb&fit=max&fm=jpg&ixid=M3w5NDQwMTV8MHwxfHNlYXJjaHw0MzN8fGFkdWx0JTIwZmFjZSUyMHBob3RvfGVufDB8fHx8MTc3ODA2ODg2NHww&ixlib=rb-4.1.0&q=80&w=1080,REAL,Female,18-25
2654,https://images.unsplash.com/photo-1710425808999-cee606a99f0f?crop=entropy&cs=tinysrgb&fit=max&fm=jpg&ixid=M3w5NDQwMTV8MHwxfHNlYXJjaHw0MzR8fGFkdWx0JTIwZmFjZSUyMHBob3RvfGVufDB8fHx8MTc3ODA2ODg2NHww&ixlib=rb-4.1.0&q=80&w=1080,REAL,Female,26-35
2655,https://images.unsplash.com/photo-1611178204388-1deef70ec66a?crop=entropy&cs=tinysrgb&fit=max&fm=jpg&ixid=M3w5NDQwMTV8MHwxfHNlYXJjaHw0MzV8fGFkdWx0JTIwZmFjZSUyMHBob3RvfGVufDB8fHx8MTc3ODA2ODg2NHww&ixlib=rb-4.1.0&q=80&w=1080,REAL,Unknown,26-35
2656,https://images.unsplash.com/photo-1676663111342-ca23e4efb425?crop=entropy&cs=tinysrgb&fit=max&fm=jpg&ixid=M3w5NDQwMTV8MHwxfHNlYXJjaHw0MzZ8fGFkdWx0JTIwZmFjZSUyMHBob3RvfGVufDB8fHx8MTc3ODA2ODg2NHww&ixlib=rb-4.1.0&q=80&w=1080,REAL,Unknown,26-35
2657,https://images.unsplash.com/photo-1589723710821-989cddda124d?crop=entropy&cs=tinysrgb&fit=max&fm=jpg&ixid=M3w5NDQwMTV8MHwxfHNlYXJjaHw0Mzd8fGFkdWx0JTIwZmFjZSUyMHBob3RvfGVufDB8fHx8MTc3ODA2ODg2NHww&ixlib=rb-4.1.0&q=80&w=1080,REAL,Unknown,26-35
2658,https://images.unsplash.com/photo-1586791717932-edf420c792bb?crop=entropy&cs=tinysrgb&fit=max&fm=jpg&ixid=M3w5NDQwMTV8MHwxfHNlYXJjaHw0Mzh8fGFkdWx0JTIwZmFjZSUyMHBob3RvfGVufDB8fHx8MTc3ODA2ODg2NHww&ixlib=rb-4.1.0&q=80&w=1080,REAL,Female,18-25
2659,https://images.unsplash.com/photo-1641832288775-b870b2d9affb?crop=entropy&cs=tinysrgb&fit=max&fm=jpg&ixid=M3w5NDQwMTV8MHwxfHNlYXJjaHw0Mzl8fGFkdWx0JTIwZmFjZSUyMHBob3RvfGVufDB8fHx8MTc3ODA2ODg2NHww&ixlib=rb-4.1.0&q=80&w=1080,REAL,Unknown,18-25
2660,https://images.unsplash.com/photo-1681132015210-13bcc0445f06?crop=entropy&cs=tinysrgb&fit=max&fm=jpg&ixid=M3w5NDQwMTV8MHwxfHNlYXJjaHw0NDB8fGFkdWx0JTIwZmFjZSUyMHBob3RvfGVufDB8fHx8MTc3ODA2ODg2NHww&ixlib=rb-4.1.0&q=80&w=1080,REAL,Male,26-35
2661,https://images.unsplash.com/photo-1652772589253-c1ab2308fbf4?crop=entropy&cs=tinysrgb&fit=max&fm=jpg&ixid=M3w5NDQwMTV8MHwxfHNlYXJjaHw0NDF8fGFkdWx0JTIwZmFjZSUyMHBob3RvfGVufDB8fHx8MTc3ODA2ODg2NHww&ixlib=rb-4.1.0&q=80&w=1080,REAL,Male,36-50
2662,https://images.unsplash.com/photo-1736258451652-2a79a5425f29?crop=entropy&cs=tinysrgb&fit=max&fm=jpg&ixid=M3w5NDQwMTV8MHwxfHNlYXJjaHw0NDJ8fGFkdWx0JTIwZmFjZSUyMHBob3RvfGVufDB8fHx8MTc3ODA2ODg2NHww&ixlib=rb-4.1.0&q=80&w=1080,REAL,Unknown,36-50
2663,https://images.unsplash.com/photo-1607799078298-70a4f051ff03?crop=entropy&cs=tinysrgb&fit=max&fm=jpg&ixid=M3w5NDQwMTV8MHwxfHNlYXJjaHw0NDN8fGFkdWx0JTIwZmFjZSUyMHBob3RvfGVufDB8fHx8MTc3ODA2ODg2NHww&ixlib=rb-4.1.0&q=80&w=1080,REAL,Male,50+
2664,https://images.unsplash.com/photo-1740948274625-4bc68379e179?crop=entropy&cs=tinysrgb&fit=max&fm=jpg&ixid=M3w5NDQwMTV8MHwxfHNlYXJjaHw0NDR8fGFkdWx0JTIwZmFjZSUyMHBob3RvfGVufDB8fHx8MTc3ODA2ODg2NHww&ixlib=rb-4.1.0&q=80&w=1080,REAL,Female,26-35
2665,https://images.unsplash.com/photo-1506863530036-1efeddceb993?crop=entropy&cs=tinysrgb&fit=max&fm=jpg&ixid=M3w5NDQwMTV8MHwxfHNlYXJjaHw0NDV8fGFkdWx0JTIwZmFjZSUyMHBob3RvfGVufDB8fHx8MTc3ODA2ODg2NHww&ixlib=rb-4.1.0&q=80&w=1080,REAL,Female,50+
2666,https://images.unsplash.com/photo-1521146764736-56c929d59c83?crop=entropy&cs=tinysrgb&fit=max&fm=jpg&ixid=M3w5NDQwMTV8MHwxfHNlYXJjaHw0NDZ8fGFkdWx0JTIwZmFjZSUyMHBob3RvfGVufDB8fHx8MTc3ODA2ODg2NHww&ixlib=rb-4.1.0&q=80&w=1080,REAL,Unknown,36-50
2667,https://images.unsplash.com/photo-1608256246030-37c2c74f20e4?crop=entropy&cs=tinysrgb&fit=max&fm=jpg&ixid=M3w5NDQwMTV8MHwxfHNlYXJjaHw0NDd8fGFkdWx0JTIwZmFjZSUyMHBob3RvfGVufDB8fHx8MTc3ODA2ODg2NHww&ixlib=rb-4.1.0&q=80&w=1080,REAL,Unknown,18-25
2668,https://images.unsplash.com/photo-1738091441420-383762ebeb50?crop=entropy&cs=tinysrgb&fit=max&fm=jpg&ixid=M3w5NDQwMTV8MHwxfHNlYXJjaHw0NDh8fGFkdWx0JTIwZmFjZSUyMHBob3RvfGVufDB8fHx8MTc3ODA2ODg2NHww&ixlib=rb-4.1.0&q=80&w=1080,REAL,Male,36-50
2669,https://images.unsplash.com/photo-1692185259481-0cb66bfc720c?crop=entropy&cs=tinysrgb&fit=max&fm=jpg&ixid=M3w5NDQwMTV8MHwxfHNlYXJjaHw0NDl8fGFkdWx0JTIwZmFjZSUyMHBob3RvfGVufDB8fHx8MTc3ODA2ODg2NHww&ixlib=rb-4.1.0&q=80&w=1080,REAL,Male,26-35
2670,https://images.unsplash.com/photo-1690681953431-a37d95b71d5b?crop=entropy&cs=tinysrgb&fit=max&fm=jpg&ixid=M3w5NDQwMTV8MHwxfHNlYXJjaHw0NTB8fGFkdWx0JTIwZmFjZSUyMHBob3RvfGVufDB8fHx8MTc3ODA2ODg2NHww&ixlib=rb-4.1.0&q=80&w=1080,REAL,Male,26-35
2671,https://images.unsplash.com/photo-1680330386370-ed8c6e04db9d?crop=entropy&cs=tinysrgb&fit=max&fm=jpg&ixid=M3w5NDQwMTV8MHwxfHNlYXJjaHw0NTF8fGFkdWx0JTIwZmFjZSUyMHBob3RvfGVufDB8fHx8MTc3ODA2ODg2OHww&ixlib=rb-4.1.0&q=80&w=1080,REAL,Male,18-25
2672,https://images.unsplash.com/photo-1615943084761-50297383fe94?crop=entropy&cs=tinysrgb&fit=max&fm=jpg&ixid=M3w5NDQwMTV8MHwxfHNlYXJjaHw0NTJ8fGFkdWx0JTIwZmFjZSUyMHBob3RvfGVufDB8fHx8MTc3ODA2ODg2OHww&ixlib=rb-4.1.0&q=80&w=1080,REAL,Unknown,36-50
2673,https://images.unsplash.com/photo-1594930077027-f400df9b3fdd?crop=entropy&cs=tinysrgb&fit=max&fm=jpg&ixid=M3w5NDQwMTV8MHwxfHNlYXJjaHw0NTN8fGFkdWx0JTIwZmFjZSUyMHBob3RvfGVufDB8fHx8MTc3ODA2ODg2OHww&ixlib=rb-4.1.0&q=80&w=1080,REAL,Female,26-35
2674,https://images.unsplash.com/photo-1542458579-0efc5038d080?crop=entropy&cs=tinysrgb&fit=max&fm=jpg&ixid=M3w5NDQwMTV8MHwxfHNlYXJjaHw0NTR8fGFkdWx0JTIwZmFjZSUyMHBob3RvfGVufDB8fHx8MTc3ODA2ODg2OHww&ixlib=rb-4.1.0&q=80&w=1080,REAL,Female,26-35
2675,https://images.unsplash.com/photo-1586865972860-651ee6c4308a?crop=entropy&cs=tinysrgb&fit=max&fm=jpg&ixid=M3w5NDQwMTV8MHwxfHNlYXJjaHw0NTV8fGFkdWx0JTIwZmFjZSUyMHBob3RvfGVufDB8fHx8MTc3ODA2ODg2OHww&ixlib=rb-4.1.0&q=80&w=1080,REAL,Unknown,26-35
2676,https://images.unsplash.com/photo-1629224181689-3fa4e728d5ef?crop=entropy&cs=tinysrgb&fit=max&fm=jpg&ixid=M3w5NDQwMTV8MHwxfHNlYXJjaHw0NTZ8fGFkdWx0JTIwZmFjZSUyMHBob3RvfGVufDB8fHx8MTc3ODA2ODg2OHww&ixlib=rb-4.1.0&q=80&w=1080,REAL,Male,36-50
2677,https://images.unsplash.com/photo-1590074247122-baef7a2e2b53?crop=entropy&cs=tinysrgb&fit=max&fm=jpg&ixid=M3w5NDQwMTV8MHwxfHNlYXJjaHw0NTd8fGFkdWx0JTIwZmFjZSUyMHBob3RvfGVufDB8fHx8MTc3ODA2ODg2OHww&ixlib=rb-4.1.0&q=80&w=1080,REAL,Female,50+
2678,https://images.unsplash.com/photo-1599870419260-888d147905a6?crop=entropy&cs=tinysrgb&fit=max&fm=jpg&ixid=M3w5NDQwMTV8MHwxfHNlYXJjaHw0NTh8fGFkdWx0JTIwZmFjZSUyMHBob3RvfGVufDB8fHx8MTc3ODA2ODg2OHww&ixlib=rb-4.1.0&q=80&w=1080,REAL,Female,26-35
2679,https://images.unsplash.com/photo-1706951261002-1bfcc612664f?crop=entropy&cs=tinysrgb&fit=max&fm=jpg&ixid=M3w5NDQwMTV8MHwxfHNlYXJjaHw0NTl8fGFkdWx0JTIwZmFjZSUyMHBob3RvfGVufDB8fHx8MTc3ODA2ODg2OHww&ixlib=rb-4.1.0&q=80&w=1080,REAL,Female,50+
2680,https://images.unsplash.com/photo-1591688058494-eddec647e201?crop=entropy&cs=tinysrgb&fit=max&fm=jpg&ixid=M3w5NDQwMTV8MHwxfHNlYXJjaHw0NjB8fGFkdWx0JTIwZmFjZSUyMHBob3RvfGVufDB8fHx8MTc3ODA2ODg2OHww&ixlib=rb-4.1.0&q=80&w=1080,REAL,Male,18-25
2681,https://images.unsplash.com/photo-1647058517574-27dddbe12afc?crop=entropy&cs=tinysrgb&fit=max&fm=jpg&ixid=M3w5NDQwMTV8MHwxfHNlYXJjaHw0NjF8fGFkdWx0JTIwZmFjZSUyMHBob3RvfGVufDB8fHx8MTc3ODA2ODg2OHww&ixlib=rb-4.1.0&q=80&w=1080,REAL,Male,18-25
2682,https://images.unsplash.com/photo-1490911679664-99d34ae56d94?crop=entropy&cs=tinysrgb&fit=max&fm=jpg&ixid=M3w5NDQwMTV8MHwxfHNlYXJjaHw0NjJ8fGFkdWx0JTIwZmFjZSUyMHBob3RvfGVufDB8fHx8MTc3ODA2ODg2OHww&ixlib=rb-4.1.0&q=80&w=1080,REAL,Unknown,36-50
2683,https://images.unsplash.com/photo-1645777902659-74d393df3d83?crop=entropy&cs=tinysrgb&fit=max&fm=jpg&ixid=M3w5NDQwMTV8MHwxfHNlYXJjaHw0NjN8fGFkdWx0JTIwZmFjZSUyMHBob3RvfGVufDB8fHx8MTc3ODA2ODg2OHww&ixlib=rb-4.1.0&q=80&w=1080,REAL,Male,50+
2684,https://images.unsplash.com/photo-1568277350366-bde0400afae5?crop=entropy&cs=tinysrgb&fit=max&fm=jpg&ixid=M3w5NDQwMTV8MHwxfHNlYXJjaHw0NjR8fGFkdWx0JTIwZmFjZSUyMHBob3RvfGVufDB8fHx8MTc3ODA2ODg2OHww&ixlib=rb-4.1.0&q=80&w=1080,REAL,Male,26-35
2685,https://images.unsplash.com/photo-1632266911008-331d3e81e322?crop=entropy&cs=tinysrgb&fit=max&fm=jpg&ixid=M3w5NDQwMTV8MHwxfHNlYXJjaHw0NjV8fGFkdWx0JTIwZmFjZSUyMHBob3RvfGVufDB8fHx8MTc3ODA2ODg2OHww&ixlib=rb-4.1.0&q=80&w=1080,REAL,Female,36-50
2686,https://images.unsplash.com/photo-1732762236408-5aa67dabee97?crop=entropy&cs=tinysrgb&fit=max&fm=jpg&ixid=M3w5NDQwMTV8MHwxfHNlYXJjaHw0NjZ8fGFkdWx0JTIwZmFjZSUyMHBob3RvfGVufDB8fHx8MTc3ODA2ODg2OHww&ixlib=rb-4.1.0&q=80&w=1080,REAL,Unknown,36-50
2687,https://images.unsplash.com/photo-1616923756733-a0d6c4ef67fb?crop=entropy&cs=tinysrgb&fit=max&fm=jpg&ixid=M3w5NDQwMTV8MHwxfHNlYXJjaHw0Njd8fGFkdWx0JTIwZmFjZSUyMHBob3RvfGVufDB8fHx8MTc3ODA2ODg2OHww&ixlib=rb-4.1.0&q=80&w=1080,REAL,Female,26-35
2688,https://images.unsplash.com/photo-1598042106434-988e37dfa88c?crop=entropy&cs=tinysrgb&fit=max&fm=jpg&ixid=M3w5NDQwMTV8MHwxfHNlYXJjaHw0Njh8fGFkdWx0JTIwZmFjZSUyMHBob3RvfGVufDB8fHx8MTc3ODA2ODg2OHww&ixlib=rb-4.1.0&q=80&w=1080,REAL,Unknown,36-50
2689,https://images.unsplash.com/photo-1512503868941-bd9fa9c6b569?crop=entropy&cs=tinysrgb&fit=max&fm=jpg&ixid=M3w5NDQwMTV8MHwxfHNlYXJjaHw0Njl8fGFkdWx0JTIwZmFjZSUyMHBob3RvfGVufDB8fHx8MTc3ODA2ODg2OHww&ixlib=rb-4.1.0&q=80&w=1080,REAL,Male,26-35
2690,https://images.unsplash.com/photo-1506720432985-fa1fd9047c46?crop=entropy&cs=tinysrgb&fit=max&fm=jpg&ixid=M3w5NDQwMTV8MHwxfHNlYXJjaHw0NzB8fGFkdWx0JTIwZmFjZSUyMHBob3RvfGVufDB8fHx8MTc3ODA2ODg2OHww&ixlib=rb-4.1.0&q=80&w=1080,REAL,Unknown,26-35
2691,https://images.unsplash.com/photo-1566302737512-7a9df54f0ddd?crop=entropy&cs=tinysrgb&fit=max&fm=jpg&ixid=M3w5NDQwMTV8MHwxfHNlYXJjaHw0NzF8fGFkdWx0JTIwZmFjZSUyMHBob3RvfGVufDB8fHx8MTc3ODA2ODg2OHww&ixlib=rb-4.1.0&q=80&w=1080,REAL,Unknown,50+
2692,https://images.unsplash.com/photo-1770584848339-d4481a48f778?crop=entropy&cs=tinysrgb&fit=max&fm=jpg&ixid=M3w5NDQwMTV8MHwxfHNlYXJjaHw0NzJ8fGFkdWx0JTIwZmFjZSUyMHBob3RvfGVufDB8fHx8MTc3ODA2ODg2OHww&ixlib=rb-4.1.0&q=80&w=1080,REAL,Unknown,26-35
2693,https://images.unsplash.com/photo-1676733644903-55cc606e94a8?crop=entropy&cs=tinysrgb&fit=max&fm=jpg&ixid=M3w5NDQwMTV8MHwxfHNlYXJjaHw0NzN8fGFkdWx0JTIwZmFjZSUyMHBob3RvfGVufDB8fHx8MTc3ODA2ODg2OHww&ixlib=rb-4.1.0&q=80&w=1080,REAL,Unknown,36-50
2694,https://images.unsplash.com/photo-1605777085122-94f4938cbfb0?crop=entropy&cs=tinysrgb&fit=max&fm=jpg&ixid=M3w5NDQwMTV8MHwxfHNlYXJjaHw0NzR8fGFkdWx0JTIwZmFjZSUyMHBob3RvfGVufDB8fHx8MTc3ODA2ODg2OHww&ixlib=rb-4.1.0&q=80&w=1080,REAL,Female,18-25
2695,https://images.unsplash.com/photo-1597570889034-08f6e1b9baa5?crop=entropy&cs=tinysrgb&fit=max&fm=jpg&ixid=M3w5NDQwMTV8MHwxfHNlYXJjaHw0NzV8fGFkdWx0JTIwZmFjZSUyMHBob3RvfGVufDB8fHx8MTc3ODA2ODg2OHww&ixlib=rb-4.1.0&q=80&w=1080,REAL,Male,18-25
2696,https://images.unsplash.com/photo-1589487339718-4caecf87d6d1?crop=entropy&cs=tinysrgb&fit=max&fm=jpg&ixid=M3w5NDQwMTV8MHwxfHNlYXJjaHw0NzZ8fGFkdWx0JTIwZmFjZSUyMHBob3RvfGVufDB8fHx8MTc3ODA2ODg2OHww&ixlib=rb-4.1.0&q=80&w=1080,REAL,Unknown,18-25
2697,https://images.unsplash.com/photo-1671797024262-5c1976aaed9c?crop=entropy&cs=tinysrgb&fit=max&fm=jpg&ixid=M3w5NDQwMTV8MHwxfHNlYXJjaHw0Nzd8fGFkdWx0JTIwZmFjZSUyMHBob3RvfGVufDB8fHx8MTc3ODA2ODg2OHww&ixlib=rb-4.1.0&q=80&w=1080,REAL,Unknown,26-35
2698,https://images.unsplash.com/photo-1550783663-4c9ad5dee0eb?crop=entropy&cs=tinysrgb&fit=max&fm=jpg&ixid=M3w5NDQwMTV8MHwxfHNlYXJjaHw0Nzh8fGFkdWx0JTIwZmFjZSUyMHBob3RvfGVufDB8fHx8MTc3ODA2ODg2OHww&ixlib=rb-4.1.0&q=80&w=1080,REAL,Unknown,50+
2699,https://images.unsplash.com/photo-1645708673722-d36556d4b03f?crop=entropy&cs=tinysrgb&fit=max&fm=jpg&ixid=M3w5NDQwMTV8MHwxfHNlYXJjaHw0Nzl8fGFkdWx0JTIwZmFjZSUyMHBob3RvfGVufDB8fHx8MTc3ODA2ODg2OHww&ixlib=rb-4.1.0&q=80&w=1080,REAL,Male,36-50
2700,https://images.unsplash.com/photo-1583155937462-7c18e74b6aa3?crop=entropy&cs=tinysrgb&fit=max&fm=jpg&ixid=M3w5NDQwMTV8MHwxfHNlYXJjaHw0ODB8fGFkdWx0JTIwZmFjZSUyMHBob3RvfGVufDB8fHx8MTc3ODA2ODg2OHww&ixlib=rb-4.1.0&q=80&w=1080,REAL,Male,26-35
2701,https://images.unsplash.com/photo-1730173728310-dc07a9374ced?crop=entropy&cs=tinysrgb&fit=max&fm=jpg&ixid=M3w5NDQwMTV8MHwxfHNlYXJjaHw0ODF8fGFkdWx0JTIwZmFjZSUyMHBob3RvfGVufDB8fHx8MTc3ODA2ODg3MXww&ixlib=rb-4.1.0&q=80&w=1080,REAL,Unknown,18-25
2702,https://images.unsplash.com/photo-1634974025667-566c144edbbe?crop=entropy&cs=tinysrgb&fit=max&fm=jpg&ixid=M3w5NDQwMTV8MHwxfHNlYXJjaHw0ODJ8fGFkdWx0JTIwZmFjZSUyMHBob3RvfGVufDB8fHx8MTc3ODA2ODg3MXww&ixlib=rb-4.1.0&q=80&w=1080,REAL,Male,36-50
2703,https://images.unsplash.com/photo-1496091073051-280ef67ea854?crop=entropy&cs=tinysrgb&fit=max&fm=jpg&ixid=M3w5NDQwMTV8MHwxfHNlYXJjaHw0ODN8fGFkdWx0JTIwZmFjZSUyMHBob3RvfGVufDB8fHx8MTc3ODA2ODg3MXww&ixlib=rb-4.1.0&q=80&w=1080,REAL,Male,26-35
2704,https://images.unsplash.com/photo-1591788433770-b9b4b5ad805c?crop=entropy&cs=tinysrgb&fit=max&fm=jpg&ixid=M3w5NDQwMTV8MHwxfHNlYXJjaHw0ODR8fGFkdWx0JTIwZmFjZSUyMHBob3RvfGVufDB8fHx8MTc3ODA2ODg3MXww&ixlib=rb-4.1.0&q=80&w=1080,REAL,Male,36-50
2705,https://images.unsplash.com/photo-1640581767070-b2518e4f78f0?crop=entropy&cs=tinysrgb&fit=max&fm=jpg&ixid=M3w5NDQwMTV8MHwxfHNlYXJjaHw0ODV8fGFkdWx0JTIwZmFjZSUyMHBob3RvfGVufDB8fHx8MTc3ODA2ODg3MXww&ixlib=rb-4.1.0&q=80&w=1080,REAL,Unknown,36-50
2706,https://images.unsplash.com/photo-1584300099175-f41ffb22f998?crop=entropy&cs=tinysrgb&fit=max&fm=jpg&ixid=M3w5NDQwMTV8MHwxfHNlYXJjaHw0ODZ8fGFkdWx0JTIwZmFjZSUyMHBob3RvfGVufDB8fHx8MTc3ODA2ODg3MXww&ixlib=rb-4.1.0&q=80&w=1080,REAL,Female,18-25
2707,https://images.unsplash.com/photo-1709621404595-9b3dda23b728?crop=entropy&cs=tinysrgb&fit=max&fm=jpg&ixid=M3w5NDQwMTV8MHwxfHNlYXJjaHw0ODd8fGFkdWx0JTIwZmFjZSUyMHBob3RvfGVufDB8fHx8MTc3ODA2ODg3MXww&ixlib=rb-4.1.0&q=80&w=1080,REAL,Unknown,50+
2708,https://images.unsplash.com/photo-1706712376737-8ca0fefdfa76?crop=entropy&cs=tinysrgb&fit=max&fm=jpg&ixid=M3w5NDQwMTV8MHwxfHNlYXJjaHw0ODh8fGFkdWx0JTIwZmFjZSUyMHBob3RvfGVufDB8fHx8MTc3ODA2ODg3MXww&ixlib=rb-4.1.0&q=80&w=1080,REAL,Male,26-35
2709,https://images.unsplash.com/photo-1641116511407-dbe3e86a6ea3?crop=entropy&cs=tinysrgb&fit=max&fm=jpg&ixid=M3w5NDQwMTV8MHwxfHNlYXJjaHw0ODl8fGFkdWx0JTIwZmFjZSUyMHBob3RvfGVufDB8fHx8MTc3ODA2ODg3MXww&ixlib=rb-4.1.0&q=80&w=1080,REAL,Unknown,26-35
2710,https://images.unsplash.com/photo-1676812125226-a8d037f4052d?crop=entropy&cs=tinysrgb&fit=max&fm=jpg&ixid=M3w5NDQwMTV8MHwxfHNlYXJjaHw0OTB8fGFkdWx0JTIwZmFjZSUyMHBob3RvfGVufDB8fHx8MTc3ODA2ODg3MXww&ixlib=rb-4.1.0&q=80&w=1080,REAL,Male,36-50
2711,https://images.unsplash.com/photo-1605552982479-5b15d93bf645?crop=entropy&cs=tinysrgb&fit=max&fm=jpg&ixid=M3w5NDQwMTV8MHwxfHNlYXJjaHw0OTF8fGFkdWx0JTIwZmFjZSUyMHBob3RvfGVufDB8fHx8MTc3ODA2ODg3MXww&ixlib=rb-4.1.0&q=80&w=1080,REAL,Male,26-35
2712,https://images.unsplash.com/photo-1538177135626-7fdc94c2cead?crop=entropy&cs=tinysrgb&fit=max&fm=jpg&ixid=M3w5NDQwMTV8MHwxfHNlYXJjaHw0OTJ8fGFkdWx0JTIwZmFjZSUyMHBob3RvfGVufDB8fHx8MTc3ODA2ODg3MXww&ixlib=rb-4.1.0&q=80&w=1080,REAL,Unknown,50+
2713,https://images.unsplash.com/photo-1593529467220-9d721ceb9a78?crop=entropy&cs=tinysrgb&fit=max&fm=jpg&ixid=M3w5NDQwMTV8MHwxfHNlYXJjaHw0OTN8fGFkdWx0JTIwZmFjZSUyMHBob3RvfGVufDB8fHx8MTc3ODA2ODg3MXww&ixlib=rb-4.1.0&q=80&w=1080,REAL,Female,36-50
2714,https://images.unsplash.com/photo-1546600882-2c3090f74c7e?crop=entropy&cs=tinysrgb&fit=max&fm=jpg&ixid=M3w5NDQwMTV8MHwxfHNlYXJjaHw0OTR8fGFkdWx0JTIwZmFjZSUyMHBob3RvfGVufDB8fHx8MTc3ODA2ODg3MXww&ixlib=rb-4.1.0&q=80&w=1080,REAL,Unknown,26-35
2715,https://images.unsplash.com/photo-1665493014337-ada01670de89?crop=entropy&cs=tinysrgb&fit=max&fm=jpg&ixid=M3w5NDQwMTV8MHwxfHNlYXJjaHw0OTV8fGFkdWx0JTIwZmFjZSUyMHBob3RvfGVufDB8fHx8MTc3ODA2ODg3MXww&ixlib=rb-4.1.0&q=80&w=1080,REAL,Female,18-25
2716,https://images.unsplash.com/photo-1607363530346-963a2443bed4?crop=entropy&cs=tinysrgb&fit=max&fm=jpg&ixid=M3w5NDQwMTV8MHwxfHNlYXJjaHw0OTZ8fGFkdWx0JTIwZmFjZSUyMHBob3RvfGVufDB8fHx8MTc3ODA2ODg3MXww&ixlib=rb-4.1.0&q=80&w=1080,REAL,Female,50+
2717,https://images.unsplash.com/photo-1564525876935-f6fdc5476d36?crop=entropy&cs=tinysrgb&fit=max&fm=jpg&ixid=M3w5NDQwMTV8MHwxfHNlYXJjaHw0OTd8fGFkdWx0JTIwZmFjZSUyMHBob3RvfGVufDB8fHx8MTc3ODA2ODg3MXww&ixlib=rb-4.1.0&q=80&w=1080,REAL,Unknown,18-25
2718,https://images.unsplash.com/photo-1644764596721-459022622281?crop=entropy&cs=tinysrgb&fit=max&fm=jpg&ixid=M3w5NDQwMTV8MHwxfHNlYXJjaHw0OTh8fGFkdWx0JTIwZmFjZSUyMHBob3RvfGVufDB8fHx8MTc3ODA2ODg3MXww&ixlib=rb-4.1.0&q=80&w=1080,REAL,Unknown,36-50
2719,https://images.unsplash.com/photo-1638869689428-a923e87fd932?crop=entropy&cs=tinysrgb&fit=max&fm=jpg&ixid=M3w5NDQwMTV8MHwxfHNlYXJjaHw0OTl8fGFkdWx0JTIwZmFjZSUyMHBob3RvfGVufDB8fHx8MTc3ODA2ODg3MXww&ixlib=rb-4.1.0&q=80&w=1080,REAL,Male,18-25
2720,https://images.unsplash.com/photo-1624718080073-d9d48d4c709e?crop=entropy&cs=tinysrgb&fit=max&fm=jpg&ixid=M3w5NDQwMTV8MHwxfHNlYXJjaHw1MDB8fGFkdWx0JTIwZmFjZSUyMHBob3RvfGVufDB8fHx8MTc3ODA2ODg3MXww&ixlib=rb-4.1.0&q=80&w=1080,REAL,Unknown,26-35
2721,https://images.unsplash.com/photo-1615592018519-6c5c8c3f4c8e?crop=entropy&cs=tinysrgb&fit=max&fm=jpg&ixid=M3w5NDQwMTV8MHwxfHNlYXJjaHw1MDF8fGFkdWx0JTIwZmFjZSUyMHBob3RvfGVufDB8fHx8MTc3ODA2ODg3MXww&ixlib=rb-4.1.0&q=80&w=1080,REAL,Unknown,36-50
2722,https://images.unsplash.com/photo-1671278017637-1d55f6a4a88e?crop=entropy&cs=tinysrgb&fit=max&fm=jpg&ixid=M3w5NDQwMTV8MHwxfHNlYXJjaHw1MDJ8fGFkdWx0JTIwZmFjZSUyMHBob3RvfGVufDB8fHx8MTc3ODA2ODg3MXww&ixlib=rb-4.1.0&q=80&w=1080,REAL,Unknown,26-35
2723,https://images.unsplash.com/photo-1508682359866-c8ea077eb90b?crop=entropy&cs=tinysrgb&fit=max&fm=jpg&ixid=M3w5NDQwMTV8MHwxfHNlYXJjaHw1MDN8fGFkdWx0JTIwZmFjZSUyMHBob3RvfGVufDB8fHx8MTc3ODA2ODg3MXww&ixlib=rb-4.1.0&q=80&w=1080,REAL,Male,18-25
2724,https://images.unsplash.com/photo-1711056214807-33ef9f745441?crop=entropy&cs=tinysrgb&fit=max&fm=jpg&ixid=M3w5NDQwMTV8MHwxfHNlYXJjaHw1MDR8fGFkdWx0JTIwZmFjZSUyMHBob3RvfGVufDB8fHx8MTc3ODA2ODg3MXww&ixlib=rb-4.1.0&q=80&w=1080,REAL,Unknown,18-25
2725,https://images.unsplash.com/photo-1617746652804-f48af8e91ebc?crop=entropy&cs=tinysrgb&fit=max&fm=jpg&ixid=M3w5NDQwMTV8MHwxfHNlYXJjaHw1MDV8fGFkdWx0JTIwZmFjZSUyMHBob3RvfGVufDB8fHx8MTc3ODA2ODg3MXww&ixlib=rb-4.1.0&q=80&w=1080,REAL,Male,50+
2726,https://images.unsplash.com/photo-1731509721871-ed469414804f?crop=entropy&cs=tinysrgb&fit=max&fm=jpg&ixid=M3w5NDQwMTV8MHwxfHNlYXJjaHw1MDZ8fGFkdWx0JTIwZmFjZSUyMHBob3RvfGVufDB8fHx8MTc3ODA2ODg3MXww&ixlib=rb-4.1.0&q=80&w=1080,REAL,Female,18-25
2727,https://images.unsplash.com/photo-1545254644-a60835b8d36e?crop=entropy&cs=tinysrgb&fit=max&fm=jpg&ixid=M3w5NDQwMTV8MHwxfHNlYXJjaHw1MDd8fGFkdWx0JTIwZmFjZSUyMHBob3RvfGVufDB8fHx8MTc3ODA2ODg3MXww&ixlib=rb-4.1.0&q=80&w=1080,REAL,Unknown,50+
2728,https://images.unsplash.com/photo-1615753621991-c9bbbc924b75?crop=entropy&cs=tinysrgb&fit=max&fm=jpg&ixid=M3w5NDQwMTV8MHwxfHNlYXJjaHw1MDh8fGFkdWx0JTIwZmFjZSUyMHBob3RvfGVufDB8fHx8MTc3ODA2ODg3MXww&ixlib=rb-4.1.0&q=80&w=1080,REAL,Female,36-50
2729,https://images.unsplash.com/photo-1743015067236-e1ab7f3e208b?crop=entropy&cs=tinysrgb&fit=max&fm=jpg&ixid=M3w5NDQwMTV8MHwxfHNlYXJjaHw1MDl8fGFkdWx0JTIwZmFjZSUyMHBob3RvfGVufDB8fHx8MTc3ODA2ODg3MXww&ixlib=rb-4.1.0&q=80&w=1080,REAL,Male,36-50
2730,https://images.unsplash.com/photo-1566670544771-01d7826b2f07?crop=entropy&cs=tinysrgb&fit=max&fm=jpg&ixid=M3w5NDQwMTV8MHwxfHNlYXJjaHw1MTB8fGFkdWx0JTIwZmFjZSUyMHBob3RvfGVufDB8fHx8MTc3ODA2ODg3MXww&ixlib=rb-4.1.0&q=80&w=1080,REAL,Unknown,18-25
2731,https://images.unsplash.com/photo-1743015067236-e1ab7f3e208b?crop=entropy&cs=tinysrgb&fit=max&fm=jpg&ixid=M3w5NDQwMTV8MHwxfHNlYXJjaHw1MTF8fGFkdWx0JTIwZmFjZSUyMHBob3RvfGVufDB8fHx8MTc3ODA2ODg3NHww&ixlib=rb-4.1.0&q=80&w=1080,REAL,Unknown,18-25
2732,https://images.unsplash.com/photo-1566670544771-01d7826b2f07?crop=entropy&cs=tinysrgb&fit=max&fm=jpg&ixid=M3w5NDQwMTV8MHwxfHNlYXJjaHw1MTJ8fGFkdWx0JTIwZmFjZSUyMHBob3RvfGVufDB8fHx8MTc3ODA2ODg3NHww&ixlib=rb-4.1.0&q=80&w=1080,REAL,Unknown,36-50
2733,https://images.unsplash.com/photo-1611035423762-264252561b38?crop=entropy&cs=tinysrgb&fit=max&fm=jpg&ixid=M3w5NDQwMTV8MHwxfHNlYXJjaHw1MTN8fGFkdWx0JTIwZmFjZSUyMHBob3RvfGVufDB8fHx8MTc3ODA2ODg3NHww&ixlib=rb-4.1.0&q=80&w=1080,REAL,Male,18-25
2734,https://images.unsplash.com/photo-1572151510493-38eb612d23be?crop=entropy&cs=tinysrgb&fit=max&fm=jpg&ixid=M3w5NDQwMTV8MHwxfHNlYXJjaHw1MTR8fGFkdWx0JTIwZmFjZSUyMHBob3RvfGVufDB8fHx8MTc3ODA2ODg3NHww&ixlib=rb-4.1.0&q=80&w=1080,REAL,Unknown,36-50
2735,https://images.unsplash.com/photo-1620688346029-531afde69ee4?crop=entropy&cs=tinysrgb&fit=max&fm=jpg&ixid=M3w5NDQwMTV8MHwxfHNlYXJjaHw1MTV8fGFkdWx0JTIwZmFjZSUyMHBob3RvfGVufDB8fHx8MTc3ODA2ODg3NHww&ixlib=rb-4.1.0&q=80&w=1080,REAL,Male,26-35
2736,https://images.unsplash.com/photo-1602796390496-db4e5edb8b92?crop=entropy&cs=tinysrgb&fit=max&fm=jpg&ixid=M3w5NDQwMTV8MHwxfHNlYXJjaHw1MTZ8fGFkdWx0JTIwZmFjZSUyMHBob3RvfGVufDB8fHx8MTc3ODA2ODg3NHww&ixlib=rb-4.1.0&q=80&w=1080,REAL,Male,36-50
2737,https://images.unsplash.com/photo-1651878109225-dd91c1c80277?crop=entropy&cs=tinysrgb&fit=max&fm=jpg&ixid=M3w5NDQwMTV8MHwxfHNlYXJjaHw1MTd8fGFkdWx0JTIwZmFjZSUyMHBob3RvfGVufDB8fHx8MTc3ODA2ODg3NHww&ixlib=rb-4.1.0&q=80&w=1080,REAL,Unknown,26-35
2738,https://images.unsplash.com/photo-1653732162838-f6d6cadeb706?crop=entropy&cs=tinysrgb&fit=max&fm=jpg&ixid=M3w5NDQwMTV8MHwxfHNlYXJjaHw1MTh8fGFkdWx0JTIwZmFjZSUyMHBob3RvfGVufDB8fHx8MTc3ODA2ODg3NHww&ixlib=rb-4.1.0&q=80&w=1080,REAL,Unknown,18-25
2739,https://images.unsplash.com/photo-1626691319224-eff735ad2e0e?crop=entropy&cs=tinysrgb&fit=max&fm=jpg&ixid=M3w5NDQwMTV8MHwxfHNlYXJjaHw1MTl8fGFkdWx0JTIwZmFjZSUyMHBob3RvfGVufDB8fHx8MTc3ODA2ODg3NHww&ixlib=rb-4.1.0&q=80&w=1080,REAL,Unknown,26-35
2740,https://images.unsplash.com/photo-1618475701634-4ed2fbbdb8c0?crop=entropy&cs=tinysrgb&fit=max&fm=jpg&ixid=M3w5NDQwMTV8MHwxfHNlYXJjaHw1MjB8fGFkdWx0JTIwZmFjZSUyMHBob3RvfGVufDB8fHx8MTc3ODA2ODg3NHww&ixlib=rb-4.1.0&q=80&w=1080,REAL,Male,50+
2741,https://images.unsplash.com/photo-1639596009496-d24f966adc25?crop=entropy&cs=tinysrgb&fit=max&fm=jpg&ixid=M3w5NDQwMTV8MHwxfHNlYXJjaHw1MjF8fGFkdWx0JTIwZmFjZSUyMHBob3RvfGVufDB8fHx8MTc3ODA2ODg3NHww&ixlib=rb-4.1.0&q=80&w=1080,REAL,Male,36-50
2742,https://images.unsplash.com/photo-1624182710553-9ca3ec9c5505?crop=entropy&cs=tinysrgb&fit=max&fm=jpg&ixid=M3w5NDQwMTV8MHwxfHNlYXJjaHw1MjJ8fGFkdWx0JTIwZmFjZSUyMHBob3RvfGVufDB8fHx8MTc3ODA2ODg3NHww&ixlib=rb-4.1.0&q=80&w=1080,REAL,Unknown,26-35
2743,https://images.unsplash.com/photo-1691431164053-cc8ecf0feb40?crop=entropy&cs=tinysrgb&fit=max&fm=jpg&ixid=M3w5NDQwMTV8MHwxfHNlYXJjaHw1MjN8fGFkdWx0JTIwZmFjZSUyMHBob3RvfGVufDB8fHx8MTc3ODA2ODg3NHww&ixlib=rb-4.1.0&q=80&w=1080,REAL,Unknown,18-25
2744,https://images.unsplash.com/photo-1672661565216-9954a3bb5756?crop=entropy&cs=tinysrgb&fit=max&fm=jpg&ixid=M3w5NDQwMTV8MHwxfHNlYXJjaHw1MjR8fGFkdWx0JTIwZmFjZSUyMHBob3RvfGVufDB8fHx8MTc3ODA2ODg3NHww&ixlib=rb-4.1.0&q=80&w=1080,REAL,Male,26-35
2745,https://images.unsplash.com/photo-1620230448873-ffc56039c789?crop=entropy&cs=tinysrgb&fit=max&fm=jpg&ixid=M3w5NDQwMTV8MHwxfHNlYXJjaHw1MjV8fGFkdWx0JTIwZmFjZSUyMHBob3RvfGVufDB8fHx8MTc3ODA2ODg3NHww&ixlib=rb-4.1.0&q=80&w=1080,REAL,Female,36-50
2746,https://images.unsplash.com/photo-1548382090-41b621814031?crop=entropy&cs=tinysrgb&fit=max&fm=jpg&ixid=M3w5NDQwMTV8MHwxfHNlYXJjaHw1MjZ8fGFkdWx0JTIwZmFjZSUyMHBob3RvfGVufDB8fHx8MTc3ODA2ODg3NHww&ixlib=rb-4.1.0&q=80&w=1080,REAL,Female,18-25
2747,https://images.unsplash.com/photo-1650286549949-2cbcd1a25bad?crop=entropy&cs=tinysrgb&fit=max&fm=jpg&ixid=M3w5NDQwMTV8MHwxfHNlYXJjaHw1Mjd8fGFkdWx0JTIwZmFjZSUyMHBob3RvfGVufDB8fHx8MTc3ODA2ODg3NHww&ixlib=rb-4.1.0&q=80&w=1080,REAL,Unknown,50+
2748,https://images.unsplash.com/photo-1650038132376-5bb0e549e19f?crop=entropy&cs=tinysrgb&fit=max&fm=jpg&ixid=M3w5NDQwMTV8MHwxfHNlYXJjaHw1Mjh8fGFkdWx0JTIwZmFjZSUyMHBob3RvfGVufDB8fHx8MTc3ODA2ODg3NHww&ixlib=rb-4.1.0&q=80&w=1080,REAL,Male,50+
2749,https://images.unsplash.com/photo-1601600626995-ea9ac19caf64?crop=entropy&cs=tinysrgb&fit=max&fm=jpg&ixid=M3w5NDQwMTV8MHwxfHNlYXJjaHw1Mjl8fGFkdWx0JTIwZmFjZSUyMHBob3RvfGVufDB8fHx8MTc3ODA2ODg3NHww&ixlib=rb-4.1.0&q=80&w=1080,REAL,Unknown,36-50
2750,https://images.unsplash.com/photo-1684253661238-5c8d1adf75cd?crop=entropy&cs=tinysrgb&fit=max&fm=jpg&ixid=M3w5NDQwMTV8MHwxfHNlYXJjaHw1MzB8fGFkdWx0JTIwZmFjZSUyMHBob3RvfGVufDB8fHx8MTc3ODA2ODg3NHww&ixlib=rb-4.1.0&q=80&w=1080,REAL,Male,26-35
2751,https://images.unsplash.com/photo-1546441790-3bb641a907a0?crop=entropy&cs=tinysrgb&fit=max&fm=jpg&ixid=M3w5NDQwMTV8MHwxfHNlYXJjaHw1MzF8fGFkdWx0JTIwZmFjZSUyMHBob3RvfGVufDB8fHx8MTc3ODA2ODg3NHww&ixlib=rb-4.1.0&q=80&w=1080,REAL,Female,18-25
2752,https://images.unsplash.com/photo-1622039683730-65f2bad01ee2?crop=entropy&cs=tinysrgb&fit=max&fm=jpg&ixid=M3w5NDQwMTV8MHwxfHNlYXJjaHw1MzJ8fGFkdWx0JTIwZmFjZSUyMHBob3RvfGVufDB8fHx8MTc3ODA2ODg3NHww&ixlib=rb-4.1.0&q=80&w=1080,REAL,Male,18-25
2753,https://images.unsplash.com/photo-1571893714939-85a8e97c329d?crop=entropy&cs=tinysrgb&fit=max&fm=jpg&ixid=M3w5NDQwMTV8MHwxfHNlYXJjaHw1MzN8fGFkdWx0JTIwZmFjZSUyMHBob3RvfGVufDB8fHx8MTc3ODA2ODg3NHww&ixlib=rb-4.1.0&q=80&w=1080,REAL,Female,18-25
2754,https://images.unsplash.com/photo-1616117690865-1aadc7aa6666?crop=entropy&cs=tinysrgb&fit=max&fm=jpg&ixid=M3w5NDQwMTV8MHwxfHNlYXJjaHw1MzR8fGFkdWx0JTIwZmFjZSUyMHBob3RvfGVufDB8fHx8MTc3ODA2ODg3NHww&ixlib=rb-4.1.0&q=80&w=1080,REAL,Male,36-50
2755,https://images.unsplash.com/photo-1599825729464-3b17526c91b6?crop=entropy&cs=tinysrgb&fit=max&fm=jpg&ixid=M3w5NDQwMTV8MHwxfHNlYXJjaHw1MzV8fGFkdWx0JTIwZmFjZSUyMHBob3RvfGVufDB8fHx8MTc3ODA2ODg3NHww&ixlib=rb-4.1.0&q=80&w=1080,REAL,Unknown,18-25
2756,https://images.unsplash.com/photo-1437011165434-0b8d687711aa?crop=entropy&cs=tinysrgb&fit=max&fm=jpg&ixid=M3w5NDQwMTV8MHwxfHNlYXJjaHw1MzZ8fGFkdWx0JTIwZmFjZSUyMHBob3RvfGVufDB8fHx8MTc3ODA2ODg3NHww&ixlib=rb-4.1.0&q=80&w=1080,REAL,Female,36-50
2757,https://images.unsplash.com/photo-1508840719973-8737865a8eb6?crop=entropy&cs=tinysrgb&fit=max&fm=jpg&ixid=M3w5NDQwMTV8MHwxfHNlYXJjaHw1Mzd8fGFkdWx0JTIwZmFjZSUyMHBob3RvfGVufDB8fHx8MTc3ODA2ODg3NHww&ixlib=rb-4.1.0&q=80&w=1080,REAL,Unknown,36-50
2758,https://images.unsplash.com/photo-1556694924-4d532e2bc623?crop=entropy&cs=tinysrgb&fit=max&fm=jpg&ixid=M3w5NDQwMTV8MHwxfHNlYXJjaHw1Mzh8fGFkdWx0JTIwZmFjZSUyMHBob3RvfGVufDB8fHx8MTc3ODA2ODg3NHww&ixlib=rb-4.1.0&q=80&w=1080,REAL,Male,50+
2759,https://images.unsplash.com/photo-1626691321519-84628b9ea9c9?crop=entropy&cs=tinysrgb&fit=max&fm=jpg&ixid=M3w5NDQwMTV8MHwxfHNlYXJjaHw1Mzl8fGFkdWx0JTIwZmFjZSUyMHBob3RvfGVufDB8fHx8MTc3ODA2ODg3NHww&ixlib=rb-4.1.0&q=80&w=1080,REAL,Unknown,26-35
2760,https://images.unsplash.com/photo-1756475394041-53bd65722fac?crop=entropy&cs=tinysrgb&fit=max&fm=jpg&ixid=M3w5NDQwMTV8MHwxfHNlYXJjaHw1NDB8fGFkdWx0JTIwZmFjZSUyMHBob3RvfGVufDB8fHx8MTc3ODA2ODg3NHww&ixlib=rb-4.1.0&q=80&w=1080,REAL,Unknown,18-25
2761,https://images.unsplash.com/photo-1719295260404-dfe00c21454b?crop=entropy&cs=tinysrgb&fit=max&fm=jpg&ixid=M3w5NDQwMTV8MHwxfHNlYXJjaHw1NDF8fGFkdWx0JTIwZmFjZSUyMHBob3RvfGVufDB8fHx8MTc3ODA2ODg3Nnww&ixlib=rb-4.1.0&q=80&w=1080,REAL,Unknown,26-35
2762,https://images.unsplash.com/photo-1554931642-d39591fd064c?crop=entropy&cs=tinysrgb&fit=max&fm=jpg&ixid=M3w5NDQwMTV8MHwxfHNlYXJjaHw1NDJ8fGFkdWx0JTIwZmFjZSUyMHBob3RvfGVufDB8fHx8MTc3ODA2ODg3Nnww&ixlib=rb-4.1.0&q=80&w=1080,REAL,Male,50+
2763,https://images.unsplash.com/photo-1601824130389-2ce39c517842?crop=entropy&cs=tinysrgb&fit=max&fm=jpg&ixid=M3w5NDQwMTV8MHwxfHNlYXJjaHw1NDN8fGFkdWx0JTIwZmFjZSUyMHBob3RvfGVufDB8fHx8MTc3ODA2ODg3Nnww&ixlib=rb-4.1.0&q=80&w=1080,REAL,Male,50+
2764,https://images.unsplash.com/photo-1631842783270-0cd85a7b0e94?crop=entropy&cs=tinysrgb&fit=max&fm=jpg&ixid=M3w5NDQwMTV8MHwxfHNlYXJjaHw1NDR8fGFkdWx0JTIwZmFjZSUyMHBob3RvfGVufDB8fHx8MTc3ODA2ODg3Nnww&ixlib=rb-4.1.0&q=80&w=1080,REAL,Female,50+
2765,https://images.unsplash.com/photo-1612225879085-fda94553f5e2?crop=entropy&cs=tinysrgb&fit=max&fm=jpg&ixid=M3w5NDQwMTV8MHwxfHNlYXJjaHw1NDV8fGFkdWx0JTIwZmFjZSUyMHBob3RvfGVufDB8fHx8MTc3ODA2ODg3Nnww&ixlib=rb-4.1.0&q=80&w=1080,REAL,Unknown,50+
2766,https://images.unsplash.com/photo-1746410848551-ca40cdb57674?crop=entropy&cs=tinysrgb&fit=max&fm=jpg&ixid=M3w5NDQwMTV8MHwxfHNlYXJjaHw1NDZ8fGFkdWx0JTIwZmFjZSUyMHBob3RvfGVufDB8fHx8MTc3ODA2ODg3Nnww&ixlib=rb-4.1.0&q=80&w=1080,REAL,Female,26-35
2767,https://images.unsplash.com/photo-1657310792297-2e94fafe70eb?crop=entropy&cs=tinysrgb&fit=max&fm=jpg&ixid=M3w5NDQwMTV8MHwxfHNlYXJjaHw1NDd8fGFkdWx0JTIwZmFjZSUyMHBob3RvfGVufDB8fHx8MTc3ODA2ODg3Nnww&ixlib=rb-4.1.0&q=80&w=1080,REAL,Male,18-25
2768,https://images.unsplash.com/photo-1723179343134-634c9eadde39?crop=entropy&cs=tinysrgb&fit=max&fm=jpg&ixid=M3w5NDQwMTV8MHwxfHNlYXJjaHw1NDh8fGFkdWx0JTIwZmFjZSUyMHBob3RvfGVufDB8fHx8MTc3ODA2ODg3Nnww&ixlib=rb-4.1.0&q=80&w=1080,REAL,Male,36-50
2769,https://images.unsplash.com/photo-1626662925662-8fe6f968e328?crop=entropy&cs=tinysrgb&fit=max&fm=jpg&ixid=M3w5NDQwMTV8MHwxfHNlYXJjaHw1NDl8fGFkdWx0JTIwZmFjZSUyMHBob3RvfGVufDB8fHx8MTc3ODA2ODg3Nnww&ixlib=rb-4.1.0&q=80&w=1080,REAL,Female,50+
2770,https://images.unsplash.com/photo-1650213236343-0e65d05ae0e9?crop=entropy&cs=tinysrgb&fit=max&fm=jpg&ixid=M3w5NDQwMTV8MHwxfHNlYXJjaHw1NTB8fGFkdWx0JTIwZmFjZSUyMHBob3RvfGVufDB8fHx8MTc3ODA2ODg3Nnww&ixlib=rb-4.1.0&q=80&w=1080,REAL,Male,18-25
2771,https://images.unsplash.com/photo-1775283511185-508da6831bfe?crop=entropy&cs=tinysrgb&fit=max&fm=jpg&ixid=M3w5NDQwMTV8MHwxfHNlYXJjaHw1NTF8fGFkdWx0JTIwZmFjZSUyMHBob3RvfGVufDB8fHx8MTc3ODA2ODg3Nnww&ixlib=rb-4.1.0&q=80&w=1080,REAL,Female,26-35
2772,https://images.unsplash.com/photo-1632266911003-ae529998afe1?crop=entropy&cs=tinysrgb&fit=max&fm=jpg&ixid=M3w5NDQwMTV8MHwxfHNlYXJjaHw1NTJ8fGFkdWx0JTIwZmFjZSUyMHBob3RvfGVufDB8fHx8MTc3ODA2ODg3Nnww&ixlib=rb-4.1.0&q=80&w=1080,REAL,Unknown,26-35
2773,https://images.unsplash.com/photo-1588008984411-8ee71fbcc14d?crop=entropy&cs=tinysrgb&fit=max&fm=jpg&ixid=M3w5NDQwMTV8MHwxfHNlYXJjaHw1NTN8fGFkdWx0JTIwZmFjZSUyMHBob3RvfGVufDB8fHx8MTc3ODA2ODg3Nnww&ixlib=rb-4.1.0&q=80&w=1080,REAL,Male,18-25
2774,https://images.unsplash.com/photo-1716004106848-a6513ee41bcc?crop=entropy&cs=tinysrgb&fit=max&fm=jpg&ixid=M3w5NDQwMTV8MHwxfHNlYXJjaHw1NTR8fGFkdWx0JTIwZmFjZSUyMHBob3RvfGVufDB8fHx8MTc3ODA2ODg3Nnww&ixlib=rb-4.1.0&q=80&w=1080,REAL,Male,18-25
2775,https://images.unsplash.com/photo-1638190430213-6a1ce40c8472?crop=entropy&cs=tinysrgb&fit=max&fm=jpg&ixid=M3w5NDQwMTV8MHwxfHNlYXJjaHw1NTV8fGFkdWx0JTIwZmFjZSUyMHBob3RvfGVufDB8fHx8MTc3ODA2ODg3Nnww&ixlib=rb-4.1.0&q=80&w=1080,REAL,Male,50+
2776,https://images.unsplash.com/photo-1563686937955-59ba9c1e718d?crop=entropy&cs=tinysrgb&fit=max&fm=jpg&ixid=M3w5NDQwMTV8MHwxfHNlYXJjaHw1NTZ8fGFkdWx0JTIwZmFjZSUyMHBob3RvfGVufDB8fHx8MTc3ODA2ODg3Nnww&ixlib=rb-4.1.0&q=80&w=1080,REAL,Unknown,50+
2777,https://images.unsplash.com/photo-1559012980-564b6792604c?crop=entropy&cs=tinysrgb&fit=max&fm=jpg&ixid=M3w5NDQwMTV8MHwxfHNlYXJjaHw1NTd8fGFkdWx0JTIwZmFjZSUyMHBob3RvfGVufDB8fHx8MTc3ODA2ODg3Nnww&ixlib=rb-4.1.0&q=80&w=1080,REAL,Unknown,18-25
2778,https://images.unsplash.com/photo-1588333779083-8ece1abf4547?crop=entropy&cs=tinysrgb&fit=max&fm=jpg&ixid=M3w5NDQwMTV8MHwxfHNlYXJjaHw1NTh8fGFkdWx0JTIwZmFjZSUyMHBob3RvfGVufDB8fHx8MTc3ODA2ODg3Nnww&ixlib=rb-4.1.0&q=80&w=1080,REAL,Unknown,26-35
2779,https://images.unsplash.com/photo-1542968784-2cca6bb6f576?crop=entropy&cs=tinysrgb&fit=max&fm=jpg&ixid=M3w5NDQwMTV8MHwxfHNlYXJjaHw1NTl8fGFkdWx0JTIwZmFjZSUyMHBob3RvfGVufDB8fHx8MTc3ODA2ODg3Nnww&ixlib=rb-4.1.0&q=80&w=1080,REAL,Female,50+
2780,https://images.unsplash.com/photo-1740948267260-a738065a4b66?crop=entropy&cs=tinysrgb&fit=max&fm=jpg&ixid=M3w5NDQwMTV8MHwxfHNlYXJjaHw1NjB8fGFkdWx0JTIwZmFjZSUyMHBob3RvfGVufDB8fHx8MTc3ODA2ODg3Nnww&ixlib=rb-4.1.0&q=80&w=1080,REAL,Male,50+
2781,https://images.unsplash.com/photo-1587397845856-e6cf49176c70?crop=entropy&cs=tinysrgb&fit=max&fm=jpg&ixid=M3w5NDQwMTV8MHwxfHNlYXJjaHw1NjF8fGFkdWx0JTIwZmFjZSUyMHBob3RvfGVufDB8fHx8MTc3ODA2ODg3Nnww&ixlib=rb-4.1.0&q=80&w=1080,REAL,Male,36-50
2782,https://images.unsplash.com/photo-1743330405511-229aa1997543?crop=entropy&cs=tinysrgb&fit=max&fm=jpg&ixid=M3w5NDQwMTV8MHwxfHNlYXJjaHw1NjJ8fGFkdWx0JTIwZmFjZSUyMHBob3RvfGVufDB8fHx8MTc3ODA2ODg3Nnww&ixlib=rb-4.1.0&q=80&w=1080,REAL,Female,26-35
2783,https://images.unsplash.com/photo-1617860341229-12e83793caae?crop=entropy&cs=tinysrgb&fit=max&fm=jpg&ixid=M3w5NDQwMTV8MHwxfHNlYXJjaHw1NjN8fGFkdWx0JTIwZmFjZSUyMHBob3RvfGVufDB8fHx8MTc3ODA2ODg3Nnww&ixlib=rb-4.1.0&q=80&w=1080,REAL,Female,26-35
2784,https://images.unsplash.com/photo-1634971398563-a48d599b1837?crop=entropy&cs=tinysrgb&fit=max&fm=jpg&ixid=M3w5NDQwMTV8MHwxfHNlYXJjaHw1NjR8fGFkdWx0JTIwZmFjZSUyMHBob3RvfGVufDB8fHx8MTc3ODA2ODg3Nnww&ixlib=rb-4.1.0&q=80&w=1080,REAL,Female,18-25
2785,https://images.unsplash.com/photo-1593203977098-b9048f314276?crop=entropy&cs=tinysrgb&fit=max&fm=jpg&ixid=M3w5NDQwMTV8MHwxfHNlYXJjaHw1NjV8fGFkdWx0JTIwZmFjZSUyMHBob3RvfGVufDB8fHx8MTc3ODA2ODg3Nnww&ixlib=rb-4.1.0&q=80&w=1080,REAL,Male,26-35
2786,https://images.unsplash.com/photo-1673731093984-c737964bc7c1?crop=entropy&cs=tinysrgb&fit=max&fm=jpg&ixid=M3w5NDQwMTV8MHwxfHNlYXJjaHw1NjZ8fGFkdWx0JTIwZmFjZSUyMHBob3RvfGVufDB8fHx8MTc3ODA2ODg3Nnww&ixlib=rb-4.1.0&q=80&w=1080,REAL,Male,26-35
2787,https://images.unsplash.com/photo-1734830253127-1e4f3b0b806d?crop=entropy&cs=tinysrgb&fit=max&fm=jpg&ixid=M3w5NDQwMTV8MHwxfHNlYXJjaHw1Njd8fGFkdWx0JTIwZmFjZSUyMHBob3RvfGVufDB8fHx8MTc3ODA2ODg3Nnww&ixlib=rb-4.1.0&q=80&w=1080,REAL,Unknown,36-50
2788,https://images.unsplash.com/photo-1609332637136-a10bc5bd3279?crop=entropy&cs=tinysrgb&fit=max&fm=jpg&ixid=M3w5NDQwMTV8MHwxfHNlYXJjaHw1Njh8fGFkdWx0JTIwZmFjZSUyMHBob3RvfGVufDB8fHx8MTc3ODA2ODg3Nnww&ixlib=rb-4.1.0&q=80&w=1080,REAL,Male,36-50
2789,https://images.unsplash.com/photo-1629196689849-ac006ef69306?crop=entropy&cs=tinysrgb&fit=max&fm=jpg&ixid=M3w5NDQwMTV8MHwxfHNlYXJjaHw1Njl8fGFkdWx0JTIwZmFjZSUyMHBob3RvfGVufDB8fHx8MTc3ODA2ODg3Nnww&ixlib=rb-4.1.0&q=80&w=1080,REAL,Unknown,26-35
2790,https://images.unsplash.com/photo-1619890632764-87d5fc97840a?crop=entropy&cs=tinysrgb&fit=max&fm=jpg&ixid=M3w5NDQwMTV8MHwxfHNlYXJjaHw1NzB8fGFkdWx0JTIwZmFjZSUyMHBob3RvfGVufDB8fHx8MTc3ODA2ODg3Nnww&ixlib=rb-4.1.0&q=80&w=1080,REAL,Male,26-35
2791,https://randomuser.me/api/portraits/men/1.jpg,FAKE,Male,18-25
2792,https://randomuser.me/api/portraits/men/2.jpg,FAKE,Male,36-50
2793,https://randomuser.me/api/portraits/men/3.jpg,FAKE,Male,26-35
2794,https://randomuser.me/api/portraits/men/4.jpg,FAKE,Male,26-35
2795,https://randomuser.me/api/portraits/men/5.jpg,FAKE,Male,26-35
2796,https://randomuser.me/api/portraits/men/6.jpg,FAKE,Male,50+
2797,https://randomuser.me/api/portraits/men/7.jpg,FAKE,Male,36-50
2798,https://randomuser.me/api/portraits/men/8.jpg,FAKE,Male,26-35
2799,https://randomuser.me/api/portraits/men/9.jpg,FAKE,Male,26-35
2800,https://randomuser.me/api/portraits/men/10.jpg,FAKE,Male,18-25
2801,https://randomuser.me/api/portraits/men/11.jpg,FAKE,Male,26-35
2802,https://randomuser.me/api/portraits/men/12.jpg,FAKE,Male,50+
2803,https://randomuser.me/api/portraits/men/13.jpg,FAKE,Male,18-25
2804,https://randomuser.me/api/portraits/men/14.jpg,FAKE,Male,50+
2805,https://randomuser.me/api/portraits/men/15.jpg,FAKE,Male,50+
2806,https://randomuser.me/api/portraits/men/16.jpg,FAKE,Male,18-25
2807,https://randomuser.me/api/portraits/men/17.jpg,FAKE,Male,26-35
2808,https://randomuser.me/api/portraits/men/18.jpg,FAKE,Male,50+
2809,https://randomuser.me/api/portraits/men/19.jpg,FAKE,Male,50+
2810,https://randomuser.me/api/portraits/men/20.jpg,FAKE,Male,50+
2811,https://randomuser.me/api/portraits/men/21.jpg,FAKE,Male,36-50
2812,https://randomuser.me/api/portraits/men/22.jpg,FAKE,Male,36-50
2813,https://randomuser.me/api/portraits/men/23.jpg,FAKE,Male,18-25
2814,https://randomuser.me/api/portraits/men/24.jpg,FAKE,Male,50+
2815,https://randomuser.me/api/portraits/men/25.jpg,FAKE,Male,50+
2816,https://randomuser.me/api/portraits/men/26.jpg,FAKE,Male,50+
2817,https://randomuser.me/api/portraits/men/27.jpg,FAKE,Male,36-50
2818,https://randomuser.me/api/portraits/men/28.jpg,FAKE,Male,18-25
2819,https://randomuser.me/api/portraits/men/29.jpg,FAKE,Male,36-50
2820,https://randomuser.me/api/portraits/men/30.jpg,FAKE,Male,26-35
2821,https://randomuser.me/api/portraits/men/31.jpg,FAKE,Male,50+
2822,https://randomuser.me/api/portraits/men/32.jpg,FAKE,Male,50+
2823,https://randomuser.me/api/portraits/men/33.jpg,FAKE,Male,36-50
2824,https://randomuser.me/api/portraits/men/34.jpg,FAKE,Male,36-50
2825,https://randomuser.me/api/portraits/men/35.jpg,FAKE,Male,26-35
2826,https://randomuser.me/api/portraits/men/36.jpg,FAKE,Male,18-25
2827,https://randomuser.me/api/portraits/men/37.jpg,FAKE,Male,18-25
2828,https://randomuser.me/api/portraits/men/38.jpg,FAKE,Male,18-25
2829,https://randomuser.me/api/portraits/men/39.jpg,FAKE,Male,18-25
2830,https://randomuser.me/api/portraits/men/40.jpg,FAKE,Male,36-50
2831,https://randomuser.me/api/portraits/men/41.jpg,FAKE,Male,18-25
2832,https://randomuser.me/api/portraits/men/42.jpg,FAKE,Male,26-35
2833,https://randomuser.me/api/portraits/men/43.jpg,FAKE,Male,26-35
2834,https://randomuser.me/api/portraits/men/44.jpg,FAKE,Male,18-25
2835,https://randomuser.me/api/portraits/men/45.jpg,FAKE,Male,18-25
2836,https://randomuser.me/api/portraits/men/46.jpg,FAKE,Male,26-35
2837,https://randomuser.me/api/portraits/men/47.jpg,FAKE,Male,50+
2838,https://randomuser.me/api/portraits/men/48.jpg,FAKE,Male,36-50
2839,https://randomuser.me/api/portraits/men/49.jpg,FAKE,Male,26-35
2840,https://randomuser.me/api/portraits/men/50.jpg,FAKE,Male,36-50
2841,https://randomuser.me/api/portraits/men/51.jpg,FAKE,Male,50+
2842,https://randomuser.me/api/portraits/men/52.jpg,FAKE,Male,50+
2843,https://randomuser.me/api/portraits/men/53.jpg,FAKE,Male,26-35
2844,https://randomuser.me/api/portraits/men/54.jpg,FAKE,Male,18-25
2845,https://randomuser.me/api/portraits/men/55.jpg,FAKE,Male,18-25
2846,https://randomuser.me/api/portraits/men/56.jpg,FAKE,Male,18-25
2847,https://randomuser.me/api/portraits/men/57.jpg,FAKE,Male,26-35
2848,https://randomuser.me/api/portraits/men/58.jpg,FAKE,Male,18-25
2849,https://randomuser.me/api/portraits/men/59.jpg,FAKE,Male,18-25
2850,https://randomuser.me/api/portraits/men/60.jpg,FAKE,Male,18-25
2851,https://randomuser.me/api/portraits/men/61.jpg,FAKE,Male,50+
2852,https://randomuser.me/api/portraits/men/62.jpg,FAKE,Male,18-25
2853,https://randomuser.me/api/portraits/men/63.jpg,FAKE,Male,36-50
2854,https://randomuser.me/api/portraits/men/64.jpg,FAKE,Male,18-25
2855,https://randomuser.me/api/portraits/men/65.jpg,FAKE,Male,36-50
2856,https://randomuser.me/api/portraits/men/66.jpg,FAKE,Male,36-50
2857,https://randomuser.me/api/portraits/men/67.jpg,FAKE,Male,26-35
2858,https://randomuser.me/api/portraits/men/68.jpg,FAKE,Male,26-35
2859,https://randomuser.me/api/portraits/men/69.jpg,FAKE,Male,36-50
2860,https://randomuser.me/api/portraits/men/70.jpg,FAKE,Male,36-50
2861,https://randomuser.me/api/portraits/men/71.jpg,FAKE,Male,26-35
2862,https://randomuser.me/api/portraits/men/72.jpg,FAKE,Male,18-25
2863,https://randomuser.me/api/portraits/men/73.jpg,FAKE,Male,36-50
2864,https://randomuser.me/api/portraits/men/74.jpg,FAKE,Male,26-35
2865,https://randomuser.me/api/portraits/men/75.jpg,FAKE,Male,18-25
2866,https://randomuser.me/api/portraits/men/76.jpg,FAKE,Male,36-50
2867,https://randomuser.me/api/portraits/men/77.jpg,FAKE,Male,26-35
2868,https://randomuser.me/api/portraits/men/78.jpg,FAKE,Male,50+
2869,https://randomuser.me/api/portraits/men/79.jpg,FAKE,Male,18-25
2870,https://randomuser.me/api/portraits/men/80.jpg,FAKE,Male,26-35
2871,https://randomuser.me/api/portraits/men/81.jpg,FAKE,Male,26-35
2872,https://randomuser.me/api/portraits/men/82.jpg,FAKE,Male,50+
2873,https://randomuser.me/api/portraits/men/83.jpg,FAKE,Male,26-35
2874,https://randomuser.me/api/portraits/men/84.jpg,FAKE,Male,26-35
2875,https://randomuser.me/api/portraits/men/85.jpg,FAKE,Male,36-50
2876,https://randomuser.me/api/portraits/men/86.jpg,FAKE,Male,26-35
2877,https://randomuser.me/api/portraits/men/87.jpg,FAKE,Male,50+
2878,https://randomuser.me/api/portraits/men/88.jpg,FAKE,Male,26-35
2879,https://randomuser.me/api/portraits/men/89.jpg,FAKE,Male,26-35
2880,https://randomuser.me/api/portraits/men/90.jpg,FAKE,Male,50+
2881,https://randomuser.me/api/portraits/men/91.jpg,FAKE,Male,50+
2882,https://randomuser.me/api/portraits/men/92.jpg,FAKE,Male,50+
2883,https://randomuser.me/api/portraits/men/93.jpg,FAKE,Male,18-25
2884,https://randomuser.me/api/portraits/men/94.jpg,FAKE,Male,36-50
2885,https://randomuser.me/api/portraits/men/95.jpg,FAKE,Male,50+
2886,https://randomuser.me/api/portraits/men/96.jpg,FAKE,Male,36-50
2887,https://randomuser.me/api/portraits/men/97.jpg,FAKE,Male,36-50
2888,https://randomuser.me/api/portraits/men/98.jpg,FAKE,Male,50+
2889,https://randomuser.me/api/portraits/men/99.jpg,FAKE,Male,50+
2890,https://randomuser.me/api/portraits/women/1.jpg,FAKE,Female,26-35
2891,https://randomuser.me/api/portraits/women/2.jpg,FAKE,Female,26-35
2892,https://randomuser.me/api/portraits/women/3.jpg,FAKE,Female,18-25
2893,https://randomuser.me/api/portraits/women/4.jpg,FAKE,Female,36-50
2894,https://randomuser.me/api/portraits/women/5.jpg,FAKE,Female,50+
2895,https://randomuser.me/api/portraits/women/6.jpg,FAKE,Female,50+
2896,https://randomuser.me/api/portraits/women/7.jpg,FAKE,Female,36-50
2897,https://randomuser.me/api/portraits/women/8.jpg,FAKE,Female,26-35
2898,https://randomuser.me/api/portraits/women/9.jpg,FAKE,Female,36-50
2899,https://randomuser.me/api/portraits/women/10.jpg,FAKE,Female,50+
2900,https://randomuser.me/api/portraits/women/11.jpg,FAKE,Female,26-35
2901,https://randomuser.me/api/portraits/women/12.jpg,FAKE,Female,50+
2902,https://randomuser.me/api/portraits/women/13.jpg,FAKE,Female,26-35
2903,https://randomuser.me/api/portraits/women/14.jpg,FAKE,Female,36-50
2904,https://randomuser.me/api/portraits/women/15.jpg,FAKE,Female,26-35
2905,https://randomuser.me/api/portraits/women/16.jpg,FAKE,Female,50+
2906,https://randomuser.me/api/portraits/women/17.jpg,FAKE,Female,26-35
2907,https://randomuser.me/api/portraits/women/18.jpg,FAKE,Female,18-25
2908,https://randomuser.me/api/portraits/women/19.jpg,FAKE,Female,26-35
2909,https://randomuser.me/api/portraits/women/20.jpg,FAKE,Female,26-35
2910,https://randomuser.me/api/portraits/women/21.jpg,FAKE,Female,26-35
2911,https://randomuser.me/api/portraits/women/22.jpg,FAKE,Female,50+
2912,https://randomuser.me/api/portraits/women/23.jpg,FAKE,Female,18-25
2913,https://randomuser.me/api/portraits/women/24.jpg,FAKE,Female,36-50
2914,https://randomuser.me/api/portraits/women/25.jpg,FAKE,Female,26-35
2915,https://randomuser.me/api/portraits/women/26.jpg,FAKE,Female,18-25
2916,https://randomuser.me/api/portraits/women/27.jpg,FAKE,Female,36-50
2917,https://randomuser.me/api/portraits/women/28.jpg,FAKE,Female,50+
2918,https://randomuser.me/api/portraits/women/29.jpg,FAKE,Female,18-25
2919,https://randomuser.me/api/portraits/women/30.jpg,FAKE,Female,26-35
2920,https://randomuser.me/api/portraits/women/31.jpg,FAKE,Female,50+
2921,https://randomuser.me/api/portraits/women/32.jpg,FAKE,Female,36-50
2922,https://randomuser.me/api/portraits/women/33.jpg,FAKE,Female,18-25
2923,https://randomuser.me/api/portraits/women/34.jpg,FAKE,Female,50+
2924,https://randomuser.me/api/portraits/women/35.jpg,FAKE,Female,26-35
2925,https://randomuser.me/api/portraits/women/36.jpg,FAKE,Female,36-50
2926,https://randomuser.me/api/portraits/women/37.jpg,FAKE,Female,18-25
2927,https://randomuser.me/api/portraits/women/38.jpg,FAKE,Female,50+
2928,https://randomuser.me/api/portraits/women/39.jpg,FAKE,Female,50+
2929,https://randomuser.me/api/portraits/women/40.jpg,FAKE,Female,36-50
2930,https://randomuser.me/api/portraits/women/41.jpg,FAKE,Female,36-50
2931,https://randomuser.me/api/portraits/women/42.jpg,FAKE,Female,26-35
2932,https://randomuser.me/api/portraits/women/43.jpg,FAKE,Female,36-50
2933,https://randomuser.me/api/portraits/women/44.jpg,FAKE,Female,36-50
2934,https://randomuser.me/api/portraits/women/45.jpg,FAKE,Female,18-25
2935,https://randomuser.me/api/portraits/women/46.jpg,FAKE,Female,50+
2936,https://randomuser.me/api/portraits/women/47.jpg,FAKE,Female,26-35
2937,https://randomuser.me/api/portraits/women/48.jpg,FAKE,Female,26-35
2938,https://randomuser.me/api/portraits/women/49.jpg,FAKE,Female,26-35
2939,https://randomuser.me/api/portraits/women/50.jpg,FAKE,Female,36-50
2940,https://randomuser.me/api/portraits/women/51.jpg,FAKE,Female,26-35
2941,https://randomuser.me/api/portraits/women/52.jpg,FAKE,Female,50+
2942,https://randomuser.me/api/portraits/women/53.jpg,FAKE,Female,18-25
2943,https://randomuser.me/api/portraits/women/54.jpg,FAKE,Female,26-35
2944,https://randomuser.me/api/portraits/women/55.jpg,FAKE,Female,50+
2945,https://randomuser.me/api/portraits/women/56.jpg,FAKE,Female,36-50
2946,https://randomuser.me/api/portraits/women/57.jpg,FAKE,Female,36-50
2947,https://randomuser.me/api/portraits/women/58.jpg,FAKE,Female,36-50
2948,https://randomuser.me/api/portraits/women/59.jpg,FAKE,Female,18-25
2949,https://randomuser.me/api/portraits/women/60.jpg,FAKE,Female,36-50
2950,https://randomuser.me/api/portraits/women/61.jpg,FAKE,Female,50+
2951,https://randomuser.me/api/portraits/women/62.jpg,FAKE,Female,36-50
2952,https://randomuser.me/api/portraits/women/63.jpg,FAKE,Female,50+
2953,https://randomuser.me/api/portraits/women/64.jpg,FAKE,Female,50+
2954,https://randomuser.me/api/portraits/women/65.jpg,FAKE,Female,50+
2955,https://randomuser.me/api/portraits/women/66.jpg,FAKE,Female,26-35
2956,https://randomuser.me/api/portraits/women/67.jpg,FAKE,Female,26-35
2957,https://randomuser.me/api/portraits/women/68.jpg,FAKE,Female,26-35
2958,https://randomuser.me/api/portraits/women/69.jpg,FAKE,Female,50+
2959,https://randomuser.me/api/portraits/women/70.jpg,FAKE,Female,18-25
2960,https://randomuser.me/api/portraits/women/71.jpg,FAKE,Female,26-35
2961,https://randomuser.me/api/portraits/women/72.jpg,FAKE,Female,26-35
2962,https://randomuser.me/api/portraits/women/73.jpg,FAKE,Female,26-35
2963,https://randomuser.me/api/portraits/women/74.jpg,FAKE,Female,18-25
2964,https://randomuser.me/api/portraits/women/75.jpg,FAKE,Female,26-35
2965,https://randomuser.me/api/portraits/women/76.jpg,FAKE,Female,26-35
2966,https://randomuser.me/api/portraits/women/77.jpg,FAKE,Female,50+
2967,https://randomuser.me/api/portraits/women/78.jpg,FAKE,Female,36-50
2968,https://randomuser.me/api/portraits/women/79.jpg,FAKE,Female,26-35
2969,https://randomuser.me/api/portraits/women/80.jpg,FAKE,Female,18-25
2970,https://randomuser.me/api/portraits/women/81.jpg,FAKE,Female,26-35
2971,https://randomuser.me/api/portraits/women/82.jpg,FAKE,Female,36-50
2972,https://randomuser.me/api/portraits/women/83.jpg,FAKE,Female,18-25
2973,https://randomuser.me/api/portraits/women/84.jpg,FAKE,Female,26-35
2974,https://randomuser.me/api/portraits/women/85.jpg,FAKE,Female,50+
2975,https://randomuser.me/api/portraits/women/86.jpg,FAKE,Female,26-35
2976,https://randomuser.me/api/portraits/women/87.jpg,FAKE,Female,18-25
2977,https://randomuser.me/api/portraits/women/88.jpg,FAKE,Female,50+
2978,https://randomuser.me/api/portraits/women/89.jpg,FAKE,Female,18-25
2979,https://randomuser.me/api/portraits/women/90.jpg,FAKE,Female,50+
2980,https://randomuser.me/api/portraits/women/91.jpg,FAKE,Female,26-35
2981,https://randomuser.me/api/portraits/women/92.jpg,FAKE,Female,36-50
2982,https://randomuser.me/api/portraits/women/93.jpg,FAKE,Female,18-25
2983,https://randomuser.me/api/portraits/women/94.jpg,FAKE,Female,18-25
2984,https://randomuser.me/api/portraits/women/95.jpg,FAKE,Female,50+
2985,https://randomuser.me/api/portraits/women/96.jpg,FAKE,Female,18-25
2986,https://randomuser.me/api/portraits/women/97.jpg,FAKE,Female,50+
2987,https://randomuser.me/api/portraits/women/98.jpg,FAKE,Female,36-50
2988,https://randomuser.me/api/portraits/women/99.jpg,FAKE,Female,26-35
2989,https://i.pravatar.cc/300?img=1,FAKE,Unknown,26-35
2990,https://i.pravatar.cc/300?img=2,FAKE,Unknown,18-25
2991,https://i.pravatar.cc/300?img=3,FAKE,Unknown,50+
2992,https://i.pravatar.cc/300?img=4,FAKE,Unknown,26-35
2993,https://i.pravatar.cc/300?img=5,FAKE,Unknown,18-25
2994,https://i.pravatar.cc/300?img=6,FAKE,Unknown,26-35
2995,https://i.pravatar.cc/300?img=7,FAKE,Unknown,36-50
2996,https://i.pravatar.cc/300?img=8,FAKE,Unknown,26-35
2997,https://i.pravatar.cc/300?img=9,FAKE,Unknown,26-35
2998,https://i.pravatar.cc/300?img=10,FAKE,Unknown,18-25
2999,https://i.pravatar.cc/300?img=11,FAKE,Unknown,36-50
3000,https://i.pravatar.cc/300?img=12,FAKE,Unknown,18-25
3001,https://i.pravatar.cc/300?img=13,FAKE,Unknown,36-50
3002,https://i.pravatar.cc/300?img=14,FAKE,Unknown,50+
3003,https://i.pravatar.cc/300?img=15,FAKE,Unknown,18-25
3004,https://i.pravatar.cc/300?img=16,FAKE,Unknown,36-50
3005,https://i.pravatar.cc/300?img=17,FAKE,Unknown,26-35
3006,https://i.pravatar.cc/300?img=18,FAKE,Unknown,26-35
3007,https://i.pravatar.cc/300?img=19,FAKE,Unknown,26-35
3008,https://i.pravatar.cc/300?img=20,FAKE,Unknown,18-25
3009,https://i.pravatar.cc/300?img=21,FAKE,Unknown,18-25
3010,https://i.pravatar.cc/300?img=22,FAKE,Unknown,26-35
3011,https://i.pravatar.cc/300?img=23,FAKE,Unknown,26-35
3012,https://i.pravatar.cc/300?img=24,FAKE,Unknown,26-35
3013,https://i.pravatar.cc/300?img=25,FAKE,Unknown,50+
3014,https://i.pravatar.cc/300?img=26,FAKE,Unknown,36-50
3015,https://i.pravatar.cc/300?img=27,FAKE,Unknown,26-35
3016,https://i.pravatar.cc/300?img=28,FAKE,Unknown,26-35
3017,https://i.pravatar.cc/300?img=29,FAKE,Unknown,50+
3018,https://i.pravatar.cc/300?img=30,FAKE,Unknown,50+
3019,https://i.pravatar.cc/300?img=31,FAKE,Unknown,18-25
3020,https://i.pravatar.cc/300?img=32,FAKE,Unknown,26-35
3021,https://i.pravatar.cc/300?img=33,FAKE,Unknown,18-25
3022,https://i.pravatar.cc/300?img=34,FAKE,Unknown,36-50
3023,https://i.pravatar.cc/300?img=35,FAKE,Unknown,36-50
3024,https://i.pravatar.cc/300?img=36,FAKE,Unknown,18-25
3025,https://i.pravatar.cc/300?img=37,FAKE,Unknown,18-25
3026,https://i.pravatar.cc/300?img=38,FAKE,Unknown,18-25
3027,https://i.pravatar.cc/300?img=39,FAKE,Unknown,18-25
3028,https://i.pravatar.cc/300?img=40,FAKE,Unknown,18-25
3029,https://i.pravatar.cc/300?img=41,FAKE,Unknown,18-25
3030,https://i.pravatar.cc/300?img=42,FAKE,Unknown,36-50
3031,https://i.pravatar.cc/300?img=43,FAKE,Unknown,26-35
3032,https://i.pravatar.cc/300?img=44,FAKE,Unknown,36-50
3033,https://i.pravatar.cc/300?img=45,FAKE,Unknown,36-50
3034,https://i.pravatar.cc/300?img=46,FAKE,Unknown,18-25
3035,https://i.pravatar.cc/300?img=47,FAKE,Unknown,36-50
3036,https://i.pravatar.cc/300?img=48,FAKE,Unknown,50+
3037,https://i.pravatar.cc/300?img=49,FAKE,Unknown,36-50
3038,https://i.pravatar.cc/300?img=50,FAKE,Unknown,36-50
3039,https://i.pravatar.cc/300?img=51,FAKE,Unknown,18-25
3040,https://i.pravatar.cc/300?img=52,FAKE,Unknown,26-35
3041,https://i.pravatar.cc/300?img=53,FAKE,Unknown,36-50
3042,https://i.pravatar.cc/300?img=54,FAKE,Unknown,26-35
3043,https://i.pravatar.cc/300?img=55,FAKE,Unknown,26-35
3044,https://i.pravatar.cc/300?img=56,FAKE,Unknown,18-25
3045,https://i.pravatar.cc/300?img=57,FAKE,Unknown,26-35
3046,https://i.pravatar.cc/300?img=58,FAKE,Unknown,18-25
3047,https://i.pravatar.cc/300?img=59,FAKE,Unknown,18-25
3048,https://i.pravatar.cc/300?img=60,FAKE,Unknown,36-50
3049,https://i.pravatar.cc/300?img=61,FAKE,Unknown,18-25
3050,https://i.pravatar.cc/300?img=62,FAKE,Unknown,18-25
3051,https://i.pravatar.cc/300?img=63,FAKE,Unknown,36-50
3052,https://i.pravatar.cc/300?img=64,FAKE,Unknown,18-25
3053,https://i.pravatar.cc/300?img=65,FAKE,Unknown,18-25
3054,https://i.pravatar.cc/300?img=66,FAKE,Unknown,50+
3055,https://i.pravatar.cc/300?img=67,FAKE,Unknown,50+
3056,https://i.pravatar.cc/300?img=68,FAKE,Unknown,18-25
3057,https://i.pravatar.cc/300?img=69,FAKE,Unknown,26-35
3058,https://i.pravatar.cc/300?img=70,FAKE,Unknown,18-25
3059,https://api.dicebear.com/7.x/personas/jpg?seed=user1&size=300,FAKE,Unknown,50+
3060,https://api.dicebear.com/7.x/personas/jpg?seed=user2&size=300,FAKE,Unknown,36-50
3061,https://api.dicebear.com/7.x/personas/jpg?seed=user3&size=300,FAKE,Unknown,18-25
3062,https://api.dicebear.com/7.x/personas/jpg?seed=user4&size=300,FAKE,Unknown,50+
3063,https://api.dicebear.com/7.x/personas/jpg?seed=user5&size=300,FAKE,Unknown,18-25
3064,https://api.dicebear.com/7.x/personas/jpg?seed=user6&size=300,FAKE,Unknown,36-50
3065,https://api.dicebear.com/7.x/personas/jpg?seed=user7&size=300,FAKE,Unknown,36-50
3066,https://api.dicebear.com/7.x/personas/jpg?seed=user8&size=300,FAKE,Unknown,36-50
3067,https://api.dicebear.com/7.x/personas/jpg?seed=user9&size=300,FAKE,Unknown,36-50
3068,https://api.dicebear.com/7.x/personas/jpg?seed=user10&size=300,FAKE,Unknown,26-35
3069,https://api.dicebear.com/7.x/personas/jpg?seed=user11&size=300,FAKE,Unknown,18-25
3070,https://api.dicebear.com/7.x/personas/jpg?seed=user12&size=300,FAKE,Unknown,26-35
3071,https://api.dicebear.com/7.x/personas/jpg?seed=user13&size=300,FAKE,Unknown,26-35
3072,https://api.dicebear.com/7.x/personas/jpg?seed=user14&size=300,FAKE,Unknown,26-35
3073,https://api.dicebear.com/7.x/personas/jpg?seed=user15&size=300,FAKE,Unknown,50+
3074,https://api.dicebear.com/7.x/personas/jpg?seed=user16&size=300,FAKE,Unknown,18-25
3075,https://api.dicebear.com/7.x/personas/jpg?seed=user17&size=300,FAKE,Unknown,18-25
3076,https://api.dicebear.com/7.x/personas/jpg?seed=user18&size=300,FAKE,Unknown,50+
3077,https://api.dicebear.com/7.x/personas/jpg?seed=user19&size=300,FAKE,Unknown,36-50
3078,https://api.dicebear.com/7.x/personas/jpg?seed=user20&size=300,FAKE,Unknown,26-35
3079,https://api.dicebear.com/7.x/personas/jpg?seed=user21&size=300,FAKE,Unknown,18-25
3080,https://api.dicebear.com/7.x/personas/jpg?seed=user22&size=300,FAKE,Unknown,36-50
3081,https://api.dicebear.com/7.x/personas/jpg?seed=user23&size=300,FAKE,Unknown,26-35
3082,https://api.dicebear.com/7.x/personas/jpg?seed=user24&size=300,FAKE,Unknown,36-50
3083,https://api.dicebear.com/7.x/personas/jpg?seed=user25&size=300,FAKE,Unknown,18-25
3084,https://api.dicebear.com/7.x/personas/jpg?seed=user26&size=300,FAKE,Unknown,18-25
3085,https://api.dicebear.com/7.x/personas/jpg?seed=user27&size=300,FAKE,Unknown,18-25
3086,https://api.dicebear.com/7.x/personas/jpg?seed=user28&size=300,FAKE,Unknown,18-25
3087,https://api.dicebear.com/7.x/personas/jpg?seed=user29&size=300,FAKE,Unknown,50+
3088,https://api.dicebear.com/7.x/personas/jpg?seed=user30&size=300,FAKE,Unknown,50+
3089,https://api.dicebear.com/7.x/personas/jpg?seed=user31&size=300,FAKE,Unknown,50+
3090,https://api.dicebear.com/7.x/personas/jpg?seed=user32&size=300,FAKE,Unknown,18-25
3091,https://api.dicebear.com/7.x/personas/jpg?seed=user33&size=300,FAKE,Unknown,36-50
3092,https://api.dicebear.com/7.x/personas/jpg?seed=user34&size=300,FAKE,Unknown,36-50
3093,https://api.dicebear.com/7.x/personas/jpg?seed=user35&size=300,FAKE,Unknown,50+
3094,https://api.dicebear.com/7.x/personas/jpg?seed=user36&size=300,FAKE,Unknown,50+
3095,https://api.dicebear.com/7.x/personas/jpg?seed=user37&size=300,FAKE,Unknown,26-35
3096,https://api.dicebear.com/7.x/personas/jpg?seed=user38&size=300,FAKE,Unknown,50+
3097,https://api.dicebear.com/7.x/personas/jpg?seed=user39&size=300,FAKE,Unknown,18-25
3098,https://api.dicebear.com/7.x/personas/jpg?seed=user40&size=300,FAKE,Unknown,18-25
3099,https://api.dicebear.com/7.x/personas/jpg?seed=user41&size=300,FAKE,Unknown,36-50
3100,https://api.dicebear.com/7.x/personas/jpg?seed=user42&size=300,FAKE,Unknown,50+
3101,https://api.dicebear.com/7.x/personas/jpg?seed=user43&size=300,FAKE,Unknown,36-50
3102,https://api.dicebear.com/7.x/personas/jpg?seed=user44&size=300,FAKE,Unknown,26-35
3103,https://api.dicebear.com/7.x/personas/jpg?seed=user45&size=300,FAKE,Unknown,18-25
3104,https://api.dicebear.com/7.x/personas/jpg?seed=user46&size=300,FAKE,Unknown,18-25
3105,https://api.dicebear.com/7.x/personas/jpg?seed=user47&size=300,FAKE,Unknown,18-25
3106,https://api.dicebear.com/7.x/personas/jpg?seed=user48&size=300,FAKE,Unknown,36-50
3107,https://api.dicebear.com/7.x/personas/jpg?seed=user49&size=300,FAKE,Unknown,50+
3108,https://api.dicebear.com/7.x/personas/jpg?seed=user50&size=300,FAKE,Unknown,50+
3109,https://api.dicebear.com/7.x/personas/jpg?seed=user51&size=300,FAKE,Unknown,18-25
3110,https://api.dicebear.com/7.x/personas/jpg?seed=user52&size=300,FAKE,Unknown,26-35
3111,https://api.dicebear.com/7.x/personas/jpg?seed=user53&size=300,FAKE,Unknown,18-25
3112,https://api.dicebear.com/7.x/personas/jpg?seed=user54&size=300,FAKE,Unknown,26-35
3113,https://api.dicebear.com/7.x/personas/jpg?seed=user55&size=300,FAKE,Unknown,36-50
3114,https://api.dicebear.com/7.x/personas/jpg?seed=user56&size=300,FAKE,Unknown,50+
3115,https://api.dicebear.com/7.x/personas/jpg?seed=user57&size=300,FAKE,Unknown,26-35
3116,https://api.dicebear.com/7.x/personas/jpg?seed=user58&size=300,FAKE,Unknown,26-35
3117,https://api.dicebear.com/7.x/personas/jpg?seed=user59&size=300,FAKE,Unknown,18-25
3118,https://api.dicebear.com/7.x/personas/jpg?seed=user60&size=300,FAKE,Unknown,18-25
3119,https://api.dicebear.com/7.x/personas/jpg?seed=user61&size=300,FAKE,Unknown,50+
3120,https://api.dicebear.com/7.x/personas/jpg?seed=user62&size=300,FAKE,Unknown,18-25
3121,https://api.dicebear.com/7.x/personas/jpg?seed=user63&size=300,FAKE,Unknown,18-25
3122,https://api.dicebear.com/7.x/personas/jpg?seed=user64&size=300,FAKE,Unknown,36-50
3123,https://api.dicebear.com/7.x/personas/jpg?seed=user65&size=300,FAKE,Unknown,50+
3124,https://api.dicebear.com/7.x/personas/jpg?seed=user66&size=300,FAKE,Unknown,26-35
3125,https://api.dicebear.com/7.x/personas/jpg?seed=user67&size=300,FAKE,Unknown,36-50
3126,https://api.dicebear.com/7.x/personas/jpg?seed=user68&size=300,FAKE,Unknown,36-50
3127,https://api.dicebear.com/7.x/personas/jpg?seed=user69&size=300,FAKE,Unknown,26-35
3128,https://api.dicebear.com/7.x/personas/jpg?seed=user70&size=300,FAKE,Unknown,18-25
3129,https://api.dicebear.com/7.x/personas/jpg?seed=user71&size=300,FAKE,Unknown,26-35
3130,https://api.dicebear.com/7.x/personas/jpg?seed=user72&size=300,FAKE,Unknown,18-25
3131,https://api.dicebear.com/7.x/personas/jpg?seed=user73&size=300,FAKE,Unknown,50+
3132,https://api.dicebear.com/7.x/personas/jpg?seed=user74&size=300,FAKE,Unknown,50+
3133,https://api.dicebear.com/7.x/personas/jpg?seed=user75&size=300,FAKE,Unknown,18-25
3134,https://api.dicebear.com/7.x/personas/jpg?seed=user76&size=300,FAKE,Unknown,26-35
3135,https://api.dicebear.com/7.x/personas/jpg?seed=user77&size=300,FAKE,Unknown,26-35
3136,https://api.dicebear.com/7.x/personas/jpg?seed=user78&size=300,FAKE,Unknown,18-25
3137,https://api.dicebear.com/7.x/personas/jpg?seed=user79&size=300,FAKE,Unknown,50+
3138,https://api.dicebear.com/7.x/personas/jpg?seed=user80&size=300,FAKE,Unknown,50+
3139,https://api.dicebear.com/7.x/personas/jpg?seed=user81&size=300,FAKE,Unknown,26-35
3140,https://api.dicebear.com/7.x/personas/jpg?seed=user82&size=300,FAKE,Unknown,36-50
3141,https://api.dicebear.com/7.x/personas/jpg?seed=user83&size=300,FAKE,Unknown,36-50
3142,https://api.dicebear.com/7.x/personas/jpg?seed=user84&size=300,FAKE,Unknown,26-35
3143,https://api.dicebear.com/7.x/personas/jpg?seed=user85&size=300,FAKE,Unknown,50+
3144,https://api.dicebear.com/7.x/personas/jpg?seed=user86&size=300,FAKE,Unknown,26-35
3145,https://api.dicebear.com/7.x/personas/jpg?seed=user87&size=300,FAKE,Unknown,26-35
3146,https://api.dicebear.com/7.x/personas/jpg?seed=user88&size=300,FAKE,Unknown,36-50
3147,https://api.dicebear.com/7.x/personas/jpg?seed=user89&size=300,FAKE,Unknown,36-50
3148,https://api.dicebear.com/7.x/personas/jpg?seed=user90&size=300,FAKE,Unknown,36-50
3149,https://api.dicebear.com/7.x/personas/jpg?seed=user91&size=300,FAKE,Unknown,50+
3150,https://api.dicebear.com/7.x/personas/jpg?seed=user92&size=300,FAKE,Unknown,36-50
3151,https://api.dicebear.com/7.x/personas/jpg?seed=user93&size=300,FAKE,Unknown,50+
3152,https://api.dicebear.com/7.x/personas/jpg?seed=user94&size=300,FAKE,Unknown,50+
3153,https://api.dicebear.com/7.x/personas/jpg?seed=user95&size=300,FAKE,Unknown,26-35
3154,https://api.dicebear.com/7.x/personas/jpg?seed=user96&size=300,FAKE,Unknown,18-25
3155,https://api.dicebear.com/7.x/personas/jpg?seed=user97&size=300,FAKE,Unknown,18-25
3156,https://api.dicebear.com/7.x/personas/jpg?seed=user98&size=300,FAKE,Unknown,26-35
3157,https://api.dicebear.com/7.x/personas/jpg?seed=user99&size=300,FAKE,Unknown,36-50
3158,https://api.dicebear.com/7.x/personas/jpg?seed=user100&size=300,FAKE,Unknown,18-25
3159,https://api.dicebear.com/7.x/personas/jpg?seed=user101&size=300,FAKE,Unknown,26-35
3160,https://api.dicebear.com/7.x/personas/jpg?seed=user102&size=300,FAKE,Unknown,18-25
3161,https://api.dicebear.com/7.x/personas/jpg?seed=user103&size=300,FAKE,Unknown,36-50
3162,https://api.dicebear.com/7.x/personas/jpg?seed=user104&size=300,FAKE,Unknown,18-25
3163,https://api.dicebear.com/7.x/personas/jpg?seed=user105&size=300,FAKE,Unknown,36-50
3164,https://api.dicebear.com/7.x/personas/jpg?seed=user106&size=300,FAKE,Unknown,50+
3165,https://api.dicebear.com/7.x/personas/jpg?seed=user107&size=300,FAKE,Unknown,50+
3166,https://api.dicebear.com/7.x/personas/jpg?seed=user108&size=300,FAKE,Unknown,50+
3167,https://api.dicebear.com/7.x/personas/jpg?seed=user109&size=300,FAKE,Unknown,36-50
3168,https://api.dicebear.com/7.x/personas/jpg?seed=user110&size=300,FAKE,Unknown,18-25
3169,https://api.dicebear.com/7.x/personas/jpg?seed=user111&size=300,FAKE,Unknown,50+
3170,https://api.dicebear.com/7.x/personas/jpg?seed=user112&size=300,FAKE,Unknown,18-25
3171,https://api.dicebear.com/7.x/personas/jpg?seed=user113&size=300,FAKE,Unknown,26-35
3172,https://api.dicebear.com/7.x/personas/jpg?seed=user114&size=300,FAKE,Unknown,50+
3173,https://api.dicebear.com/7.x/personas/jpg?seed=user115&size=300,FAKE,Unknown,18-25
3174,https://api.dicebear.com/7.x/personas/jpg?seed=user116&size=300,FAKE,Unknown,36-50
3175,https://api.dicebear.com/7.x/personas/jpg?seed=user117&size=300,FAKE,Unknown,18-25
3176,https://api.dicebear.com/7.x/personas/jpg?seed=user118&size=300,FAKE,Unknown,18-25
3177,https://api.dicebear.com/7.x/personas/jpg?seed=user119&size=300,FAKE,Unknown,18-25
3178,https://api.dicebear.com/7.x/personas/jpg?seed=user120&size=300,FAKE,Unknown,18-25
3179,https://api.dicebear.com/7.x/personas/jpg?seed=user121&size=300,FAKE,Unknown,50+
3180,https://api.dicebear.com/7.x/personas/jpg?seed=user122&size=300,FAKE,Unknown,36-50
3181,https://api.dicebear.com/7.x/personas/jpg?seed=user123&size=300,FAKE,Unknown,50+
3182,https://api.dicebear.com/7.x/personas/jpg?seed=user124&size=300,FAKE,Unknown,50+
3183,https://api.dicebear.com/7.x/personas/jpg?seed=user125&size=300,FAKE,Unknown,26-35
3184,https://api.dicebear.com/7.x/personas/jpg?seed=user126&size=300,FAKE,Unknown,18-25
3185,https://api.dicebear.com/7.x/personas/jpg?seed=user127&size=300,FAKE,Unknown,18-25
3186,https://api.dicebear.com/7.x/personas/jpg?seed=user128&size=300,FAKE,Unknown,26-35
3187,https://api.dicebear.com/7.x/personas/jpg?seed=user129&size=300,FAKE,Unknown,26-35
3188,https://api.dicebear.com/7.x/personas/jpg?seed=user130&size=300,FAKE,Unknown,36-50
3189,https://api.dicebear.com/7.x/personas/jpg?seed=user131&size=300,FAKE,Unknown,18-25
3190,https://api.dicebear.com/7.x/personas/jpg?seed=user132&size=300,FAKE,Unknown,50+
3191,https://api.dicebear.com/7.x/personas/jpg?seed=user133&size=300,FAKE,Unknown,26-35
3192,https://api.dicebear.com/7.x/personas/jpg?seed=user134&size=300,FAKE,Unknown,50+
3193,https://api.dicebear.com/7.x/personas/jpg?seed=user135&size=300,FAKE,Unknown,26-35
3194,https://api.dicebear.com/7.x/personas/jpg?seed=user136&size=300,FAKE,Unknown,18-25
3195,https://api.dicebear.com/7.x/personas/jpg?seed=user137&size=300,FAKE,Unknown,18-25
3196,https://api.dicebear.com/7.x/personas/jpg?seed=user138&size=300,FAKE,Unknown,36-50
3197,https://api.dicebear.com/7.x/personas/jpg?seed=user139&size=300,FAKE,Unknown,50+
3198,https://api.dicebear.com/7.x/personas/jpg?seed=user140&size=300,FAKE,Unknown,18-25
3199,https://api.dicebear.com/7.x/personas/jpg?seed=user141&size=300,FAKE,Unknown,50+
3200,https://api.dicebear.com/7.x/personas/jpg?seed=user142&size=300,FAKE,Unknown,18-25
3201,https://api.dicebear.com/7.x/personas/jpg?seed=user143&size=300,FAKE,Unknown,26-35
3202,https://api.dicebear.com/7.x/personas/jpg?seed=user144&size=300,FAKE,Unknown,18-25
3203,https://api.dicebear.com/7.x/personas/jpg?seed=user145&size=300,FAKE,Unknown,50+
3204,https://api.dicebear.com/7.x/personas/jpg?seed=user146&size=300,FAKE,Unknown,36-50
3205,https://api.dicebear.com/7.x/personas/jpg?seed=user147&size=300,FAKE,Unknown,26-35
3206,https://api.dicebear.com/7.x/personas/jpg?seed=user148&size=300,FAKE,Unknown,36-50
3207,https://api.dicebear.com/7.x/personas/jpg?seed=user149&size=300,FAKE,Unknown,36-50
3208,https://api.dicebear.com/7.x/personas/jpg?seed=user150&size=300,FAKE,Unknown,18-25
3209,https://api.dicebear.com/7.x/personas/jpg?seed=user151&size=300,FAKE,Unknown,50+
3210,https://api.dicebear.com/7.x/personas/jpg?seed=user152&size=300,FAKE,Unknown,50+
3211,https://api.dicebear.com/7.x/personas/jpg?seed=user153&size=300,FAKE,Unknown,50+
3212,https://api.dicebear.com/7.x/personas/jpg?seed=user154&size=300,FAKE,Unknown,50+
3213,https://api.dicebear.com/7.x/personas/jpg?seed=user155&size=300,FAKE,Unknown,18-25
3214,https://api.dicebear.com/7.x/personas/jpg?seed=user156&size=300,FAKE,Unknown,18-25
3215,https://api.dicebear.com/7.x/personas/jpg?seed=user157&size=300,FAKE,Unknown,50+
3216,https://api.dicebear.com/7.x/personas/jpg?seed=user158&size=300,FAKE,Unknown,26-35
3217,https://api.dicebear.com/7.x/personas/jpg?seed=user159&size=300,FAKE,Unknown,18-25
3218,https://api.dicebear.com/7.x/personas/jpg?seed=user160&size=300,FAKE,Unknown,26-35
3219,https://api.dicebear.com/7.x/personas/jpg?seed=user161&size=300,FAKE,Unknown,18-25
3220,https://api.dicebear.com/7.x/personas/jpg?seed=user162&size=300,FAKE,Unknown,50+
3221,https://api.dicebear.com/7.x/personas/jpg?seed=user163&size=300,FAKE,Unknown,26-35
3222,https://api.dicebear.com/7.x/personas/jpg?seed=user164&size=300,FAKE,Unknown,18-25
3223,https://api.dicebear.com/7.x/personas/jpg?seed=user165&size=300,FAKE,Unknown,50+
3224,https://api.dicebear.com/7.x/personas/jpg?seed=user166&size=300,FAKE,Unknown,26-35
3225,https://api.dicebear.com/7.x/personas/jpg?seed=user167&size=300,FAKE,Unknown,36-50
3226,https://api.dicebear.com/7.x/personas/jpg?seed=user168&size=300,FAKE,Unknown,26-35
3227,https://api.dicebear.com/7.x/personas/jpg?seed=user169&size=300,FAKE,Unknown,18-25
3228,https://api.dicebear.com/7.x/personas/jpg?seed=user170&size=300,FAKE,Unknown,26-35
3229,https://api.dicebear.com/7.x/personas/jpg?seed=user171&size=300,FAKE,Unknown,36-50
3230,https://api.dicebear.com/7.x/personas/jpg?seed=user172&size=300,FAKE,Unknown,36-50
3231,https://api.dicebear.com/7.x/personas/jpg?seed=user173&size=300,FAKE,Unknown,36-50
3232,https://api.dicebear.com/7.x/personas/jpg?seed=user174&size=300,FAKE,Unknown,18-25
3233,https://api.dicebear.com/7.x/personas/jpg?seed=user175&size=300,FAKE,Unknown,18-25
3234,https://api.dicebear.com/7.x/personas/jpg?seed=user176&size=300,FAKE,Unknown,50+
3235,https://api.dicebear.com/7.x/personas/jpg?seed=user177&size=300,FAKE,Unknown,36-50
3236,https://api.dicebear.com/7.x/personas/jpg?seed=user178&size=300,FAKE,Unknown,50+
3237,https://api.dicebear.com/7.x/personas/jpg?seed=user179&size=300,FAKE,Unknown,36-50
3238,https://api.dicebear.com/7.x/personas/jpg?seed=user180&size=300,FAKE,Unknown,50+
3239,https://api.dicebear.com/7.x/personas/jpg?seed=user181&size=300,FAKE,Unknown,36-50
3240,https://api.dicebear.com/7.x/personas/jpg?seed=user182&size=300,FAKE,Unknown,18-25
3241,https://api.dicebear.com/7.x/personas/jpg?seed=user183&size=300,FAKE,Unknown,26-35
3242,https://api.dicebear.com/7.x/personas/jpg?seed=user184&size=300,FAKE,Unknown,50+
3243,https://api.dicebear.com/7.x/personas/jpg?seed=user185&size=300,FAKE,Unknown,36-50
3244,https://api.dicebear.com/7.x/personas/jpg?seed=user186&size=300,FAKE,Unknown,36-50
3245,https://api.dicebear.com/7.x/personas/jpg?seed=user187&size=300,FAKE,Unknown,36-50
3246,https://api.dicebear.com/7.x/personas/jpg?seed=user188&size=300,FAKE,Unknown,50+
3247,https://api.dicebear.com/7.x/personas/jpg?seed=user189&size=300,FAKE,Unknown,26-35
3248,https://api.dicebear.com/7.x/personas/jpg?seed=user190&size=300,FAKE,Unknown,36-50
3249,https://api.dicebear.com/7.x/personas/jpg?seed=user191&size=300,FAKE,Unknown,26-35
3250,https://api.dicebear.com/7.x/personas/jpg?seed=user192&size=300,FAKE,Unknown,36-50
3251,https://api.dicebear.com/7.x/personas/jpg?seed=user193&size=300,FAKE,Unknown,50+
3252,https://api.dicebear.com/7.x/personas/jpg?seed=user194&size=300,FAKE,Unknown,18-25
3253,https://api.dicebear.com/7.x/personas/jpg?seed=user195&size=300,FAKE,Unknown,50+
3254,https://api.dicebear.com/7.x/personas/jpg?seed=user196&size=300,FAKE,Unknown,50+
3255,https://api.dicebear.com/7.x/personas/jpg?seed=user197&size=300,FAKE,Unknown,50+
3256,https://api.dicebear.com/7.x/personas/jpg?seed=user198&size=300,FAKE,Unknown,50+
3257,https://api.dicebear.com/7.x/personas/jpg?seed=user199&size=300,FAKE,Unknown,18-25
3258,https://api.dicebear.com/7.x/personas/jpg?seed=user200&size=300,FAKE,Unknown,18-25
3259,https://api.dicebear.com/7.x/personas/jpg?seed=user201&size=300,FAKE,Unknown,50+
3260,https://api.dicebear.com/7.x/personas/jpg?seed=user202&size=300,FAKE,Unknown,26-35
3261,https://api.dicebear.com/7.x/personas/jpg?seed=user203&size=300,FAKE,Unknown,18-25
3262,https://api.dicebear.com/7.x/personas/jpg?seed=user204&size=300,FAKE,Unknown,26-35
3263,https://api.dicebear.com/7.x/personas/jpg?seed=user205&size=300,FAKE,Unknown,18-25
3264,https://api.dicebear.com/7.x/personas/jpg?seed=user206&size=300,FAKE,Unknown,36-50
3265,https://api.dicebear.com/7.x/personas/jpg?seed=user207&size=300,FAKE,Unknown,26-35
3266,https://api.dicebear.com/7.x/personas/jpg?seed=user208&size=300,FAKE,Unknown,26-35
3267,https://api.dicebear.com/7.x/personas/jpg?seed=user209&size=300,FAKE,Unknown,18-25
3268,https://api.dicebear.com/7.x/personas/jpg?seed=user210&size=300,FAKE,Unknown,18-25
3269,https://api.dicebear.com/7.x/personas/jpg?seed=user211&size=300,FAKE,Unknown,36-50
3270,https://api.dicebear.com/7.x/personas/jpg?seed=user212&size=300,FAKE,Unknown,26-35
3271,https://api.dicebear.com/7.x/personas/jpg?seed=user213&size=300,FAKE,Unknown,26-35
3272,https://api.dicebear.com/7.x/personas/jpg?seed=user214&size=300,FAKE,Unknown,36-50
3273,https://api.dicebear.com/7.x/personas/jpg?seed=user215&size=300,FAKE,Unknown,26-35
3274,https://api.dicebear.com/7.x/personas/jpg?seed=user216&size=300,FAKE,Unknown,26-35
3275,https://api.dicebear.com/7.x/personas/jpg?seed=user217&size=300,FAKE,Unknown,26-35
3276,https://api.dicebear.com/7.x/personas/jpg?seed=user218&size=300,FAKE,Unknown,18-25
3277,https://api.dicebear.com/7.x/personas/jpg?seed=user219&size=300,FAKE,Unknown,50+
3278,https://api.dicebear.com/7.x/personas/jpg?seed=user220&size=300,FAKE,Unknown,36-50
3279,https://api.dicebear.com/7.x/personas/jpg?seed=user221&size=300,FAKE,Unknown,50+
3280,https://api.dicebear.com/7.x/personas/jpg?seed=user222&size=300,FAKE,Unknown,50+
3281,https://api.dicebear.com/7.x/personas/jpg?seed=user223&size=300,FAKE,Unknown,36-50
3282,https://api.dicebear.com/7.x/personas/jpg?seed=user224&size=300,FAKE,Unknown,18-25
3283,https://api.dicebear.com/7.x/personas/jpg?seed=user225&size=300,FAKE,Unknown,36-50
3284,https://api.dicebear.com/7.x/personas/jpg?seed=user226&size=300,FAKE,Unknown,50+
3285,https://api.dicebear.com/7.x/personas/jpg?seed=user227&size=300,FAKE,Unknown,26-35
3286,https://api.dicebear.com/7.x/personas/jpg?seed=user228&size=300,FAKE,Unknown,50+
3287,https://api.dicebear.com/7.x/personas/jpg?seed=user229&size=300,FAKE,Unknown,18-25
3288,https://api.dicebear.com/7.x/personas/jpg?seed=user230&size=300,FAKE,Unknown,36-50
3289,https://api.dicebear.com/7.x/personas/jpg?seed=user231&size=300,FAKE,Unknown,26-35
3290,https://api.dicebear.com/7.x/personas/jpg?seed=user232&size=300,FAKE,Unknown,26-35
3291,https://api.dicebear.com/7.x/personas/jpg?seed=user233&size=300,FAKE,Unknown,18-25
3292,https://api.dicebear.com/7.x/personas/jpg?seed=user234&size=300,FAKE,Unknown,36-50
3293,https://api.dicebear.com/7.x/personas/jpg?seed=user235&size=300,FAKE,Unknown,26-35
3294,https://api.dicebear.com/7.x/personas/jpg?seed=user236&size=300,FAKE,Unknown,18-25
3295,https://api.dicebear.com/7.x/personas/jpg?seed=user237&size=300,FAKE,Unknown,26-35
3296,https://api.dicebear.com/7.x/personas/jpg?seed=user238&size=300,FAKE,Unknown,50+
3297,https://api.dicebear.com/7.x/personas/jpg?seed=user239&size=300,FAKE,Unknown,18-25
3298,https://api.dicebear.com/7.x/personas/jpg?seed=user240&size=300,FAKE,Unknown,36-50
3299,https://api.dicebear.com/7.x/personas/jpg?seed=user241&size=300,FAKE,Unknown,26-35
3300,https://api.dicebear.com/7.x/personas/jpg?seed=user242&size=300,FAKE,Unknown,26-35
3301,https://api.dicebear.com/7.x/personas/jpg?seed=user243&size=300,FAKE,Unknown,26-35
3302,https://api.dicebear.com/7.x/personas/jpg?seed=user244&size=300,FAKE,Unknown,50+
3303,https://api.dicebear.com/7.x/personas/jpg?seed=user245&size=300,FAKE,Unknown,36-50
3304,https://api.dicebear.com/7.x/personas/jpg?seed=user246&size=300,FAKE,Unknown,26-35
3305,https://api.dicebear.com/7.x/personas/jpg?seed=user247&size=300,FAKE,Unknown,36-50
3306,https://api.dicebear.com/7.x/personas/jpg?seed=user248&size=300,FAKE,Unknown,18-25
3307,https://api.dicebear.com/7.x/personas/jpg?seed=user249&size=300,FAKE,Unknown,26-35
3308,https://api.dicebear.com/7.x/personas/jpg?seed=user250&size=300,FAKE,Unknown,26-35
3309,https://api.dicebear.com/7.x/personas/jpg?seed=user251&size=300,FAKE,Unknown,36-50
3310,https://api.dicebear.com/7.x/personas/jpg?seed=user252&size=300,FAKE,Unknown,50+
3311,https://api.dicebear.com/7.x/personas/jpg?seed=user253&size=300,FAKE,Unknown,18-25
3312,https://api.dicebear.com/7.x/personas/jpg?seed=user254&size=300,FAKE,Unknown,36-50
3313,https://api.dicebear.com/7.x/personas/jpg?seed=user255&size=300,FAKE,Unknown,26-35
3314,https://api.dicebear.com/7.x/personas/jpg?seed=user256&size=300,FAKE,Unknown,36-50
3315,https://api.dicebear.com/7.x/personas/jpg?seed=user257&size=300,FAKE,Unknown,26-35
3316,https://api.dicebear.com/7.x/personas/jpg?seed=user258&size=300,FAKE,Unknown,36-50
3317,https://api.dicebear.com/7.x/personas/jpg?seed=user259&size=300,FAKE,Unknown,50+
3318,https://api.dicebear.com/7.x/personas/jpg?seed=user260&size=300,FAKE,Unknown,18-25
3319,https://api.dicebear.com/7.x/personas/jpg?seed=user261&size=300,FAKE,Unknown,50+
3320,https://api.dicebear.com/7.x/personas/jpg?seed=user262&size=300,FAKE,Unknown,18-25
3321,https://api.dicebear.com/7.x/personas/jpg?seed=user263&size=300,FAKE,Unknown,36-50
3322,https://api.dicebear.com/7.x/personas/jpg?seed=user264&size=300,FAKE,Unknown,26-35
3323,https://api.dicebear.com/7.x/personas/jpg?seed=user265&size=300,FAKE,Unknown,50+
3324,https://api.dicebear.com/7.x/personas/jpg?seed=user266&size=300,FAKE,Unknown,50+
3325,https://api.dicebear.com/7.x/personas/jpg?seed=user267&size=300,FAKE,Unknown,50+
3326,https://api.dicebear.com/7.x/personas/jpg?seed=user268&size=300,FAKE,Unknown,50+
3327,https://api.dicebear.com/7.x/personas/jpg?seed=user269&size=300,FAKE,Unknown,26-35
3328,https://api.dicebear.com/7.x/personas/jpg?seed=user270&size=300,FAKE,Unknown,26-35
3329,https://api.dicebear.com/7.x/personas/jpg?seed=user271&size=300,FAKE,Unknown,18-25
3330,https://api.dicebear.com/7.x/personas/jpg?seed=user272&size=300,FAKE,Unknown,18-25
3331,https://api.dicebear.com/7.x/personas/jpg?seed=user273&size=300,FAKE,Unknown,36-50
3332,https://api.dicebear.com/7.x/personas/jpg?seed=user274&size=300,FAKE,Unknown,26-35
3333,https://api.dicebear.com/7.x/personas/jpg?seed=user275&size=300,FAKE,Unknown,18-25
3334,https://api.dicebear.com/7.x/personas/jpg?seed=user276&size=300,FAKE,Unknown,50+
3335,https://api.dicebear.com/7.x/personas/jpg?seed=user277&size=300,FAKE,Unknown,26-35
3336,https://api.dicebear.com/7.x/personas/jpg?seed=user278&size=300,FAKE,Unknown,36-50
3337,https://api.dicebear.com/7.x/personas/jpg?seed=user279&size=300,FAKE,Unknown,50+
3338,https://api.dicebear.com/7.x/personas/jpg?seed=user280&size=300,FAKE,Unknown,18-25
3339,https://api.dicebear.com/7.x/personas/jpg?seed=user281&size=300,FAKE,Unknown,26-35
3340,https://api.dicebear.com/7.x/personas/jpg?seed=user282&size=300,FAKE,Unknown,36-50
3341,https://api.dicebear.com/7.x/personas/jpg?seed=user283&size=300,FAKE,Unknown,50+
3342,https://api.dicebear.com/7.x/personas/jpg?seed=user284&size=300,FAKE,Unknown,50+
3343,https://api.dicebear.com/7.x/personas/jpg?seed=user285&size=300,FAKE,Unknown,26-35
3344,https://api.dicebear.com/7.x/personas/jpg?seed=user286&size=300,FAKE,Unknown,36-50
3345,https://api.dicebear.com/7.x/personas/jpg?seed=user287&size=300,FAKE,Unknown,18-25
3346,https://api.dicebear.com/7.x/personas/jpg?seed=user288&size=300,FAKE,Unknown,26-35
3347,https://api.dicebear.com/7.x/personas/jpg?seed=user289&size=300,FAKE,Unknown,18-25
3348,https://api.dicebear.com/7.x/personas/jpg?seed=user290&size=300,FAKE,Unknown,50+
3349,https://api.dicebear.com/7.x/personas/jpg?seed=user291&size=300,FAKE,Unknown,50+
3350,https://api.dicebear.com/7.x/personas/jpg?seed=user292&size=300,FAKE,Unknown,26-35
3351,https://api.dicebear.com/7.x/personas/jpg?seed=user293&size=300,FAKE,Unknown,26-35
3352,https://api.dicebear.com/7.x/personas/jpg?seed=user294&size=300,FAKE,Unknown,18-25
3353,https://api.dicebear.com/7.x/personas/jpg?seed=user295&size=300,FAKE,Unknown,36-50
3354,https://api.dicebear.com/7.x/personas/jpg?seed=user296&size=300,FAKE,Unknown,50+
3355,https://api.dicebear.com/7.x/personas/jpg?seed=user297&size=300,FAKE,Unknown,50+
3356,https://api.dicebear.com/7.x/personas/jpg?seed=user298&size=300,FAKE,Unknown,18-25
3357,https://api.dicebear.com/7.x/personas/jpg?seed=user299&size=300,FAKE,Unknown,26-35
3358,https://api.dicebear.com/7.x/personas/jpg?seed=user300&size=300,FAKE,Unknown,50+
3359,https://api.dicebear.com/7.x/personas/jpg?seed=user301&size=300,FAKE,Unknown,36-50
3360,https://api.dicebear.com/7.x/personas/jpg?seed=user302&size=300,FAKE,Unknown,50+
3361,https://api.dicebear.com/7.x/personas/jpg?seed=user303&size=300,FAKE,Unknown,26-35
3362,https://api.dicebear.com/7.x/personas/jpg?seed=user304&size=300,FAKE,Unknown,50+
3363,https://api.dicebear.com/7.x/personas/jpg?seed=user305&size=300,FAKE,Unknown,36-50
3364,https://api.dicebear.com/7.x/personas/jpg?seed=user306&size=300,FAKE,Unknown,26-35
3365,https://api.dicebear.com/7.x/personas/jpg?seed=user307&size=300,FAKE,Unknown,18-25
3366,https://api.dicebear.com/7.x/personas/jpg?seed=user308&size=300,FAKE,Unknown,50+
3367,https://api.dicebear.com/7.x/personas/jpg?seed=user309&size=300,FAKE,Unknown,36-50
3368,https://api.dicebear.com/7.x/personas/jpg?seed=user310&size=300,FAKE,Unknown,18-25
3369,https://api.dicebear.com/7.x/personas/jpg?seed=user311&size=300,FAKE,Unknown,18-25
3370,https://api.dicebear.com/7.x/personas/jpg?seed=user312&size=300,FAKE,Unknown,26-35
3371,https://api.dicebear.com/7.x/personas/jpg?seed=user313&size=300,FAKE,Unknown,36-50
3372,https://api.dicebear.com/7.x/personas/jpg?seed=user314&size=300,FAKE,Unknown,36-50
3373,https://api.dicebear.com/7.x/personas/jpg?seed=user315&size=300,FAKE,Unknown,18-25
3374,https://api.dicebear.com/7.x/personas/jpg?seed=user316&size=300,FAKE,Unknown,50+
3375,https://api.dicebear.com/7.x/personas/jpg?seed=user317&size=300,FAKE,Unknown,26-35
3376,https://api.dicebear.com/7.x/personas/jpg?seed=user318&size=300,FAKE,Unknown,50+
3377,https://api.dicebear.com/7.x/personas/jpg?seed=user319&size=300,FAKE,Unknown,26-35
3378,https://api.dicebear.com/7.x/personas/jpg?seed=user320&size=300,FAKE,Unknown,50+
3379,https://api.dicebear.com/7.x/personas/jpg?seed=user321&size=300,FAKE,Unknown,18-25
3380,https://api.dicebear.com/7.x/personas/jpg?seed=user322&size=300,FAKE,Unknown,36-50
3381,https://api.dicebear.com/7.x/personas/jpg?seed=user323&size=300,FAKE,Unknown,26-35
3382,https://api.dicebear.com/7.x/personas/jpg?seed=user324&size=300,FAKE,Unknown,26-35
3383,https://api.dicebear.com/7.x/personas/jpg?seed=user325&size=300,FAKE,Unknown,50+
3384,https://api.dicebear.com/7.x/personas/jpg?seed=user326&size=300,FAKE,Unknown,50+
3385,https://api.dicebear.com/7.x/personas/jpg?seed=user327&size=300,FAKE,Unknown,18-25
3386,https://api.dicebear.com/7.x/personas/jpg?seed=user328&size=300,FAKE,Unknown,36-50
3387,https://api.dicebear.com/7.x/personas/jpg?seed=user329&size=300,FAKE,Unknown,36-50
3388,https://api.dicebear.com/7.x/personas/jpg?seed=user330&size=300,FAKE,Unknown,50+
3389,https://api.dicebear.com/7.x/personas/jpg?seed=user331&size=300,FAKE,Unknown,50+
3390,https://api.dicebear.com/7.x/personas/jpg?seed=user332&size=300,FAKE,Unknown,50+
3391,https://api.dicebear.com/7.x/personas/jpg?seed=user333&size=300,FAKE,Unknown,36-50
3392,https://api.dicebear.com/7.x/personas/jpg?seed=user334&size=300,FAKE,Unknown,36-50
3393,https://api.dicebear.com/7.x/personas/jpg?seed=user335&size=300,FAKE,Unknown,18-25
3394,https://api.dicebear.com/7.x/personas/jpg?seed=user336&size=300,FAKE,Unknown,18-25
3395,https://api.dicebear.com/7.x/personas/jpg?seed=user337&size=300,FAKE,Unknown,50+
3396,https://api.dicebear.com/7.x/personas/jpg?seed=user338&size=300,FAKE,Unknown,50+
3397,https://api.dicebear.com/7.x/personas/jpg?seed=user339&size=300,FAKE,Unknown,36-50
3398,https://api.dicebear.com/7.x/personas/jpg?seed=user340&size=300,FAKE,Unknown,26-35
3399,https://api.dicebear.com/7.x/personas/jpg?seed=user341&size=300,FAKE,Unknown,50+
3400,https://api.dicebear.com/7.x/personas/jpg?seed=user342&size=300,FAKE,Unknown,50+
3401,https://api.dicebear.com/7.x/personas/jpg?seed=user343&size=300,FAKE,Unknown,18-25
3402,https://api.dicebear.com/7.x/personas/jpg?seed=user344&size=300,FAKE,Unknown,26-35
3403,https://api.dicebear.com/7.x/personas/jpg?seed=user345&size=300,FAKE,Unknown,18-25
3404,https://api.dicebear.com/7.x/personas/jpg?seed=user346&size=300,FAKE,Unknown,36-50
3405,https://api.dicebear.com/7.x/personas/jpg?seed=user347&size=300,FAKE,Unknown,36-50
3406,https://api.dicebear.com/7.x/personas/jpg?seed=user348&size=300,FAKE,Unknown,26-35
3407,https://api.dicebear.com/7.x/personas/jpg?seed=user349&size=300,FAKE,Unknown,26-35
3408,https://api.dicebear.com/7.x/personas/jpg?seed=user350&size=300,FAKE,Unknown,26-35
3409,https://api.dicebear.com/7.x/personas/jpg?seed=user351&size=300,FAKE,Unknown,50+
3410,https://api.dicebear.com/7.x/personas/jpg?seed=user352&size=300,FAKE,Unknown,36-50
3411,https://api.dicebear.com/7.x/personas/jpg?seed=user353&size=300,FAKE,Unknown,26-35
3412,https://api.dicebear.com/7.x/personas/jpg?seed=user354&size=300,FAKE,Unknown,18-25
3413,https://api.dicebear.com/7.x/personas/jpg?seed=user355&size=300,FAKE,Unknown,18-25
3414,https://api.dicebear.com/7.x/personas/jpg?seed=user356&size=300,FAKE,Unknown,18-25
3415,https://api.dicebear.com/7.x/personas/jpg?seed=user357&size=300,FAKE,Unknown,18-25
3416,https://api.dicebear.com/7.x/personas/jpg?seed=user358&size=300,FAKE,Unknown,36-50
3417,https://api.dicebear.com/7.x/personas/jpg?seed=user359&size=300,FAKE,Unknown,18-25
3418,https://api.dicebear.com/7.x/personas/jpg?seed=user360&size=300,FAKE,Unknown,26-35
3419,https://api.dicebear.com/7.x/personas/jpg?seed=user361&size=300,FAKE,Unknown,26-35
3420,https://api.dicebear.com/7.x/personas/jpg?seed=user362&size=300,FAKE,Unknown,26-35
3421,https://api.dicebear.com/7.x/personas/jpg?seed=user363&size=300,FAKE,Unknown,50+
3422,https://api.dicebear.com/7.x/personas/jpg?seed=user364&size=300,FAKE,Unknown,50+
3423,https://api.dicebear.com/7.x/personas/jpg?seed=user365&size=300,FAKE,Unknown,18-25
3424,https://api.dicebear.com/7.x/personas/jpg?seed=user366&size=300,FAKE,Unknown,18-25
3425,https://api.dicebear.com/7.x/personas/jpg?seed=user367&size=300,FAKE,Unknown,36-50
3426,https://api.dicebear.com/7.x/personas/jpg?seed=user368&size=300,FAKE,Unknown,26-35
3427,https://api.dicebear.com/7.x/personas/jpg?seed=user369&size=300,FAKE,Unknown,50+
3428,https://api.dicebear.com/7.x/personas/jpg?seed=user370&size=300,FAKE,Unknown,18-25
3429,https://api.dicebear.com/7.x/personas/jpg?seed=user371&size=300,FAKE,Unknown,18-25
3430,https://api.dicebear.com/7.x/personas/jpg?seed=user372&size=300,FAKE,Unknown,50+
3431,https://api.dicebear.com/7.x/personas/jpg?seed=user373&size=300,FAKE,Unknown,18-25
3432,https://api.dicebear.com/7.x/personas/jpg?seed=user374&size=300,FAKE,Unknown,18-25
3433,https://api.dicebear.com/7.x/personas/jpg?seed=user375&size=300,FAKE,Unknown,18-25
3434,https://api.dicebear.com/7.x/personas/jpg?seed=user376&size=300,FAKE,Unknown,50+
3435,https://api.dicebear.com/7.x/personas/jpg?seed=user377&size=300,FAKE,Unknown,26-35
3436,https://api.dicebear.com/7.x/personas/jpg?seed=user378&size=300,FAKE,Unknown,36-50
3437,https://api.dicebear.com/7.x/personas/jpg?seed=user379&size=300,FAKE,Unknown,36-50
3438,https://api.dicebear.com/7.x/personas/jpg?seed=user380&size=300,FAKE,Unknown,26-35
3439,https://api.dicebear.com/7.x/personas/jpg?seed=user381&size=300,FAKE,Unknown,18-25
3440,https://api.dicebear.com/7.x/personas/jpg?seed=user382&size=300,FAKE,Unknown,26-35
3441,https://api.dicebear.com/7.x/personas/jpg?seed=user383&size=300,FAKE,Unknown,36-50
3442,https://api.dicebear.com/7.x/personas/jpg?seed=user384&size=300,FAKE,Unknown,26-35
3443,https://api.dicebear.com/7.x/personas/jpg?seed=user385&size=300,FAKE,Unknown,18-25
3444,https://api.dicebear.com/7.x/personas/jpg?seed=user386&size=300,FAKE,Unknown,26-35
3445,https://api.dicebear.com/7.x/personas/jpg?seed=user387&size=300,FAKE,Unknown,18-25
3446,https://api.dicebear.com/7.x/personas/jpg?seed=user388&size=300,FAKE,Unknown,26-35
3447,https://api.dicebear.com/7.x/personas/jpg?seed=user389&size=300,FAKE,Unknown,26-35
3448,https://api.dicebear.com/7.x/personas/jpg?seed=user390&size=300,FAKE,Unknown,26-35
3449,https://api.dicebear.com/7.x/personas/jpg?seed=user391&size=300,FAKE,Unknown,50+
3450,https://api.dicebear.com/7.x/personas/jpg?seed=user392&size=300,FAKE,Unknown,50+
3451,https://api.dicebear.com/7.x/personas/jpg?seed=user393&size=300,FAKE,Unknown,50+
3452,https://api.dicebear.com/7.x/personas/jpg?seed=user394&size=300,FAKE,Unknown,50+
3453,https://api.dicebear.com/7.x/personas/jpg?seed=user395&size=300,FAKE,Unknown,26-35
3454,https://api.dicebear.com/7.x/personas/jpg?seed=user396&size=300,FAKE,Unknown,26-35
3455,https://api.dicebear.com/7.x/personas/jpg?seed=user397&size=300,FAKE,Unknown,36-50
3456,https://api.dicebear.com/7.x/personas/jpg?seed=user398&size=300,FAKE,Unknown,26-35
3457,https://api.dicebear.com/7.x/personas/jpg?seed=user399&size=300,FAKE,Unknown,18-25
3458,https://api.dicebear.com/7.x/personas/jpg?seed=user400&size=300,FAKE,Unknown,18-25
3459,https://api.dicebear.com/7.x/personas/jpg?seed=user401&size=300,FAKE,Unknown,26-35
3460,https://api.dicebear.com/7.x/personas/jpg?seed=user402&size=300,FAKE,Unknown,26-35
3461,https://api.dicebear.com/7.x/personas/jpg?seed=user403&size=300,FAKE,Unknown,36-50
3462,https://api.dicebear.com/7.x/personas/jpg?seed=user404&size=300,FAKE,Unknown,26-35
3463,https://api.dicebear.com/7.x/personas/jpg?seed=user405&size=300,FAKE,Unknown,36-50
3464,https://api.dicebear.com/7.x/personas/jpg?seed=user406&size=300,FAKE,Unknown,18-25
3465,https://api.dicebear.com/7.x/personas/jpg?seed=user407&size=300,FAKE,Unknown,36-50
3466,https://api.dicebear.com/7.x/personas/jpg?seed=user408&size=300,FAKE,Unknown,36-50
3467,https://api.dicebear.com/7.x/personas/jpg?seed=user409&size=300,FAKE,Unknown,50+
3468,https://api.dicebear.com/7.x/personas/jpg?seed=user410&size=300,FAKE,Unknown,18-25
3469,https://api.dicebear.com/7.x/personas/jpg?seed=user411&size=300,FAKE,Unknown,50+
3470,https://api.dicebear.com/7.x/personas/jpg?seed=user412&size=300,FAKE,Unknown,26-35
3471,https://api.dicebear.com/7.x/personas/jpg?seed=user413&size=300,FAKE,Unknown,26-35
3472,https://api.dicebear.com/7.x/personas/jpg?seed=user414&size=300,FAKE,Unknown,50+
3473,https://api.dicebear.com/7.x/personas/jpg?seed=user415&size=300,FAKE,Unknown,36-50
3474,https://api.dicebear.com/7.x/personas/jpg?seed=user416&size=300,FAKE,Unknown,26-35
3475,https://api.dicebear.com/7.x/personas/jpg?seed=user417&size=300,FAKE,Unknown,26-35
3476,https://api.dicebear.com/7.x/personas/jpg?seed=user418&size=300,FAKE,Unknown,36-50
3477,https://api.dicebear.com/7.x/personas/jpg?seed=user419&size=300,FAKE,Unknown,18-25
3478,https://api.dicebear.com/7.x/personas/jpg?seed=user420&size=300,FAKE,Unknown,26-35
3479,https://api.dicebear.com/7.x/personas/jpg?seed=user421&size=300,FAKE,Unknown,26-35
3480,https://api.dicebear.com/7.x/personas/jpg?seed=user422&size=300,FAKE,Unknown,50+
3481,https://api.dicebear.com/7.x/personas/jpg?seed=user423&size=300,FAKE,Unknown,18-25
3482,https://api.dicebear.com/7.x/personas/jpg?seed=user424&size=300,FAKE,Unknown,26-35
3483,https://api.dicebear.com/7.x/personas/jpg?seed=user425&size=300,FAKE,Unknown,50+
3484,https://api.dicebear.com/7.x/personas/jpg?seed=user426&size=300,FAKE,Unknown,50+
3485,https://api.dicebear.com/7.x/personas/jpg?seed=user427&size=300,FAKE,Unknown,36-50
3486,https://api.dicebear.com/7.x/personas/jpg?seed=user428&size=300,FAKE,Unknown,18-25
3487,https://api.dicebear.com/7.x/personas/jpg?seed=user429&size=300,FAKE,Unknown,36-50
3488,https://api.dicebear.com/7.x/personas/jpg?seed=user430&size=300,FAKE,Unknown,36-50
3489,https://api.dicebear.com/7.x/personas/jpg?seed=user431&size=300,FAKE,Unknown,36-50
3490,https://api.dicebear.com/7.x/personas/jpg?seed=user432&size=300,FAKE,Unknown,36-50
3491,https://api.dicebear.com/7.x/personas/jpg?seed=user433&size=300,FAKE,Unknown,26-35
3492,https://api.dicebear.com/7.x/personas/jpg?seed=user434&size=300,FAKE,Unknown,26-35
3493,https://api.dicebear.com/7.x/personas/jpg?seed=user435&size=300,FAKE,Unknown,18-25
3494,https://api.dicebear.com/7.x/personas/jpg?seed=user436&size=300,FAKE,Unknown,18-25
3495,https://api.dicebear.com/7.x/personas/jpg?seed=user437&size=300,FAKE,Unknown,18-25
3496,https://api.dicebear.com/7.x/personas/jpg?seed=user438&size=300,FAKE,Unknown,18-25
3497,https://api.dicebear.com/7.x/personas/jpg?seed=user439&size=300,FAKE,Unknown,36-50
3498,https://api.dicebear.com/7.x/personas/jpg?seed=user440&size=300,FAKE,Unknown,36-50
3499,https://api.dicebear.com/7.x/personas/jpg?seed=user441&size=300,FAKE,Unknown,26-35
3500,https://api.dicebear.com/7.x/personas/jpg?seed=user442&size=300,FAKE,Unknown,36-50
3501,https://api.dicebear.com/7.x/personas/jpg?seed=user443&size=300,FAKE,Unknown,18-25
3502,https://api.dicebear.com/7.x/personas/jpg?seed=user444&size=300,FAKE,Unknown,18-25
3503,https://api.dicebear.com/7.x/personas/jpg?seed=user445&size=300,FAKE,Unknown,36-50
3504,https://api.dicebear.com/7.x/personas/jpg?seed=user446&size=300,FAKE,Unknown,36-50
3505,https://api.dicebear.com/7.x/personas/jpg?seed=user447&size=300,FAKE,Unknown,50+
3506,https://api.dicebear.com/7.x/personas/jpg?seed=user448&size=300,FAKE,Unknown,36-50
3507,https://api.dicebear.com/7.x/personas/jpg?seed=user449&size=300,FAKE,Unknown,36-50
3508,https://api.dicebear.com/7.x/personas/jpg?seed=user450&size=300,FAKE,Unknown,50+
3509,https://api.dicebear.com/7.x/personas/jpg?seed=user451&size=300,FAKE,Unknown,36-50
3510,https://api.dicebear.com/7.x/personas/jpg?seed=user452&size=300,FAKE,Unknown,26-35
3511,https://api.dicebear.com/7.x/personas/jpg?seed=user453&size=300,FAKE,Unknown,36-50
3512,https://api.dicebear.com/7.x/personas/jpg?seed=user454&size=300,FAKE,Unknown,50+
3513,https://api.dicebear.com/7.x/personas/jpg?seed=user455&size=300,FAKE,Unknown,18-25
3514,https://api.dicebear.com/7.x/personas/jpg?seed=user456&size=300,FAKE,Unknown,26-35
3515,https://api.dicebear.com/7.x/personas/jpg?seed=user457&size=300,FAKE,Unknown,36-50
3516,https://api.dicebear.com/7.x/personas/jpg?seed=user458&size=300,FAKE,Unknown,36-50
3517,https://api.dicebear.com/7.x/personas/jpg?seed=user459&size=300,FAKE,Unknown,50+
3518,https://api.dicebear.com/7.x/personas/jpg?seed=user460&size=300,FAKE,Unknown,36-50
3519,https://api.dicebear.com/7.x/personas/jpg?seed=user461&size=300,FAKE,Unknown,36-50
3520,https://api.dicebear.com/7.x/personas/jpg?seed=user462&size=300,FAKE,Unknown,50+
3521,https://api.dicebear.com/7.x/personas/jpg?seed=user463&size=300,FAKE,Unknown,36-50
3522,https://api.dicebear.com/7.x/personas/jpg?seed=user464&size=300,FAKE,Unknown,50+
3523,https://api.dicebear.com/7.x/personas/jpg?seed=user465&size=300,FAKE,Unknown,18-25
3524,https://api.dicebear.com/7.x/personas/jpg?seed=user466&size=300,FAKE,Unknown,26-35
3525,https://api.dicebear.com/7.x/personas/jpg?seed=user467&size=300,FAKE,Unknown,26-35
3526,https://api.dicebear.com/7.x/personas/jpg?seed=user468&size=300,FAKE,Unknown,18-25
3527,https://api.dicebear.com/7.x/personas/jpg?seed=user469&size=300,FAKE,Unknown,36-50
3528,https://api.dicebear.com/7.x/personas/jpg?seed=user470&size=300,FAKE,Unknown,18-25
3529,https://api.dicebear.com/7.x/personas/jpg?seed=user471&size=300,FAKE,Unknown,18-25
3530,https://api.dicebear.com/7.x/personas/jpg?seed=user472&size=300,FAKE,Unknown,18-25
3531,https://api.dicebear.com/7.x/personas/jpg?seed=user473&size=300,FAKE,Unknown,50+
3532,https://api.dicebear.com/7.x/personas/jpg?seed=user474&size=300,FAKE,Unknown,18-25
3533,https://api.dicebear.com/7.x/personas/jpg?seed=user475&size=300,FAKE,Unknown,36-50
3534,https://api.dicebear.com/7.x/personas/jpg?seed=user476&size=300,FAKE,Unknown,36-50
3535,https://api.dicebear.com/7.x/personas/jpg?seed=user477&size=300,FAKE,Unknown,50+
3536,https://api.dicebear.com/7.x/personas/jpg?seed=user478&size=300,FAKE,Unknown,50+
3537,https://api.dicebear.com/7.x/personas/jpg?seed=user479&size=300,FAKE,Unknown,50+
3538,https://api.dicebear.com/7.x/personas/jpg?seed=user480&size=300,FAKE,Unknown,18-25
3539,https://api.dicebear.com/7.x/personas/jpg?seed=user481&size=300,FAKE,Unknown,26-35
3540,https://api.dicebear.com/7.x/personas/jpg?seed=user482&size=300,FAKE,Unknown,26-35
3541,https://api.dicebear.com/7.x/personas/jpg?seed=user483&size=300,FAKE,Unknown,50+
3542,https://api.dicebear.com/7.x/personas/jpg?seed=user484&size=300,FAKE,Unknown,50+
3543,https://api.dicebear.com/7.x/personas/jpg?seed=user485&size=300,FAKE,Unknown,50+
3544,https://api.dicebear.com/7.x/personas/jpg?seed=user486&size=300,FAKE,Unknown,18-25
3545,https://api.dicebear.com/7.x/personas/jpg?seed=user487&size=300,FAKE,Unknown,36-50
3546,https://api.dicebear.com/7.x/personas/jpg?seed=user488&size=300,FAKE,Unknown,50+
3547,https://api.dicebear.com/7.x/personas/jpg?seed=user489&size=300,FAKE,Unknown,18-25
3548,https://api.dicebear.com/7.x/personas/jpg?seed=user490&size=300,FAKE,Unknown,18-25
3549,https://api.dicebear.com/7.x/personas/jpg?seed=user491&size=300,FAKE,Unknown,18-25
3550,https://api.dicebear.com/7.x/personas/jpg?seed=user492&size=300,FAKE,Unknown,50+
3551,https://api.dicebear.com/7.x/personas/jpg?seed=user493&size=300,FAKE,Unknown,18-25
3552,https://api.dicebear.com/7.x/personas/jpg?seed=user494&size=300,FAKE,Unknown,26-35
3553,https://api.dicebear.com/7.x/personas/jpg?seed=user495&size=300,FAKE,Unknown,18-25
3554,https://api.dicebear.com/7.x/personas/jpg?seed=user496&size=300,FAKE,Unknown,50+
3555,https://api.dicebear.com/7.x/personas/jpg?seed=user497&size=300,FAKE,Unknown,36-50
3556,https://api.dicebear.com/7.x/personas/jpg?seed=user498&size=300,FAKE,Unknown,50+
3557,https://api.dicebear.com/7.x/personas/jpg?seed=user499&size=300,FAKE,Unknown,36-50
3558,https://api.dicebear.com/7.x/personas/jpg?seed=user500&size=300,FAKE,Unknown,26-35
3559,https://api.dicebear.com/7.x/personas/jpg?seed=user501&size=300,FAKE,Unknown,50+
3560,https://api.dicebear.com/7.x/personas/jpg?seed=user502&size=300,FAKE,Unknown,18-25
3561,https://api.dicebear.com/7.x/personas/jpg?seed=user503&size=300,FAKE,Unknown,50+
3562,https://api.dicebear.com/7.x/personas/jpg?seed=user504&size=300,FAKE,Unknown,36-50
3563,https://api.dicebear.com/7.x/personas/jpg?seed=user505&size=300,FAKE,Unknown,50+
3564,https://api.dicebear.com/7.x/personas/jpg?seed=user506&size=300,FAKE,Unknown,50+
3565,https://api.dicebear.com/7.x/personas/jpg?seed=user507&size=300,FAKE,Unknown,36-50
3566,https://api.dicebear.com/7.x/personas/jpg?seed=user508&size=300,FAKE,Unknown,26-35
3567,https://api.dicebear.com/7.x/personas/jpg?seed=user509&size=300,FAKE,Unknown,18-25
3568,https://api.dicebear.com/7.x/personas/jpg?seed=user510&size=300,FAKE,Unknown,18-25
3569,https://api.dicebear.com/7.x/personas/jpg?seed=user511&size=300,FAKE,Unknown,18-25
3570,https://api.dicebear.com/7.x/personas/jpg?seed=user512&size=300,FAKE,Unknown,18-25
3571,https://api.dicebear.com/7.x/personas/jpg?seed=user513&size=300,FAKE,Unknown,26-35
3572,https://api.dicebear.com/7.x/personas/jpg?seed=user514&size=300,FAKE,Unknown,26-35
3573,https://api.dicebear.com/7.x/personas/jpg?seed=user515&size=300,FAKE,Unknown,36-50
3574,https://api.dicebear.com/7.x/personas/jpg?seed=user516&size=300,FAKE,Unknown,50+
3575,https://api.dicebear.com/7.x/personas/jpg?seed=user517&size=300,FAKE,Unknown,36-50
3576,https://api.dicebear.com/7.x/personas/jpg?seed=user518&size=300,FAKE,Unknown,50+
3577,https://api.dicebear.com/7.x/personas/jpg?seed=user519&size=300,FAKE,Unknown,18-25
3578,https://api.dicebear.com/7.x/personas/jpg?seed=user520&size=300,FAKE,Unknown,50+
3579,https://api.dicebear.com/7.x/personas/jpg?seed=user521&size=300,FAKE,Unknown,50+
3580,https://api.dicebear.com/7.x/personas/jpg?seed=user522&size=300,FAKE,Unknown,26-35
3581,https://api.dicebear.com/7.x/personas/jpg?seed=user523&size=300,FAKE,Unknown,26-35
3582,https://api.dicebear.com/7.x/personas/jpg?seed=user524&size=300,FAKE,Unknown,26-35
3583,https://api.dicebear.com/7.x/personas/jpg?seed=user525&size=300,FAKE,Unknown,18-25
3584,https://api.dicebear.com/7.x/personas/jpg?seed=user526&size=300,FAKE,Unknown,36-50
3585,https://api.dicebear.com/7.x/personas/jpg?seed=user527&size=300,FAKE,Unknown,26-35
3586,https://api.dicebear.com/7.x/personas/jpg?seed=user528&size=300,FAKE,Unknown,26-35
3587,https://api.dicebear.com/7.x/personas/jpg?seed=user529&size=300,FAKE,Unknown,36-50
3588,https://api.dicebear.com/7.x/personas/jpg?seed=user530&size=300,FAKE,Unknown,26-35
3589,https://api.dicebear.com/7.x/personas/jpg?seed=user531&size=300,FAKE,Unknown,18-25
3590,https://api.dicebear.com/7.x/personas/jpg?seed=user532&size=300,FAKE,Unknown,18-25
3591,https://api.dicebear.com/7.x/personas/jpg?seed=user533&size=300,FAKE,Unknown,50+
3592,https://api.dicebear.com/7.x/personas/jpg?seed=user534&size=300,FAKE,Unknown,50+
3593,https://api.dicebear.com/7.x/personas/jpg?seed=user535&size=300,FAKE,Unknown,50+
3594,https://api.dicebear.com/7.x/personas/jpg?seed=user536&size=300,FAKE,Unknown,36-50
3595,https://api.dicebear.com/7.x/personas/jpg?seed=user537&size=300,FAKE,Unknown,50+
3596,https://api.dicebear.com/7.x/personas/jpg?seed=user538&size=300,FAKE,Unknown,18-25
3597,https://api.dicebear.com/7.x/personas/jpg?seed=user539&size=300,FAKE,Unknown,26-35
3598,https://api.dicebear.com/7.x/personas/jpg?seed=user540&size=300,FAKE,Unknown,36-50
3599,https://api.dicebear.com/7.x/personas/jpg?seed=user541&size=300,FAKE,Unknown,50+
3600,https://api.dicebear.com/7.x/personas/jpg?seed=user542&size=300,FAKE,Unknown,26-35
3601,https://api.dicebear.com/7.x/personas/jpg?seed=user543&size=300,FAKE,Unknown,50+
3602,https://api.dicebear.com/7.x/personas/jpg?seed=user544&size=300,FAKE,Unknown,36-50
3603,https://api.dicebear.com/7.x/personas/jpg?seed=user545&size=300,FAKE,Unknown,26-35
3604,https://api.dicebear.com/7.x/personas/jpg?seed=user546&size=300,FAKE,Unknown,50+
3605,https://api.dicebear.com/7.x/personas/jpg?seed=user547&size=300,FAKE,Unknown,26-35
3606,https://api.dicebear.com/7.x/personas/jpg?seed=user548&size=300,FAKE,Unknown,36-50
3607,https://api.dicebear.com/7.x/personas/jpg?seed=user549&size=300,FAKE,Unknown,50+
3608,https://api.dicebear.com/7.x/personas/jpg?seed=user550&size=300,FAKE,Unknown,50+
3609,https://api.dicebear.com/7.x/personas/jpg?seed=user551&size=300,FAKE,Unknown,50+
3610,https://api.dicebear.com/7.x/personas/jpg?seed=user552&size=300,FAKE,Unknown,26-35
3611,https://api.dicebear.com/7.x/personas/jpg?seed=user553&size=300,FAKE,Unknown,36-50
3612,https://api.dicebear.com/7.x/personas/jpg?seed=user554&size=300,FAKE,Unknown,36-50
3613,https://api.dicebear.com/7.x/personas/jpg?seed=user555&size=300,FAKE,Unknown,18-25
3614,https://api.dicebear.com/7.x/personas/jpg?seed=user556&size=300,FAKE,Unknown,26-35
3615,https://api.dicebear.com/7.x/personas/jpg?seed=user557&size=300,FAKE,Unknown,50+
3616,https://api.dicebear.com/7.x/personas/jpg?seed=user558&size=300,FAKE,Unknown,50+
3617,https://api.dicebear.com/7.x/personas/jpg?seed=user559&size=300,FAKE,Unknown,26-35
3618,https://api.dicebear.com/7.x/personas/jpg?seed=user560&size=300,FAKE,Unknown,50+
3619,https://api.dicebear.com/7.x/personas/jpg?seed=user561&size=300,FAKE,Unknown,36-50
3620,https://api.dicebear.com/7.x/personas/jpg?seed=user562&size=300,FAKE,Unknown,50+
3621,https://api.dicebear.com/7.x/personas/jpg?seed=user563&size=300,FAKE,Unknown,36-50
3622,https://api.dicebear.com/7.x/personas/jpg?seed=user564&size=300,FAKE,Unknown,26-35
3623,https://api.dicebear.com/7.x/personas/jpg?seed=user565&size=300,FAKE,Unknown,26-35
3624,https://api.dicebear.com/7.x/personas/jpg?seed=user566&size=300,FAKE,Unknown,18-25
3625,https://api.dicebear.com/7.x/personas/jpg?seed=user567&size=300,FAKE,Unknown,18-25
3626,https://api.dicebear.com/7.x/personas/jpg?seed=user568&size=300,FAKE,Unknown,26-35
3627,https://api.dicebear.com/7.x/personas/jpg?seed=user569&size=300,FAKE,Unknown,18-25
3628,https://api.dicebear.com/7.x/personas/jpg?seed=user570&size=300,FAKE,Unknown,50+
3629,https://api.dicebear.com/7.x/personas/jpg?seed=user571&size=300,FAKE,Unknown,26-35
3630,https://api.dicebear.com/7.x/personas/jpg?seed=user572&size=300,FAKE,Unknown,36-50
3631,https://api.dicebear.com/7.x/personas/jpg?seed=user573&size=300,FAKE,Unknown,50+
3632,https://api.dicebear.com/7.x/personas/jpg?seed=user574&size=300,FAKE,Unknown,26-35
3633,https://api.dicebear.com/7.x/personas/jpg?seed=user575&size=300,FAKE,Unknown,18-25
3634,https://api.dicebear.com/7.x/personas/jpg?seed=user576&size=300,FAKE,Unknown,50+
3635,https://api.dicebear.com/7.x/personas/jpg?seed=user577&size=300,FAKE,Unknown,36-50
3636,https://api.dicebear.com/7.x/personas/jpg?seed=user578&size=300,FAKE,Unknown,26-35
3637,https://api.dicebear.com/7.x/personas/jpg?seed=user579&size=300,FAKE,Unknown,36-50
3638,https://api.dicebear.com/7.x/personas/jpg?seed=user580&size=300,FAKE,Unknown,50+
3639,https://api.dicebear.com/7.x/personas/jpg?seed=user581&size=300,FAKE,Unknown,50+
3640,https://api.dicebear.com/7.x/personas/jpg?seed=user582&size=300,FAKE,Unknown,26-35
3641,https://api.dicebear.com/7.x/personas/jpg?seed=user583&size=300,FAKE,Unknown,50+
3642,https://api.dicebear.com/7.x/personas/jpg?seed=user584&size=300,FAKE,Unknown,26-35
3643,https://api.dicebear.com/7.x/personas/jpg?seed=user585&size=300,FAKE,Unknown,36-50
3644,https://api.dicebear.com/7.x/personas/jpg?seed=user586&size=300,FAKE,Unknown,36-50
3645,https://api.dicebear.com/7.x/personas/jpg?seed=user587&size=300,FAKE,Unknown,50+
3646,https://api.dicebear.com/7.x/personas/jpg?seed=user588&size=300,FAKE,Unknown,50+
3647,https://api.dicebear.com/7.x/personas/jpg?seed=user589&size=300,FAKE,Unknown,18-25
3648,https://api.dicebear.com/7.x/personas/jpg?seed=user590&size=300,FAKE,Unknown,26-35
3649,https://api.dicebear.com/7.x/personas/jpg?seed=user591&size=300,FAKE,Unknown,18-25
3650,https://api.dicebear.com/7.x/personas/jpg?seed=user592&size=300,FAKE,Unknown,18-25
3651,https://api.dicebear.com/7.x/personas/jpg?seed=user593&size=300,FAKE,Unknown,50+
3652,https://api.dicebear.com/7.x/personas/jpg?seed=user594&size=300,FAKE,Unknown,36-50
3653,https://api.dicebear.com/7.x/personas/jpg?seed=user595&size=300,FAKE,Unknown,18-25
3654,https://api.dicebear.com/7.x/personas/jpg?seed=user596&size=300,FAKE,Unknown,36-50
3655,https://api.dicebear.com/7.x/personas/jpg?seed=user597&size=300,FAKE,Unknown,36-50
3656,https://api.dicebear.com/7.x/personas/jpg?seed=user598&size=300,FAKE,Unknown,18-25
3657,https://api.dicebear.com/7.x/personas/jpg?seed=user599&size=300,FAKE,Unknown,36-50
3658,https://api.dicebear.com/7.x/personas/jpg?seed=user600&size=300,FAKE,Unknown,26-35
3659,https://api.dicebear.com/7.x/personas/jpg?seed=user601&size=300,FAKE,Unknown,26-35
3660,https://api.dicebear.com/7.x/personas/jpg?seed=user602&size=300,FAKE,Unknown,36-50
3661,https://api.dicebear.com/7.x/personas/jpg?seed=user603&size=300,FAKE,Unknown,26-35
3662,https://api.dicebear.com/7.x/personas/jpg?seed=user604&size=300,FAKE,Unknown,36-50
3663,https://api.dicebear.com/7.x/personas/jpg?seed=user605&size=300,FAKE,Unknown,50+
3664,https://api.dicebear.com/7.x/personas/jpg?seed=user606&size=300,FAKE,Unknown,26-35
3665,https://api.dicebear.com/7.x/personas/jpg?seed=user607&size=300,FAKE,Unknown,36-50
3666,https://api.dicebear.com/7.x/personas/jpg?seed=user608&size=300,FAKE,Unknown,36-50
3667,https://api.dicebear.com/7.x/personas/jpg?seed=user609&size=300,FAKE,Unknown,50+
3668,https://api.dicebear.com/7.x/personas/jpg?seed=user610&size=300,FAKE,Unknown,26-35
3669,https://api.dicebear.com/7.x/personas/jpg?seed=user611&size=300,FAKE,Unknown,18-25
3670,https://api.dicebear.com/7.x/personas/jpg?seed=user612&size=300,FAKE,Unknown,18-25
3671,https://api.dicebear.com/7.x/personas/jpg?seed=user613&size=300,FAKE,Unknown,50+
3672,https://api.dicebear.com/7.x/personas/jpg?seed=user614&size=300,FAKE,Unknown,18-25
3673,https://api.dicebear.com/7.x/personas/jpg?seed=user615&size=300,FAKE,Unknown,26-35
3674,https://api.dicebear.com/7.x/personas/jpg?seed=user616&size=300,FAKE,Unknown,36-50
3675,https://api.dicebear.com/7.x/personas/jpg?seed=user617&size=300,FAKE,Unknown,36-50
3676,https://api.dicebear.com/7.x/personas/jpg?seed=user618&size=300,FAKE,Unknown,18-25
3677,https://api.dicebear.com/7.x/personas/jpg?seed=user619&size=300,FAKE,Unknown,18-25
3678,https://api.dicebear.com/7.x/personas/jpg?seed=user620&size=300,FAKE,Unknown,36-50
3679,https://api.dicebear.com/7.x/personas/jpg?seed=user621&size=300,FAKE,Unknown,36-50
3680,https://api.dicebear.com/7.x/personas/jpg?seed=user622&size=300,FAKE,Unknown,36-50
3681,https://api.dicebear.com/7.x/personas/jpg?seed=user623&size=300,FAKE,Unknown,26-35
3682,https://api.dicebear.com/7.x/personas/jpg?seed=user624&size=300,FAKE,Unknown,50+
3683,https://api.dicebear.com/7.x/personas/jpg?seed=user625&size=300,FAKE,Unknown,50+
3684,https://api.dicebear.com/7.x/personas/jpg?seed=user626&size=300,FAKE,Unknown,26-35
3685,https://api.dicebear.com/7.x/personas/jpg?seed=user627&size=300,FAKE,Unknown,36-50
3686,https://api.dicebear.com/7.x/personas/jpg?seed=user628&size=300,FAKE,Unknown,18-25
3687,https://api.dicebear.com/7.x/personas/jpg?seed=user629&size=300,FAKE,Unknown,36-50
3688,https://api.dicebear.com/7.x/personas/jpg?seed=user630&size=300,FAKE,Unknown,50+
3689,https://api.dicebear.com/7.x/personas/jpg?seed=user631&size=300,FAKE,Unknown,36-50
3690,https://api.dicebear.com/7.x/personas/jpg?seed=user632&size=300,FAKE,Unknown,50+
3691,https://api.dicebear.com/7.x/personas/jpg?seed=user633&size=300,FAKE,Unknown,50+
3692,https://api.dicebear.com/7.x/personas/jpg?seed=user634&size=300,FAKE,Unknown,26-35
3693,https://api.dicebear.com/7.x/personas/jpg?seed=user635&size=300,FAKE,Unknown,18-25
3694,https://api.dicebear.com/7.x/personas/jpg?seed=user636&size=300,FAKE,Unknown,50+
3695,https://api.dicebear.com/7.x/personas/jpg?seed=user637&size=300,FAKE,Unknown,50+
3696,https://api.dicebear.com/7.x/personas/jpg?seed=user638&size=300,FAKE,Unknown,36-50
3697,https://api.dicebear.com/7.x/personas/jpg?seed=user639&size=300,FAKE,Unknown,50+
3698,https://api.dicebear.com/7.x/personas/jpg?seed=user640&size=300,FAKE,Unknown,36-50
3699,https://api.dicebear.com/7.x/personas/jpg?seed=user641&size=300,FAKE,Unknown,18-25
3700,https://api.dicebear.com/7.x/personas/jpg?seed=user642&size=300,FAKE,Unknown,36-50
3701,https://api.dicebear.com/7.x/personas/jpg?seed=user643&size=300,FAKE,Unknown,26-35
3702,https://api.dicebear.com/7.x/personas/jpg?seed=user644&size=300,FAKE,Unknown,50+
3703,https://api.dicebear.com/7.x/personas/jpg?seed=user645&size=300,FAKE,Unknown,26-35
3704,https://api.dicebear.com/7.x/personas/jpg?seed=user646&size=300,FAKE,Unknown,18-25
3705,https://api.dicebear.com/7.x/personas/jpg?seed=user647&size=300,FAKE,Unknown,18-25
3706,https://api.dicebear.com/7.x/personas/jpg?seed=user648&size=300,FAKE,Unknown,50+
3707,https://api.dicebear.com/7.x/personas/jpg?seed=user649&size=300,FAKE,Unknown,36-50
3708,https://api.dicebear.com/7.x/personas/jpg?seed=user650&size=300,FAKE,Unknown,18-25
3709,https://api.dicebear.com/7.x/personas/jpg?seed=user651&size=300,FAKE,Unknown,26-35
3710,https://api.dicebear.com/7.x/personas/jpg?seed=user652&size=300,FAKE,Unknown,36-50
3711,https://api.dicebear.com/7.x/personas/jpg?seed=user653&size=300,FAKE,Unknown,18-25
3712,https://api.dicebear.com/7.x/personas/jpg?seed=user654&size=300,FAKE,Unknown,18-25
3713,https://api.dicebear.com/7.x/personas/jpg?seed=user655&size=300,FAKE,Unknown,50+
3714,https://api.dicebear.com/7.x/personas/jpg?seed=user656&size=300,FAKE,Unknown,50+
3715,https://api.dicebear.com/7.x/personas/jpg?seed=user657&size=300,FAKE,Unknown,26-35
3716,https://api.dicebear.com/7.x/personas/jpg?seed=user658&size=300,FAKE,Unknown,26-35
3717,https://api.dicebear.com/7.x/personas/jpg?seed=user659&size=300,FAKE,Unknown,18-25
3718,https://api.dicebear.com/7.x/personas/jpg?seed=user660&size=300,FAKE,Unknown,36-50
3719,https://api.dicebear.com/7.x/personas/jpg?seed=user661&size=300,FAKE,Unknown,18-25
3720,https://api.dicebear.com/7.x/personas/jpg?seed=user662&size=300,FAKE,Unknown,26-35
3721,https://api.dicebear.com/7.x/personas/jpg?seed=user663&size=300,FAKE,Unknown,50+
3722,https://api.dicebear.com/7.x/personas/jpg?seed=user664&size=300,FAKE,Unknown,18-25
3723,https://api.dicebear.com/7.x/personas/jpg?seed=user665&size=300,FAKE,Unknown,36-50
3724,https://api.dicebear.com/7.x/personas/jpg?seed=user666&size=300,FAKE,Unknown,50+
3725,https://api.dicebear.com/7.x/personas/jpg?seed=user667&size=300,FAKE,Unknown,18-25
3726,https://api.dicebear.com/7.x/personas/jpg?seed=user668&size=300,FAKE,Unknown,18-25
3727,https://api.dicebear.com/7.x/personas/jpg?seed=user669&size=300,FAKE,Unknown,18-25
3728,https://api.dicebear.com/7.x/personas/jpg?seed=user670&size=300,FAKE,Unknown,26-35
3729,https://api.dicebear.com/7.x/personas/jpg?seed=user671&size=300,FAKE,Unknown,18-25
3730,https://api.dicebear.com/7.x/personas/jpg?seed=user672&size=300,FAKE,Unknown,26-35
3731,https://api.dicebear.com/7.x/personas/jpg?seed=user673&size=300,FAKE,Unknown,26-35
3732,https://api.dicebear.com/7.x/personas/jpg?seed=user674&size=300,FAKE,Unknown,36-50
3733,https://api.dicebear.com/7.x/personas/jpg?seed=user675&size=300,FAKE,Unknown,36-50
3734,https://api.dicebear.com/7.x/personas/jpg?seed=user676&size=300,FAKE,Unknown,26-35
3735,https://api.dicebear.com/7.x/personas/jpg?seed=user677&size=300,FAKE,Unknown,26-35
3736,https://api.dicebear.com/7.x/personas/jpg?seed=user678&size=300,FAKE,Unknown,18-25
3737,https://api.dicebear.com/7.x/personas/jpg?seed=user679&size=300,FAKE,Unknown,36-50
3738,https://api.dicebear.com/7.x/personas/jpg?seed=user680&size=300,FAKE,Unknown,36-50
3739,https://api.dicebear.com/7.x/personas/jpg?seed=user681&size=300,FAKE,Unknown,50+
3740,https://api.dicebear.com/7.x/personas/jpg?seed=user682&size=300,FAKE,Unknown,36-50
3741,https://api.dicebear.com/7.x/personas/jpg?seed=user683&size=300,FAKE,Unknown,18-25
3742,https://api.dicebear.com/7.x/personas/jpg?seed=user684&size=300,FAKE,Unknown,18-25
3743,https://api.dicebear.com/7.x/personas/jpg?seed=user685&size=300,FAKE,Unknown,26-35
3744,https://api.dicebear.com/7.x/personas/jpg?seed=user686&size=300,FAKE,Unknown,36-50
3745,https://api.dicebear.com/7.x/personas/jpg?seed=user687&size=300,FAKE,Unknown,50+
3746,https://api.dicebear.com/7.x/personas/jpg?seed=user688&size=300,FAKE,Unknown,18-25
3747,https://api.dicebear.com/7.x/personas/jpg?seed=user689&size=300,FAKE,Unknown,18-25
3748,https://api.dicebear.com/7.x/personas/jpg?seed=user690&size=300,FAKE,Unknown,18-25
3749,https://api.dicebear.com/7.x/personas/jpg?seed=user691&size=300,FAKE,Unknown,36-50
3750,https://api.dicebear.com/7.x/personas/jpg?seed=user692&size=300,FAKE,Unknown,50+
3751,https://api.dicebear.com/7.x/personas/jpg?seed=user693&size=300,FAKE,Unknown,26-35
3752,https://api.dicebear.com/7.x/personas/jpg?seed=user694&size=300,FAKE,Unknown,26-35
3753,https://api.dicebear.com/7.x/personas/jpg?seed=user695&size=300,FAKE,Unknown,18-25
3754,https://api.dicebear.com/7.x/personas/jpg?seed=user696&size=300,FAKE,Unknown,36-50
3755,https://api.dicebear.com/7.x/personas/jpg?seed=user697&size=300,FAKE,Unknown,18-25
3756,https://api.dicebear.com/7.x/personas/jpg?seed=user698&size=300,FAKE,Unknown,18-25
3757,https://api.dicebear.com/7.x/personas/jpg?seed=user699&size=300,FAKE,Unknown,18-25
3758,https://api.dicebear.com/7.x/personas/jpg?seed=user700&size=300,FAKE,Unknown,18-25
3759,https://api.dicebear.com/7.x/personas/jpg?seed=user701&size=300,FAKE,Unknown,50+
3760,https://api.dicebear.com/7.x/personas/jpg?seed=user702&size=300,FAKE,Unknown,26-35
3761,https://api.dicebear.com/7.x/personas/jpg?seed=user703&size=300,FAKE,Unknown,18-25
3762,https://api.dicebear.com/7.x/personas/jpg?seed=user704&size=300,FAKE,Unknown,26-35
3763,https://api.dicebear.com/7.x/personas/jpg?seed=user705&size=300,FAKE,Unknown,18-25
3764,https://api.dicebear.com/7.x/personas/jpg?seed=user706&size=300,FAKE,Unknown,50+
3765,https://api.dicebear.com/7.x/personas/jpg?seed=user707&size=300,FAKE,Unknown,26-35
3766,https://api.dicebear.com/7.x/personas/jpg?seed=user708&size=300,FAKE,Unknown,18-25
3767,https://api.dicebear.com/7.x/personas/jpg?seed=user709&size=300,FAKE,Unknown,18-25
3768,https://api.dicebear.com/7.x/personas/jpg?seed=user710&size=300,FAKE,Unknown,50+
3769,https://api.dicebear.com/7.x/personas/jpg?seed=user711&size=300,FAKE,Unknown,26-35
3770,https://api.dicebear.com/7.x/personas/jpg?seed=user712&size=300,FAKE,Unknown,26-35
3771,https://api.dicebear.com/7.x/personas/jpg?seed=user713&size=300,FAKE,Unknown,26-35
3772,https://api.dicebear.com/7.x/personas/jpg?seed=user714&size=300,FAKE,Unknown,36-50
3773,https://api.dicebear.com/7.x/personas/jpg?seed=user715&size=300,FAKE,Unknown,36-50
3774,https://api.dicebear.com/7.x/personas/jpg?seed=user716&size=300,FAKE,Unknown,18-25
3775,https://api.dicebear.com/7.x/personas/jpg?seed=user717&size=300,FAKE,Unknown,36-50
3776,https://api.dicebear.com/7.x/personas/jpg?seed=user718&size=300,FAKE,Unknown,18-25
3777,https://api.dicebear.com/7.x/personas/jpg?seed=user719&size=300,FAKE,Unknown,26-35
3778,https://api.dicebear.com/7.x/personas/jpg?seed=user720&size=300,FAKE,Unknown,36-50
3779,https://api.dicebear.com/7.x/personas/jpg?seed=user721&size=300,FAKE,Unknown,26-35
3780,https://api.dicebear.com/7.x/personas/jpg?seed=user722&size=300,FAKE,Unknown,26-35
3781,https://api.dicebear.com/7.x/personas/jpg?seed=user723&size=300,FAKE,Unknown,26-35
3782,https://api.dicebear.com/7.x/personas/jpg?seed=user724&size=300,FAKE,Unknown,18-25
3783,https://api.dicebear.com/7.x/personas/jpg?seed=user725&size=300,FAKE,Unknown,26-35
3784,https://api.dicebear.com/7.x/personas/jpg?seed=user726&size=300,FAKE,Unknown,50+
3785,https://api.dicebear.com/7.x/personas/jpg?seed=user727&size=300,FAKE,Unknown,50+
3786,https://api.dicebear.com/7.x/personas/jpg?seed=user728&size=300,FAKE,Unknown,50+
3787,https://api.dicebear.com/7.x/personas/jpg?seed=user729&size=300,FAKE,Unknown,26-35
3788,https://api.dicebear.com/7.x/personas/jpg?seed=user730&size=300,FAKE,Unknown,26-35
3789,https://api.dicebear.com/7.x/personas/jpg?seed=user731&size=300,FAKE,Unknown,26-35
3790,https://api.dicebear.com/7.x/personas/jpg?seed=user732&size=300,FAKE,Unknown,26-35
3791,https://api.dicebear.com/7.x/personas/jpg?seed=user733&size=300,FAKE,Unknown,50+
3792,https://api.dicebear.com/7.x/personas/jpg?seed=user734&size=300,FAKE,Unknown,18-25
3793,https://api.dicebear.com/7.x/personas/jpg?seed=user735&size=300,FAKE,Unknown,50+
3794,https://api.dicebear.com/7.x/personas/jpg?seed=user736&size=300,FAKE,Unknown,50+
3795,https://api.dicebear.com/7.x/personas/jpg?seed=user737&size=300,FAKE,Unknown,18-25
3796,https://api.dicebear.com/7.x/personas/jpg?seed=user738&size=300,FAKE,Unknown,36-50
3797,https://api.dicebear.com/7.x/personas/jpg?seed=user739&size=300,FAKE,Unknown,26-35
3798,https://api.dicebear.com/7.x/personas/jpg?seed=user740&size=300,FAKE,Unknown,18-25
3799,https://api.dicebear.com/7.x/personas/jpg?seed=user741&size=300,FAKE,Unknown,36-50
3800,https://api.dicebear.com/7.x/personas/jpg?seed=user742&size=300,FAKE,Unknown,36-50
3801,https://api.dicebear.com/7.x/personas/jpg?seed=user743&size=300,FAKE,Unknown,18-25
3802,https://api.dicebear.com/7.x/personas/jpg?seed=user744&size=300,FAKE,Unknown,36-50
3803,https://api.dicebear.com/7.x/personas/jpg?seed=user745&size=300,FAKE,Unknown,26-35
3804,https://api.dicebear.com/7.x/personas/jpg?seed=user746&size=300,FAKE,Unknown,18-25
3805,https://api.dicebear.com/7.x/personas/jpg?seed=user747&size=300,FAKE,Unknown,26-35
3806,https://api.dicebear.com/7.x/personas/jpg?seed=user748&size=300,FAKE,Unknown,36-50
3807,https://api.dicebear.com/7.x/personas/jpg?seed=user749&size=300,FAKE,Unknown,36-50
3808,https://api.dicebear.com/7.x/personas/jpg?seed=user750&size=300,FAKE,Unknown,18-25
3809,https://api.dicebear.com/7.x/personas/jpg?seed=user751&size=300,FAKE,Unknown,50+
3810,https://api.dicebear.com/7.x/personas/jpg?seed=user752&size=300,FAKE,Unknown,36-50
3811,https://api.dicebear.com/7.x/personas/jpg?seed=user753&size=300,FAKE,Unknown,50+
3812,https://api.dicebear.com/7.x/personas/jpg?seed=user754&size=300,FAKE,Unknown,36-50
3813,https://api.dicebear.com/7.x/personas/jpg?seed=user755&size=300,FAKE,Unknown,36-50
3814,https://api.dicebear.com/7.x/personas/jpg?seed=user756&size=300,FAKE,Unknown,36-50
3815,https://api.dicebear.com/7.x/personas/jpg?seed=user757&size=300,FAKE,Unknown,36-50
3816,https://api.dicebear.com/7.x/personas/jpg?seed=user758&size=300,FAKE,Unknown,36-50
3817,https://api.dicebear.com/7.x/personas/jpg?seed=user759&size=300,FAKE,Unknown,26-35
3818,https://api.dicebear.com/7.x/personas/jpg?seed=user760&size=300,FAKE,Unknown,50+
3819,https://api.dicebear.com/7.x/personas/jpg?seed=user761&size=300,FAKE,Unknown,50+
3820,https://api.dicebear.com/7.x/personas/jpg?seed=user762&size=300,FAKE,Unknown,50+
3821,https://api.dicebear.com/7.x/personas/jpg?seed=user763&size=300,FAKE,Unknown,36-50
3822,https://api.dicebear.com/7.x/personas/jpg?seed=user764&size=300,FAKE,Unknown,36-50
3823,https://api.dicebear.com/7.x/personas/jpg?seed=user765&size=300,FAKE,Unknown,26-35
3824,https://api.dicebear.com/7.x/personas/jpg?seed=user766&size=300,FAKE,Unknown,26-35
3825,https://api.dicebear.com/7.x/personas/jpg?seed=user767&size=300,FAKE,Unknown,36-50
3826,https://api.dicebear.com/7.x/personas/jpg?seed=user768&size=300,FAKE,Unknown,26-35
3827,https://api.dicebear.com/7.x/personas/jpg?seed=user769&size=300,FAKE,Unknown,36-50
3828,https://api.dicebear.com/7.x/personas/jpg?seed=user770&size=300,FAKE,Unknown,26-35
3829,https://api.dicebear.com/7.x/personas/jpg?seed=user771&size=300,FAKE,Unknown,36-50
3830,https://api.dicebear.com/7.x/personas/jpg?seed=user772&size=300,FAKE,Unknown,36-50
3831,https://api.dicebear.com/7.x/personas/jpg?seed=user773&size=300,FAKE,Unknown,36-50
3832,https://api.dicebear.com/7.x/personas/jpg?seed=user774&size=300,FAKE,Unknown,36-50
3833,https://api.dicebear.com/7.x/personas/jpg?seed=user775&size=300,FAKE,Unknown,50+
3834,https://api.dicebear.com/7.x/personas/jpg?seed=user776&size=300,FAKE,Unknown,18-25
3835,https://api.dicebear.com/7.x/personas/jpg?seed=user777&size=300,FAKE,Unknown,36-50
3836,https://api.dicebear.com/7.x/personas/jpg?seed=user778&size=300,FAKE,Unknown,36-50
3837,https://api.dicebear.com/7.x/personas/jpg?seed=user779&size=300,FAKE,Unknown,26-35
3838,https://api.dicebear.com/7.x/personas/jpg?seed=user780&size=300,FAKE,Unknown,26-35
3839,https://api.dicebear.com/7.x/personas/jpg?seed=user781&size=300,FAKE,Unknown,50+
3840,https://api.dicebear.com/7.x/personas/jpg?seed=user782&size=300,FAKE,Unknown,26-35
3841,https://api.dicebear.com/7.x/personas/jpg?seed=user783&size=300,FAKE,Unknown,18-25
3842,https://api.dicebear.com/7.x/personas/jpg?seed=user784&size=300,FAKE,Unknown,50+
3843,https://api.dicebear.com/7.x/personas/jpg?seed=user785&size=300,FAKE,Unknown,36-50
3844,https://api.dicebear.com/7.x/personas/jpg?seed=user786&size=300,FAKE,Unknown,26-35
3845,https://api.dicebear.com/7.x/personas/jpg?seed=user787&size=300,FAKE,Unknown,26-35
3846,https://api.dicebear.com/7.x/personas/jpg?seed=user788&size=300,FAKE,Unknown,26-35
3847,https://api.dicebear.com/7.x/personas/jpg?seed=user789&size=300,FAKE,Unknown,50+
3848,https://api.dicebear.com/7.x/personas/jpg?seed=user790&size=300,FAKE,Unknown,26-35
3849,https://api.dicebear.com/7.x/personas/jpg?seed=user791&size=300,FAKE,Unknown,36-50
3850,https://api.dicebear.com/7.x/personas/jpg?seed=user792&size=300,FAKE,Unknown,50+
3851,https://api.dicebear.com/7.x/personas/jpg?seed=user793&size=300,FAKE,Unknown,18-25
3852,https://api.dicebear.com/7.x/personas/jpg?seed=user794&size=300,FAKE,Unknown,36-50
3853,https://api.dicebear.com/7.x/personas/jpg?seed=user795&size=300,FAKE,Unknown,26-35
3854,https://api.dicebear.com/7.x/personas/jpg?seed=user796&size=300,FAKE,Unknown,18-25
3855,https://api.dicebear.com/7.x/personas/jpg?seed=user797&size=300,FAKE,Unknown,50+
3856,https://api.dicebear.com/7.x/personas/jpg?seed=user798&size=300,FAKE,Unknown,36-50
3857,https://api.dicebear.com/7.x/personas/jpg?seed=user799&size=300,FAKE,Unknown,50+
3858,https://api.dicebear.com/7.x/personas/jpg?seed=user800&size=300,FAKE,Unknown,50+
3859,https://api.dicebear.com/7.x/personas/jpg?seed=user801&size=300,FAKE,Unknown,50+
3860,https://api.dicebear.com/7.x/personas/jpg?seed=user802&size=300,FAKE,Unknown,36-50
3861,https://api.dicebear.com/7.x/personas/jpg?seed=user803&size=300,FAKE,Unknown,26-35
3862,https://api.dicebear.com/7.x/personas/jpg?seed=user804&size=300,FAKE,Unknown,36-50
3863,https://api.dicebear.com/7.x/personas/jpg?seed=user805&size=300,FAKE,Unknown,36-50
3864,https://api.dicebear.com/7.x/personas/jpg?seed=user806&size=300,FAKE,Unknown,50+
3865,https://api.dicebear.com/7.x/personas/jpg?seed=user807&size=300,FAKE,Unknown,36-50
3866,https://api.dicebear.com/7.x/personas/jpg?seed=user808&size=300,FAKE,Unknown,26-35
3867,https://api.dicebear.com/7.x/personas/jpg?seed=user809&size=300,FAKE,Unknown,18-25
3868,https://api.dicebear.com/7.x/personas/jpg?seed=user810&size=300,FAKE,Unknown,26-35
3869,https://api.dicebear.com/7.x/personas/jpg?seed=user811&size=300,FAKE,Unknown,26-35
3870,https://api.dicebear.com/7.x/personas/jpg?seed=user812&size=300,FAKE,Unknown,26-35
3871,https://api.dicebear.com/7.x/personas/jpg?seed=user813&size=300,FAKE,Unknown,36-50
3872,https://api.dicebear.com/7.x/personas/jpg?seed=user814&size=300,FAKE,Unknown,36-50
3873,https://api.dicebear.com/7.x/personas/jpg?seed=user815&size=300,FAKE,Unknown,18-25
3874,https://api.dicebear.com/7.x/personas/jpg?seed=user816&size=300,FAKE,Unknown,18-25
3875,https://api.dicebear.com/7.x/personas/jpg?seed=user817&size=300,FAKE,Unknown,26-35
3876,https://api.dicebear.com/7.x/personas/jpg?seed=user818&size=300,FAKE,Unknown,26-35
3877,https://api.dicebear.com/7.x/personas/jpg?seed=user819&size=300,FAKE,Unknown,36-50
3878,https://api.dicebear.com/7.x/personas/jpg?seed=user820&size=300,FAKE,Unknown,26-35
3879,https://api.dicebear.com/7.x/personas/jpg?seed=user821&size=300,FAKE,Unknown,50+
3880,https://api.dicebear.com/7.x/personas/jpg?seed=user822&size=300,FAKE,Unknown,18-25
3881,https://api.dicebear.com/7.x/personas/jpg?seed=user823&size=300,FAKE,Unknown,36-50
3882,https://api.dicebear.com/7.x/personas/jpg?seed=user824&size=300,FAKE,Unknown,18-25
3883,https://api.dicebear.com/7.x/personas/jpg?seed=user825&size=300,FAKE,Unknown,26-35
3884,https://api.dicebear.com/7.x/personas/jpg?seed=user826&size=300,FAKE,Unknown,50+
3885,https://api.dicebear.com/7.x/personas/jpg?seed=user827&size=300,FAKE,Unknown,36-50
3886,https://api.dicebear.com/7.x/personas/jpg?seed=user828&size=300,FAKE,Unknown,36-50
3887,https://api.dicebear.com/7.x/personas/jpg?seed=user829&size=300,FAKE,Unknown,36-50
3888,https://api.dicebear.com/7.x/personas/jpg?seed=user830&size=300,FAKE,Unknown,26-35
3889,https://api.dicebear.com/7.x/personas/jpg?seed=user831&size=300,FAKE,Unknown,50+
3890,https://api.dicebear.com/7.x/personas/jpg?seed=user832&size=300,FAKE,Unknown,36-50
3891,https://api.dicebear.com/7.x/personas/jpg?seed=user833&size=300,FAKE,Unknown,50+
3892,https://api.dicebear.com/7.x/personas/jpg?seed=user834&size=300,FAKE,Unknown,50+
3893,https://api.dicebear.com/7.x/personas/jpg?seed=user835&size=300,FAKE,Unknown,50+
3894,https://api.dicebear.com/7.x/personas/jpg?seed=user836&size=300,FAKE,Unknown,26-35
3895,https://api.dicebear.com/7.x/personas/jpg?seed=user837&size=300,FAKE,Unknown,26-35
3896,https://api.dicebear.com/7.x/personas/jpg?seed=user838&size=300,FAKE,Unknown,18-25
3897,https://api.dicebear.com/7.x/personas/jpg?seed=user839&size=300,FAKE,Unknown,18-25
3898,https://api.dicebear.com/7.x/personas/jpg?seed=user840&size=300,FAKE,Unknown,36-50
3899,https://api.dicebear.com/7.x/personas/jpg?seed=user841&size=300,FAKE,Unknown,26-35
3900,https://api.dicebear.com/7.x/personas/jpg?seed=user842&size=300,FAKE,Unknown,18-25
3901,https://api.dicebear.com/7.x/personas/jpg?seed=user843&size=300,FAKE,Unknown,18-25
3902,https://api.dicebear.com/7.x/personas/jpg?seed=user844&size=300,FAKE,Unknown,18-25
3903,https://api.dicebear.com/7.x/personas/jpg?seed=user845&size=300,FAKE,Unknown,26-35
3904,https://api.dicebear.com/7.x/personas/jpg?seed=user846&size=300,FAKE,Unknown,36-50
3905,https://api.dicebear.com/7.x/personas/jpg?seed=user847&size=300,FAKE,Unknown,50+
3906,https://api.dicebear.com/7.x/personas/jpg?seed=user848&size=300,FAKE,Unknown,36-50
3907,https://api.dicebear.com/7.x/personas/jpg?seed=user849&size=300,FAKE,Unknown,36-50
3908,https://api.dicebear.com/7.x/personas/jpg?seed=user850&size=300,FAKE,Unknown,36-50
3909,https://api.dicebear.com/7.x/personas/jpg?seed=user851&size=300,FAKE,Unknown,36-50
3910,https://api.dicebear.com/7.x/personas/jpg?seed=user852&size=300,FAKE,Unknown,36-50
3911,https://api.dicebear.com/7.x/personas/jpg?seed=user853&size=300,FAKE,Unknown,50+
3912,https://api.dicebear.com/7.x/personas/jpg?seed=user854&size=300,FAKE,Unknown,26-35
3913,https://api.dicebear.com/7.x/personas/jpg?seed=user855&size=300,FAKE,Unknown,36-50
3914,https://api.dicebear.com/7.x/personas/jpg?seed=user856&size=300,FAKE,Unknown,36-50
3915,https://api.dicebear.com/7.x/personas/jpg?seed=user857&size=300,FAKE,Unknown,36-50
3916,https://api.dicebear.com/7.x/personas/jpg?seed=user858&size=300,FAKE,Unknown,50+
3917,https://api.dicebear.com/7.x/personas/jpg?seed=user859&size=300,FAKE,Unknown,36-50
3918,https://api.dicebear.com/7.x/personas/jpg?seed=user860&size=300,FAKE,Unknown,26-35
3919,https://api.dicebear.com/7.x/personas/jpg?seed=user861&size=300,FAKE,Unknown,18-25
3920,https://api.dicebear.com/7.x/personas/jpg?seed=user862&size=300,FAKE,Unknown,50+
3921,https://api.dicebear.com/7.x/personas/jpg?seed=user863&size=300,FAKE,Unknown,50+
3922,https://api.dicebear.com/7.x/personas/jpg?seed=user864&size=300,FAKE,Unknown,26-35
3923,https://api.dicebear.com/7.x/personas/jpg?seed=user865&size=300,FAKE,Unknown,50+
3924,https://api.dicebear.com/7.x/personas/jpg?seed=user866&size=300,FAKE,Unknown,50+
3925,https://api.dicebear.com/7.x/personas/jpg?seed=user867&size=300,FAKE,Unknown,18-25
3926,https://api.dicebear.com/7.x/personas/jpg?seed=user868&size=300,FAKE,Unknown,36-50
3927,https://api.dicebear.com/7.x/personas/jpg?seed=user869&size=300,FAKE,Unknown,50+
3928,https://api.dicebear.com/7.x/personas/jpg?seed=user870&size=300,FAKE,Unknown,50+
3929,https://api.dicebear.com/7.x/personas/jpg?seed=user871&size=300,FAKE,Unknown,26-35
3930,https://api.dicebear.com/7.x/personas/jpg?seed=user872&size=300,FAKE,Unknown,18-25
3931,https://api.dicebear.com/7.x/personas/jpg?seed=user873&size=300,FAKE,Unknown,18-25
3932,https://api.dicebear.com/7.x/personas/jpg?seed=user874&size=300,FAKE,Unknown,26-35
3933,https://api.dicebear.com/7.x/personas/jpg?seed=user875&size=300,FAKE,Unknown,18-25
3934,https://api.dicebear.com/7.x/personas/jpg?seed=user876&size=300,FAKE,Unknown,18-25
3935,https://api.dicebear.com/7.x/personas/jpg?seed=user877&size=300,FAKE,Unknown,18-25
3936,https://api.dicebear.com/7.x/personas/jpg?seed=user878&size=300,FAKE,Unknown,18-25
3937,https://api.dicebear.com/7.x/personas/jpg?seed=user879&size=300,FAKE,Unknown,26-35
3938,https://api.dicebear.com/7.x/personas/jpg?seed=user880&size=300,FAKE,Unknown,18-25
3939,https://api.dicebear.com/7.x/personas/jpg?seed=user881&size=300,FAKE,Unknown,50+
3940,https://api.dicebear.com/7.x/personas/jpg?seed=user882&size=300,FAKE,Unknown,18-25
3941,https://api.dicebear.com/7.x/personas/jpg?seed=user883&size=300,FAKE,Unknown,36-50
3942,https://api.dicebear.com/7.x/personas/jpg?seed=user884&size=300,FAKE,Unknown,26-35
3943,https://api.dicebear.com/7.x/personas/jpg?seed=user885&size=300,FAKE,Unknown,50+
3944,https://api.dicebear.com/7.x/personas/jpg?seed=user886&size=300,FAKE,Unknown,50+
3945,https://api.dicebear.com/7.x/personas/jpg?seed=user887&size=300,FAKE,Unknown,50+
3946,https://api.dicebear.com/7.x/personas/jpg?seed=user888&size=300,FAKE,Unknown,26-35
3947,https://api.dicebear.com/7.x/personas/jpg?seed=user889&size=300,FAKE,Unknown,18-25
3948,https://api.dicebear.com/7.x/personas/jpg?seed=user890&size=300,FAKE,Unknown,18-25
3949,https://api.dicebear.com/7.x/personas/jpg?seed=user891&size=300,FAKE,Unknown,50+
3950,https://api.dicebear.com/7.x/personas/jpg?seed=user892&size=300,FAKE,Unknown,36-50
3951,https://api.dicebear.com/7.x/personas/jpg?seed=user893&size=300,FAKE,Unknown,36-50
3952,https://api.dicebear.com/7.x/personas/jpg?seed=user894&size=300,FAKE,Unknown,36-50
3953,https://api.dicebear.com/7.x/personas/jpg?seed=user895&size=300,FAKE,Unknown,50+
3954,https://api.dicebear.com/7.x/personas/jpg?seed=user896&size=300,FAKE,Unknown,26-35
3955,https://api.dicebear.com/7.x/personas/jpg?seed=user897&size=300,FAKE,Unknown,50+
3956,https://api.dicebear.com/7.x/personas/jpg?seed=user898&size=300,FAKE,Unknown,50+
3957,https://api.dicebear.com/7.x/personas/jpg?seed=user899&size=300,FAKE,Unknown,18-25
3958,https://api.dicebear.com/7.x/personas/jpg?seed=user900&size=300,FAKE,Unknown,36-50
3959,https://api.dicebear.com/7.x/personas/jpg?seed=user901&size=300,FAKE,Unknown,18-25
3960,https://api.dicebear.com/7.x/personas/jpg?seed=user902&size=300,FAKE,Unknown,18-25
3961,https://api.dicebear.com/7.x/personas/jpg?seed=user903&size=300,FAKE,Unknown,50+
3962,https://api.dicebear.com/7.x/personas/jpg?seed=user904&size=300,FAKE,Unknown,26-35
3963,https://api.dicebear.com/7.x/personas/jpg?seed=user905&size=300,FAKE,Unknown,36-50
3964,https://api.dicebear.com/7.x/personas/jpg?seed=user906&size=300,FAKE,Unknown,26-35
3965,https://api.dicebear.com/7.x/personas/jpg?seed=user907&size=300,FAKE,Unknown,26-35
3966,https://api.dicebear.com/7.x/personas/jpg?seed=user908&size=300,FAKE,Unknown,50+
3967,https://api.dicebear.com/7.x/personas/jpg?seed=user909&size=300,FAKE,Unknown,18-25
3968,https://api.dicebear.com/7.x/personas/jpg?seed=user910&size=300,FAKE,Unknown,50+
3969,https://api.dicebear.com/7.x/personas/jpg?seed=user911&size=300,FAKE,Unknown,26-35
3970,https://api.dicebear.com/7.x/personas/jpg?seed=user912&size=300,FAKE,Unknown,26-35
3971,https://api.dicebear.com/7.x/personas/jpg?seed=user913&size=300,FAKE,Unknown,18-25
3972,https://api.dicebear.com/7.x/personas/jpg?seed=user914&size=300,FAKE,Unknown,18-25
3973,https://api.dicebear.com/7.x/personas/jpg?seed=user915&size=300,FAKE,Unknown,36-50
3974,https://api.dicebear.com/7.x/personas/jpg?seed=user916&size=300,FAKE,Unknown,26-35
3975,https://api.dicebear.com/7.x/personas/jpg?seed=user917&size=300,FAKE,Unknown,36-50
3976,https://api.dicebear.com/7.x/personas/jpg?seed=user918&size=300,FAKE,Unknown,50+
3977,https://api.dicebear.com/7.x/personas/jpg?seed=user919&size=300,FAKE,Unknown,50+
3978,https://api.dicebear.com/7.x/personas/jpg?seed=user920&size=300,FAKE,Unknown,36-50
3979,https://api.dicebear.com/7.x/personas/jpg?seed=user921&size=300,FAKE,Unknown,18-25
3980,https://api.dicebear.com/7.x/personas/jpg?seed=user922&size=300,FAKE,Unknown,50+
3981,https://api.dicebear.com/7.x/personas/jpg?seed=user923&size=300,FAKE,Unknown,50+
3982,https://api.dicebear.com/7.x/personas/jpg?seed=user924&size=300,FAKE,Unknown,26-35
3983,https://api.dicebear.com/7.x/personas/jpg?seed=user925&size=300,FAKE,Unknown,36-50
3984,https://api.dicebear.com/7.x/personas/jpg?seed=user926&size=300,FAKE,Unknown,36-50
3985,https://api.dicebear.com/7.x/personas/jpg?seed=user927&size=300,FAKE,Unknown,50+
3986,https://api.dicebear.com/7.x/personas/jpg?seed=user928&size=300,FAKE,Unknown,18-25
3987,https://api.dicebear.com/7.x/personas/jpg?seed=user929&size=300,FAKE,Unknown,26-35
3988,https://api.dicebear.com/7.x/personas/jpg?seed=user930&size=300,FAKE,Unknown,50+
3989,https://api.dicebear.com/7.x/personas/jpg?seed=user931&size=300,FAKE,Unknown,36-50
3990,https://api.dicebear.com/7.x/personas/jpg?seed=user932&size=300,FAKE,Unknown,26-35
3991,https://api.dicebear.com/7.x/personas/jpg?seed=user933&size=300,FAKE,Unknown,36-50
3992,https://api.dicebear.com/7.x/personas/jpg?seed=user934&size=300,FAKE,Unknown,18-25
3993,https://api.dicebear.com/7.x/personas/jpg?seed=user935&size=300,FAKE,Unknown,36-50
3994,https://api.dicebear.com/7.x/personas/jpg?seed=user936&size=300,FAKE,Unknown,50+
3995,https://api.dicebear.com/7.x/personas/jpg?seed=user937&size=300,FAKE,Unknown,18-25
3996,https://api.dicebear.com/7.x/personas/jpg?seed=user938&size=300,FAKE,Unknown,18-25
3997,https://api.dicebear.com/7.x/personas/jpg?seed=user939&size=300,FAKE,Unknown,36-50
3998,https://api.dicebear.com/7.x/personas/jpg?seed=user940&size=300,FAKE,Unknown,18-25
3999,https://api.dicebear.com/7.x/personas/jpg?seed=user941&size=300,FAKE,Unknown,36-50
4000,https://api.dicebear.com/7.x/personas/jpg?seed=user942&size=300,FAKE,Unknown,36-50
4001,https://api.dicebear.com/7.x/personas/jpg?seed=user943&size=300,FAKE,Unknown,50+
4002,https://api.dicebear.com/7.x/personas/jpg?seed=user944&size=300,FAKE,Unknown,26-35
4003,https://api.dicebear.com/7.x/personas/jpg?seed=user945&size=300,FAKE,Unknown,50+
4004,https://api.dicebear.com/7.x/personas/jpg?seed=user946&size=300,FAKE,Unknown,50+
4005,https://api.dicebear.com/7.x/personas/jpg?seed=user947&size=300,FAKE,Unknown,26-35
4006,https://api.dicebear.com/7.x/personas/jpg?seed=user948&size=300,FAKE,Unknown,50+
4007,https://api.dicebear.com/7.x/personas/jpg?seed=user949&size=300,FAKE,Unknown,26-35
4008,https://api.dicebear.com/7.x/personas/jpg?seed=user950&size=300,FAKE,Unknown,36-50
4009,https://api.dicebear.com/7.x/personas/jpg?seed=user951&size=300,FAKE,Unknown,18-25
4010,https://api.dicebear.com/7.x/personas/jpg?seed=user952&size=300,FAKE,Unknown,18-25
4011,https://api.dicebear.com/7.x/personas/jpg?seed=user953&size=300,FAKE,Unknown,26-35
4012,https://api.dicebear.com/7.x/personas/jpg?seed=user954&size=300,FAKE,Unknown,50+
4013,https://api.dicebear.com/7.x/personas/jpg?seed=user955&size=300,FAKE,Unknown,36-50
4014,https://api.dicebear.com/7.x/personas/jpg?seed=user956&size=300,FAKE,Unknown,36-50
4015,https://api.dicebear.com/7.x/personas/jpg?seed=user957&size=300,FAKE,Unknown,36-50
4016,https://api.dicebear.com/7.x/personas/jpg?seed=user958&size=300,FAKE,Unknown,50+
4017,https://api.dicebear.com/7.x/personas/jpg?seed=user959&size=300,FAKE,Unknown,26-35
4018,https://api.dicebear.com/7.x/personas/jpg?seed=user960&size=300,FAKE,Unknown,18-25
4019,https://api.dicebear.com/7.x/personas/jpg?seed=user961&size=300,FAKE,Unknown,26-35
4020,https://api.dicebear.com/7.x/personas/jpg?seed=user962&size=300,FAKE,Unknown,36-50
4021,https://api.dicebear.com/7.x/personas/jpg?seed=user963&size=300,FAKE,Unknown,36-50
4022,https://api.dicebear.com/7.x/personas/jpg?seed=user964&size=300,FAKE,Unknown,36-50
4023,https://api.dicebear.com/7.x/personas/jpg?seed=user965&size=300,FAKE,Unknown,18-25
4024,https://api.dicebear.com/7.x/personas/jpg?seed=user966&size=300,FAKE,Unknown,18-25
4025,https://api.dicebear.com/7.x/personas/jpg?seed=user967&size=300,FAKE,Unknown,36-50
4026,https://api.dicebear.com/7.x/personas/jpg?seed=user968&size=300,FAKE,Unknown,26-35
4027,https://api.dicebear.com/7.x/personas/jpg?seed=user969&size=300,FAKE,Unknown,18-25
4028,https://api.dicebear.com/7.x/personas/jpg?seed=user970&size=300,FAKE,Unknown,26-35
4029,https://api.dicebear.com/7.x/personas/jpg?seed=user971&size=300,FAKE,Unknown,26-35
4030,https://api.dicebear.com/7.x/personas/jpg?seed=user972&size=300,FAKE,Unknown,26-35
4031,https://api.dicebear.com/7.x/personas/jpg?seed=user973&size=300,FAKE,Unknown,36-50
4032,https://api.dicebear.com/7.x/personas/jpg?seed=user974&size=300,FAKE,Unknown,18-25
4033,https://api.dicebear.com/7.x/personas/jpg?seed=user975&size=300,FAKE,Unknown,36-50
4034,https://api.dicebear.com/7.x/personas/jpg?seed=user976&size=300,FAKE,Unknown,36-50
4035,https://api.dicebear.com/7.x/personas/jpg?seed=user977&size=300,FAKE,Unknown,26-35
4036,https://api.dicebear.com/7.x/personas/jpg?seed=user978&size=300,FAKE,Unknown,26-35
4037,https://api.dicebear.com/7.x/personas/jpg?seed=user979&size=300,FAKE,Unknown,36-50
4038,https://api.dicebear.com/7.x/personas/jpg?seed=user980&size=300,FAKE,Unknown,18-25
4039,https://api.dicebear.com/7.x/personas/jpg?seed=user981&size=300,FAKE,Unknown,50+
4040,https://api.dicebear.com/7.x/personas/jpg?seed=user982&size=300,FAKE,Unknown,18-25
4041,https://api.dicebear.com/7.x/personas/jpg?seed=user983&size=300,FAKE,Unknown,36-50
4042,https://api.dicebear.com/7.x/personas/jpg?seed=user984&size=300,FAKE,Unknown,26-35
4043,https://api.dicebear.com/7.x/personas/jpg?seed=user985&size=300,FAKE,Unknown,50+
4044,https://api.dicebear.com/7.x/personas/jpg?seed=user986&size=300,FAKE,Unknown,26-35
4045,https://api.dicebear.com/7.x/personas/jpg?seed=user987&size=300,FAKE,Unknown,18-25
4046,https://api.dicebear.com/7.x/personas/jpg?seed=user988&size=300,FAKE,Unknown,36-50
4047,https://api.dicebear.com/7.x/personas/jpg?seed=user989&size=300,FAKE,Unknown,36-50
4048,https://api.dicebear.com/7.x/personas/jpg?seed=user990&size=300,FAKE,Unknown,50+
4049,https://api.dicebear.com/7.x/personas/jpg?seed=user991&size=300,FAKE,Unknown,50+
4050,https://api.dicebear.com/7.x/personas/jpg?seed=user992&size=300,FAKE,Unknown,50+
4051,https://api.dicebear.com/7.x/personas/jpg?seed=user993&size=300,FAKE,Unknown,50+
4052,https://api.dicebear.com/7.x/personas/jpg?seed=user994&size=300,FAKE,Unknown,50+
4053,https://api.dicebear.com/7.x/personas/jpg?seed=user995&size=300,FAKE,Unknown,26-35
4054,https://api.dicebear.com/7.x/personas/jpg?seed=user996&size=300,FAKE,Unknown,18-25
4055,https://api.dicebear.com/7.x/personas/jpg?seed=user997&size=300,FAKE,Unknown,18-25
4056,https://api.dicebear.com/7.x/personas/jpg?seed=user998&size=300,FAKE,Unknown,36-50
4057,https://api.dicebear.com/7.x/personas/jpg?seed=user999&size=300,FAKE,Unknown,26-35
4058,https://api.dicebear.com/7.x/personas/jpg?seed=user1000&size=300,FAKE,Unknown,18-25
4059,https://api.dicebear.com/7.x/personas/jpg?seed=user1001&size=300,FAKE,Unknown,36-50
4060,https://api.dicebear.com/7.x/personas/jpg?seed=user1002&size=300,FAKE,Unknown,36-50
4061,https://api.dicebear.com/7.x/personas/jpg?seed=user1003&size=300,FAKE,Unknown,18-25
4062,https://api.dicebear.com/7.x/personas/jpg?seed=user1004&size=300,FAKE,Unknown,26-35
4063,https://api.dicebear.com/7.x/personas/jpg?seed=user1005&size=300,FAKE,Unknown,18-25
4064,https://api.dicebear.com/7.x/personas/jpg?seed=user1006&size=300,FAKE,Unknown,36-50
4065,https://api.dicebear.com/7.x/personas/jpg?seed=user1007&size=300,FAKE,Unknown,50+
4066,https://api.dicebear.com/7.x/personas/jpg?seed=user1008&size=300,FAKE,Unknown,18-25
4067,https://api.dicebear.com/7.x/personas/jpg?seed=user1009&size=300,FAKE,Unknown,26-35
4068,https://api.dicebear.com/7.x/personas/jpg?seed=user1010&size=300,FAKE,Unknown,18-25
4069,https://api.dicebear.com/7.x/personas/jpg?seed=user1011&size=300,FAKE,Unknown,26-35
4070,https://api.dicebear.com/7.x/personas/jpg?seed=user1012&size=300,FAKE,Unknown,18-25
4071,https://api.dicebear.com/7.x/personas/jpg?seed=user1013&size=300,FAKE,Unknown,26-35
4072,https://api.dicebear.com/7.x/personas/jpg?seed=user1014&size=300,FAKE,Unknown,50+
4073,https://api.dicebear.com/7.x/personas/jpg?seed=user1015&size=300,FAKE,Unknown,18-25
4074,https://api.dicebear.com/7.x/personas/jpg?seed=user1016&size=300,FAKE,Unknown,26-35
4075,https://api.dicebear.com/7.x/personas/jpg?seed=user1017&size=300,FAKE,Unknown,18-25
4076,https://api.dicebear.com/7.x/personas/jpg?seed=user1018&size=300,FAKE,Unknown,26-35
4077,https://api.dicebear.com/7.x/personas/jpg?seed=user1019&size=300,FAKE,Unknown,18-25
4078,https://api.dicebear.com/7.x/personas/jpg?seed=user1020&size=300,FAKE,Unknown,18-25
4079,https://api.dicebear.com/7.x/personas/jpg?seed=user1021&size=300,FAKE,Unknown,18-25
4080,https://api.dicebear.com/7.x/personas/jpg?seed=user1022&size=300,FAKE,Unknown,50+
4081,https://api.dicebear.com/7.x/personas/jpg?seed=user1023&size=300,FAKE,Unknown,18-25
4082,https://api.dicebear.com/7.x/personas/jpg?seed=user1024&size=300,FAKE,Unknown,18-25
4083,https://api.dicebear.com/7.x/personas/jpg?seed=user1025&size=300,FAKE,Unknown,50+
4084,https://api.dicebear.com/7.x/personas/jpg?seed=user1026&size=300,FAKE,Unknown,26-35
4085,https://api.dicebear.com/7.x/personas/jpg?seed=user1027&size=300,FAKE,Unknown,26-35
4086,https://api.dicebear.com/7.x/personas/jpg?seed=user1028&size=300,FAKE,Unknown,18-25
4087,https://api.dicebear.com/7.x/personas/jpg?seed=user1029&size=300,FAKE,Unknown,26-35
4088,https://api.dicebear.com/7.x/personas/jpg?seed=user1030&size=300,FAKE,Unknown,26-35
4089,https://api.dicebear.com/7.x/personas/jpg?seed=user1031&size=300,FAKE,Unknown,36-50
4090,https://api.dicebear.com/7.x/personas/jpg?seed=user1032&size=300,FAKE,Unknown,36-50
4091,https://api.dicebear.com/7.x/personas/jpg?seed=user1033&size=300,FAKE,Unknown,26-35
4092,https://api.dicebear.com/7.x/personas/jpg?seed=user1034&size=300,FAKE,Unknown,18-25
4093,https://api.dicebear.com/7.x/personas/jpg?seed=user1035&size=300,FAKE,Unknown,50+
4094,https://api.dicebear.com/7.x/personas/jpg?seed=user1036&size=300,FAKE,Unknown,36-50
4095,https://api.dicebear.com/7.x/personas/jpg?seed=user1037&size=300,FAKE,Unknown,36-50
4096,https://api.dicebear.com/7.x/personas/jpg?seed=user1038&size=300,FAKE,Unknown,50+
4097,https://api.dicebear.com/7.x/personas/jpg?seed=user1039&size=300,FAKE,Unknown,50+
4098,https://api.dicebear.com/7.x/personas/jpg?seed=user1040&size=300,FAKE,Unknown,50+
4099,https://api.dicebear.com/7.x/personas/jpg?seed=user1041&size=300,FAKE,Unknown,18-25
4100,https://api.dicebear.com/7.x/personas/jpg?seed=user1042&size=300,FAKE,Unknown,26-35
4101,https://api.dicebear.com/7.x/personas/jpg?seed=user1043&size=300,FAKE,Unknown,50+
4102,https://api.dicebear.com/7.x/personas/jpg?seed=user1044&size=300,FAKE,Unknown,36-50
4103,https://api.dicebear.com/7.x/personas/jpg?seed=user1045&size=300,FAKE,Unknown,18-25
4104,https://api.dicebear.com/7.x/personas/jpg?seed=user1046&size=300,FAKE,Unknown,50+
4105,https://api.dicebear.com/7.x/personas/jpg?seed=user1047&size=300,FAKE,Unknown,26-35
4106,https://api.dicebear.com/7.x/personas/jpg?seed=user1048&size=300,FAKE,Unknown,50+
4107,https://api.dicebear.com/7.x/personas/jpg?seed=user1049&size=300,FAKE,Unknown,36-50
4108,https://api.dicebear.com/7.x/personas/jpg?seed=user1050&size=300,FAKE,Unknown,26-35
4109,https://api.dicebear.com/7.x/personas/jpg?seed=user1051&size=300,FAKE,Unknown,50+
4110,https://api.dicebear.com/7.x/personas/jpg?seed=user1052&size=300,FAKE,Unknown,18-25
4111,https://api.dicebear.com/7.x/personas/jpg?seed=user1053&size=300,FAKE,Unknown,18-25
4112,https://api.dicebear.com/7.x/personas/jpg?seed=user1054&size=300,FAKE,Unknown,26-35
4113,https://api.dicebear.com/7.x/personas/jpg?seed=user1055&size=300,FAKE,Unknown,26-35
4114,https://api.dicebear.com/7.x/personas/jpg?seed=user1056&size=300,FAKE,Unknown,18-25
4115,https://api.dicebear.com/7.x/personas/jpg?seed=user1057&size=300,FAKE,Unknown,50+
4116,https://api.dicebear.com/7.x/personas/jpg?seed=user1058&size=300,FAKE,Unknown,36-50
4117,https://api.dicebear.com/7.x/personas/jpg?seed=user1059&size=300,FAKE,Unknown,26-35
4118,https://api.dicebear.com/7.x/personas/jpg?seed=user1060&size=300,FAKE,Unknown,50+
4119,https://api.dicebear.com/7.x/personas/jpg?seed=user1061&size=300,FAKE,Unknown,26-35
4120,https://api.dicebear.com/7.x/personas/jpg?seed=user1062&size=300,FAKE,Unknown,36-50
4121,https://api.dicebear.com/7.x/personas/jpg?seed=user1063&size=300,FAKE,Unknown,50+
4122,https://api.dicebear.com/7.x/personas/jpg?seed=user1064&size=300,FAKE,Unknown,18-25
4123,https://api.dicebear.com/7.x/personas/jpg?seed=user1065&size=300,FAKE,Unknown,18-25
4124,https://api.dicebear.com/7.x/personas/jpg?seed=user1066&size=300,FAKE,Unknown,50+
4125,https://api.dicebear.com/7.x/personas/jpg?seed=user1067&size=300,FAKE,Unknown,18-25
4126,https://api.dicebear.com/7.x/personas/jpg?seed=user1068&size=300,FAKE,Unknown,18-25
4127,https://api.dicebear.com/7.x/personas/jpg?seed=user1069&size=300,FAKE,Unknown,50+
4128,https://api.dicebear.com/7.x/personas/jpg?seed=user1070&size=300,FAKE,Unknown,50+
4129,https://api.dicebear.com/7.x/personas/jpg?seed=user1071&size=300,FAKE,Unknown,18-25
4130,https://api.dicebear.com/7.x/personas/jpg?seed=user1072&size=300,FAKE,Unknown,50+
4131,https://api.dicebear.com/7.x/personas/jpg?seed=user1073&size=300,FAKE,Unknown,18-25
4132,https://api.dicebear.com/7.x/personas/jpg?seed=user1074&size=300,FAKE,Unknown,50+
4133,https://api.dicebear.com/7.x/personas/jpg?seed=user1075&size=300,FAKE,Unknown,18-25
4134,https://api.dicebear.com/7.x/personas/jpg?seed=user1076&size=300,FAKE,Unknown,26-35
4135,https://api.dicebear.com/7.x/personas/jpg?seed=user1077&size=300,FAKE,Unknown,26-35
4136,https://api.dicebear.com/7.x/personas/jpg?seed=user1078&size=300,FAKE,Unknown,36-50
4137,https://api.dicebear.com/7.x/personas/jpg?seed=user1079&size=300,FAKE,Unknown,36-50
4138,https://api.dicebear.com/7.x/personas/jpg?seed=user1080&size=300,FAKE,Unknown,18-25
4139,https://api.dicebear.com/7.x/personas/jpg?seed=user1081&size=300,FAKE,Unknown,36-50
4140,https://api.dicebear.com/7.x/personas/jpg?seed=user1082&size=300,FAKE,Unknown,26-35
4141,https://api.dicebear.com/7.x/personas/jpg?seed=user1083&size=300,FAKE,Unknown,36-50
4142,https://api.dicebear.com/7.x/personas/jpg?seed=user1084&size=300,FAKE,Unknown,26-35
4143,https://api.dicebear.com/7.x/personas/jpg?seed=user1085&size=300,FAKE,Unknown,36-50
4144,https://api.dicebear.com/7.x/personas/jpg?seed=user1086&size=300,FAKE,Unknown,26-35
4145,https://api.dicebear.com/7.x/personas/jpg?seed=user1087&size=300,FAKE,Unknown,50+
4146,https://api.dicebear.com/7.x/personas/jpg?seed=user1088&size=300,FAKE,Unknown,50+
4147,https://api.dicebear.com/7.x/personas/jpg?seed=user1089&size=300,FAKE,Unknown,36-50
4148,https://api.dicebear.com/7.x/personas/jpg?seed=user1090&size=300,FAKE,Unknown,18-25
4149,https://api.dicebear.com/7.x/personas/jpg?seed=user1091&size=300,FAKE,Unknown,36-50
4150,https://api.dicebear.com/7.x/personas/jpg?seed=user1092&size=300,FAKE,Unknown,26-35
4151,https://api.dicebear.com/7.x/personas/jpg?seed=user1093&size=300,FAKE,Unknown,18-25
4152,https://api.dicebear.com/7.x/personas/jpg?seed=user1094&size=300,FAKE,Unknown,50+
4153,https://api.dicebear.com/7.x/personas/jpg?seed=user1095&size=300,FAKE,Unknown,26-35
4154,https://api.dicebear.com/7.x/personas/jpg?seed=user1096&size=300,FAKE,Unknown,18-25
4155,https://api.dicebear.com/7.x/personas/jpg?seed=user1097&size=300,FAKE,Unknown,26-35
4156,https://api.dicebear.com/7.x/personas/jpg?seed=user1098&size=300,FAKE,Unknown,18-25
4157,https://api.dicebear.com/7.x/personas/jpg?seed=user1099&size=300,FAKE,Unknown,18-25
4158,https://api.dicebear.com/7.x/personas/jpg?seed=user1100&size=300,FAKE,Unknown,18-25
4159,https://api.dicebear.com/7.x/personas/jpg?seed=user1101&size=300,FAKE,Unknown,18-25
4160,https://api.dicebear.com/7.x/personas/jpg?seed=user1102&size=300,FAKE,Unknown,26-35
4161,https://api.dicebear.com/7.x/personas/jpg?seed=user1103&size=300,FAKE,Unknown,26-35
4162,https://api.dicebear.com/7.x/personas/jpg?seed=user1104&size=300,FAKE,Unknown,26-35
4163,https://api.dicebear.com/7.x/personas/jpg?seed=user1105&size=300,FAKE,Unknown,36-50
4164,https://api.dicebear.com/7.x/personas/jpg?seed=user1106&size=300,FAKE,Unknown,18-25
4165,https://api.dicebear.com/7.x/personas/jpg?seed=user1107&size=300,FAKE,Unknown,36-50
4166,https://api.dicebear.com/7.x/personas/jpg?seed=user1108&size=300,FAKE,Unknown,26-35
4167,https://api.dicebear.com/7.x/personas/jpg?seed=user1109&size=300,FAKE,Unknown,18-25
4168,https://api.dicebear.com/7.x/personas/jpg?seed=user1110&size=300,FAKE,Unknown,50+
4169,https://api.dicebear.com/7.x/personas/jpg?seed=user1111&size=300,FAKE,Unknown,36-50
4170,https://api.dicebear.com/7.x/personas/jpg?seed=user1112&size=300,FAKE,Unknown,26-35
4171,https://api.dicebear.com/7.x/personas/jpg?seed=user1113&size=300,FAKE,Unknown,26-35
4172,https://api.dicebear.com/7.x/personas/jpg?seed=user1114&size=300,FAKE,Unknown,50+
4173,https://api.dicebear.com/7.x/personas/jpg?seed=user1115&size=300,FAKE,Unknown,36-50
4174,https://api.dicebear.com/7.x/personas/jpg?seed=user1116&size=300,FAKE,Unknown,50+
4175,https://api.dicebear.com/7.x/personas/jpg?seed=user1117&size=300,FAKE,Unknown,18-25
4176,https://api.dicebear.com/7.x/personas/jpg?seed=user1118&size=300,FAKE,Unknown,36-50
4177,https://api.dicebear.com/7.x/personas/jpg?seed=user1119&size=300,FAKE,Unknown,36-50
4178,https://api.dicebear.com/7.x/personas/jpg?seed=user1120&size=300,FAKE,Unknown,50+
4179,https://api.dicebear.com/7.x/personas/jpg?seed=user1121&size=300,FAKE,Unknown,18-25
4180,https://api.dicebear.com/7.x/personas/jpg?seed=user1122&size=300,FAKE,Unknown,50+
4181,https://api.dicebear.com/7.x/personas/jpg?seed=user1123&size=300,FAKE,Unknown,18-25
4182,https://api.dicebear.com/7.x/personas/jpg?seed=user1124&size=300,FAKE,Unknown,36-50
4183,https://api.dicebear.com/7.x/personas/jpg?seed=user1125&size=300,FAKE,Unknown,50+
4184,https://api.dicebear.com/7.x/personas/jpg?seed=user1126&size=300,FAKE,Unknown,36-50
4185,https://api.dicebear.com/7.x/personas/jpg?seed=user1127&size=300,FAKE,Unknown,36-50
4186,https://api.dicebear.com/7.x/personas/jpg?seed=user1128&size=300,FAKE,Unknown,26-35
4187,https://api.dicebear.com/7.x/personas/jpg?seed=user1129&size=300,FAKE,Unknown,36-50
4188,https://api.dicebear.com/7.x/personas/jpg?seed=user1130&size=300,FAKE,Unknown,18-25
4189,https://api.dicebear.com/7.x/personas/jpg?seed=user1131&size=300,FAKE,Unknown,50+
4190,https://api.dicebear.com/7.x/personas/jpg?seed=user1132&size=300,FAKE,Unknown,26-35
4191,https://api.dicebear.com/7.x/personas/jpg?seed=user1133&size=300,FAKE,Unknown,18-25
4192,https://api.dicebear.com/7.x/personas/jpg?seed=user1134&size=300,FAKE,Unknown,36-50
4193,https://api.dicebear.com/7.x/personas/jpg?seed=user1135&size=300,FAKE,Unknown,50+
4194,https://api.dicebear.com/7.x/personas/jpg?seed=user1136&size=300,FAKE,Unknown,50+
4195,https://api.dicebear.com/7.x/personas/jpg?seed=user1137&size=300,FAKE,Unknown,36-50
4196,https://api.dicebear.com/7.x/personas/jpg?seed=user1138&size=300,FAKE,Unknown,18-25
4197,https://api.dicebear.com/7.x/personas/jpg?seed=user1139&size=300,FAKE,Unknown,26-35
4198,https://api.dicebear.com/7.x/personas/jpg?seed=user1140&size=300,FAKE,Unknown,18-25
4199,https://api.dicebear.com/7.x/personas/jpg?seed=user1141&size=300,FAKE,Unknown,50+
4200,https://api.dicebear.com/7.x/personas/jpg?seed=user1142&size=300,FAKE,Unknown,18-25
4201,https://api.dicebear.com/7.x/personas/jpg?seed=user1143&size=300,FAKE,Unknown,18-25
4202,https://api.dicebear.com/7.x/personas/jpg?seed=user1144&size=300,FAKE,Unknown,26-35
4203,https://api.dicebear.com/7.x/personas/jpg?seed=user1145&size=300,FAKE,Unknown,36-50
4204,https://api.dicebear.com/7.x/personas/jpg?seed=user1146&size=300,FAKE,Unknown,26-35
4205,https://api.dicebear.com/7.x/personas/jpg?seed=user1147&size=300,FAKE,Unknown,18-25
4206,https://api.dicebear.com/7.x/personas/jpg?seed=user1148&size=300,FAKE,Unknown,18-25
4207,https://api.dicebear.com/7.x/personas/jpg?seed=user1149&size=300,FAKE,Unknown,18-25
4208,https://api.dicebear.com/7.x/personas/jpg?seed=user1150&size=300,FAKE,Unknown,50+
4209,https://api.dicebear.com/7.x/personas/jpg?seed=user1151&size=300,FAKE,Unknown,18-25
4210,https://api.dicebear.com/7.x/personas/jpg?seed=user1152&size=300,FAKE,Unknown,50+
4211,https://api.dicebear.com/7.x/personas/jpg?seed=user1153&size=300,FAKE,Unknown,50+
4212,https://api.dicebear.com/7.x/personas/jpg?seed=user1154&size=300,FAKE,Unknown,18-25
4213,https://api.dicebear.com/7.x/personas/jpg?seed=user1155&size=300,FAKE,Unknown,36-50
4214,https://api.dicebear.com/7.x/personas/jpg?seed=user1156&size=300,FAKE,Unknown,26-35
4215,https://api.dicebear.com/7.x/personas/jpg?seed=user1157&size=300,FAKE,Unknown,50+
4216,https://api.dicebear.com/7.x/personas/jpg?seed=user1158&size=300,FAKE,Unknown,18-25
4217,https://api.dicebear.com/7.x/personas/jpg?seed=user1159&size=300,FAKE,Unknown,18-25
4218,https://api.dicebear.com/7.x/personas/jpg?seed=user1160&size=300,FAKE,Unknown,50+
4219,https://api.dicebear.com/7.x/personas/jpg?seed=user1161&size=300,FAKE,Unknown,18-25
4220,https://api.dicebear.com/7.x/personas/jpg?seed=user1162&size=300,FAKE,Unknown,18-25
4221,https://api.dicebear.com/7.x/personas/jpg?seed=user1163&size=300,FAKE,Unknown,18-25
4222,https://api.dicebear.com/7.x/personas/jpg?seed=user1164&size=300,FAKE,Unknown,26-35
4223,https://api.dicebear.com/7.x/personas/jpg?seed=user1165&size=300,FAKE,Unknown,50+
4224,https://api.dicebear.com/7.x/personas/jpg?seed=user1166&size=300,FAKE,Unknown,50+
4225,https://api.dicebear.com/7.x/personas/jpg?seed=user1167&size=300,FAKE,Unknown,36-50
4226,https://api.dicebear.com/7.x/personas/jpg?seed=user1168&size=300,FAKE,Unknown,26-35
4227,https://api.dicebear.com/7.x/personas/jpg?seed=user1169&size=300,FAKE,Unknown,50+
4228,https://api.dicebear.com/7.x/personas/jpg?seed=user1170&size=300,FAKE,Unknown,50+
4229,https://api.dicebear.com/7.x/personas/jpg?seed=user1171&size=300,FAKE,Unknown,36-50
4230,https://api.dicebear.com/7.x/personas/jpg?seed=user1172&size=300,FAKE,Unknown,18-25
4231,https://api.dicebear.com/7.x/personas/jpg?seed=user1173&size=300,FAKE,Unknown,50+
4232,https://api.dicebear.com/7.x/personas/jpg?seed=user1174&size=300,FAKE,Unknown,26-35
4233,https://api.dicebear.com/7.x/personas/jpg?seed=user1175&size=300,FAKE,Unknown,36-50
4234,https://api.dicebear.com/7.x/personas/jpg?seed=user1176&size=300,FAKE,Unknown,18-25
4235,https://api.dicebear.com/7.x/personas/jpg?seed=user1177&size=300,FAKE,Unknown,26-35
4236,https://api.dicebear.com/7.x/personas/jpg?seed=user1178&size=300,FAKE,Unknown,18-25
4237,https://api.dicebear.com/7.x/personas/jpg?seed=user1179&size=300,FAKE,Unknown,36-50
4238,https://api.dicebear.com/7.x/personas/jpg?seed=user1180&size=300,FAKE,Unknown,36-50
4239,https://api.dicebear.com/7.x/personas/jpg?seed=user1181&size=300,FAKE,Unknown,50+
4240,https://api.dicebear.com/7.x/personas/jpg?seed=user1182&size=300,FAKE,Unknown,26-35
4241,https://api.dicebear.com/7.x/personas/jpg?seed=user1183&size=300,FAKE,Unknown,36-50
4242,https://api.dicebear.com/7.x/personas/jpg?seed=user1184&size=300,FAKE,Unknown,26-35
4243,https://api.dicebear.com/7.x/personas/jpg?seed=user1185&size=300,FAKE,Unknown,18-25
4244,https://api.dicebear.com/7.x/personas/jpg?seed=user1186&size=300,FAKE,Unknown,36-50
4245,https://api.dicebear.com/7.x/personas/jpg?seed=user1187&size=300,FAKE,Unknown,18-25
4246,https://api.dicebear.com/7.x/personas/jpg?seed=user1188&size=300,FAKE,Unknown,36-50
4247,https://api.dicebear.com/7.x/personas/jpg?seed=user1189&size=300,FAKE,Unknown,50+
4248,https://api.dicebear.com/7.x/personas/jpg?seed=user1190&size=300,FAKE,Unknown,26-35
4249,https://api.dicebear.com/7.x/personas/jpg?seed=user1191&size=300,FAKE,Unknown,26-35
4250,https://api.dicebear.com/7.x/personas/jpg?seed=user1192&size=300,FAKE,Unknown,50+
4251,https://api.dicebear.com/7.x/personas/jpg?seed=user1193&size=300,FAKE,Unknown,36-50
4252,https://api.dicebear.com/7.x/personas/jpg?seed=user1194&size=300,FAKE,Unknown,50+
4253,https://api.dicebear.com/7.x/personas/jpg?seed=user1195&size=300,FAKE,Unknown,18-25
4254,https://api.dicebear.com/7.x/personas/jpg?seed=user1196&size=300,FAKE,Unknown,18-25
4255,https://api.dicebear.com/7.x/personas/jpg?seed=user1197&size=300,FAKE,Unknown,50+
4256,https://api.dicebear.com/7.x/personas/jpg?seed=user1198&size=300,FAKE,Unknown,26-35
4257,https://api.dicebear.com/7.x/personas/jpg?seed=user1199&size=300,FAKE,Unknown,18-25
4258,https://api.dicebear.com/7.x/personas/jpg?seed=user1200&size=300,FAKE,Unknown,36-50
4259,https://api.dicebear.com/7.x/personas/jpg?seed=user1201&size=300,FAKE,Unknown,36-50
4260,https://api.dicebear.com/7.x/personas/jpg?seed=user1202&size=300,FAKE,Unknown,50+
4261,https://api.dicebear.com/7.x/personas/jpg?seed=user1203&size=300,FAKE,Unknown,26-35
4262,https://api.dicebear.com/7.x/personas/jpg?seed=user1204&size=300,FAKE,Unknown,26-35
4263,https://api.dicebear.com/7.x/personas/jpg?seed=user1205&size=300,FAKE,Unknown,36-50
4264,https://api.dicebear.com/7.x/personas/jpg?seed=user1206&size=300,FAKE,Unknown,36-50
4265,https://api.dicebear.com/7.x/personas/jpg?seed=user1207&size=300,FAKE,Unknown,18-25
4266,https://api.dicebear.com/7.x/personas/jpg?seed=user1208&size=300,FAKE,Unknown,36-50
4267,https://api.dicebear.com/7.x/personas/jpg?seed=user1209&size=300,FAKE,Unknown,26-35
4268,https://api.dicebear.com/7.x/personas/jpg?seed=user1210&size=300,FAKE,Unknown,18-25
4269,https://api.dicebear.com/7.x/personas/jpg?seed=user1211&size=300,FAKE,Unknown,18-25
4270,https://api.dicebear.com/7.x/personas/jpg?seed=user1212&size=300,FAKE,Unknown,50+
4271,https://api.dicebear.com/7.x/personas/jpg?seed=user1213&size=300,FAKE,Unknown,36-50
4272,https://api.dicebear.com/7.x/personas/jpg?seed=user1214&size=300,FAKE,Unknown,36-50
4273,https://api.dicebear.com/7.x/personas/jpg?seed=user1215&size=300,FAKE,Unknown,36-50
4274,https://api.dicebear.com/7.x/personas/jpg?seed=user1216&size=300,FAKE,Unknown,36-50
4275,https://api.dicebear.com/7.x/personas/jpg?seed=user1217&size=300,FAKE,Unknown,50+
4276,https://api.dicebear.com/7.x/personas/jpg?seed=user1218&size=300,FAKE,Unknown,50+
4277,https://api.dicebear.com/7.x/personas/jpg?seed=user1219&size=300,FAKE,Unknown,18-25
4278,https://api.dicebear.com/7.x/personas/jpg?seed=user1220&size=300,FAKE,Unknown,18-25
4279,https://api.dicebear.com/7.x/personas/jpg?seed=user1221&size=300,FAKE,Unknown,26-35
4280,https://api.dicebear.com/7.x/personas/jpg?seed=user1222&size=300,FAKE,Unknown,50+
4281,https://api.dicebear.com/7.x/personas/jpg?seed=user1223&size=300,FAKE,Unknown,18-25
4282,https://api.dicebear.com/7.x/personas/jpg?seed=user1224&size=300,FAKE,Unknown,50+
4283,https://api.dicebear.com/7.x/personas/jpg?seed=user1225&size=300,FAKE,Unknown,26-35
4284,https://api.dicebear.com/7.x/personas/jpg?seed=user1226&size=300,FAKE,Unknown,18-25
4285,https://api.dicebear.com/7.x/personas/jpg?seed=user1227&size=300,FAKE,Unknown,50+
4286,https://api.dicebear.com/7.x/personas/jpg?seed=user1228&size=300,FAKE,Unknown,36-50
4287,https://api.dicebear.com/7.x/personas/jpg?seed=user1229&size=300,FAKE,Unknown,18-25
4288,https://api.dicebear.com/7.x/personas/jpg?seed=user1230&size=300,FAKE,Unknown,26-35
4289,https://api.dicebear.com/7.x/personas/jpg?seed=user1231&size=300,FAKE,Unknown,50+
4290,https://api.dicebear.com/7.x/personas/jpg?seed=user1232&size=300,FAKE,Unknown,50+
4291,https://api.dicebear.com/7.x/personas/jpg?seed=user1233&size=300,FAKE,Unknown,50+
4292,https://api.dicebear.com/7.x/personas/jpg?seed=user1234&size=300,FAKE,Unknown,18-25
4293,https://api.dicebear.com/7.x/personas/jpg?seed=user1235&size=300,FAKE,Unknown,50+
4294,https://api.dicebear.com/7.x/personas/jpg?seed=user1236&size=300,FAKE,Unknown,36-50
4295,https://api.dicebear.com/7.x/personas/jpg?seed=user1237&size=300,FAKE,Unknown,36-50
4296,https://api.dicebear.com/7.x/personas/jpg?seed=user1238&size=300,FAKE,Unknown,26-35
4297,https://api.dicebear.com/7.x/personas/jpg?seed=user1239&size=300,FAKE,Unknown,50+
4298,https://api.dicebear.com/7.x/personas/jpg?seed=user1240&size=300,FAKE,Unknown,50+
4299,https://api.dicebear.com/7.x/personas/jpg?seed=user1241&size=300,FAKE,Unknown,26-35
4300,https://api.dicebear.com/7.x/personas/jpg?seed=user1242&size=300,FAKE,Unknown,18-25
4301,https://api.dicebear.com/7.x/personas/jpg?seed=user1243&size=300,FAKE,Unknown,18-25
4302,https://api.dicebear.com/7.x/personas/jpg?seed=user1244&size=300,FAKE,Unknown,36-50
4303,https://api.dicebear.com/7.x/personas/jpg?seed=user1245&size=300,FAKE,Unknown,36-50
4304,https://api.dicebear.com/7.x/personas/jpg?seed=user1246&size=300,FAKE,Unknown,50+
4305,https://api.dicebear.com/7.x/personas/jpg?seed=user1247&size=300,FAKE,Unknown,26-35
4306,https://api.dicebear.com/7.x/personas/jpg?seed=user1248&size=300,FAKE,Unknown,26-35
4307,https://api.dicebear.com/7.x/personas/jpg?seed=user1249&size=300,FAKE,Unknown,36-50
4308,https://api.dicebear.com/7.x/personas/jpg?seed=user1250&size=300,FAKE,Unknown,50+
4309,https://api.dicebear.com/7.x/personas/jpg?seed=user1251&size=300,FAKE,Unknown,36-50
4310,https://api.dicebear.com/7.x/personas/jpg?seed=user1252&size=300,FAKE,Unknown,36-50
4311,https://api.dicebear.com/7.x/personas/jpg?seed=user1253&size=300,FAKE,Unknown,26-35
4312,https://api.dicebear.com/7.x/personas/jpg?seed=user1254&size=300,FAKE,Unknown,50+
4313,https://api.dicebear.com/7.x/personas/jpg?seed=user1255&size=300,FAKE,Unknown,36-50
4314,https://api.dicebear.com/7.x/personas/jpg?seed=user1256&size=300,FAKE,Unknown,50+
4315,https://api.dicebear.com/7.x/personas/jpg?seed=user1257&size=300,FAKE,Unknown,26-35
4316,https://api.dicebear.com/7.x/personas/jpg?seed=user1258&size=300,FAKE,Unknown,36-50
4317,https://api.dicebear.com/7.x/personas/jpg?seed=user1259&size=300,FAKE,Unknown,36-50
4318,https://api.dicebear.com/7.x/personas/jpg?seed=user1260&size=300,FAKE,Unknown,36-50
4319,https://api.dicebear.com/7.x/personas/jpg?seed=user1261&size=300,FAKE,Unknown,18-25
4320,https://api.dicebear.com/7.x/personas/jpg?seed=user1262&size=300,FAKE,Unknown,36-50
4321,https://api.dicebear.com/7.x/personas/jpg?seed=user1263&size=300,FAKE,Unknown,18-25
4322,https://api.dicebear.com/7.x/personas/jpg?seed=user1264&size=300,FAKE,Unknown,50+
4323,https://api.dicebear.com/7.x/personas/jpg?seed=user1265&size=300,FAKE,Unknown,50+
4324,https://api.dicebear.com/7.x/personas/jpg?seed=user1266&size=300,FAKE,Unknown,50+
4325,https://api.dicebear.com/7.x/personas/jpg?seed=user1267&size=300,FAKE,Unknown,50+
4326,https://api.dicebear.com/7.x/personas/jpg?seed=user1268&size=300,FAKE,Unknown,18-25
4327,https://api.dicebear.com/7.x/personas/jpg?seed=user1269&size=300,FAKE,Unknown,26-35
4328,https://api.dicebear.com/7.x/personas/jpg?seed=user1270&size=300,FAKE,Unknown,26-35
4329,https://api.dicebear.com/7.x/personas/jpg?seed=user1271&size=300,FAKE,Unknown,36-50
4330,https://api.dicebear.com/7.x/personas/jpg?seed=user1272&size=300,FAKE,Unknown,36-50
4331,https://api.dicebear.com/7.x/personas/jpg?seed=user1273&size=300,FAKE,Unknown,26-35
4332,https://api.dicebear.com/7.x/personas/jpg?seed=user1274&size=300,FAKE,Unknown,50+
4333,https://api.dicebear.com/7.x/personas/jpg?seed=user1275&size=300,FAKE,Unknown,36-50
4334,https://api.dicebear.com/7.x/personas/jpg?seed=user1276&size=300,FAKE,Unknown,26-35
4335,https://api.dicebear.com/7.x/personas/jpg?seed=user1277&size=300,FAKE,Unknown,18-25
4336,https://api.dicebear.com/7.x/personas/jpg?seed=user1278&size=300,FAKE,Unknown,50+
4337,https://api.dicebear.com/7.x/personas/jpg?seed=user1279&size=300,FAKE,Unknown,26-35
4338,https://api.dicebear.com/7.x/personas/jpg?seed=user1280&size=300,FAKE,Unknown,18-25
4339,https://api.dicebear.com/7.x/personas/jpg?seed=user1281&size=300,FAKE,Unknown,36-50
4340,https://api.dicebear.com/7.x/personas/jpg?seed=user1282&size=300,FAKE,Unknown,26-35
4341,https://api.dicebear.com/7.x/personas/jpg?seed=user1283&size=300,FAKE,Unknown,36-50
4342,https://api.dicebear.com/7.x/personas/jpg?seed=user1284&size=300,FAKE,Unknown,18-25
4343,https://api.dicebear.com/7.x/personas/jpg?seed=user1285&size=300,FAKE,Unknown,50+
4344,https://api.dicebear.com/7.x/personas/jpg?seed=user1286&size=300,FAKE,Unknown,36-50
4345,https://api.dicebear.com/7.x/personas/jpg?seed=user1287&size=300,FAKE,Unknown,36-50
4346,https://api.dicebear.com/7.x/personas/jpg?seed=user1288&size=300,FAKE,Unknown,36-50
4347,https://api.dicebear.com/7.x/personas/jpg?seed=user1289&size=300,FAKE,Unknown,18-25
4348,https://api.dicebear.com/7.x/personas/jpg?seed=user1290&size=300,FAKE,Unknown,50+
4349,https://api.dicebear.com/7.x/personas/jpg?seed=user1291&size=300,FAKE,Unknown,36-50
4350,https://api.dicebear.com/7.x/personas/jpg?seed=user1292&size=300,FAKE,Unknown,18-25
4351,https://api.dicebear.com/7.x/personas/jpg?seed=user1293&size=300,FAKE,Unknown,18-25
4352,https://api.dicebear.com/7.x/personas/jpg?seed=user1294&size=300,FAKE,Unknown,18-25
4353,https://api.dicebear.com/7.x/personas/jpg?seed=user1295&size=300,FAKE,Unknown,18-25
4354,https://api.dicebear.com/7.x/personas/jpg?seed=user1296&size=300,FAKE,Unknown,50+
4355,https://api.dicebear.com/7.x/personas/jpg?seed=user1297&size=300,FAKE,Unknown,26-35
4356,https://api.dicebear.com/7.x/personas/jpg?seed=user1298&size=300,FAKE,Unknown,18-25
4357,https://api.dicebear.com/7.x/personas/jpg?seed=user1299&size=300,FAKE,Unknown,50+
4358,https://api.dicebear.com/7.x/personas/jpg?seed=user1300&size=300,FAKE,Unknown,18-25
4359,https://api.dicebear.com/7.x/personas/jpg?seed=user1301&size=300,FAKE,Unknown,50+
4360,https://api.dicebear.com/7.x/personas/jpg?seed=user1302&size=300,FAKE,Unknown,50+
4361,https://api.dicebear.com/7.x/personas/jpg?seed=user1303&size=300,FAKE,Unknown,50+
4362,https://api.dicebear.com/7.x/personas/jpg?seed=user1304&size=300,FAKE,Unknown,26-35
4363,https://api.dicebear.com/7.x/personas/jpg?seed=user1305&size=300,FAKE,Unknown,36-50
4364,https://api.dicebear.com/7.x/personas/jpg?seed=user1306&size=300,FAKE,Unknown,36-50
4365,https://api.dicebear.com/7.x/personas/jpg?seed=user1307&size=300,FAKE,Unknown,36-50
4366,https://api.dicebear.com/7.x/personas/jpg?seed=user1308&size=300,FAKE,Unknown,26-35
4367,https://api.dicebear.com/7.x/personas/jpg?seed=user1309&size=300,FAKE,Unknown,50+
4368,https://api.dicebear.com/7.x/personas/jpg?seed=user1310&size=300,FAKE,Unknown,50+
4369,https://api.dicebear.com/7.x/personas/jpg?seed=user1311&size=300,FAKE,Unknown,26-35
4370,https://api.dicebear.com/7.x/personas/jpg?seed=user1312&size=300,FAKE,Unknown,26-35
4371,https://api.dicebear.com/7.x/personas/jpg?seed=user1313&size=300,FAKE,Unknown,36-50
4372,https://api.dicebear.com/7.x/personas/jpg?seed=user1314&size=300,FAKE,Unknown,26-35
4373,https://api.dicebear.com/7.x/personas/jpg?seed=user1315&size=300,FAKE,Unknown,50+
4374,https://api.dicebear.com/7.x/personas/jpg?seed=user1316&size=300,FAKE,Unknown,18-25
4375,https://api.dicebear.com/7.x/personas/jpg?seed=user1317&size=300,FAKE,Unknown,36-50
4376,https://api.dicebear.com/7.x/personas/jpg?seed=user1318&size=300,FAKE,Unknown,26-35
4377,https://api.dicebear.com/7.x/personas/jpg?seed=user1319&size=300,FAKE,Unknown,18-25
4378,https://api.dicebear.com/7.x/personas/jpg?seed=user1320&size=300,FAKE,Unknown,18-25
4379,https://api.dicebear.com/7.x/personas/jpg?seed=user1321&size=300,FAKE,Unknown,36-50
4380,https://api.dicebear.com/7.x/personas/jpg?seed=user1322&size=300,FAKE,Unknown,18-25
4381,https://api.dicebear.com/7.x/personas/jpg?seed=user1323&size=300,FAKE,Unknown,36-50
4382,https://api.dicebear.com/7.x/personas/jpg?seed=user1324&size=300,FAKE,Unknown,36-50
4383,https://api.dicebear.com/7.x/personas/jpg?seed=user1325&size=300,FAKE,Unknown,26-35
4384,https://api.dicebear.com/7.x/personas/jpg?seed=user1326&size=300,FAKE,Unknown,18-25
4385,https://api.dicebear.com/7.x/personas/jpg?seed=user1327&size=300,FAKE,Unknown,36-50
4386,https://api.dicebear.com/7.x/personas/jpg?seed=user1328&size=300,FAKE,Unknown,26-35
4387,https://api.dicebear.com/7.x/personas/jpg?seed=user1329&size=300,FAKE,Unknown,36-50
4388,https://api.dicebear.com/7.x/personas/jpg?seed=user1330&size=300,FAKE,Unknown,26-35
4389,https://api.dicebear.com/7.x/personas/jpg?seed=user1331&size=300,FAKE,Unknown,50+
4390,https://api.dicebear.com/7.x/personas/jpg?seed=user1332&size=300,FAKE,Unknown,26-35
4391,https://api.dicebear.com/7.x/personas/jpg?seed=user1333&size=300,FAKE,Unknown,50+
4392,https://api.dicebear.com/7.x/personas/jpg?seed=user1334&size=300,FAKE,Unknown,18-25
4393,https://api.dicebear.com/7.x/personas/jpg?seed=user1335&size=300,FAKE,Unknown,36-50
4394,https://api.dicebear.com/7.x/personas/jpg?seed=user1336&size=300,FAKE,Unknown,36-50
4395,https://api.dicebear.com/7.x/personas/jpg?seed=user1337&size=300,FAKE,Unknown,50+
4396,https://api.dicebear.com/7.x/personas/jpg?seed=user1338&size=300,FAKE,Unknown,26-35
4397,https://api.dicebear.com/7.x/personas/jpg?seed=user1339&size=300,FAKE,Unknown,26-35
4398,https://api.dicebear.com/7.x/personas/jpg?seed=user1340&size=300,FAKE,Unknown,36-50
4399,https://api.dicebear.com/7.x/personas/jpg?seed=user1341&size=300,FAKE,Unknown,26-35
4400,https://api.dicebear.com/7.x/personas/jpg?seed=user1342&size=300,FAKE,Unknown,50+
4401,https://api.dicebear.com/7.x/personas/jpg?seed=user1343&size=300,FAKE,Unknown,18-25
4402,https://api.dicebear.com/7.x/personas/jpg?seed=user1344&size=300,FAKE,Unknown,50+
4403,https://api.dicebear.com/7.x/personas/jpg?seed=user1345&size=300,FAKE,Unknown,36-50
4404,https://api.dicebear.com/7.x/personas/jpg?seed=user1346&size=300,FAKE,Unknown,50+
4405,https://api.dicebear.com/7.x/personas/jpg?seed=user1347&size=300,FAKE,Unknown,26-35
4406,https://api.dicebear.com/7.x/personas/jpg?seed=user1348&size=300,FAKE,Unknown,50+
4407,https://api.dicebear.com/7.x/personas/jpg?seed=user1349&size=300,FAKE,Unknown,18-25
4408,https://api.dicebear.com/7.x/personas/jpg?seed=user1350&size=300,FAKE,Unknown,50+
4409,https://api.dicebear.com/7.x/personas/jpg?seed=user1351&size=300,FAKE,Unknown,50+
4410,https://api.dicebear.com/7.x/personas/jpg?seed=user1352&size=300,FAKE,Unknown,18-25
4411,https://api.dicebear.com/7.x/personas/jpg?seed=user1353&size=300,FAKE,Unknown,18-25
4412,https://api.dicebear.com/7.x/personas/jpg?seed=user1354&size=300,FAKE,Unknown,26-35
4413,https://api.dicebear.com/7.x/personas/jpg?seed=user1355&size=300,FAKE,Unknown,26-35
4414,https://api.dicebear.com/7.x/personas/jpg?seed=user1356&size=300,FAKE,Unknown,50+
4415,https://api.dicebear.com/7.x/personas/jpg?seed=user1357&size=300,FAKE,Unknown,26-35
4416,https://api.dicebear.com/7.x/personas/jpg?seed=user1358&size=300,FAKE,Unknown,36-50
4417,https://api.dicebear.com/7.x/personas/jpg?seed=user1359&size=300,FAKE,Unknown,36-50
4418,https://api.dicebear.com/7.x/personas/jpg?seed=user1360&size=300,FAKE,Unknown,50+
4419,https://api.dicebear.com/7.x/personas/jpg?seed=user1361&size=300,FAKE,Unknown,26-35
4420,https://api.dicebear.com/7.x/personas/jpg?seed=user1362&size=300,FAKE,Unknown,36-50
4421,https://api.dicebear.com/7.x/personas/jpg?seed=user1363&size=300,FAKE,Unknown,18-25
4422,https://api.dicebear.com/7.x/personas/jpg?seed=user1364&size=300,FAKE,Unknown,50+
4423,https://api.dicebear.com/7.x/personas/jpg?seed=user1365&size=300,FAKE,Unknown,18-25
4424,https://api.dicebear.com/7.x/personas/jpg?seed=user1366&size=300,FAKE,Unknown,26-35
4425,https://api.dicebear.com/7.x/personas/jpg?seed=user1367&size=300,FAKE,Unknown,26-35
4426,https://api.dicebear.com/7.x/personas/jpg?seed=user1368&size=300,FAKE,Unknown,50+
4427,https://api.dicebear.com/7.x/personas/jpg?seed=user1369&size=300,FAKE,Unknown,18-25
4428,https://api.dicebear.com/7.x/personas/jpg?seed=user1370&size=300,FAKE,Unknown,50+
4429,https://api.dicebear.com/7.x/personas/jpg?seed=user1371&size=300,FAKE,Unknown,50+
4430,https://api.dicebear.com/7.x/personas/jpg?seed=user1372&size=300,FAKE,Unknown,18-25
4431,https://api.dicebear.com/7.x/personas/jpg?seed=user1373&size=300,FAKE,Unknown,18-25
4432,https://api.dicebear.com/7.x/personas/jpg?seed=user1374&size=300,FAKE,Unknown,36-50
4433,https://api.dicebear.com/7.x/personas/jpg?seed=user1375&size=300,FAKE,Unknown,50+
4434,https://api.dicebear.com/7.x/personas/jpg?seed=user1376&size=300,FAKE,Unknown,50+
4435,https://api.dicebear.com/7.x/personas/jpg?seed=user1377&size=300,FAKE,Unknown,50+
4436,https://api.dicebear.com/7.x/personas/jpg?seed=user1378&size=300,FAKE,Unknown,18-25
4437,https://api.dicebear.com/7.x/personas/jpg?seed=user1379&size=300,FAKE,Unknown,50+
4438,https://api.dicebear.com/7.x/personas/jpg?seed=user1380&size=300,FAKE,Unknown,36-50
4439,https://api.dicebear.com/7.x/personas/jpg?seed=user1381&size=300,FAKE,Unknown,36-50
4440,https://api.dicebear.com/7.x/personas/jpg?seed=user1382&size=300,FAKE,Unknown,50+
4441,https://api.dicebear.com/7.x/personas/jpg?seed=user1383&size=300,FAKE,Unknown,18-25
4442,https://api.dicebear.com/7.x/personas/jpg?seed=user1384&size=300,FAKE,Unknown,50+
4443,https://api.dicebear.com/7.x/personas/jpg?seed=user1385&size=300,FAKE,Unknown,50+
4444,https://api.dicebear.com/7.x/personas/jpg?seed=user1386&size=300,FAKE,Unknown,26-35
4445,https://api.dicebear.com/7.x/personas/jpg?seed=user1387&size=300,FAKE,Unknown,26-35
4446,https://api.dicebear.com/7.x/personas/jpg?seed=user1388&size=300,FAKE,Unknown,50+
4447,https://api.dicebear.com/7.x/personas/jpg?seed=user1389&size=300,FAKE,Unknown,36-50
4448,https://api.dicebear.com/7.x/personas/jpg?seed=user1390&size=300,FAKE,Unknown,50+
4449,https://api.dicebear.com/7.x/personas/jpg?seed=user1391&size=300,FAKE,Unknown,18-25
4450,https://api.dicebear.com/7.x/personas/jpg?seed=user1392&size=300,FAKE,Unknown,36-50
4451,https://api.dicebear.com/7.x/personas/jpg?seed=user1393&size=300,FAKE,Unknown,18-25
4452,https://api.dicebear.com/7.x/personas/jpg?seed=user1394&size=300,FAKE,Unknown,36-50
4453,https://api.dicebear.com/7.x/personas/jpg?seed=user1395&size=300,FAKE,Unknown,50+
4454,https://api.dicebear.com/7.x/personas/jpg?seed=user1396&size=300,FAKE,Unknown,26-35
4455,https://api.dicebear.com/7.x/personas/jpg?seed=user1397&size=300,FAKE,Unknown,18-25
4456,https://api.dicebear.com/7.x/personas/jpg?seed=user1398&size=300,FAKE,Unknown,50+
4457,https://api.dicebear.com/7.x/personas/jpg?seed=user1399&size=300,FAKE,Unknown,26-35
4458,https://api.dicebear.com/7.x/personas/jpg?seed=user1400&size=300,FAKE,Unknown,18-25
4459,https://api.dicebear.com/7.x/personas/jpg?seed=user1401&size=300,FAKE,Unknown,26-35
4460,https://api.dicebear.com/7.x/personas/jpg?seed=user1402&size=300,FAKE,Unknown,50+
4461,https://api.dicebear.com/7.x/personas/jpg?seed=user1403&size=300,FAKE,Unknown,18-25
4462,https://api.dicebear.com/7.x/personas/jpg?seed=user1404&size=300,FAKE,Unknown,26-35
4463,https://api.dicebear.com/7.x/personas/jpg?seed=user1405&size=300,FAKE,Unknown,50+
4464,https://api.dicebear.com/7.x/personas/jpg?seed=user1406&size=300,FAKE,Unknown,50+
4465,https://api.dicebear.com/7.x/personas/jpg?seed=user1407&size=300,FAKE,Unknown,50+
4466,https://api.dicebear.com/7.x/personas/jpg?seed=user1408&size=300,FAKE,Unknown,50+
4467,https://api.dicebear.com/7.x/personas/jpg?seed=user1409&size=300,FAKE,Unknown,50+
4468,https://api.dicebear.com/7.x/personas/jpg?seed=user1410&size=300,FAKE,Unknown,36-50
4469,https://api.dicebear.com/7.x/personas/jpg?seed=user1411&size=300,FAKE,Unknown,26-35
4470,https://api.dicebear.com/7.x/personas/jpg?seed=user1412&size=300,FAKE,Unknown,18-25
4471,https://api.dicebear.com/7.x/personas/jpg?seed=user1413&size=300,FAKE,Unknown,18-25
4472,https://api.dicebear.com/7.x/personas/jpg?seed=user1414&size=300,FAKE,Unknown,18-25
4473,https://api.dicebear.com/7.x/personas/jpg?seed=user1415&size=300,FAKE,Unknown,36-50
4474,https://api.dicebear.com/7.x/personas/jpg?seed=user1416&size=300,FAKE,Unknown,18-25
4475,https://api.dicebear.com/7.x/personas/jpg?seed=user1417&size=300,FAKE,Unknown,36-50
4476,https://api.dicebear.com/7.x/personas/jpg?seed=user1418&size=300,FAKE,Unknown,26-35
4477,https://api.dicebear.com/7.x/personas/jpg?seed=user1419&size=300,FAKE,Unknown,26-35
4478,https://api.dicebear.com/7.x/personas/jpg?seed=user1420&size=300,FAKE,Unknown,50+
4479,https://api.dicebear.com/7.x/personas/jpg?seed=user1421&size=300,FAKE,Unknown,36-50
4480,https://api.dicebear.com/7.x/personas/jpg?seed=user1422&size=300,FAKE,Unknown,36-50
4481,https://api.dicebear.com/7.x/personas/jpg?seed=user1423&size=300,FAKE,Unknown,36-50
4482,https://api.dicebear.com/7.x/personas/jpg?seed=user1424&size=300,FAKE,Unknown,26-35
4483,https://api.dicebear.com/7.x/personas/jpg?seed=user1425&size=300,FAKE,Unknown,36-50
4484,https://api.dicebear.com/7.x/personas/jpg?seed=user1426&size=300,FAKE,Unknown,50+
4485,https://api.dicebear.com/7.x/personas/jpg?seed=user1427&size=300,FAKE,Unknown,18-25
4486,https://api.dicebear.com/7.x/personas/jpg?seed=user1428&size=300,FAKE,Unknown,26-35
4487,https://api.dicebear.com/7.x/personas/jpg?seed=user1429&size=300,FAKE,Unknown,18-25
4488,https://api.dicebear.com/7.x/personas/jpg?seed=user1430&size=300,FAKE,Unknown,26-35
4489,https://api.dicebear.com/7.x/personas/jpg?seed=user1431&size=300,FAKE,Unknown,18-25
4490,https://api.dicebear.com/7.x/personas/jpg?seed=user1432&size=300,FAKE,Unknown,26-35
4491,https://api.dicebear.com/7.x/personas/jpg?seed=user1433&size=300,FAKE,Unknown,18-25
4492,https://api.dicebear.com/7.x/personas/jpg?seed=user1434&size=300,FAKE,Unknown,50+
4493,https://api.dicebear.com/7.x/personas/jpg?seed=user1435&size=300,FAKE,Unknown,50+
4494,https://api.dicebear.com/7.x/personas/jpg?seed=user1436&size=300,FAKE,Unknown,26-35
4495,https://api.dicebear.com/7.x/personas/jpg?seed=user1437&size=300,FAKE,Unknown,26-35
4496,https://api.dicebear.com/7.x/personas/jpg?seed=user1438&size=300,FAKE,Unknown,26-35
4497,https://api.dicebear.com/7.x/personas/jpg?seed=user1439&size=300,FAKE,Unknown,26-35
4498,https://api.dicebear.com/7.x/personas/jpg?seed=user1440&size=300,FAKE,Unknown,26-35
4499,https://api.dicebear.com/7.x/personas/jpg?seed=user1441&size=300,FAKE,Unknown,36-50
4500,https://api.dicebear.com/7.x/personas/jpg?seed=user1442&size=300,FAKE,Unknown,18-25
4501,https://api.dicebear.com/7.x/personas/jpg?seed=user1443&size=300,FAKE,Unknown,26-35
4502,https://api.dicebear.com/7.x/personas/jpg?seed=user1444&size=300,FAKE,Unknown,36-50
4503,https://api.dicebear.com/7.x/personas/jpg?seed=user1445&size=300,FAKE,Unknown,50+
4504,https://api.dicebear.com/7.x/personas/jpg?seed=user1446&size=300,FAKE,Unknown,18-25
4505,https://api.dicebear.com/7.x/personas/jpg?seed=user1447&size=300,FAKE,Unknown,50+
4506,https://api.dicebear.com/7.x/personas/jpg?seed=user1448&size=300,FAKE,Unknown,26-35
4507,https://api.dicebear.com/7.x/personas/jpg?seed=user1449&size=300,FAKE,Unknown,50+
4508,https://api.dicebear.com/7.x/personas/jpg?seed=user1450&size=300,FAKE,Unknown,36-50
4509,https://api.dicebear.com/7.x/personas/jpg?seed=user1451&size=300,FAKE,Unknown,26-35
4510,https://api.dicebear.com/7.x/personas/jpg?seed=user1452&size=300,FAKE,Unknown,26-35
4511,https://api.dicebear.com/7.x/personas/jpg?seed=user1453&size=300,FAKE,Unknown,36-50
4512,https://api.dicebear.com/7.x/personas/jpg?seed=user1454&size=300,FAKE,Unknown,26-35
4513,https://api.dicebear.com/7.x/personas/jpg?seed=user1455&size=300,FAKE,Unknown,18-25
4514,https://api.dicebear.com/7.x/personas/jpg?seed=user1456&size=300,FAKE,Unknown,18-25
4515,https://api.dicebear.com/7.x/personas/jpg?seed=user1457&size=300,FAKE,Unknown,26-35
4516,https://api.dicebear.com/7.x/personas/jpg?seed=user1458&size=300,FAKE,Unknown,18-25
4517,https://api.dicebear.com/7.x/personas/jpg?seed=user1459&size=300,FAKE,Unknown,36-50
4518,https://api.dicebear.com/7.x/personas/jpg?seed=user1460&size=300,FAKE,Unknown,26-35
4519,https://api.dicebear.com/7.x/personas/jpg?seed=user1461&size=300,FAKE,Unknown,50+
4520,https://api.dicebear.com/7.x/personas/jpg?seed=user1462&size=300,FAKE,Unknown,50+
4521,https://api.dicebear.com/7.x/personas/jpg?seed=user1463&size=300,FAKE,Unknown,36-50
4522,https://api.dicebear.com/7.x/personas/jpg?seed=user1464&size=300,FAKE,Unknown,36-50
4523,https://api.dicebear.com/7.x/personas/jpg?seed=user1465&size=300,FAKE,Unknown,36-50
4524,https://api.dicebear.com/7.x/personas/jpg?seed=user1466&size=300,FAKE,Unknown,18-25
4525,https://api.dicebear.com/7.x/personas/jpg?seed=user1467&size=300,FAKE,Unknown,36-50
4526,https://api.dicebear.com/7.x/personas/jpg?seed=user1468&size=300,FAKE,Unknown,26-35
4527,https://api.dicebear.com/7.x/personas/jpg?seed=user1469&size=300,FAKE,Unknown,50+
4528,https://api.dicebear.com/7.x/personas/jpg?seed=user1470&size=300,FAKE,Unknown,36-50
4529,https://api.dicebear.com/7.x/personas/jpg?seed=user1471&size=300,FAKE,Unknown,18-25
4530,https://api.dicebear.com/7.x/personas/jpg?seed=user1472&size=300,FAKE,Unknown,18-25
4531,https://api.dicebear.com/7.x/personas/jpg?seed=user1473&size=300,FAKE,Unknown,26-35
4532,https://api.dicebear.com/7.x/personas/jpg?seed=user1474&size=300,FAKE,Unknown,26-35
4533,https://api.dicebear.com/7.x/personas/jpg?seed=user1475&size=300,FAKE,Unknown,50+
4534,https://api.dicebear.com/7.x/personas/jpg?seed=user1476&size=300,FAKE,Unknown,26-35
4535,https://api.dicebear.com/7.x/personas/jpg?seed=user1477&size=300,FAKE,Unknown,50+
4536,https://api.dicebear.com/7.x/personas/jpg?seed=user1478&size=300,FAKE,Unknown,36-50
4537,https://api.dicebear.com/7.x/personas/jpg?seed=user1479&size=300,FAKE,Unknown,26-35
4538,https://api.dicebear.com/7.x/personas/jpg?seed=user1480&size=300,FAKE,Unknown,36-50
4539,https://api.dicebear.com/7.x/personas/jpg?seed=user1481&size=300,FAKE,Unknown,18-25
4540,https://api.dicebear.com/7.x/personas/jpg?seed=user1482&size=300,FAKE,Unknown,50+
4541,https://api.dicebear.com/7.x/personas/jpg?seed=user1483&size=300,FAKE,Unknown,18-25
4542,https://api.dicebear.com/7.x/personas/jpg?seed=user1484&size=300,FAKE,Unknown,50+
4543,https://api.dicebear.com/7.x/personas/jpg?seed=user1485&size=300,FAKE,Unknown,50+
4544,https://api.dicebear.com/7.x/personas/jpg?seed=user1486&size=300,FAKE,Unknown,26-35
4545,https://api.dicebear.com/7.x/personas/jpg?seed=user1487&size=300,FAKE,Unknown,26-35
4546,https://api.dicebear.com/7.x/personas/jpg?seed=user1488&size=300,FAKE,Unknown,50+
4547,https://api.dicebear.com/7.x/personas/jpg?seed=user1489&size=300,FAKE,Unknown,36-50
4548,https://api.dicebear.com/7.x/personas/jpg?seed=user1490&size=300,FAKE,Unknown,36-50
4549,https://api.dicebear.com/7.x/personas/jpg?seed=user1491&size=300,FAKE,Unknown,36-50
4550,https://api.dicebear.com/7.x/personas/jpg?seed=user1492&size=300,FAKE,Unknown,18-25
4551,https://api.dicebear.com/7.x/personas/jpg?seed=user1493&size=300,FAKE,Unknown,50+
4552,https://api.dicebear.com/7.x/personas/jpg?seed=user1494&size=300,FAKE,Unknown,18-25
4553,https://api.dicebear.com/7.x/personas/jpg?seed=user1495&size=300,FAKE,Unknown,18-25
4554,https://api.dicebear.com/7.x/personas/jpg?seed=user1496&size=300,FAKE,Unknown,26-35
4555,https://api.dicebear.com/7.x/personas/jpg?seed=user1497&size=300,FAKE,Unknown,50+
4556,https://api.dicebear.com/7.x/personas/jpg?seed=user1498&size=300,FAKE,Unknown,18-25
4557,https://api.dicebear.com/7.x/personas/jpg?seed=user1499&size=300,FAKE,Unknown,26-35
4558,https://api.dicebear.com/7.x/personas/jpg?seed=user1500&size=300,FAKE,Unknown,36-50
4559,https://api.dicebear.com/7.x/personas/jpg?seed=user1501&size=300,FAKE,Unknown,36-50
4560,https://api.dicebear.com/7.x/personas/jpg?seed=user1502&size=300,FAKE,Unknown,50+
4561,https://api.dicebear.com/7.x/personas/jpg?seed=user1503&size=300,FAKE,Unknown,50+
4562,https://api.dicebear.com/7.x/personas/jpg?seed=user1504&size=300,FAKE,Unknown,18-25
4563,https://api.dicebear.com/7.x/personas/jpg?seed=user1505&size=300,FAKE,Unknown,36-50
4564,https://api.dicebear.com/7.x/personas/jpg?seed=user1506&size=300,FAKE,Unknown,26-35
4565,https://api.dicebear.com/7.x/personas/jpg?seed=user1507&size=300,FAKE,Unknown,18-25
4566,https://api.dicebear.com/7.x/personas/jpg?seed=user1508&size=300,FAKE,Unknown,50+
4567,https://api.dicebear.com/7.x/personas/jpg?seed=user1509&size=300,FAKE,Unknown,36-50
4568,https://api.dicebear.com/7.x/personas/jpg?seed=user1510&size=300,FAKE,Unknown,26-35
4569,https://api.dicebear.com/7.x/personas/jpg?seed=user1511&size=300,FAKE,Unknown,18-25
4570,https://api.dicebear.com/7.x/personas/jpg?seed=user1512&size=300,FAKE,Unknown,18-25
4571,https://api.dicebear.com/7.x/personas/jpg?seed=user1513&size=300,FAKE,Unknown,50+
4572,https://api.dicebear.com/7.x/personas/jpg?seed=user1514&size=300,FAKE,Unknown,26-35
4573,https://api.dicebear.com/7.x/personas/jpg?seed=user1515&size=300,FAKE,Unknown,26-35
4574,https://api.dicebear.com/7.x/personas/jpg?seed=user1516&size=300,FAKE,Unknown,36-50
4575,https://api.dicebear.com/7.x/personas/jpg?seed=user1517&size=300,FAKE,Unknown,26-35
4576,https://api.dicebear.com/7.x/personas/jpg?seed=user1518&size=300,FAKE,Unknown,50+
4577,https://api.dicebear.com/7.x/personas/jpg?seed=user1519&size=300,FAKE,Unknown,50+
4578,https://api.dicebear.com/7.x/personas/jpg?seed=user1520&size=300,FAKE,Unknown,18-25
4579,https://api.dicebear.com/7.x/personas/jpg?seed=user1521&size=300,FAKE,Unknown,26-35
4580,https://api.dicebear.com/7.x/personas/jpg?seed=user1522&size=300,FAKE,Unknown,18-25
4581,https://api.dicebear.com/7.x/personas/jpg?seed=user1523&size=300,FAKE,Unknown,18-25
4582,https://api.dicebear.com/7.x/personas/jpg?seed=user1524&size=300,FAKE,Unknown,36-50
4583,https://api.dicebear.com/7.x/personas/jpg?seed=user1525&size=300,FAKE,Unknown,18-25
4584,https://api.dicebear.com/7.x/personas/jpg?seed=user1526&size=300,FAKE,Unknown,50+
4585,https://api.dicebear.com/7.x/personas/jpg?seed=user1527&size=300,FAKE,Unknown,50+
4586,https://api.dicebear.com/7.x/personas/jpg?seed=user1528&size=300,FAKE,Unknown,26-35
4587,https://api.dicebear.com/7.x/personas/jpg?seed=user1529&size=300,FAKE,Unknown,26-35
4588,https://api.dicebear.com/7.x/personas/jpg?seed=user1530&size=300,FAKE,Unknown,18-25
4589,https://api.dicebear.com/7.x/personas/jpg?seed=user1531&size=300,FAKE,Unknown,26-35
4590,https://api.dicebear.com/7.x/personas/jpg?seed=user1532&size=300,FAKE,Unknown,26-35
4591,https://api.dicebear.com/7.x/personas/jpg?seed=user1533&size=300,FAKE,Unknown,36-50
4592,https://api.dicebear.com/7.x/personas/jpg?seed=user1534&size=300,FAKE,Unknown,36-50
4593,https://api.dicebear.com/7.x/personas/jpg?seed=user1535&size=300,FAKE,Unknown,26-35
4594,https://api.dicebear.com/7.x/personas/jpg?seed=user1536&size=300,FAKE,Unknown,36-50
4595,https://api.dicebear.com/7.x/personas/jpg?seed=user1537&size=300,FAKE,Unknown,26-35
4596,https://api.dicebear.com/7.x/personas/jpg?seed=user1538&size=300,FAKE,Unknown,50+
4597,https://api.dicebear.com/7.x/personas/jpg?seed=user1539&size=300,FAKE,Unknown,50+
4598,https://api.dicebear.com/7.x/personas/jpg?seed=user1540&size=300,FAKE,Unknown,26-35
4599,https://api.dicebear.com/7.x/personas/jpg?seed=user1541&size=300,FAKE,Unknown,50+
4600,https://api.dicebear.com/7.x/personas/jpg?seed=user1542&size=300,FAKE,Unknown,50+
4601,https://api.dicebear.com/7.x/personas/jpg?seed=user1543&size=300,FAKE,Unknown,18-25
4602,https://api.dicebear.com/7.x/personas/jpg?seed=user1544&size=300,FAKE,Unknown,26-35
4603,https://api.dicebear.com/7.x/personas/jpg?seed=user1545&size=300,FAKE,Unknown,26-35
4604,https://api.dicebear.com/7.x/personas/jpg?seed=user1546&size=300,FAKE,Unknown,50+
4605,https://api.dicebear.com/7.x/personas/jpg?seed=user1547&size=300,FAKE,Unknown,50+
4606,https://api.dicebear.com/7.x/personas/jpg?seed=user1548&size=300,FAKE,Unknown,50+
4607,https://api.dicebear.com/7.x/personas/jpg?seed=user1549&size=300,FAKE,Unknown,36-50
4608,https://api.dicebear.com/7.x/personas/jpg?seed=user1550&size=300,FAKE,Unknown,36-50
4609,https://api.dicebear.com/7.x/personas/jpg?seed=user1551&size=300,FAKE,Unknown,18-25
4610,https://api.dicebear.com/7.x/personas/jpg?seed=user1552&size=300,FAKE,Unknown,18-25
4611,https://api.dicebear.com/7.x/personas/jpg?seed=user1553&size=300,FAKE,Unknown,18-25
4612,https://api.dicebear.com/7.x/personas/jpg?seed=user1554&size=300,FAKE,Unknown,36-50
4613,https://api.dicebear.com/7.x/personas/jpg?seed=user1555&size=300,FAKE,Unknown,50+
4614,https://api.dicebear.com/7.x/personas/jpg?seed=user1556&size=300,FAKE,Unknown,36-50
4615,https://api.dicebear.com/7.x/personas/jpg?seed=user1557&size=300,FAKE,Unknown,26-35
4616,https://api.dicebear.com/7.x/personas/jpg?seed=user1558&size=300,FAKE,Unknown,36-50
4617,https://api.dicebear.com/7.x/personas/jpg?seed=user1559&size=300,FAKE,Unknown,26-35
4618,https://api.dicebear.com/7.x/personas/jpg?seed=user1560&size=300,FAKE,Unknown,26-35
4619,https://api.dicebear.com/7.x/personas/jpg?seed=user1561&size=300,FAKE,Unknown,50+
4620,https://api.dicebear.com/7.x/personas/jpg?seed=user1562&size=300,FAKE,Unknown,50+
4621,https://api.dicebear.com/7.x/personas/jpg?seed=user1563&size=300,FAKE,Unknown,36-50
4622,https://api.dicebear.com/7.x/personas/jpg?seed=user1564&size=300,FAKE,Unknown,36-50
4623,https://api.dicebear.com/7.x/personas/jpg?seed=user1565&size=300,FAKE,Unknown,26-35
4624,https://api.dicebear.com/7.x/personas/jpg?seed=user1566&size=300,FAKE,Unknown,50+
4625,https://api.dicebear.com/7.x/personas/jpg?seed=user1567&size=300,FAKE,Unknown,50+
4626,https://api.dicebear.com/7.x/personas/jpg?seed=user1568&size=300,FAKE,Unknown,26-35
4627,https://api.dicebear.com/7.x/personas/jpg?seed=user1569&size=300,FAKE,Unknown,18-25
4628,https://api.dicebear.com/7.x/personas/jpg?seed=user1570&size=300,FAKE,Unknown,36-50
4629,https://api.dicebear.com/7.x/personas/jpg?seed=user1571&size=300,FAKE,Unknown,26-35
4630,https://api.dicebear.com/7.x/personas/jpg?seed=user1572&size=300,FAKE,Unknown,50+
4631,https://api.dicebear.com/7.x/personas/jpg?seed=user1573&size=300,FAKE,Unknown,26-35
4632,https://api.dicebear.com/7.x/personas/jpg?seed=user1574&size=300,FAKE,Unknown,36-50
4633,https://api.dicebear.com/7.x/personas/jpg?seed=user1575&size=300,FAKE,Unknown,50+
4634,https://api.dicebear.com/7.x/personas/jpg?seed=user1576&size=300,FAKE,Unknown,26-35
4635,https://api.dicebear.com/7.x/personas/jpg?seed=user1577&size=300,FAKE,Unknown,26-35
4636,https://api.dicebear.com/7.x/personas/jpg?seed=user1578&size=300,FAKE,Unknown,26-35
4637,https://api.dicebear.com/7.x/personas/jpg?seed=user1579&size=300,FAKE,Unknown,26-35
4638,https://api.dicebear.com/7.x/personas/jpg?seed=user1580&size=300,FAKE,Unknown,36-50
4639,https://api.dicebear.com/7.x/personas/jpg?seed=user1581&size=300,FAKE,Unknown,18-25
4640,https://api.dicebear.com/7.x/personas/jpg?seed=user1582&size=300,FAKE,Unknown,36-50
4641,https://api.dicebear.com/7.x/personas/jpg?seed=user1583&size=300,FAKE,Unknown,26-35
4642,https://api.dicebear.com/7.x/personas/jpg?seed=user1584&size=300,FAKE,Unknown,18-25
4643,https://api.dicebear.com/7.x/personas/jpg?seed=user1585&size=300,FAKE,Unknown,26-35
4644,https://api.dicebear.com/7.x/personas/jpg?seed=user1586&size=300,FAKE,Unknown,26-35
4645,https://api.dicebear.com/7.x/personas/jpg?seed=user1587&size=300,FAKE,Unknown,36-50
4646,https://api.dicebear.com/7.x/personas/jpg?seed=user1588&size=300,FAKE,Unknown,26-35
4647,https://api.dicebear.com/7.x/personas/jpg?seed=user1589&size=300,FAKE,Unknown,18-25
4648,https://api.dicebear.com/7.x/personas/jpg?seed=user1590&size=300,FAKE,Unknown,18-25
4649,https://api.dicebear.com/7.x/personas/jpg?seed=user1591&size=300,FAKE,Unknown,18-25
4650,https://api.dicebear.com/7.x/personas/jpg?seed=user1592&size=300,FAKE,Unknown,18-25
4651,https://api.dicebear.com/7.x/personas/jpg?seed=user1593&size=300,FAKE,Unknown,18-25
4652,https://api.dicebear.com/7.x/personas/jpg?seed=user1594&size=300,FAKE,Unknown,36-50
4653,https://api.dicebear.com/7.x/personas/jpg?seed=user1595&size=300,FAKE,Unknown,18-25
4654,https://api.dicebear.com/7.x/personas/jpg?seed=user1596&size=300,FAKE,Unknown,36-50
4655,https://api.dicebear.com/7.x/personas/jpg?seed=user1597&size=300,FAKE,Unknown,26-35
4656,https://api.dicebear.com/7.x/personas/jpg?seed=user1598&size=300,FAKE,Unknown,36-50
4657,https://api.dicebear.com/7.x/personas/jpg?seed=user1599&size=300,FAKE,Unknown,18-25
4658,https://api.dicebear.com/7.x/personas/jpg?seed=user1600&size=300,FAKE,Unknown,26-35
4659,https://api.dicebear.com/7.x/personas/jpg?seed=user1601&size=300,FAKE,Unknown,18-25
4660,https://api.dicebear.com/7.x/personas/jpg?seed=user1602&size=300,FAKE,Unknown,50+
4661,https://api.dicebear.com/7.x/personas/jpg?seed=user1603&size=300,FAKE,Unknown,26-35
4662,https://api.dicebear.com/7.x/personas/jpg?seed=user1604&size=300,FAKE,Unknown,50+
4663,https://api.dicebear.com/7.x/personas/jpg?seed=user1605&size=300,FAKE,Unknown,18-25
4664,https://api.dicebear.com/7.x/personas/jpg?seed=user1606&size=300,FAKE,Unknown,26-35
4665,https://api.dicebear.com/7.x/personas/jpg?seed=user1607&size=300,FAKE,Unknown,36-50
4666,https://api.dicebear.com/7.x/personas/jpg?seed=user1608&size=300,FAKE,Unknown,36-50
4667,https://api.dicebear.com/7.x/personas/jpg?seed=user1609&size=300,FAKE,Unknown,18-25
4668,https://api.dicebear.com/7.x/personas/jpg?seed=user1610&size=300,FAKE,Unknown,50+
4669,https://api.dicebear.com/7.x/personas/jpg?seed=user1611&size=300,FAKE,Unknown,18-25
4670,https://api.dicebear.com/7.x/personas/jpg?seed=user1612&size=300,FAKE,Unknown,26-35
4671,https://api.dicebear.com/7.x/personas/jpg?seed=user1613&size=300,FAKE,Unknown,36-50
4672,https://api.dicebear.com/7.x/personas/jpg?seed=user1614&size=300,FAKE,Unknown,18-25
4673,https://api.dicebear.com/7.x/personas/jpg?seed=user1615&size=300,FAKE,Unknown,26-35
4674,https://api.dicebear.com/7.x/personas/jpg?seed=user1616&size=300,FAKE,Unknown,50+
4675,https://api.dicebear.com/7.x/personas/jpg?seed=user1617&size=300,FAKE,Unknown,26-35
4676,https://api.dicebear.com/7.x/personas/jpg?seed=user1618&size=300,FAKE,Unknown,50+
4677,https://api.dicebear.com/7.x/personas/jpg?seed=user1619&size=300,FAKE,Unknown,36-50
4678,https://api.dicebear.com/7.x/personas/jpg?seed=user1620&size=300,FAKE,Unknown,26-35
4679,https://api.dicebear.com/7.x/personas/jpg?seed=user1621&size=300,FAKE,Unknown,36-50
4680,https://api.dicebear.com/7.x/personas/jpg?seed=user1622&size=300,FAKE,Unknown,50+
4681,https://api.dicebear.com/7.x/personas/jpg?seed=user1623&size=300,FAKE,Unknown,26-35
4682,https://api.dicebear.com/7.x/personas/jpg?seed=user1624&size=300,FAKE,Unknown,36-50
4683,https://api.dicebear.com/7.x/personas/jpg?seed=user1625&size=300,FAKE,Unknown,18-25
4684,https://api.dicebear.com/7.x/personas/jpg?seed=user1626&size=300,FAKE,Unknown,36-50
4685,https://api.dicebear.com/7.x/personas/jpg?seed=user1627&size=300,FAKE,Unknown,26-35
4686,https://api.dicebear.com/7.x/personas/jpg?seed=user1628&size=300,FAKE,Unknown,50+
4687,https://api.dicebear.com/7.x/personas/jpg?seed=user1629&size=300,FAKE,Unknown,36-50
4688,https://api.dicebear.com/7.x/personas/jpg?seed=user1630&size=300,FAKE,Unknown,26-35
4689,https://api.dicebear.com/7.x/personas/jpg?seed=user1631&size=300,FAKE,Unknown,18-25
4690,https://api.dicebear.com/7.x/personas/jpg?seed=user1632&size=300,FAKE,Unknown,26-35
4691,https://api.dicebear.com/7.x/personas/jpg?seed=user1633&size=300,FAKE,Unknown,18-25
4692,https://api.dicebear.com/7.x/personas/jpg?seed=user1634&size=300,FAKE,Unknown,50+
4693,https://api.dicebear.com/7.x/personas/jpg?seed=user1635&size=300,FAKE,Unknown,18-25
4694,https://api.dicebear.com/7.x/personas/jpg?seed=user1636&size=300,FAKE,Unknown,18-25
4695,https://api.dicebear.com/7.x/personas/jpg?seed=user1637&size=300,FAKE,Unknown,18-25
4696,https://api.dicebear.com/7.x/personas/jpg?seed=user1638&size=300,FAKE,Unknown,18-25
4697,https://api.dicebear.com/7.x/personas/jpg?seed=user1639&size=300,FAKE,Unknown,36-50
4698,https://api.dicebear.com/7.x/personas/jpg?seed=user1640&size=300,FAKE,Unknown,18-25
4699,https://api.dicebear.com/7.x/personas/jpg?seed=user1641&size=300,FAKE,Unknown,26-35
4700,https://api.dicebear.com/7.x/personas/jpg?seed=user1642&size=300,FAKE,Unknown,18-25
4701,https://api.dicebear.com/7.x/personas/jpg?seed=user1643&size=300,FAKE,Unknown,26-35
4702,https://api.dicebear.com/7.x/personas/jpg?seed=user1644&size=300,FAKE,Unknown,50+
4703,https://api.dicebear.com/7.x/personas/jpg?seed=user1645&size=300,FAKE,Unknown,18-25
4704,https://api.dicebear.com/7.x/personas/jpg?seed=user1646&size=300,FAKE,Unknown,36-50
4705,https://api.dicebear.com/7.x/personas/jpg?seed=user1647&size=300,FAKE,Unknown,36-50
4706,https://api.dicebear.com/7.x/personas/jpg?seed=user1648&size=300,FAKE,Unknown,26-35
4707,https://api.dicebear.com/7.x/personas/jpg?seed=user1649&size=300,FAKE,Unknown,36-50
4708,https://api.dicebear.com/7.x/personas/jpg?seed=user1650&size=300,FAKE,Unknown,36-50
4709,https://api.dicebear.com/7.x/personas/jpg?seed=user1651&size=300,FAKE,Unknown,36-50
4710,https://api.dicebear.com/7.x/personas/jpg?seed=user1652&size=300,FAKE,Unknown,26-35
4711,https://api.dicebear.com/7.x/personas/jpg?seed=user1653&size=300,FAKE,Unknown,26-35
4712,https://api.dicebear.com/7.x/personas/jpg?seed=user1654&size=300,FAKE,Unknown,26-35
4713,https://api.dicebear.com/7.x/personas/jpg?seed=user1655&size=300,FAKE,Unknown,50+
4714,https://api.dicebear.com/7.x/personas/jpg?seed=user1656&size=300,FAKE,Unknown,36-50
4715,https://api.dicebear.com/7.x/personas/jpg?seed=user1657&size=300,FAKE,Unknown,50+
4716,https://api.dicebear.com/7.x/personas/jpg?seed=user1658&size=300,FAKE,Unknown,36-50
4717,https://api.dicebear.com/7.x/personas/jpg?seed=user1659&size=300,FAKE,Unknown,36-50
4718,https://api.dicebear.com/7.x/personas/jpg?seed=user1660&size=300,FAKE,Unknown,50+
4719,https://api.dicebear.com/7.x/personas/jpg?seed=user1661&size=300,FAKE,Unknown,36-50
4720,https://api.dicebear.com/7.x/personas/jpg?seed=user1662&size=300,FAKE,Unknown,26-35
4721,https://api.dicebear.com/7.x/personas/jpg?seed=user1663&size=300,FAKE,Unknown,50+
4722,https://api.dicebear.com/7.x/personas/jpg?seed=user1664&size=300,FAKE,Unknown,50+
4723,https://api.dicebear.com/7.x/personas/jpg?seed=user1665&size=300,FAKE,Unknown,26-35
4724,https://api.dicebear.com/7.x/personas/jpg?seed=user1666&size=300,FAKE,Unknown,36-50
4725,https://api.dicebear.com/7.x/personas/jpg?seed=user1667&size=300,FAKE,Unknown,36-50
4726,https://api.dicebear.com/7.x/personas/jpg?seed=user1668&size=300,FAKE,Unknown,50+
4727,https://api.dicebear.com/7.x/personas/jpg?seed=user1669&size=300,FAKE,Unknown,50+
4728,https://api.dicebear.com/7.x/personas/jpg?seed=user1670&size=300,FAKE,Unknown,18-25
4729,https://api.dicebear.com/7.x/personas/jpg?seed=user1671&size=300,FAKE,Unknown,26-35
4730,https://api.dicebear.com/7.x/personas/jpg?seed=user1672&size=300,FAKE,Unknown,26-35
4731,https://api.dicebear.com/7.x/personas/jpg?seed=user1673&size=300,FAKE,Unknown,50+
4732,https://api.dicebear.com/7.x/personas/jpg?seed=user1674&size=300,FAKE,Unknown,50+
4733,https://api.dicebear.com/7.x/personas/jpg?seed=user1675&size=300,FAKE,Unknown,36-50
4734,https://api.dicebear.com/7.x/personas/jpg?seed=user1676&size=300,FAKE,Unknown,36-50
4735,https://api.dicebear.com/7.x/personas/jpg?seed=user1677&size=300,FAKE,Unknown,50+
4736,https://api.dicebear.com/7.x/personas/jpg?seed=user1678&size=300,FAKE,Unknown,26-35
4737,https://api.dicebear.com/7.x/personas/jpg?seed=user1679&size=300,FAKE,Unknown,36-50
4738,https://api.dicebear.com/7.x/personas/jpg?seed=user1680&size=300,FAKE,Unknown,18-25
4739,https://api.dicebear.com/7.x/personas/jpg?seed=user1681&size=300,FAKE,Unknown,50+
4740,https://api.dicebear.com/7.x/personas/jpg?seed=user1682&size=300,FAKE,Unknown,50+
4741,https://api.dicebear.com/7.x/personas/jpg?seed=user1683&size=300,FAKE,Unknown,36-50
4742,https://api.dicebear.com/7.x/personas/jpg?seed=user1684&size=300,FAKE,Unknown,18-25
4743,https://api.dicebear.com/7.x/personas/jpg?seed=user1685&size=300,FAKE,Unknown,18-25
4744,https://api.dicebear.com/7.x/personas/jpg?seed=user1686&size=300,FAKE,Unknown,50+
4745,https://api.dicebear.com/7.x/personas/jpg?seed=user1687&size=300,FAKE,Unknown,36-50
4746,https://api.dicebear.com/7.x/personas/jpg?seed=user1688&size=300,FAKE,Unknown,26-35
4747,https://api.dicebear.com/7.x/personas/jpg?seed=user1689&size=300,FAKE,Unknown,26-35
4748,https://api.dicebear.com/7.x/personas/jpg?seed=user1690&size=300,FAKE,Unknown,36-50
4749,https://api.dicebear.com/7.x/personas/jpg?seed=user1691&size=300,FAKE,Unknown,50+
4750,https://api.dicebear.com/7.x/personas/jpg?seed=user1692&size=300,FAKE,Unknown,50+
4751,https://api.dicebear.com/7.x/personas/jpg?seed=user1693&size=300,FAKE,Unknown,18-25
4752,https://api.dicebear.com/7.x/personas/jpg?seed=user1694&size=300,FAKE,Unknown,50+
4753,https://api.dicebear.com/7.x/personas/jpg?seed=user1695&size=300,FAKE,Unknown,36-50
4754,https://api.dicebear.com/7.x/personas/jpg?seed=user1696&size=300,FAKE,Unknown,26-35
4755,https://api.dicebear.com/7.x/personas/jpg?seed=user1697&size=300,FAKE,Unknown,36-50
4756,https://api.dicebear.com/7.x/personas/jpg?seed=user1698&size=300,FAKE,Unknown,36-50
4757,https://api.dicebear.com/7.x/personas/jpg?seed=user1699&size=300,FAKE,Unknown,18-25
4758,https://api.dicebear.com/7.x/personas/jpg?seed=user1700&size=300,FAKE,Unknown,36-50
4759,https://api.dicebear.com/7.x/personas/jpg?seed=user1701&size=300,FAKE,Unknown,18-25
4760,https://api.dicebear.com/7.x/personas/jpg?seed=user1702&size=300,FAKE,Unknown,26-35
4761,https://api.dicebear.com/7.x/personas/jpg?seed=user1703&size=300,FAKE,Unknown,26-35
4762,https://api.dicebear.com/7.x/personas/jpg?seed=user1704&size=300,FAKE,Unknown,26-35
4763,https://api.dicebear.com/7.x/personas/jpg?seed=user1705&size=300,FAKE,Unknown,36-50
4764,https://api.dicebear.com/7.x/personas/jpg?seed=user1706&size=300,FAKE,Unknown,50+
4765,https://api.dicebear.com/7.x/personas/jpg?seed=user1707&size=300,FAKE,Unknown,18-25
4766,https://api.dicebear.com/7.x/personas/jpg?seed=user1708&size=300,FAKE,Unknown,50+
4767,https://api.dicebear.com/7.x/personas/jpg?seed=user1709&size=300,FAKE,Unknown,50+
4768,https://api.dicebear.com/7.x/personas/jpg?seed=user1710&size=300,FAKE,Unknown,26-35
4769,https://api.dicebear.com/7.x/personas/jpg?seed=user1711&size=300,FAKE,Unknown,18-25
4770,https://api.dicebear.com/7.x/personas/jpg?seed=user1712&size=300,FAKE,Unknown,36-50
4771,https://api.dicebear.com/7.x/personas/jpg?seed=user1713&size=300,FAKE,Unknown,36-50
4772,https://api.dicebear.com/7.x/personas/jpg?seed=user1714&size=300,FAKE,Unknown,50+
4773,https://api.dicebear.com/7.x/personas/jpg?seed=user1715&size=300,FAKE,Unknown,26-35
4774,https://api.dicebear.com/7.x/personas/jpg?seed=user1716&size=300,FAKE,Unknown,26-35
4775,https://api.dicebear.com/7.x/personas/jpg?seed=user1717&size=300,FAKE,Unknown,26-35
4776,https://api.dicebear.com/7.x/personas/jpg?seed=user1718&size=300,FAKE,Unknown,18-25
4777,https://api.dicebear.com/7.x/personas/jpg?seed=user1719&size=300,FAKE,Unknown,26-35
4778,https://api.dicebear.com/7.x/personas/jpg?seed=user1720&size=300,FAKE,Unknown,26-35
4779,https://api.dicebear.com/7.x/personas/jpg?seed=user1721&size=300,FAKE,Unknown,50+
4780,https://api.dicebear.com/7.x/personas/jpg?seed=user1722&size=300,FAKE,Unknown,18-25
4781,https://api.dicebear.com/7.x/personas/jpg?seed=user1723&size=300,FAKE,Unknown,26-35
4782,https://api.dicebear.com/7.x/personas/jpg?seed=user1724&size=300,FAKE,Unknown,18-25
4783,https://api.dicebear.com/7.x/personas/jpg?seed=user1725&size=300,FAKE,Unknown,36-50
4784,https://api.dicebear.com/7.x/personas/jpg?seed=user1726&size=300,FAKE,Unknown,26-35
4785,https://api.dicebear.com/7.x/personas/jpg?seed=user1727&size=300,FAKE,Unknown,50+
4786,https://api.dicebear.com/7.x/personas/jpg?seed=user1728&size=300,FAKE,Unknown,26-35
4787,https://api.dicebear.com/7.x/personas/jpg?seed=user1729&size=300,FAKE,Unknown,36-50
4788,https://api.dicebear.com/7.x/personas/jpg?seed=user1730&size=300,FAKE,Unknown,50+
4789,https://api.dicebear.com/7.x/personas/jpg?seed=user1731&size=300,FAKE,Unknown,50+
4790,https://api.dicebear.com/7.x/personas/jpg?seed=user1732&size=300,FAKE,Unknown,18-25
4791,https://api.dicebear.com/7.x/personas/jpg?seed=user1733&size=300,FAKE,Unknown,26-35
4792,https://api.dicebear.com/7.x/personas/jpg?seed=user1734&size=300,FAKE,Unknown,50+
4793,https://api.dicebear.com/7.x/personas/jpg?seed=user1735&size=300,FAKE,Unknown,36-50
4794,https://api.dicebear.com/7.x/personas/jpg?seed=user1736&size=300,FAKE,Unknown,50+
4795,https://api.dicebear.com/7.x/personas/jpg?seed=user1737&size=300,FAKE,Unknown,26-35
4796,https://api.dicebear.com/7.x/personas/jpg?seed=user1738&size=300,FAKE,Unknown,50+
4797,https://api.dicebear.com/7.x/personas/jpg?seed=user1739&size=300,FAKE,Unknown,36-50
4798,https://api.dicebear.com/7.x/personas/jpg?seed=user1740&size=300,FAKE,Unknown,26-35
4799,https://api.dicebear.com/7.x/personas/jpg?seed=user1741&size=300,FAKE,Unknown,26-35
4800,https://api.dicebear.com/7.x/personas/jpg?seed=user1742&size=300,FAKE,Unknown,18-25
4801,https://api.dicebear.com/7.x/personas/jpg?seed=user1743&size=300,FAKE,Unknown,18-25
4802,https://api.dicebear.com/7.x/personas/jpg?seed=user1744&size=300,FAKE,Unknown,18-25
4803,https://api.dicebear.com/7.x/personas/jpg?seed=user1745&size=300,FAKE,Unknown,26-35
4804,https://api.dicebear.com/7.x/personas/jpg?seed=user1746&size=300,FAKE,Unknown,36-50
4805,https://api.dicebear.com/7.x/personas/jpg?seed=user1747&size=300,FAKE,Unknown,26-35
4806,https://api.dicebear.com/7.x/personas/jpg?seed=user1748&size=300,FAKE,Unknown,36-50
4807,https://api.dicebear.com/7.x/personas/jpg?seed=user1749&size=300,FAKE,Unknown,26-35
4808,https://api.dicebear.com/7.x/personas/jpg?seed=user1750&size=300,FAKE,Unknown,50+
4809,https://api.dicebear.com/7.x/personas/jpg?seed=user1751&size=300,FAKE,Unknown,26-35
4810,https://api.dicebear.com/7.x/personas/jpg?seed=user1752&size=300,FAKE,Unknown,18-25
4811,https://api.dicebear.com/7.x/personas/jpg?seed=user1753&size=300,FAKE,Unknown,36-50
4812,https://api.dicebear.com/7.x/personas/jpg?seed=user1754&size=300,FAKE,Unknown,50+
4813,https://api.dicebear.com/7.x/personas/jpg?seed=user1755&size=300,FAKE,Unknown,50+
4814,https://api.dicebear.com/7.x/personas/jpg?seed=user1756&size=300,FAKE,Unknown,18-25
4815,https://api.dicebear.com/7.x/personas/jpg?seed=user1757&size=300,FAKE,Unknown,50+
4816,https://api.dicebear.com/7.x/personas/jpg?seed=user1758&size=300,FAKE,Unknown,36-50
4817,https://api.dicebear.com/7.x/personas/jpg?seed=user1759&size=300,FAKE,Unknown,26-35
4818,https://api.dicebear.com/7.x/personas/jpg?seed=user1760&size=300,FAKE,Unknown,26-35
4819,https://api.dicebear.com/7.x/personas/jpg?seed=user1761&size=300,FAKE,Unknown,36-50
4820,https://api.dicebear.com/7.x/personas/jpg?seed=user1762&size=300,FAKE,Unknown,26-35
4821,https://api.dicebear.com/7.x/personas/jpg?seed=user1763&size=300,FAKE,Unknown,36-50
4822,https://api.dicebear.com/7.x/personas/jpg?seed=user1764&size=300,FAKE,Unknown,18-25
4823,https://api.dicebear.com/7.x/personas/jpg?seed=user1765&size=300,FAKE,Unknown,26-35
4824,https://api.dicebear.com/7.x/personas/jpg?seed=user1766&size=300,FAKE,Unknown,18-25
4825,https://api.dicebear.com/7.x/personas/jpg?seed=user1767&size=300,FAKE,Unknown,18-25
4826,https://api.dicebear.com/7.x/personas/jpg?seed=user1768&size=300,FAKE,Unknown,18-25
4827,https://api.dicebear.com/7.x/personas/jpg?seed=user1769&size=300,FAKE,Unknown,18-25
4828,https://api.dicebear.com/7.x/personas/jpg?seed=user1770&size=300,FAKE,Unknown,18-25
4829,https://api.dicebear.com/7.x/personas/jpg?seed=user1771&size=300,FAKE,Unknown,36-50
4830,https://api.dicebear.com/7.x/personas/jpg?seed=user1772&size=300,FAKE,Unknown,36-50
4831,https://api.dicebear.com/7.x/personas/jpg?seed=user1773&size=300,FAKE,Unknown,50+
4832,https://api.dicebear.com/7.x/personas/jpg?seed=user1774&size=300,FAKE,Unknown,26-35
4833,https://api.dicebear.com/7.x/personas/jpg?seed=user1775&size=300,FAKE,Unknown,36-50
4834,https://api.dicebear.com/7.x/personas/jpg?seed=user1776&size=300,FAKE,Unknown,18-25
4835,https://api.dicebear.com/7.x/personas/jpg?seed=user1777&size=300,FAKE,Unknown,50+
4836,https://api.dicebear.com/7.x/personas/jpg?seed=user1778&size=300,FAKE,Unknown,36-50
4837,https://api.dicebear.com/7.x/personas/jpg?seed=user1779&size=300,FAKE,Unknown,50+
4838,https://api.dicebear.com/7.x/personas/jpg?seed=user1780&size=300,FAKE,Unknown,26-35
4839,https://api.dicebear.com/7.x/personas/jpg?seed=user1781&size=300,FAKE,Unknown,26-35
4840,https://api.dicebear.com/7.x/personas/jpg?seed=user1782&size=300,FAKE,Unknown,50+
4841,https://api.dicebear.com/7.x/personas/jpg?seed=user1783&size=300,FAKE,Unknown,36-50
4842,https://api.dicebear.com/7.x/personas/jpg?seed=user1784&size=300,FAKE,Unknown,18-25
4843,https://api.dicebear.com/7.x/personas/jpg?seed=user1785&size=300,FAKE,Unknown,26-35
4844,https://api.dicebear.com/7.x/personas/jpg?seed=user1786&size=300,FAKE,Unknown,50+
4845,https://api.dicebear.com/7.x/personas/jpg?seed=user1787&size=300,FAKE,Unknown,36-50
4846,https://api.dicebear.com/7.x/personas/jpg?seed=user1788&size=300,FAKE,Unknown,50+
4847,https://api.dicebear.com/7.x/personas/jpg?seed=user1789&size=300,FAKE,Unknown,36-50
4848,https://api.dicebear.com/7.x/personas/jpg?seed=user1790&size=300,FAKE,Unknown,26-35
4849,https://api.dicebear.com/7.x/personas/jpg?seed=user1791&size=300,FAKE,Unknown,50+
4850,https://api.dicebear.com/7.x/personas/jpg?seed=user1792&size=300,FAKE,Unknown,50+
4851,https://api.dicebear.com/7.x/personas/jpg?seed=user1793&size=300,FAKE,Unknown,36-50
4852,https://api.dicebear.com/7.x/personas/jpg?seed=user1794&size=300,FAKE,Unknown,36-50
4853,https://api.dicebear.com/7.x/personas/jpg?seed=user1795&size=300,FAKE,Unknown,50+
4854,https://api.dicebear.com/7.x/personas/jpg?seed=user1796&size=300,FAKE,Unknown,26-35
4855,https://api.dicebear.com/7.x/personas/jpg?seed=user1797&size=300,FAKE,Unknown,50+
4856,https://api.dicebear.com/7.x/personas/jpg?seed=user1798&size=300,FAKE,Unknown,50+
4857,https://api.dicebear.com/7.x/personas/jpg?seed=user1799&size=300,FAKE,Unknown,50+
4858,https://api.dicebear.com/7.x/personas/jpg?seed=user1800&size=300,FAKE,Unknown,36-50
4859,https://api.dicebear.com/7.x/personas/jpg?seed=user1801&size=300,FAKE,Unknown,18-25
4860,https://api.dicebear.com/7.x/personas/jpg?seed=user1802&size=300,FAKE,Unknown,50+
4861,https://api.dicebear.com/7.x/personas/jpg?seed=user1803&size=300,FAKE,Unknown,18-25
4862,https://api.dicebear.com/7.x/personas/jpg?seed=user1804&size=300,FAKE,Unknown,18-25
4863,https://api.dicebear.com/7.x/personas/jpg?seed=user1805&size=300,FAKE,Unknown,50+
4864,https://api.dicebear.com/7.x/personas/jpg?seed=user1806&size=300,FAKE,Unknown,18-25
4865,https://api.dicebear.com/7.x/personas/jpg?seed=user1807&size=300,FAKE,Unknown,36-50
4866,https://api.dicebear.com/7.x/personas/jpg?seed=user1808&size=300,FAKE,Unknown,50+
4867,https://api.dicebear.com/7.x/personas/jpg?seed=user1809&size=300,FAKE,Unknown,26-35
4868,https://api.dicebear.com/7.x/personas/jpg?seed=user1810&size=300,FAKE,Unknown,26-35
4869,https://api.dicebear.com/7.x/personas/jpg?seed=user1811&size=300,FAKE,Unknown,18-25
4870,https://api.dicebear.com/7.x/personas/jpg?seed=user1812&size=300,FAKE,Unknown,50+
4871,https://api.dicebear.com/7.x/personas/jpg?seed=user1813&size=300,FAKE,Unknown,50+
4872,https://api.dicebear.com/7.x/personas/jpg?seed=user1814&size=300,FAKE,Unknown,26-35
4873,https://api.dicebear.com/7.x/personas/jpg?seed=user1815&size=300,FAKE,Unknown,26-35
4874,https://api.dicebear.com/7.x/personas/jpg?seed=user1816&size=300,FAKE,Unknown,50+
4875,https://api.dicebear.com/7.x/personas/jpg?seed=user1817&size=300,FAKE,Unknown,18-25
4876,https://api.dicebear.com/7.x/personas/jpg?seed=user1818&size=300,FAKE,Unknown,18-25
4877,https://api.dicebear.com/7.x/personas/jpg?seed=user1819&size=300,FAKE,Unknown,26-35
4878,https://api.dicebear.com/7.x/personas/jpg?seed=user1820&size=300,FAKE,Unknown,36-50
4879,https://api.dicebear.com/7.x/personas/jpg?seed=user1821&size=300,FAKE,Unknown,18-25
4880,https://api.dicebear.com/7.x/personas/jpg?seed=user1822&size=300,FAKE,Unknown,18-25
4881,https://api.dicebear.com/7.x/personas/jpg?seed=user1823&size=300,FAKE,Unknown,50+
4882,https://api.dicebear.com/7.x/personas/jpg?seed=user1824&size=300,FAKE,Unknown,18-25
4883,https://api.dicebear.com/7.x/personas/jpg?seed=user1825&size=300,FAKE,Unknown,26-35
4884,https://api.dicebear.com/7.x/personas/jpg?seed=user1826&size=300,FAKE,Unknown,26-35
4885,https://api.dicebear.com/7.x/personas/jpg?seed=user1827&size=300,FAKE,Unknown,26-35
4886,https://api.dicebear.com/7.x/personas/jpg?seed=user1828&size=300,FAKE,Unknown,18-25
4887,https://api.dicebear.com/7.x/personas/jpg?seed=user1829&size=300,FAKE,Unknown,26-35
4888,https://api.dicebear.com/7.x/personas/jpg?seed=user1830&size=300,FAKE,Unknown,50+
4889,https://api.dicebear.com/7.x/personas/jpg?seed=user1831&size=300,FAKE,Unknown,26-35
4890,https://api.dicebear.com/7.x/personas/jpg?seed=user1832&size=300,FAKE,Unknown,26-35
4891,https://api.dicebear.com/7.x/personas/jpg?seed=user1833&size=300,FAKE,Unknown,18-25
4892,https://api.dicebear.com/7.x/personas/jpg?seed=user1834&size=300,FAKE,Unknown,26-35
4893,https://api.dicebear.com/7.x/personas/jpg?seed=user1835&size=300,FAKE,Unknown,26-35
4894,https://api.dicebear.com/7.x/personas/jpg?seed=user1836&size=300,FAKE,Unknown,50+
4895,https://api.dicebear.com/7.x/personas/jpg?seed=user1837&size=300,FAKE,Unknown,36-50
4896,https://api.dicebear.com/7.x/personas/jpg?seed=user1838&size=300,FAKE,Unknown,18-25
4897,https://api.dicebear.com/7.x/personas/jpg?seed=user1839&size=300,FAKE,Unknown,26-35
4898,https://api.dicebear.com/7.x/personas/jpg?seed=user1840&size=300,FAKE,Unknown,26-35
4899,https://api.dicebear.com/7.x/personas/jpg?seed=user1841&size=300,FAKE,Unknown,50+
4900,https://api.dicebear.com/7.x/personas/jpg?seed=user1842&size=300,FAKE,Unknown,18-25
4901,https://api.dicebear.com/7.x/personas/jpg?seed=user1843&size=300,FAKE,Unknown,36-50
4902,https://api.dicebear.com/7.x/personas/jpg?seed=user1844&size=300,FAKE,Unknown,26-35
4903,https://api.dicebear.com/7.x/personas/jpg?seed=user1845&size=300,FAKE,Unknown,18-25
4904,https://api.dicebear.com/7.x/personas/jpg?seed=user1846&size=300,FAKE,Unknown,50+
4905,https://api.dicebear.com/7.x/personas/jpg?seed=user1847&size=300,FAKE,Unknown,36-50
4906,https://api.dicebear.com/7.x/personas/jpg?seed=user1848&size=300,FAKE,Unknown,26-35
4907,https://api.dicebear.com/7.x/personas/jpg?seed=user1849&size=300,FAKE,Unknown,36-50
4908,https://api.dicebear.com/7.x/personas/jpg?seed=user1850&size=300,FAKE,Unknown,36-50
4909,https://api.dicebear.com/7.x/personas/jpg?seed=user1851&size=300,FAKE,Unknown,18-25
4910,https://api.dicebear.com/7.x/personas/jpg?seed=user1852&size=300,FAKE,Unknown,50+
4911,https://api.dicebear.com/7.x/personas/jpg?seed=user1853&size=300,FAKE,Unknown,50+
4912,https://api.dicebear.com/7.x/personas/jpg?seed=user1854&size=300,FAKE,Unknown,26-35
4913,https://api.dicebear.com/7.x/personas/jpg?seed=user1855&size=300,FAKE,Unknown,36-50
4914,https://api.dicebear.com/7.x/personas/jpg?seed=user1856&size=300,FAKE,Unknown,26-35
4915,https://api.dicebear.com/7.x/personas/jpg?seed=user1857&size=300,FAKE,Unknown,50+
4916,https://api.dicebear.com/7.x/personas/jpg?seed=user1858&size=300,FAKE,Unknown,26-35
4917,https://api.dicebear.com/7.x/personas/jpg?seed=user1859&size=300,FAKE,Unknown,50+
4918,https://api.dicebear.com/7.x/personas/jpg?seed=user1860&size=300,FAKE,Unknown,18-25
4919,https://api.dicebear.com/7.x/personas/jpg?seed=user1861&size=300,FAKE,Unknown,18-25
4920,https://api.dicebear.com/7.x/personas/jpg?seed=user1862&size=300,FAKE,Unknown,18-25
4921,https://api.dicebear.com/7.x/personas/jpg?seed=user1863&size=300,FAKE,Unknown,26-35
4922,https://api.dicebear.com/7.x/personas/jpg?seed=user1864&size=300,FAKE,Unknown,26-35
4923,https://api.dicebear.com/7.x/personas/jpg?seed=user1865&size=300,FAKE,Unknown,50+
4924,https://api.dicebear.com/7.x/personas/jpg?seed=user1866&size=300,FAKE,Unknown,26-35
4925,https://api.dicebear.com/7.x/personas/jpg?seed=user1867&size=300,FAKE,Unknown,50+
4926,https://api.dicebear.com/7.x/personas/jpg?seed=user1868&size=300,FAKE,Unknown,36-50
4927,https://api.dicebear.com/7.x/personas/jpg?seed=user1869&size=300,FAKE,Unknown,18-25
4928,https://api.dicebear.com/7.x/personas/jpg?seed=user1870&size=300,FAKE,Unknown,26-35
4929,https://api.dicebear.com/7.x/personas/jpg?seed=user1871&size=300,FAKE,Unknown,36-50
4930,https://api.dicebear.com/7.x/personas/jpg?seed=user1872&size=300,FAKE,Unknown,50+
4931,https://api.dicebear.com/7.x/personas/jpg?seed=user1873&size=300,FAKE,Unknown,36-50
4932,https://api.dicebear.com/7.x/personas/jpg?seed=user1874&size=300,FAKE,Unknown,26-35
4933,https://api.dicebear.com/7.x/personas/jpg?seed=user1875&size=300,FAKE,Unknown,50+
4934,https://api.dicebear.com/7.x/personas/jpg?seed=user1876&size=300,FAKE,Unknown,36-50
4935,https://api.dicebear.com/7.x/personas/jpg?seed=user1877&size=300,FAKE,Unknown,18-25
4936,https://api.dicebear.com/7.x/personas/jpg?seed=user1878&size=300,FAKE,Unknown,18-25
4937,https://api.dicebear.com/7.x/personas/jpg?seed=user1879&size=300,FAKE,Unknown,36-50
4938,https://api.dicebear.com/7.x/personas/jpg?seed=user1880&size=300,FAKE,Unknown,18-25
4939,https://api.dicebear.com/7.x/personas/jpg?seed=user1881&size=300,FAKE,Unknown,26-35
4940,https://api.dicebear.com/7.x/personas/jpg?seed=user1882&size=300,FAKE,Unknown,50+
4941,https://api.dicebear.com/7.x/personas/jpg?seed=user1883&size=300,FAKE,Unknown,26-35
4942,https://api.dicebear.com/7.x/personas/jpg?seed=user1884&size=300,FAKE,Unknown,26-35
4943,https://api.dicebear.com/7.x/personas/jpg?seed=user1885&size=300,FAKE,Unknown,18-25
4944,https://api.dicebear.com/7.x/personas/jpg?seed=user1886&size=300,FAKE,Unknown,36-50
4945,https://api.dicebear.com/7.x/personas/jpg?seed=user1887&size=300,FAKE,Unknown,18-25
4946,https://api.dicebear.com/7.x/personas/jpg?seed=user1888&size=300,FAKE,Unknown,26-35
4947,https://api.dicebear.com/7.x/personas/jpg?seed=user1889&size=300,FAKE,Unknown,50+
4948,https://api.dicebear.com/7.x/personas/jpg?seed=user1890&size=300,FAKE,Unknown,36-50
4949,https://api.dicebear.com/7.x/personas/jpg?seed=user1891&size=300,FAKE,Unknown,36-50
4950,https://api.dicebear.com/7.x/personas/jpg?seed=user1892&size=300,FAKE,Unknown,36-50
4951,https://api.dicebear.com/7.x/personas/jpg?seed=user1893&size=300,FAKE,Unknown,18-25
4952,https://api.dicebear.com/7.x/personas/jpg?seed=user1894&size=300,FAKE,Unknown,18-25
4953,https://api.dicebear.com/7.x/personas/jpg?seed=user1895&size=300,FAKE,Unknown,26-35
4954,https://api.dicebear.com/7.x/personas/jpg?seed=user1896&size=300,FAKE,Unknown,26-35
4955,https://api.dicebear.com/7.x/personas/jpg?seed=user1897&size=300,FAKE,Unknown,36-50
4956,https://api.dicebear.com/7.x/personas/jpg?seed=user1898&size=300,FAKE,Unknown,36-50
4957,https://api.dicebear.com/7.x/personas/jpg?seed=user1899&size=300,FAKE,Unknown,26-35
4958,https://api.dicebear.com/7.x/personas/jpg?seed=user1900&size=300,FAKE,Unknown,18-25
4959,https://api.dicebear.com/7.x/personas/jpg?seed=user1901&size=300,FAKE,Unknown,50+
4960,https://api.dicebear.com/7.x/personas/jpg?seed=user1902&size=300,FAKE,Unknown,36-50
4961,https://api.dicebear.com/7.x/personas/jpg?seed=user1903&size=300,FAKE,Unknown,36-50
4962,https://api.dicebear.com/7.x/personas/jpg?seed=user1904&size=300,FAKE,Unknown,18-25
4963,https://api.dicebear.com/7.x/personas/jpg?seed=user1905&size=300,FAKE,Unknown,50+
4964,https://api.dicebear.com/7.x/personas/jpg?seed=user1906&size=300,FAKE,Unknown,36-50
4965,https://api.dicebear.com/7.x/personas/jpg?seed=user1907&size=300,FAKE,Unknown,50+
4966,https://api.dicebear.com/7.x/personas/jpg?seed=user1908&size=300,FAKE,Unknown,36-50
4967,https://api.dicebear.com/7.x/personas/jpg?seed=user1909&size=300,FAKE,Unknown,26-35
4968,https://api.dicebear.com/7.x/personas/jpg?seed=user1910&size=300,FAKE,Unknown,50+
4969,https://api.dicebear.com/7.x/personas/jpg?seed=user1911&size=300,FAKE,Unknown,36-50
4970,https://api.dicebear.com/7.x/personas/jpg?seed=user1912&size=300,FAKE,Unknown,50+
4971,https://api.dicebear.com/7.x/personas/jpg?seed=user1913&size=300,FAKE,Unknown,50+
4972,https://api.dicebear.com/7.x/personas/jpg?seed=user1914&size=300,FAKE,Unknown,26-35
4973,https://api.dicebear.com/7.x/personas/jpg?seed=user1915&size=300,FAKE,Unknown,18-25
4974,https://api.dicebear.com/7.x/personas/jpg?seed=user1916&size=300,FAKE,Unknown,26-35
4975,https://api.dicebear.com/7.x/personas/jpg?seed=user1917&size=300,FAKE,Unknown,50+
4976,https://api.dicebear.com/7.x/personas/jpg?seed=user1918&size=300,FAKE,Unknown,36-50
4977,https://api.dicebear.com/7.x/personas/jpg?seed=user1919&size=300,FAKE,Unknown,50+
4978,https://api.dicebear.com/7.x/personas/jpg?seed=user1920&size=300,FAKE,Unknown,18-25
4979,https://api.dicebear.com/7.x/personas/jpg?seed=user1921&size=300,FAKE,Unknown,50+
4980,https://api.dicebear.com/7.x/personas/jpg?seed=user1922&size=300,FAKE,Unknown,36-50
4981,https://api.dicebear.com/7.x/personas/jpg?seed=user1923&size=300,FAKE,Unknown,18-25
4982,https://api.dicebear.com/7.x/personas/jpg?seed=user1924&size=300,FAKE,Unknown,18-25
4983,https://api.dicebear.com/7.x/personas/jpg?seed=user1925&size=300,FAKE,Unknown,26-35
4984,https://api.dicebear.com/7.x/personas/jpg?seed=user1926&size=300,FAKE,Unknown,36-50
4985,https://api.dicebear.com/7.x/personas/jpg?seed=user1927&size=300,FAKE,Unknown,18-25
4986,https://api.dicebear.com/7.x/personas/jpg?seed=user1928&size=300,FAKE,Unknown,26-35
4987,https://api.dicebear.com/7.x/personas/jpg?seed=user1929&size=300,FAKE,Unknown,18-25
4988,https://api.dicebear.com/7.x/personas/jpg?seed=user1930&size=300,FAKE,Unknown,26-35
4989,https://api.dicebear.com/7.x/personas/jpg?seed=user1931&size=300,FAKE,Unknown,18-25
4990,https://api.dicebear.com/7.x/personas/jpg?seed=user1932&size=300,FAKE,Unknown,26-35
4991,https://api.dicebear.com/7.x/personas/jpg?seed=user1933&size=300,FAKE,Unknown,18-25
4992,https://api.dicebear.com/7.x/personas/jpg?seed=user1934&size=300,FAKE,Unknown,18-25
4993,https://api.dicebear.com/7.x/personas/jpg?seed=user1935&size=300,FAKE,Unknown,50+
4994,https://api.dicebear.com/7.x/personas/jpg?seed=user1936&size=300,FAKE,Unknown,50+
4995,https://api.dicebear.com/7.x/personas/jpg?seed=user1937&size=300,FAKE,Unknown,50+
4996,https://api.dicebear.com/7.x/personas/jpg?seed=user1938&size=300,FAKE,Unknown,18-25
4997,https://api.dicebear.com/7.x/personas/jpg?seed=user1939&size=300,FAKE,Unknown,18-25
4998,https://api.dicebear.com/7.x/personas/jpg?seed=user1940&size=300,FAKE,Unknown,36-50
4999,https://api.dicebear.com/7.x/personas/jpg?seed=user1941&size=300,FAKE,Unknown,36-50
5000,https://api.dicebear.com/7.x/personas/jpg?seed=user1942&size=300,FAKE,Unknown,36-50
5001,https://api.dicebear.com/7.x/personas/jpg?seed=user1943&size=300,FAKE,Unknown,26-35
5002,https://api.dicebear.com/7.x/personas/jpg?seed=user1944&size=300,FAKE,Unknown,26-35
5003,https://api.dicebear.com/7.x/personas/jpg?seed=user1945&size=300,FAKE,Unknown,36-50
5004,https://api.dicebear.com/7.x/personas/jpg?seed=user1946&size=300,FAKE,Unknown,36-50
5005,https://api.dicebear.com/7.x/personas/jpg?seed=user1947&size=300,FAKE,Unknown,18-25
5006,https://api.dicebear.com/7.x/personas/jpg?seed=user1948&size=300,FAKE,Unknown,50+
5007,https://api.dicebear.com/7.x/personas/jpg?seed=user1949&size=300,FAKE,Unknown,18-25
5008,https://api.dicebear.com/7.x/personas/jpg?seed=user1950&size=300,FAKE,Unknown,26-35
5009,https://api.dicebear.com/7.x/personas/jpg?seed=user1951&size=300,FAKE,Unknown,36-50
5010,https://api.dicebear.com/7.x/personas/jpg?seed=user1952&size=300,FAKE,Unknown,18-25
5011,https://api.dicebear.com/7.x/personas/jpg?seed=user1953&size=300,FAKE,Unknown,26-35
5012,https://api.dicebear.com/7.x/personas/jpg?seed=user1954&size=300,FAKE,Unknown,50+
5013,https://api.dicebear.com/7.x/personas/jpg?seed=user1955&size=300,FAKE,Unknown,36-50
5014,https://api.dicebear.com/7.x/personas/jpg?seed=user1956&size=300,FAKE,Unknown,50+
5015,https://api.dicebear.com/7.x/personas/jpg?seed=user1957&size=300,FAKE,Unknown,36-50
5016,https://api.dicebear.com/7.x/personas/jpg?seed=user1958&size=300,FAKE,Unknown,26-35
5017,https://api.dicebear.com/7.x/personas/jpg?seed=user1959&size=300,FAKE,Unknown,36-50
5018,https://api.dicebear.com/7.x/personas/jpg?seed=user1960&size=300,FAKE,Unknown,26-35
5019,https://api.dicebear.com/7.x/personas/jpg?seed=user1961&size=300,FAKE,Unknown,50+
5020,https://api.dicebear.com/7.x/personas/jpg?seed=user1962&size=300,FAKE,Unknown,26-35
5021,https://api.dicebear.com/7.x/personas/jpg?seed=user1963&size=300,FAKE,Unknown,36-50
5022,https://api.dicebear.com/7.x/personas/jpg?seed=user1964&size=300,FAKE,Unknown,18-25
5023,https://api.dicebear.com/7.x/personas/jpg?seed=user1965&size=300,FAKE,Unknown,50+
5024,https://api.dicebear.com/7.x/personas/jpg?seed=user1966&size=300,FAKE,Unknown,26-35
5025,https://api.dicebear.com/7.x/personas/jpg?seed=user1967&size=300,FAKE,Unknown,50+
5026,https://api.dicebear.com/7.x/personas/jpg?seed=user1968&size=300,FAKE,Unknown,26-35
5027,https://api.dicebear.com/7.x/personas/jpg?seed=user1969&size=300,FAKE,Unknown,18-25
5028,https://api.dicebear.com/7.x/personas/jpg?seed=user1970&size=300,FAKE,Unknown,18-25
5029,https://api.dicebear.com/7.x/personas/jpg?seed=user1971&size=300,FAKE,Unknown,36-50
5030,https://api.dicebear.com/7.x/personas/jpg?seed=user1972&size=300,FAKE,Unknown,26-35
5031,https://api.dicebear.com/7.x/personas/jpg?seed=user1973&size=300,FAKE,Unknown,26-35
5032,https://api.dicebear.com/7.x/personas/jpg?seed=user1974&size=300,FAKE,Unknown,26-35
5033,https://api.dicebear.com/7.x/personas/jpg?seed=user1975&size=300,FAKE,Unknown,36-50
5034,https://api.dicebear.com/7.x/personas/jpg?seed=user1976&size=300,FAKE,Unknown,50+
5035,https://api.dicebear.com/7.x/personas/jpg?seed=user1977&size=300,FAKE,Unknown,26-35
5036,https://api.dicebear.com/7.x/personas/jpg?seed=user1978&size=300,FAKE,Unknown,18-25
5037,https://api.dicebear.com/7.x/personas/jpg?seed=user1979&size=300,FAKE,Unknown,50+
5038,https://api.dicebear.com/7.x/personas/jpg?seed=user1980&size=300,FAKE,Unknown,18-25
5039,https://api.dicebear.com/7.x/personas/jpg?seed=user1981&size=300,FAKE,Unknown,18-25
5040,https://api.dicebear.com/7.x/personas/jpg?seed=user1982&size=300,FAKE,Unknown,26-35
5041,https://api.dicebear.com/7.x/personas/jpg?seed=user1983&size=300,FAKE,Unknown,36-50
5042,https://api.dicebear.com/7.x/personas/jpg?seed=user1984&size=300,FAKE,Unknown,36-50
5043,https://api.dicebear.com/7.x/personas/jpg?seed=user1985&size=300,FAKE,Unknown,36-50
5044,https://api.dicebear.com/7.x/personas/jpg?seed=user1986&size=300,FAKE,Unknown,18-25
5045,https://api.dicebear.com/7.x/personas/jpg?seed=user1987&size=300,FAKE,Unknown,18-25
5046,https://api.dicebear.com/7.x/personas/jpg?seed=user1988&size=300,FAKE,Unknown,36-50
5047,https://api.dicebear.com/7.x/personas/jpg?seed=user1989&size=300,FAKE,Unknown,26-35
5048,https://api.dicebear.com/7.x/personas/jpg?seed=user1990&size=300,FAKE,Unknown,18-25
5049,https://api.dicebear.com/7.x/personas/jpg?seed=user1991&size=300,FAKE,Unknown,18-25
5050,https://api.dicebear.com/7.x/personas/jpg?seed=user1992&size=300,FAKE,Unknown,36-50
5051,https://api.dicebear.com/7.x/personas/jpg?seed=user1993&size=300,FAKE,Unknown,18-25
5052,https://api.dicebear.com/7.x/personas/jpg?seed=user1994&size=300,FAKE,Unknown,50+
5053,https://api.dicebear.com/7.x/personas/jpg?seed=user1995&size=300,FAKE,Unknown,36-50
5054,https://api.dicebear.com/7.x/personas/jpg?seed=user1996&size=300,FAKE,Unknown,50+
5055,https://api.dicebear.com/7.x/personas/jpg?seed=user1997&size=300,FAKE,Unknown,50+
5056,https://api.dicebear.com/7.x/personas/jpg?seed=user1998&size=300,FAKE,Unknown,26-35
5057,https://api.dicebear.com/7.x/personas/jpg?seed=user1999&size=300,FAKE,Unknown,18-25
5058,https://api.dicebear.com/7.x/personas/jpg?seed=user2000&size=300,FAKE,Unknown,18-25
5059,https://api.dicebear.com/7.x/personas/jpg?seed=user2001&size=300,FAKE,Unknown,26-35
5060,https://api.dicebear.com/7.x/personas/jpg?seed=user2002&size=300,FAKE,Unknown,26-35
5061,https://api.dicebear.com/7.x/personas/jpg?seed=user2003&size=300,FAKE,Unknown,18-25
5062,https://api.dicebear.com/7.x/personas/jpg?seed=user2004&size=300,FAKE,Unknown,36-50
5063,https://api.dicebear.com/7.x/personas/jpg?seed=user2005&size=300,FAKE,Unknown,36-50
5064,https://api.dicebear.com/7.x/personas/jpg?seed=user2006&size=300,FAKE,Unknown,26-35
5065,https://api.dicebear.com/7.x/personas/jpg?seed=user2007&size=300,FAKE,Unknown,50+
5066,https://api.dicebear.com/7.x/personas/jpg?seed=user2008&size=300,FAKE,Unknown,18-25
5067,https://api.dicebear.com/7.x/personas/jpg?seed=user2009&size=300,FAKE,Unknown,26-35
5068,https://api.dicebear.com/7.x/personas/jpg?seed=user2010&size=300,FAKE,Unknown,18-25
5069,https://api.dicebear.com/7.x/personas/jpg?seed=user2011&size=300,FAKE,Unknown,50+
5070,https://api.dicebear.com/7.x/personas/jpg?seed=user2012&size=300,FAKE,Unknown,26-35
5071,https://api.dicebear.com/7.x/personas/jpg?seed=user2013&size=300,FAKE,Unknown,36-50
5072,https://api.dicebear.com/7.x/personas/jpg?seed=user2014&size=300,FAKE,Unknown,36-50
5073,https://api.dicebear.com/7.x/personas/jpg?seed=user2015&size=300,FAKE,Unknown,50+
5074,https://api.dicebear.com/7.x/personas/jpg?seed=user2016&size=300,FAKE,Unknown,36-50
5075,https://api.dicebear.com/7.x/personas/jpg?seed=user2017&size=300,FAKE,Unknown,18-25
5076,https://api.dicebear.com/7.x/personas/jpg?seed=user2018&size=300,FAKE,Unknown,18-25
5077,https://api.dicebear.com/7.x/personas/jpg?seed=user2019&size=300,FAKE,Unknown,26-35
5078,https://api.dicebear.com/7.x/personas/jpg?seed=user2020&size=300,FAKE,Unknown,26-35
5079,https://api.dicebear.com/7.x/personas/jpg?seed=user2021&size=300,FAKE,Unknown,36-50
5080,https://api.dicebear.com/7.x/personas/jpg?seed=user2022&size=300,FAKE,Unknown,26-35
5081,https://api.dicebear.com/7.x/personas/jpg?seed=user2023&size=300,FAKE,Unknown,26-35
5082,https://api.dicebear.com/7.x/personas/jpg?seed=user2024&size=300,FAKE,Unknown,50+
5083,https://api.dicebear.com/7.x/personas/jpg?seed=user2025&size=300,FAKE,Unknown,36-50
5084,https://api.dicebear.com/7.x/personas/jpg?seed=user2026&size=300,FAKE,Unknown,18-25
5085,https://api.dicebear.com/7.x/personas/jpg?seed=user2027&size=300,FAKE,Unknown,36-50
5086,https://api.dicebear.com/7.x/personas/jpg?seed=user2028&size=300,FAKE,Unknown,26-35
5087,https://api.dicebear.com/7.x/personas/jpg?seed=user2029&size=300,FAKE,Unknown,26-35
5088,https://api.dicebear.com/7.x/personas/jpg?seed=user2030&size=300,FAKE,Unknown,36-50
5089,https://api.dicebear.com/7.x/personas/jpg?seed=user2031&size=300,FAKE,Unknown,18-25
5090,https://api.dicebear.com/7.x/personas/jpg?seed=user2032&size=300,FAKE,Unknown,50+
5091,https://api.dicebear.com/7.x/personas/jpg?seed=user2033&size=300,FAKE,Unknown,50+
5092,https://api.dicebear.com/7.x/personas/jpg?seed=user2034&size=300,FAKE,Unknown,18-25
5093,https://api.dicebear.com/7.x/personas/jpg?seed=user2035&size=300,FAKE,Unknown,26-35
5094,https://api.dicebear.com/7.x/personas/jpg?seed=user2036&size=300,FAKE,Unknown,50+
5095,https://api.dicebear.com/7.x/personas/jpg?seed=user2037&size=300,FAKE,Unknown,18-25
5096,https://api.dicebear.com/7.x/personas/jpg?seed=user2038&size=300,FAKE,Unknown,26-35
5097,https://api.dicebear.com/7.x/personas/jpg?seed=user2039&size=300,FAKE,Unknown,18-25
5098,https://api.dicebear.com/7.x/personas/jpg?seed=user2040&size=300,FAKE,Unknown,50+
5099,https://api.dicebear.com/7.x/personas/jpg?seed=user2041&size=300,FAKE,Unknown,50+
5100,https://api.dicebear.com/7.x/personas/jpg?seed=user2042&size=300,FAKE,Unknown,50+
5101,https://api.dicebear.com/7.x/personas/jpg?seed=user2043&size=300,FAKE,Unknown,36-50
5102,https://api.dicebear.com/7.x/personas/jpg?seed=user2044&size=300,FAKE,Unknown,36-50
5103,https://api.dicebear.com/7.x/personas/jpg?seed=user2045&size=300,FAKE,Unknown,50+
5104,https://api.dicebear.com/7.x/personas/jpg?seed=user2046&size=300,FAKE,Unknown,36-50
5105,https://api.dicebear.com/7.x/personas/jpg?seed=user2047&size=300,FAKE,Unknown,18-25
5106,https://api.dicebear.com/7.x/personas/jpg?seed=user2048&size=300,FAKE,Unknown,26-35
5107,https://api.dicebear.com/7.x/personas/jpg?seed=user2049&size=300,FAKE,Unknown,18-25
5108,https://api.dicebear.com/7.x/personas/jpg?seed=user2050&size=300,FAKE,Unknown,18-25
5109,https://api.dicebear.com/7.x/personas/jpg?seed=user2051&size=300,FAKE,Unknown,50+
5110,https://api.dicebear.com/7.x/personas/jpg?seed=user2052&size=300,FAKE,Unknown,26-35
5111,https://api.dicebear.com/7.x/personas/jpg?seed=user2053&size=300,FAKE,Unknown,50+
5112,https://api.dicebear.com/7.x/personas/jpg?seed=user2054&size=300,FAKE,Unknown,36-50
5113,https://api.dicebear.com/7.x/personas/jpg?seed=user2055&size=300,FAKE,Unknown,26-35
5114,https://api.dicebear.com/7.x/personas/jpg?seed=user2056&size=300,FAKE,Unknown,36-50
5115,https://api.dicebear.com/7.x/personas/jpg?seed=user2057&size=300,FAKE,Unknown,36-50
5116,https://api.dicebear.com/7.x/personas/jpg?seed=user2058&size=300,FAKE,Unknown,26-35
5117,https://api.dicebear.com/7.x/personas/jpg?seed=user2059&size=300,FAKE,Unknown,18-25
5118,https://api.dicebear.com/7.x/personas/jpg?seed=user2060&size=300,FAKE,Unknown,50+
5119,https://api.dicebear.com/7.x/personas/jpg?seed=user2061&size=300,FAKE,Unknown,26-35
5120,https://api.dicebear.com/7.x/personas/jpg?seed=user2062&size=300,FAKE,Unknown,26-35
5121,https://api.dicebear.com/7.x/personas/jpg?seed=user2063&size=300,FAKE,Unknown,26-35
5122,https://api.dicebear.com/7.x/personas/jpg?seed=user2064&size=300,FAKE,Unknown,50+
5123,https://api.dicebear.com/7.x/personas/jpg?seed=user2065&size=300,FAKE,Unknown,26-35
5124,https://api.dicebear.com/7.x/personas/jpg?seed=user2066&size=300,FAKE,Unknown,50+
5125,https://api.dicebear.com/7.x/personas/jpg?seed=user2067&size=300,FAKE,Unknown,26-35
5126,https://api.dicebear.com/7.x/personas/jpg?seed=user2068&size=300,FAKE,Unknown,36-50
5127,https://api.dicebear.com/7.x/personas/jpg?seed=user2069&size=300,FAKE,Unknown,50+
5128,https://api.dicebear.com/7.x/personas/jpg?seed=user2070&size=300,FAKE,Unknown,26-35
5129,https://api.dicebear.com/7.x/personas/jpg?seed=user2071&size=300,FAKE,Unknown,36-50
5130,https://api.dicebear.com/7.x/personas/jpg?seed=user2072&size=300,FAKE,Unknown,50+
5131,https://api.dicebear.com/7.x/personas/jpg?seed=user2073&size=300,FAKE,Unknown,18-25
5132,https://api.dicebear.com/7.x/personas/jpg?seed=user2074&size=300,FAKE,Unknown,18-25
5133,https://api.dicebear.com/7.x/personas/jpg?seed=user2075&size=300,FAKE,Unknown,50+
5134,https://api.dicebear.com/7.x/personas/jpg?seed=user2076&size=300,FAKE,Unknown,50+
5135,https://api.dicebear.com/7.x/personas/jpg?seed=user2077&size=300,FAKE,Unknown,36-50
5136,https://api.dicebear.com/7.x/personas/jpg?seed=user2078&size=300,FAKE,Unknown,26-35
5137,https://api.dicebear.com/7.x/personas/jpg?seed=user2079&size=300,FAKE,Unknown,26-35
5138,https://api.dicebear.com/7.x/personas/jpg?seed=user2080&size=300,FAKE,Unknown,50+
5139,https://api.dicebear.com/7.x/personas/jpg?seed=user2081&size=300,FAKE,Unknown,18-25
5140,https://api.dicebear.com/7.x/personas/jpg?seed=user2082&size=300,FAKE,Unknown,18-25
5141,https://api.dicebear.com/7.x/personas/jpg?seed=user2083&size=300,FAKE,Unknown,36-50
5142,https://api.dicebear.com/7.x/personas/jpg?seed=user2084&size=300,FAKE,Unknown,50+
5143,https://api.dicebear.com/7.x/personas/jpg?seed=user2085&size=300,FAKE,Unknown,18-25
5144,https://api.dicebear.com/7.x/personas/jpg?seed=user2086&size=300,FAKE,Unknown,36-50
5145,https://api.dicebear.com/7.x/personas/jpg?seed=user2087&size=300,FAKE,Unknown,26-35
5146,https://api.dicebear.com/7.x/personas/jpg?seed=user2088&size=300,FAKE,Unknown,50+
5147,https://api.dicebear.com/7.x/personas/jpg?seed=user2089&size=300,FAKE,Unknown,18-25
5148,https://api.dicebear.com/7.x/personas/jpg?seed=user2090&size=300,FAKE,Unknown,36-50
5149,https://api.dicebear.com/7.x/personas/jpg?seed=user2091&size=300,FAKE,Unknown,36-50
5150,https://api.dicebear.com/7.x/personas/jpg?seed=user2092&size=300,FAKE,Unknown,26-35
5151,https://api.dicebear.com/7.x/personas/jpg?seed=user2093&size=300,FAKE,Unknown,26-35
5152,https://api.dicebear.com/7.x/personas/jpg?seed=user2094&size=300,FAKE,Unknown,50+
5153,https://api.dicebear.com/7.x/personas/jpg?seed=user2095&size=300,FAKE,Unknown,18-25
5154,https://api.dicebear.com/7.x/personas/jpg?seed=user2096&size=300,FAKE,Unknown,26-35
5155,https://api.dicebear.com/7.x/personas/jpg?seed=user2097&size=300,FAKE,Unknown,50+
5156,https://api.dicebear.com/7.x/personas/jpg?seed=user2098&size=300,FAKE,Unknown,26-35
5157,https://api.dicebear.com/7.x/personas/jpg?seed=user2099&size=300,FAKE,Unknown,50+
5158,https://api.dicebear.com/7.x/personas/jpg?seed=user2100&size=300,FAKE,Unknown,50+
5159,https://api.dicebear.com/7.x/personas/jpg?seed=user2101&size=300,FAKE,Unknown,18-25
5160,https://api.dicebear.com/7.x/personas/jpg?seed=user2102&size=300,FAKE,Unknown,26-35
5161,https://api.dicebear.com/7.x/personas/jpg?seed=user2103&size=300,FAKE,Unknown,18-25
5162,https://api.dicebear.com/7.x/personas/jpg?seed=user2104&size=300,FAKE,Unknown,36-50
5163,https://api.dicebear.com/7.x/personas/jpg?seed=user2105&size=300,FAKE,Unknown,26-35
5164,https://api.dicebear.com/7.x/personas/jpg?seed=user2106&size=300,FAKE,Unknown,26-35
5165,https://api.dicebear.com/7.x/personas/jpg?seed=user2107&size=300,FAKE,Unknown,50+
5166,https://api.dicebear.com/7.x/personas/jpg?seed=user2108&size=300,FAKE,Unknown,26-35
5167,https://api.dicebear.com/7.x/personas/jpg?seed=user2109&size=300,FAKE,Unknown,18-25
5168,https://api.dicebear.com/7.x/personas/jpg?seed=user2110&size=300,FAKE,Unknown,26-35
5169,https://api.dicebear.com/7.x/personas/jpg?seed=user2111&size=300,FAKE,Unknown,26-35
5170,https://api.dicebear.com/7.x/personas/jpg?seed=user2112&size=300,FAKE,Unknown,36-50
5171,https://api.dicebear.com/7.x/personas/jpg?seed=user2113&size=300,FAKE,Unknown,36-50
5172,https://api.dicebear.com/7.x/personas/jpg?seed=user2114&size=300,FAKE,Unknown,18-25
5173,https://api.dicebear.com/7.x/personas/jpg?seed=user2115&size=300,FAKE,Unknown,36-50
5174,https://api.dicebear.com/7.x/personas/jpg?seed=user2116&size=300,FAKE,Unknown,18-25
5175,https://api.dicebear.com/7.x/personas/jpg?seed=user2117&size=300,FAKE,Unknown,18-25
5176,https://api.dicebear.com/7.x/personas/jpg?seed=user2118&size=300,FAKE,Unknown,18-25
5177,https://api.dicebear.com/7.x/personas/jpg?seed=user2119&size=300,FAKE,Unknown,26-35
5178,https://api.dicebear.com/7.x/personas/jpg?seed=user2120&size=300,FAKE,Unknown,18-25
5179,https://api.dicebear.com/7.x/personas/jpg?seed=user2121&size=300,FAKE,Unknown,36-50
5180,https://api.dicebear.com/7.x/personas/jpg?seed=user2122&size=300,FAKE,Unknown,50+
5181,https://api.dicebear.com/7.x/personas/jpg?seed=user2123&size=300,FAKE,Unknown,50+
5182,https://api.dicebear.com/7.x/personas/jpg?seed=user2124&size=300,FAKE,Unknown,26-35
5183,https://api.dicebear.com/7.x/personas/jpg?seed=user2125&size=300,FAKE,Unknown,50+
5184,https://api.dicebear.com/7.x/personas/jpg?seed=user2126&size=300,FAKE,Unknown,36-50
5185,https://api.dicebear.com/7.x/personas/jpg?seed=user2127&size=300,FAKE,Unknown,50+
5186,https://api.dicebear.com/7.x/personas/jpg?seed=user2128&size=300,FAKE,Unknown,36-50
5187,https://api.dicebear.com/7.x/personas/jpg?seed=user2129&size=300,FAKE,Unknown,18-25
5188,https://api.dicebear.com/7.x/personas/jpg?seed=user2130&size=300,FAKE,Unknown,36-50
5189,https://api.dicebear.com/7.x/personas/jpg?seed=user2131&size=300,FAKE,Unknown,50+
5190,https://api.dicebear.com/7.x/personas/jpg?seed=user2132&size=300,FAKE,Unknown,50+
5191,https://api.dicebear.com/7.x/personas/jpg?seed=user2133&size=300,FAKE,Unknown,36-50
5192,https://api.dicebear.com/7.x/personas/jpg?seed=user2134&size=300,FAKE,Unknown,26-35
5193,https://api.dicebear.com/7.x/personas/jpg?seed=user2135&size=300,FAKE,Unknown,26-35
5194,https://api.dicebear.com/7.x/personas/jpg?seed=user2136&size=300,FAKE,Unknown,36-50
5195,https://api.dicebear.com/7.x/personas/jpg?seed=user2137&size=300,FAKE,Unknown,50+
5196,https://api.dicebear.com/7.x/personas/jpg?seed=user2138&size=300,FAKE,Unknown,36-50
5197,https://api.dicebear.com/7.x/personas/jpg?seed=user2139&size=300,FAKE,Unknown,36-50
5198,https://api.dicebear.com/7.x/personas/jpg?seed=user2140&size=300,FAKE,Unknown,26-35
5199,https://api.dicebear.com/7.x/personas/jpg?seed=user2141&size=300,FAKE,Unknown,26-35
5200,https://api.dicebear.com/7.x/personas/jpg?seed=user2142&size=300,FAKE,Unknown,18-25
5201,https://api.dicebear.com/7.x/personas/jpg?seed=user2143&size=300,FAKE,Unknown,18-25
5202,https://api.dicebear.com/7.x/personas/jpg?seed=user2144&size=300,FAKE,Unknown,36-50
5203,https://api.dicebear.com/7.x/personas/jpg?seed=user2145&size=300,FAKE,Unknown,50+
5204,https://api.dicebear.com/7.x/personas/jpg?seed=user2146&size=300,FAKE,Unknown,36-50
5205,https://api.dicebear.com/7.x/personas/jpg?seed=user2147&size=300,FAKE,Unknown,36-50
5206,https://api.dicebear.com/7.x/personas/jpg?seed=user2148&size=300,FAKE,Unknown,26-35
5207,https://api.dicebear.com/7.x/personas/jpg?seed=user2149&size=300,FAKE,Unknown,26-35
5208,https://api.dicebear.com/7.x/personas/jpg?seed=user2150&size=300,FAKE,Unknown,26-35
5209,https://api.dicebear.com/7.x/personas/jpg?seed=user2151&size=300,FAKE,Unknown,36-50
5210,https://api.dicebear.com/7.x/personas/jpg?seed=user2152&size=300,FAKE,Unknown,50+
5211,https://api.dicebear.com/7.x/personas/jpg?seed=user2153&size=300,FAKE,Unknown,26-35
5212,https://api.dicebear.com/7.x/personas/jpg?seed=user2154&size=300,FAKE,Unknown,50+
5213,https://api.dicebear.com/7.x/personas/jpg?seed=user2155&size=300,FAKE,Unknown,50+
5214,https://api.dicebear.com/7.x/personas/jpg?seed=user2156&size=300,FAKE,Unknown,26-35
5215,https://api.dicebear.com/7.x/personas/jpg?seed=user2157&size=300,FAKE,Unknown,36-50
5216,https://api.dicebear.com/7.x/personas/jpg?seed=user2158&size=300,FAKE,Unknown,36-50
5217,https://api.dicebear.com/7.x/personas/jpg?seed=user2159&size=300,FAKE,Unknown,26-35
5218,https://api.dicebear.com/7.x/personas/jpg?seed=user2160&size=300,FAKE,Unknown,36-50
5219,https://api.dicebear.com/7.x/personas/jpg?seed=user2161&size=300,FAKE,Unknown,50+
5220,https://api.dicebear.com/7.x/personas/jpg?seed=user2162&size=300,FAKE,Unknown,36-50
5221,https://api.dicebear.com/7.x/personas/jpg?seed=user2163&size=300,FAKE,Unknown,26-35
5222,https://api.dicebear.com/7.x/personas/jpg?seed=user2164&size=300,FAKE,Unknown,36-50
5223,https://api.dicebear.com/7.x/personas/jpg?seed=user2165&size=300,FAKE,Unknown,18-25
5224,https://api.dicebear.com/7.x/personas/jpg?seed=user2166&size=300,FAKE,Unknown,26-35
5225,https://api.dicebear.com/7.x/personas/jpg?seed=user2167&size=300,FAKE,Unknown,26-35
5226,https://api.dicebear.com/7.x/personas/jpg?seed=user2168&size=300,FAKE,Unknown,18-25
5227,https://api.dicebear.com/7.x/personas/jpg?seed=user2169&size=300,FAKE,Unknown,18-25
5228,https://api.dicebear.com/7.x/personas/jpg?seed=user2170&size=300,FAKE,Unknown,26-35
5229,https://api.dicebear.com/7.x/personas/jpg?seed=user2171&size=300,FAKE,Unknown,18-25
5230,https://api.dicebear.com/7.x/personas/jpg?seed=user2172&size=300,FAKE,Unknown,36-50
5231,https://api.dicebear.com/7.x/personas/jpg?seed=user2173&size=300,FAKE,Unknown,26-35
5232,https://api.dicebear.com/7.x/personas/jpg?seed=user2174&size=300,FAKE,Unknown,50+
5233,https://api.dicebear.com/7.x/personas/jpg?seed=user2175&size=300,FAKE,Unknown,50+
5234,https://api.dicebear.com/7.x/personas/jpg?seed=user2176&size=300,FAKE,Unknown,18-25
5235,https://api.dicebear.com/7.x/personas/jpg?seed=user2177&size=300,FAKE,Unknown,36-50
5236,https://api.dicebear.com/7.x/personas/jpg?seed=user2178&size=300,FAKE,Unknown,36-50
5237,https://api.dicebear.com/7.x/personas/jpg?seed=user2179&size=300,FAKE,Unknown,26-35
5238,https://api.dicebear.com/7.x/personas/jpg?seed=user2180&size=300,FAKE,Unknown,26-35
5239,https://api.dicebear.com/7.x/personas/jpg?seed=user2181&size=300,FAKE,Unknown,26-35
5240,https://api.dicebear.com/7.x/personas/jpg?seed=user2182&size=300,FAKE,Unknown,50+
5241,https://api.dicebear.com/7.x/personas/jpg?seed=user2183&size=300,FAKE,Unknown,50+
5242,https://api.dicebear.com/7.x/personas/jpg?seed=user2184&size=300,FAKE,Unknown,36-50
5243,https://api.dicebear.com/7.x/personas/jpg?seed=user2185&size=300,FAKE,Unknown,26-35
5244,https://api.dicebear.com/7.x/personas/jpg?seed=user2186&size=300,FAKE,Unknown,36-50
5245,https://api.dicebear.com/7.x/personas/jpg?seed=user2187&size=300,FAKE,Unknown,18-25
5246,https://api.dicebear.com/7.x/personas/jpg?seed=user2188&size=300,FAKE,Unknown,36-50
5247,https://api.dicebear.com/7.x/personas/jpg?seed=user2189&size=300,FAKE,Unknown,18-25
5248,https://api.dicebear.com/7.x/personas/jpg?seed=user2190&size=300,FAKE,Unknown,26-35
5249,https://api.dicebear.com/7.x/personas/jpg?seed=user2191&size=300,FAKE,Unknown,50+
5250,https://api.dicebear.com/7.x/personas/jpg?seed=user2192&size=300,FAKE,Unknown,36-50
5251,https://api.dicebear.com/7.x/personas/jpg?seed=user2193&size=300,FAKE,Unknown,18-25
5252,https://api.dicebear.com/7.x/personas/jpg?seed=user2194&size=300,FAKE,Unknown,18-25
5253,https://api.dicebear.com/7.x/personas/jpg?seed=user2195&size=300,FAKE,Unknown,50+
5254,https://api.dicebear.com/7.x/personas/jpg?seed=user2196&size=300,FAKE,Unknown,50+
5255,https://api.dicebear.com/7.x/personas/jpg?seed=user2197&size=300,FAKE,Unknown,36-50
5256,https://api.dicebear.com/7.x/personas/jpg?seed=user2198&size=300,FAKE,Unknown,36-50
5257,https://api.dicebear.com/7.x/personas/jpg?seed=user2199&size=300,FAKE,Unknown,36-50
5258,https://api.dicebear.com/7.x/personas/jpg?seed=user2200&size=300,FAKE,Unknown,18-25
5259,https://api.dicebear.com/7.x/personas/jpg?seed=user2201&size=300,FAKE,Unknown,36-50
5260,https://api.dicebear.com/7.x/personas/jpg?seed=user2202&size=300,FAKE,Unknown,18-25
5261,https://api.dicebear.com/7.x/personas/jpg?seed=user2203&size=300,FAKE,Unknown,50+
5262,https://api.dicebear.com/7.x/personas/jpg?seed=user2204&size=300,FAKE,Unknown,18-25
5263,https://api.dicebear.com/7.x/personas/jpg?seed=user2205&size=300,FAKE,Unknown,26-35
5264,https://api.dicebear.com/7.x/personas/jpg?seed=user2206&size=300,FAKE,Unknown,50+
5265,https://api.dicebear.com/7.x/personas/jpg?seed=user2207&size=300,FAKE,Unknown,18-25
5266,https://api.dicebear.com/7.x/personas/jpg?seed=user2208&size=300,FAKE,Unknown,26-35
5267,https://api.dicebear.com/7.x/personas/jpg?seed=user2209&size=300,FAKE,Unknown,50+
5268,https://api.dicebear.com/7.x/personas/jpg?seed=user2210&size=300,FAKE,Unknown,18-25
5269,https://api.dicebear.com/7.x/personas/jpg?seed=user2211&size=300,FAKE,Unknown,26-35
5270,https://api.dicebear.com/7.x/personas/jpg?seed=user2212&size=300,FAKE,Unknown,18-25
5271,https://api.dicebear.com/7.x/personas/jpg?seed=user2213&size=300,FAKE,Unknown,36-50
5272,https://api.dicebear.com/7.x/personas/jpg?seed=user2214&size=300,FAKE,Unknown,18-25
5273,https://api.dicebear.com/7.x/personas/jpg?seed=user2215&size=300,FAKE,Unknown,50+
5274,https://api.dicebear.com/7.x/personas/jpg?seed=user2216&size=300,FAKE,Unknown,36-50
5275,https://api.dicebear.com/7.x/personas/jpg?seed=user2217&size=300,FAKE,Unknown,26-35
5276,https://api.dicebear.com/7.x/personas/jpg?seed=user2218&size=300,FAKE,Unknown,18-25
5277,https://api.dicebear.com/7.x/personas/jpg?seed=user2219&size=300,FAKE,Unknown,18-25
5278,https://api.dicebear.com/7.x/personas/jpg?seed=user2220&size=300,FAKE,Unknown,18-25
5279,https://api.dicebear.com/7.x/personas/jpg?seed=user2221&size=300,FAKE,Unknown,36-50
5280,https://api.dicebear.com/7.x/personas/jpg?seed=user2222&size=300,FAKE,Unknown,26-35
5281,https://api.dicebear.com/7.x/personas/jpg?seed=user2223&size=300,FAKE,Unknown,26-35
5282,https://api.dicebear.com/7.x/personas/jpg?seed=user2224&size=300,FAKE,Unknown,36-50
5283,https://api.dicebear.com/7.x/personas/jpg?seed=user2225&size=300,FAKE,Unknown,26-35
5284,https://api.dicebear.com/7.x/personas/jpg?seed=user2226&size=300,FAKE,Unknown,36-50
5285,https://api.dicebear.com/7.x/personas/jpg?seed=user2227&size=300,FAKE,Unknown,18-25
5286,https://api.dicebear.com/7.x/personas/jpg?seed=user2228&size=300,FAKE,Unknown,26-35
5287,https://api.dicebear.com/7.x/personas/jpg?seed=user2229&size=300,FAKE,Unknown,36-50
5288,https://api.dicebear.com/7.x/personas/jpg?seed=user2230&size=300,FAKE,Unknown,26-35
5289,https://api.dicebear.com/7.x/personas/jpg?seed=user2231&size=300,FAKE,Unknown,18-25
5290,https://api.dicebear.com/7.x/personas/jpg?seed=user2232&size=300,FAKE,Unknown,50+
5291,https://api.dicebear.com/7.x/personas/jpg?seed=user2233&size=300,FAKE,Unknown,26-35
5292,https://api.dicebear.com/7.x/personas/jpg?seed=user2234&size=300,FAKE,Unknown,50+
5293,https://api.dicebear.com/7.x/personas/jpg?seed=user2235&size=300,FAKE,Unknown,26-35
5294,https://api.dicebear.com/7.x/personas/jpg?seed=user2236&size=300,FAKE,Unknown,50+
5295,https://api.dicebear.com/7.x/personas/jpg?seed=user2237&size=300,FAKE,Unknown,50+
5296,https://api.dicebear.com/7.x/personas/jpg?seed=user2238&size=300,FAKE,Unknown,50+
5297,https://api.dicebear.com/7.x/personas/jpg?seed=user2239&size=300,FAKE,Unknown,18-25
5298,https://api.dicebear.com/7.x/personas/jpg?seed=user2240&size=300,FAKE,Unknown,26-35
5299,https://api.dicebear.com/7.x/personas/jpg?seed=user2241&size=300,FAKE,Unknown,36-50
5300,https://api.dicebear.com/7.x/personas/jpg?seed=user2242&size=300,FAKE,Unknown,26-35
5301,https://api.dicebear.com/7.x/personas/jpg?seed=user2243&size=300,FAKE,Unknown,36-50
5302,https://api.dicebear.com/7.x/personas/jpg?seed=user2244&size=300,FAKE,Unknown,36-50
5303,https://api.dicebear.com/7.x/personas/jpg?seed=user2245&size=300,FAKE,Unknown,18-25
5304,https://api.dicebear.com/7.x/personas/jpg?seed=user2246&size=300,FAKE,Unknown,26-35
5305,https://api.dicebear.com/7.x/personas/jpg?seed=user2247&size=300,FAKE,Unknown,26-35
5306,https://api.dicebear.com/7.x/personas/jpg?seed=user2248&size=300,FAKE,Unknown,26-35
5307,https://api.dicebear.com/7.x/personas/jpg?seed=user2249&size=300,FAKE,Unknown,50+
5308,https://api.dicebear.com/7.x/personas/jpg?seed=user2250&size=300,FAKE,Unknown,50+
5309,https://api.dicebear.com/7.x/personas/jpg?seed=user2251&size=300,FAKE,Unknown,50+
5310,https://api.dicebear.com/7.x/personas/jpg?seed=user2252&size=300,FAKE,Unknown,26-35
5311,https://api.dicebear.com/7.x/personas/jpg?seed=user2253&size=300,FAKE,Unknown,50+
5312,https://api.dicebear.com/7.x/personas/jpg?seed=user2254&size=300,FAKE,Unknown,36-50
5313,https://api.dicebear.com/7.x/personas/jpg?seed=user2255&size=300,FAKE,Unknown,50+
5314,https://api.dicebear.com/7.x/personas/jpg?seed=user2256&size=300,FAKE,Unknown,26-35
5315,https://api.dicebear.com/7.x/personas/jpg?seed=user2257&size=300,FAKE,Unknown,50+
5316,https://api.dicebear.com/7.x/personas/jpg?seed=user2258&size=300,FAKE,Unknown,18-25
5317,https://api.dicebear.com/7.x/personas/jpg?seed=user2259&size=300,FAKE,Unknown,18-25
5318,https://api.dicebear.com/7.x/personas/jpg?seed=user2260&size=300,FAKE,Unknown,36-50
5319,https://api.dicebear.com/7.x/personas/jpg?seed=user2261&size=300,FAKE,Unknown,18-25
5320,https://api.dicebear.com/7.x/personas/jpg?seed=user2262&size=300,FAKE,Unknown,26-35
5321,https://api.dicebear.com/7.x/personas/jpg?seed=user2263&size=300,FAKE,Unknown,26-35
5322,https://api.dicebear.com/7.x/personas/jpg?seed=user2264&size=300,FAKE,Unknown,18-25
5323,https://api.dicebear.com/7.x/personas/jpg?seed=user2265&size=300,FAKE,Unknown,36-50
5324,https://api.dicebear.com/7.x/personas/jpg?seed=user2266&size=300,FAKE,Unknown,36-50
5325,https://api.dicebear.com/7.x/personas/jpg?seed=user2267&size=300,FAKE,Unknown,18-25
5326,https://api.dicebear.com/7.x/personas/jpg?seed=user2268&size=300,FAKE,Unknown,50+
5327,https://api.dicebear.com/7.x/personas/jpg?seed=user2269&size=300,FAKE,Unknown,36-50
5328,https://api.dicebear.com/7.x/personas/jpg?seed=user2270&size=300,FAKE,Unknown,50+
5329,https://api.dicebear.com/7.x/personas/jpg?seed=user2271&size=300,FAKE,Unknown,26-35
5330,https://api.dicebear.com/7.x/personas/jpg?seed=user2272&size=300,FAKE,Unknown,18-25
5331,https://api.dicebear.com/7.x/personas/jpg?seed=user2273&size=300,FAKE,Unknown,26-35
5332,https://api.dicebear.com/7.x/personas/jpg?seed=user2274&size=300,FAKE,Unknown,26-35
5333,https://api.dicebear.com/7.x/personas/jpg?seed=user2275&size=300,FAKE,Unknown,18-25
5334,https://api.dicebear.com/7.x/personas/jpg?seed=user2276&size=300,FAKE,Unknown,36-50
5335,https://api.dicebear.com/7.x/personas/jpg?seed=user2277&size=300,FAKE,Unknown,50+
5336,https://api.dicebear.com/7.x/personas/jpg?seed=user2278&size=300,FAKE,Unknown,18-25
5337,https://api.dicebear.com/7.x/personas/jpg?seed=user2279&size=300,FAKE,Unknown,36-50
5338,https://api.dicebear.com/7.x/personas/jpg?seed=user2280&size=300,FAKE,Unknown,50+
5339,https://api.dicebear.com/7.x/personas/jpg?seed=user2281&size=300,FAKE,Unknown,50+
5340,https://api.dicebear.com/7.x/personas/jpg?seed=user2282&size=300,FAKE,Unknown,26-35
5341,https://api.dicebear.com/7.x/personas/jpg?seed=user2283&size=300,FAKE,Unknown,50+
5342,https://api.dicebear.com/7.x/personas/jpg?seed=user2284&size=300,FAKE,Unknown,18-25
5343,https://api.dicebear.com/7.x/personas/jpg?seed=user2285&size=300,FAKE,Unknown,36-50
5344,https://api.dicebear.com/7.x/personas/jpg?seed=user2286&size=300,FAKE,Unknown,50+
5345,https://api.dicebear.com/7.x/personas/jpg?seed=user2287&size=300,FAKE,Unknown,26-35
5346,https://api.dicebear.com/7.x/personas/jpg?seed=user2288&size=300,FAKE,Unknown,50+
5347,https://api.dicebear.com/7.x/personas/jpg?seed=user2289&size=300,FAKE,Unknown,36-50
5348,https://api.dicebear.com/7.x/personas/jpg?seed=user2290&size=300,FAKE,Unknown,26-35
5349,https://api.dicebear.com/7.x/personas/jpg?seed=user2291&size=300,FAKE,Unknown,18-25
5350,https://api.dicebear.com/7.x/personas/jpg?seed=user2292&size=300,FAKE,Unknown,26-35
5351,https://api.dicebear.com/7.x/personas/jpg?seed=user2293&size=300,FAKE,Unknown,26-35
5352,https://api.dicebear.com/7.x/personas/jpg?seed=user2294&size=300,FAKE,Unknown,50+
5353,https://api.dicebear.com/7.x/personas/jpg?seed=user2295&size=300,FAKE,Unknown,36-50
5354,https://api.dicebear.com/7.x/personas/jpg?seed=user2296&size=300,FAKE,Unknown,36-50
5355,https://api.dicebear.com/7.x/personas/jpg?seed=user2297&size=300,FAKE,Unknown,18-25
5356,https://api.dicebear.com/7.x/personas/jpg?seed=user2298&size=300,FAKE,Unknown,18-25
5357,https://api.dicebear.com/7.x/personas/jpg?seed=user2299&size=300,FAKE,Unknown,26-35
5358,https://api.dicebear.com/7.x/personas/jpg?seed=user2300&size=300,FAKE,Unknown,18-25
5359,https://api.dicebear.com/7.x/personas/jpg?seed=user2301&size=300,FAKE,Unknown,26-35
5360,https://api.dicebear.com/7.x/personas/jpg?seed=user2302&size=300,FAKE,Unknown,50+
5361,https://api.dicebear.com/7.x/personas/jpg?seed=user2303&size=300,FAKE,Unknown,36-50
5362,https://api.dicebear.com/7.x/personas/jpg?seed=user2304&size=300,FAKE,Unknown,18-25
5363,https://api.dicebear.com/7.x/personas/jpg?seed=user2305&size=300,FAKE,Unknown,26-35
5364,https://api.dicebear.com/7.x/personas/jpg?seed=user2306&size=300,FAKE,Unknown,26-35
5365,https://api.dicebear.com/7.x/personas/jpg?seed=user2307&size=300,FAKE,Unknown,36-50
5366,https://api.dicebear.com/7.x/personas/jpg?seed=user2308&size=300,FAKE,Unknown,18-25
5367,https://api.dicebear.com/7.x/personas/jpg?seed=user2309&size=300,FAKE,Unknown,26-35
5368,https://api.dicebear.com/7.x/personas/jpg?seed=user2310&size=300,FAKE,Unknown,36-50
5369,https://api.dicebear.com/7.x/personas/jpg?seed=user2311&size=300,FAKE,Unknown,36-50
5370,https://api.dicebear.com/7.x/personas/jpg?seed=user2312&size=300,FAKE,Unknown,18-25
5371,https://api.dicebear.com/7.x/personas/jpg?seed=user2313&size=300,FAKE,Unknown,18-25
5372,https://api.dicebear.com/7.x/personas/jpg?seed=user2314&size=300,FAKE,Unknown,36-50
5373,https://api.dicebear.com/7.x/personas/jpg?seed=user2315&size=300,FAKE,Unknown,50+
5374,https://api.dicebear.com/7.x/personas/jpg?seed=user2316&size=300,FAKE,Unknown,36-50
5375,https://api.dicebear.com/7.x/personas/jpg?seed=user2317&size=300,FAKE,Unknown,50+
5376,https://api.dicebear.com/7.x/personas/jpg?seed=user2318&size=300,FAKE,Unknown,50+
5377,https://api.dicebear.com/7.x/personas/jpg?seed=user2319&size=300,FAKE,Unknown,26-35
5378,https://api.dicebear.com/7.x/personas/jpg?seed=user2320&size=300,FAKE,Unknown,18-25
5379,https://api.dicebear.com/7.x/personas/jpg?seed=user2321&size=300,FAKE,Unknown,36-50
5380,https://api.dicebear.com/7.x/personas/jpg?seed=user2322&size=300,FAKE,Unknown,50+
5381,https://api.dicebear.com/7.x/personas/jpg?seed=user2323&size=300,FAKE,Unknown,36-50
5382,https://api.dicebear.com/7.x/personas/jpg?seed=user2324&size=300,FAKE,Unknown,26-35
5383,https://api.dicebear.com/7.x/personas/jpg?seed=user2325&size=300,FAKE,Unknown,50+
5384,https://api.dicebear.com/7.x/personas/jpg?seed=user2326&size=300,FAKE,Unknown,18-25
5385,https://api.dicebear.com/7.x/personas/jpg?seed=user2327&size=300,FAKE,Unknown,50+
5386,https://api.dicebear.com/7.x/personas/jpg?seed=user2328&size=300,FAKE,Unknown,26-35
5387,https://api.dicebear.com/7.x/personas/jpg?seed=user2329&size=300,FAKE,Unknown,18-25
5388,https://api.dicebear.com/7.x/personas/jpg?seed=user2330&size=300,FAKE,Unknown,26-35
5389,https://api.dicebear.com/7.x/personas/jpg?seed=user2331&size=300,FAKE,Unknown,36-50
5390,https://api.dicebear.com/7.x/personas/jpg?seed=user2332&size=300,FAKE,Unknown,36-50
5391,https://api.dicebear.com/7.x/personas/jpg?seed=user2333&size=300,FAKE,Unknown,18-25
5392,https://api.dicebear.com/7.x/personas/jpg?seed=user2334&size=300,FAKE,Unknown,36-50
5393,https://api.dicebear.com/7.x/personas/jpg?seed=user2335&size=300,FAKE,Unknown,18-25
5394,https://api.dicebear.com/7.x/personas/jpg?seed=user2336&size=300,FAKE,Unknown,36-50
5395,https://api.dicebear.com/7.x/personas/jpg?seed=user2337&size=300,FAKE,Unknown,26-35
5396,https://api.dicebear.com/7.x/personas/jpg?seed=user2338&size=300,FAKE,Unknown,36-50
5397,https://api.dicebear.com/7.x/personas/jpg?seed=user2339&size=300,FAKE,Unknown,36-50
5398,https://api.dicebear.com/7.x/personas/jpg?seed=user2340&size=300,FAKE,Unknown,18-25
5399,https://api.dicebear.com/7.x/personas/jpg?seed=user2341&size=300,FAKE,Unknown,36-50
5400,https://api.dicebear.com/7.x/personas/jpg?seed=user2342&size=300,FAKE,Unknown,18-25
5401,https://api.dicebear.com/7.x/personas/jpg?seed=user2343&size=300,FAKE,Unknown,18-25
5402,https://api.dicebear.com/7.x/personas/jpg?seed=user2344&size=300,FAKE,Unknown,36-50
5403,https://api.dicebear.com/7.x/personas/jpg?seed=user2345&size=300,FAKE,Unknown,18-25
5404,https://api.dicebear.com/7.x/personas/jpg?seed=user2346&size=300,FAKE,Unknown,36-50
5405,https://api.dicebear.com/7.x/personas/jpg?seed=user2347&size=300,FAKE,Unknown,26-35
5406,https://api.dicebear.com/7.x/personas/jpg?seed=user2348&size=300,FAKE,Unknown,26-35
5407,https://api.dicebear.com/7.x/personas/jpg?seed=user2349&size=300,FAKE,Unknown,26-35
5408,https://api.dicebear.com/7.x/personas/jpg?seed=user2350&size=300,FAKE,Unknown,50+
5409,https://api.dicebear.com/7.x/personas/jpg?seed=user2351&size=300,FAKE,Unknown,26-35
5410,https://api.dicebear.com/7.x/personas/jpg?seed=user2352&size=300,FAKE,Unknown,26-35
5411,https://api.dicebear.com/7.x/personas/jpg?seed=user2353&size=300,FAKE,Unknown,50+
5412,https://api.dicebear.com/7.x/personas/jpg?seed=user2354&size=300,FAKE,Unknown,50+
5413,https://api.dicebear.com/7.x/personas/jpg?seed=user2355&size=300,FAKE,Unknown,50+
5414,https://api.dicebear.com/7.x/personas/jpg?seed=user2356&size=300,FAKE,Unknown,26-35
5415,https://api.dicebear.com/7.x/personas/jpg?seed=user2357&size=300,FAKE,Unknown,36-50
5416,https://api.dicebear.com/7.x/personas/jpg?seed=user2358&size=300,FAKE,Unknown,36-50
5417,https://api.dicebear.com/7.x/personas/jpg?seed=user2359&size=300,FAKE,Unknown,36-50
5418,https://api.dicebear.com/7.x/personas/jpg?seed=user2360&size=300,FAKE,Unknown,36-50
5419,https://api.dicebear.com/7.x/personas/jpg?seed=user2361&size=300,FAKE,Unknown,50+
5420,https://api.dicebear.com/7.x/personas/jpg?seed=user2362&size=300,FAKE,Unknown,50+
5421,https://api.dicebear.com/7.x/personas/jpg?seed=user2363&size=300,FAKE,Unknown,50+
5422,https://api.dicebear.com/7.x/personas/jpg?seed=user2364&size=300,FAKE,Unknown,18-25
5423,https://api.dicebear.com/7.x/personas/jpg?seed=user2365&size=300,FAKE,Unknown,18-25
5424,https://api.dicebear.com/7.x/personas/jpg?seed=user2366&size=300,FAKE,Unknown,26-35
5425,https://api.dicebear.com/7.x/personas/jpg?seed=user2367&size=300,FAKE,Unknown,26-35
5426,https://api.dicebear.com/7.x/personas/jpg?seed=user2368&size=300,FAKE,Unknown,26-35
5427,https://api.dicebear.com/7.x/personas/jpg?seed=user2369&size=300,FAKE,Unknown,18-25
5428,https://api.dicebear.com/7.x/personas/jpg?seed=user2370&size=300,FAKE,Unknown,18-25
5429,https://api.dicebear.com/7.x/personas/jpg?seed=user2371&size=300,FAKE,Unknown,36-50
5430,https://api.dicebear.com/7.x/personas/jpg?seed=user2372&size=300,FAKE,Unknown,50+
5431,https://api.dicebear.com/7.x/personas/jpg?seed=user2373&size=300,FAKE,Unknown,36-50
5432,https://api.dicebear.com/7.x/personas/jpg?seed=user2374&size=300,FAKE,Unknown,18-25
5433,https://api.dicebear.com/7.x/personas/jpg?seed=user2375&size=300,FAKE,Unknown,50+
5434,https://api.dicebear.com/7.x/personas/jpg?seed=user2376&size=300,FAKE,Unknown,26-35
5435,https://api.dicebear.com/7.x/personas/jpg?seed=user2377&size=300,FAKE,Unknown,18-25
5436,https://api.dicebear.com/7.x/personas/jpg?seed=user2378&size=300,FAKE,Unknown,50+
5437,https://api.dicebear.com/7.x/personas/jpg?seed=user2379&size=300,FAKE,Unknown,50+
5438,https://api.dicebear.com/7.x/personas/jpg?seed=user2380&size=300,FAKE,Unknown,26-35
5439,https://api.dicebear.com/7.x/personas/jpg?seed=user2381&size=300,FAKE,Unknown,26-35
5440,https://api.dicebear.com/7.x/personas/jpg?seed=user2382&size=300,FAKE,Unknown,36-50
5441,https://api.dicebear.com/7.x/personas/jpg?seed=user2383&size=300,FAKE,Unknown,18-25
5442,https://api.dicebear.com/7.x/personas/jpg?seed=user2384&size=300,FAKE,Unknown,50+
5443,https://api.dicebear.com/7.x/personas/jpg?seed=user2385&size=300,FAKE,Unknown,26-35
5444,https://api.dicebear.com/7.x/personas/jpg?seed=user2386&size=300,FAKE,Unknown,26-35
5445,https://api.dicebear.com/7.x/personas/jpg?seed=user2387&size=300,FAKE,Unknown,36-50
5446,https://api.dicebear.com/7.x/personas/jpg?seed=user2388&size=300,FAKE,Unknown,36-50
5447,https://api.dicebear.com/7.x/personas/jpg?seed=user2389&size=300,FAKE,Unknown,26-35
5448,https://api.dicebear.com/7.x/personas/jpg?seed=user2390&size=300,FAKE,Unknown,26-35
5449,https://api.dicebear.com/7.x/personas/jpg?seed=user2391&size=300,FAKE,Unknown,50+
5450,https://api.dicebear.com/7.x/personas/jpg?seed=user2392&size=300,FAKE,Unknown,36-50
5451,https://api.dicebear.com/7.x/personas/jpg?seed=user2393&size=300,FAKE,Unknown,26-35
5452,https://api.dicebear.com/7.x/personas/jpg?seed=user2394&size=300,FAKE,Unknown,26-35
5453,https://api.dicebear.com/7.x/personas/jpg?seed=user2395&size=300,FAKE,Unknown,50+
5454,https://api.dicebear.com/7.x/personas/jpg?seed=user2396&size=300,FAKE,Unknown,36-50
5455,https://api.dicebear.com/7.x/personas/jpg?seed=user2397&size=300,FAKE,Unknown,26-35
5456,https://api.dicebear.com/7.x/personas/jpg?seed=user2398&size=300,FAKE,Unknown,36-50
5457,https://api.dicebear.com/7.x/personas/jpg?seed=user2399&size=300,FAKE,Unknown,36-50
5458,https://api.dicebear.com/7.x/personas/jpg?seed=user2400&size=300,FAKE,Unknown,50+
5459,https://api.dicebear.com/7.x/personas/jpg?seed=user2401&size=300,FAKE,Unknown,18-25
5460,https://api.dicebear.com/7.x/personas/jpg?seed=user2402&size=300,FAKE,Unknown,36-50
5461,https://api.dicebear.com/7.x/personas/jpg?seed=user2403&size=300,FAKE,Unknown,36-50
5462,https://api.dicebear.com/7.x/personas/jpg?seed=user2404&size=300,FAKE,Unknown,36-50
5463,https://api.dicebear.com/7.x/personas/jpg?seed=user2405&size=300,FAKE,Unknown,26-35
5464,https://api.dicebear.com/7.x/personas/jpg?seed=user2406&size=300,FAKE,Unknown,36-50
5465,https://api.dicebear.com/7.x/personas/jpg?seed=user2407&size=300,FAKE,Unknown,18-25
5466,https://api.dicebear.com/7.x/personas/jpg?seed=user2408&size=300,FAKE,Unknown,18-25
5467,https://api.dicebear.com/7.x/personas/jpg?seed=user2409&size=300,FAKE,Unknown,36-50
5468,https://api.dicebear.com/7.x/personas/jpg?seed=user2410&size=300,FAKE,Unknown,50+
5469,https://api.dicebear.com/7.x/personas/jpg?seed=user2411&size=300,FAKE,Unknown,18-25
5470,https://api.dicebear.com/7.x/personas/jpg?seed=user2412&size=300,FAKE,Unknown,36-50
5471,https://api.dicebear.com/7.x/personas/jpg?seed=user2413&size=300,FAKE,Unknown,36-50
5472,https://api.dicebear.com/7.x/personas/jpg?seed=user2414&size=300,FAKE,Unknown,26-35
5473,https://api.dicebear.com/7.x/personas/jpg?seed=user2415&size=300,FAKE,Unknown,36-50
5474,https://api.dicebear.com/7.x/personas/jpg?seed=user2416&size=300,FAKE,Unknown,18-25
5475,https://api.dicebear.com/7.x/personas/jpg?seed=user2417&size=300,FAKE,Unknown,26-35
5476,https://api.dicebear.com/7.x/personas/jpg?seed=user2418&size=300,FAKE,Unknown,18-25
5477,https://api.dicebear.com/7.x/personas/jpg?seed=user2419&size=300,FAKE,Unknown,18-25
5478,https://api.dicebear.com/7.x/personas/jpg?seed=user2420&size=300,FAKE,Unknown,26-35
5479,https://api.dicebear.com/7.x/personas/jpg?seed=user2421&size=300,FAKE,Unknown,26-35
5480,https://api.dicebear.com/7.x/personas/jpg?seed=user2422&size=300,FAKE,Unknown,36-50
5481,https://api.dicebear.com/7.x/personas/jpg?seed=user2423&size=300,FAKE,Unknown,18-25
5482,https://api.dicebear.com/7.x/personas/jpg?seed=user2424&size=300,FAKE,Unknown,36-50
5483,https://api.dicebear.com/7.x/personas/jpg?seed=user2425&size=300,FAKE,Unknown,36-50
5484,https://api.dicebear.com/7.x/personas/jpg?seed=user2426&size=300,FAKE,Unknown,26-35
5485,https://api.dicebear.com/7.x/personas/jpg?seed=user2427&size=300,FAKE,Unknown,36-50
5486,https://api.dicebear.com/7.x/personas/jpg?seed=user2428&size=300,FAKE,Unknown,50+
5487,https://api.dicebear.com/7.x/personas/jpg?seed=user2429&size=300,FAKE,Unknown,26-35
5488,https://api.dicebear.com/7.x/personas/jpg?seed=user2430&size=300,FAKE,Unknown,36-50
5489,https://api.dicebear.com/7.x/personas/jpg?seed=user2431&size=300,FAKE,Unknown,26-35
5490,https://api.dicebear.com/7.x/personas/jpg?seed=user2432&size=300,FAKE,Unknown,26-35
5491,https://api.dicebear.com/7.x/personas/jpg?seed=user2433&size=300,FAKE,Unknown,26-35
5492,https://api.dicebear.com/7.x/personas/jpg?seed=user2434&size=300,FAKE,Unknown,36-50
5493,https://api.dicebear.com/7.x/personas/jpg?seed=user2435&size=300,FAKE,Unknown,26-35
5494,https://api.dicebear.com/7.x/personas/jpg?seed=user2436&size=300,FAKE,Unknown,26-35
5495,https://api.dicebear.com/7.x/personas/jpg?seed=user2437&size=300,FAKE,Unknown,26-35
5496,https://api.dicebear.com/7.x/personas/jpg?seed=user2438&size=300,FAKE,Unknown,36-50
5497,https://api.dicebear.com/7.x/personas/jpg?seed=user2439&size=300,FAKE,Unknown,26-35
5498,https://api.dicebear.com/7.x/personas/jpg?seed=user2440&size=300,FAKE,Unknown,36-50
5499,https://api.dicebear.com/7.x/personas/jpg?seed=user2441&size=300,FAKE,Unknown,50+
5500,https://api.dicebear.com/7.x/personas/jpg?seed=user2442&size=300,FAKE,Unknown,18-25
5501,https://api.dicebear.com/7.x/personas/jpg?seed=user2443&size=300,FAKE,Unknown,26-35
5502,https://api.dicebear.com/7.x/personas/jpg?seed=user2444&size=300,FAKE,Unknown,50+
5503,https://api.dicebear.com/7.x/personas/jpg?seed=user2445&size=300,FAKE,Unknown,36-50
5504,https://api.dicebear.com/7.x/personas/jpg?seed=user2446&size=300,FAKE,Unknown,26-35
5505,https://api.dicebear.com/7.x/personas/jpg?seed=user2447&size=300,FAKE,Unknown,50+
5506,https://api.dicebear.com/7.x/personas/jpg?seed=user2448&size=300,FAKE,Unknown,50+
5507,https://api.dicebear.com/7.x/personas/jpg?seed=user2449&size=300,FAKE,Unknown,18-25
5508,https://api.dicebear.com/7.x/personas/jpg?seed=user2450&size=300,FAKE,Unknown,18-25
5509,https://api.dicebear.com/7.x/personas/jpg?seed=user2451&size=300,FAKE,Unknown,36-50
5510,https://api.dicebear.com/7.x/personas/jpg?seed=user2452&size=300,FAKE,Unknown,18-25
5511,https://api.dicebear.com/7.x/personas/jpg?seed=user2453&size=300,FAKE,Unknown,18-25
5512,https://api.dicebear.com/7.x/personas/jpg?seed=user2454&size=300,FAKE,Unknown,18-25
5513,https://api.dicebear.com/7.x/personas/jpg?seed=user2455&size=300,FAKE,Unknown,36-50
5514,https://api.dicebear.com/7.x/personas/jpg?seed=user2456&size=300,FAKE,Unknown,50+
5515,https://api.dicebear.com/7.x/personas/jpg?seed=user2457&size=300,FAKE,Unknown,50+
5516,https://api.dicebear.com/7.x/personas/jpg?seed=user2458&size=300,FAKE,Unknown,18-25
5517,https://api.dicebear.com/7.x/personas/jpg?seed=user2459&size=300,FAKE,Unknown,26-35
5518,https://api.dicebear.com/7.x/personas/jpg?seed=user2460&size=300,FAKE,Unknown,50+
5519,https://api.dicebear.com/7.x/personas/jpg?seed=user2461&size=300,FAKE,Unknown,18-25
5520,https://api.dicebear.com/7.x/personas/jpg?seed=user2462&size=300,FAKE,Unknown,50+
5521,https://api.dicebear.com/7.x/personas/jpg?seed=user2463&size=300,FAKE,Unknown,36-50
5522,https://api.dicebear.com/7.x/personas/jpg?seed=user2464&size=300,FAKE,Unknown,50+
5523,https://api.dicebear.com/7.x/personas/jpg?seed=user2465&size=300,FAKE,Unknown,18-25
5524,https://api.dicebear.com/7.x/personas/jpg?seed=user2466&size=300,FAKE,Unknown,50+
5525,https://api.dicebear.com/7.x/personas/jpg?seed=user2467&size=300,FAKE,Unknown,50+
5526,https://api.dicebear.com/7.x/personas/jpg?seed=user2468&size=300,FAKE,Unknown,36-50
5527,https://api.dicebear.com/7.x/personas/jpg?seed=user2469&size=300,FAKE,Unknown,36-50
5528,https://api.dicebear.com/7.x/personas/jpg?seed=user2470&size=300,FAKE,Unknown,26-35
5529,https://api.dicebear.com/7.x/personas/jpg?seed=user2471&size=300,FAKE,Unknown,36-50
5530,https://api.dicebear.com/7.x/personas/jpg?seed=user2472&size=300,FAKE,Unknown,36-50
5531,https://api.dicebear.com/7.x/personas/jpg?seed=user2473&size=300,FAKE,Unknown,50+
5532,https://api.dicebear.com/7.x/personas/jpg?seed=user2474&size=300,FAKE,Unknown,50+
5533,https://api.dicebear.com/7.x/personas/jpg?seed=user2475&size=300,FAKE,Unknown,26-35
5534,https://api.dicebear.com/7.x/personas/jpg?seed=user2476&size=300,FAKE,Unknown,26-35
5535,https://api.dicebear.com/7.x/personas/jpg?seed=user2477&size=300,FAKE,Unknown,36-50
5536,https://api.dicebear.com/7.x/personas/jpg?seed=user2478&size=300,FAKE,Unknown,26-35
5537,https://api.dicebear.com/7.x/personas/jpg?seed=user2479&size=300,FAKE,Unknown,50+
5538,https://api.dicebear.com/7.x/personas/jpg?seed=user2480&size=300,FAKE,Unknown,18-25
5539,https://api.dicebear.com/7.x/personas/jpg?seed=user2481&size=300,FAKE,Unknown,36-50
5540,https://api.dicebear.com/7.x/personas/jpg?seed=user2482&size=300,FAKE,Unknown,26-35
5541,https://api.dicebear.com/7.x/personas/jpg?seed=user2483&size=300,FAKE,Unknown,18-25
5542,https://api.dicebear.com/7.x/personas/jpg?seed=user2484&size=300,FAKE,Unknown,50+
5543,https://api.dicebear.com/7.x/personas/jpg?seed=user2485&size=300,FAKE,Unknown,26-35
5544,https://api.dicebear.com/7.x/personas/jpg?seed=user2486&size=300,FAKE,Unknown,26-35
5545,https://api.dicebear.com/7.x/personas/jpg?seed=user2487&size=300,FAKE,Unknown,50+
5546,https://api.dicebear.com/7.x/personas/jpg?seed=user2488&size=300,FAKE,Unknown,18-25
5547,https://api.dicebear.com/7.x/personas/jpg?seed=user2489&size=300,FAKE,Unknown,50+
5548,https://api.dicebear.com/7.x/personas/jpg?seed=user2490&size=300,FAKE,Unknown,36-50
5549,https://api.dicebear.com/7.x/personas/jpg?seed=user2491&size=300,FAKE,Unknown,18-25
5550,https://api.dicebear.com/7.x/personas/jpg?seed=user2492&size=300,FAKE,Unknown,36-50
5551,https://api.dicebear.com/7.x/personas/jpg?seed=user2493&size=300,FAKE,Unknown,18-25
5552,https://api.dicebear.com/7.x/personas/jpg?seed=user2494&size=300,FAKE,Unknown,36-50
5553,https://api.dicebear.com/7.x/personas/jpg?seed=user2495&size=300,FAKE,Unknown,18-25
5554,https://api.dicebear.com/7.x/personas/jpg?seed=user2496&size=300,FAKE,Unknown,50+
5555,https://api.dicebear.com/7.x/personas/jpg?seed=user2497&size=300,FAKE,Unknown,36-50
5556,https://api.dicebear.com/7.x/personas/jpg?seed=user2498&size=300,FAKE,Unknown,36-50
5557,https://api.dicebear.com/7.x/personas/jpg?seed=user2499&size=300,FAKE,Unknown,36-50
5558,https://api.multiavatar.com/face1.jpg,FAKE,Unknown,18-25
5559,https://api.multiavatar.com/face2.jpg,FAKE,Unknown,36-50
5560,https://api.multiavatar.com/face3.jpg,FAKE,Unknown,36-50
5561,https://api.multiavatar.com/face4.jpg,FAKE,Unknown,50+
5562,https://api.multiavatar.com/face5.jpg,FAKE,Unknown,18-25
5563,https://api.multiavatar.com/face6.jpg,FAKE,Unknown,18-25
5564,https://api.multiavatar.com/face7.jpg,FAKE,Unknown,26-35
5565,https://api.multiavatar.com/face8.jpg,FAKE,Unknown,36-50
5566,https://api.multiavatar.com/face9.jpg,FAKE,Unknown,36-50
5567,https://api.multiavatar.com/face10.jpg,FAKE,Unknown,18-25
5568,https://api.multiavatar.com/face11.jpg,FAKE,Unknown,26-35
5569,https://api.multiavatar.com/face12.jpg,FAKE,Unknown,18-25
5570,https://api.multiavatar.com/face13.jpg,FAKE,Unknown,26-35
5571,https://api.multiavatar.com/face14.jpg,FAKE,Unknown,36-50
5572,https://api.multiavatar.com/face15.jpg,FAKE,Unknown,18-25
5573,https://api.multiavatar.com/face16.jpg,FAKE,Unknown,26-35
5574,https://api.multiavatar.com/face17.jpg,FAKE,Unknown,18-25
5575,https://api.multiavatar.com/face18.jpg,FAKE,Unknown,36-50
5576,https://api.multiavatar.com/face19.jpg,FAKE,Unknown,50+
5577,https://api.multiavatar.com/face20.jpg,FAKE,Unknown,36-50
5578,https://api.multiavatar.com/face21.jpg,FAKE,Unknown,50+
5579,https://api.multiavatar.com/face22.jpg,FAKE,Unknown,18-25
5580,https://api.multiavatar.com/face23.jpg,FAKE,Unknown,36-50
5581,https://api.multiavatar.com/face24.jpg,FAKE,Unknown,36-50
5582,https://api.multiavatar.com/face25.jpg,FAKE,Unknown,26-35
5583,https://api.multiavatar.com/face26.jpg,FAKE,Unknown,18-25
5584,https://api.multiavatar.com/face27.jpg,FAKE,Unknown,26-35
5585,https://api.multiavatar.com/face28.jpg,FAKE,Unknown,18-25
5586,https://api.multiavatar.com/face29.jpg,FAKE,Unknown,18-25
5587,https://api.multiavatar.com/face30.jpg,FAKE,Unknown,26-35
5588,https://api.multiavatar.com/face31.jpg,FAKE,Unknown,18-25
5589,https://api.multiavatar.com/face32.jpg,FAKE,Unknown,50+
5590,https://api.multiavatar.com/face33.jpg,FAKE,Unknown,50+
5591,https://api.multiavatar.com/face34.jpg,FAKE,Unknown,26-35
5592,https://api.multiavatar.com/face35.jpg,FAKE,Unknown,18-25
5593,https://api.multiavatar.com/face36.jpg,FAKE,Unknown,50+
5594,https://api.multiavatar.com/face37.jpg,FAKE,Unknown,18-25
5595,https://api.multiavatar.com/face38.jpg,FAKE,Unknown,36-50
5596,https://api.multiavatar.com/face39.jpg,FAKE,Unknown,18-25
5597,https://api.multiavatar.com/face40.jpg,FAKE,Unknown,36-50
5598,https://api.multiavatar.com/face41.jpg,FAKE,Unknown,26-35
5599,https://api.multiavatar.com/face42.jpg,FAKE,Unknown,26-35
5600,https://api.multiavatar.com/face43.jpg,FAKE,Unknown,18-25
5601,https://api.multiavatar.com/face44.jpg,FAKE,Unknown,50+
5602,https://api.multiavatar.com/face45.jpg,FAKE,Unknown,26-35
5603,https://api.multiavatar.com/face46.jpg,FAKE,Unknown,36-50
5604,https://api.multiavatar.com/face47.jpg,FAKE,Unknown,36-50
5605,https://api.multiavatar.com/face48.jpg,FAKE,Unknown,50+
5606,https://api.multiavatar.com/face49.jpg,FAKE,Unknown,26-35
5607,https://api.multiavatar.com/face50.jpg,FAKE,Unknown,36-50
5608,https://api.multiavatar.com/face51.jpg,FAKE,Unknown,18-25
5609,https://api.multiavatar.com/face52.jpg,FAKE,Unknown,18-25
5610,https://api.multiavatar.com/face53.jpg,FAKE,Unknown,36-50
5611,https://api.multiavatar.com/face54.jpg,FAKE,Unknown,18-25
5612,https://api.multiavatar.com/face55.jpg,FAKE,Unknown,50+
5613,https://api.multiavatar.com/face56.jpg,FAKE,Unknown,50+
5614,https://api.multiavatar.com/face57.jpg,FAKE,Unknown,36-50
5615,https://api.multiavatar.com/face58.jpg,FAKE,Unknown,26-35
5616,https://api.multiavatar.com/face59.jpg,FAKE,Unknown,26-35
5617,https://api.multiavatar.com/face60.jpg,FAKE,Unknown,18-25
5618,https://api.multiavatar.com/face61.jpg,FAKE,Unknown,36-50
5619,https://api.multiavatar.com/face62.jpg,FAKE,Unknown,26-35
5620,https://api.multiavatar.com/face63.jpg,FAKE,Unknown,50+
5621,https://api.multiavatar.com/face64.jpg,FAKE,Unknown,36-50
5622,https://api.multiavatar.com/face65.jpg,FAKE,Unknown,26-35
5623,https://api.multiavatar.com/face66.jpg,FAKE,Unknown,36-50
5624,https://api.multiavatar.com/face67.jpg,FAKE,Unknown,50+
5625,https://api.multiavatar.com/face68.jpg,FAKE,Unknown,26-35
5626,https://api.multiavatar.com/face69.jpg,FAKE,Unknown,26-35
5627,https://api.multiavatar.com/face70.jpg,FAKE,Unknown,26-35
5628,https://api.multiavatar.com/face71.jpg,FAKE,Unknown,26-35
5629,https://api.multiavatar.com/face72.jpg,FAKE,Unknown,50+
5630,https://api.multiavatar.com/face73.jpg,FAKE,Unknown,50+
5631,https://api.multiavatar.com/face74.jpg,FAKE,Unknown,36-50
5632,https://api.multiavatar.com/face75.jpg,FAKE,Unknown,18-25
5633,https://api.multiavatar.com/face76.jpg,FAKE,Unknown,26-35
5634,https://api.multiavatar.com/face77.jpg,FAKE,Unknown,36-50
5635,https://api.multiavatar.com/face78.jpg,FAKE,Unknown,18-25
5636,https://api.multiavatar.com/face79.jpg,FAKE,Unknown,50+
5637,https://api.multiavatar.com/face80.jpg,FAKE,Unknown,50+
5638,https://api.multiavatar.com/face81.jpg,FAKE,Unknown,18-25
5639,https://api.multiavatar.com/face82.jpg,FAKE,Unknown,18-25
5640,https://api.multiavatar.com/face83.jpg,FAKE,Unknown,36-50
5641,https://api.multiavatar.com/face84.jpg,FAKE,Unknown,26-35
5642,https://api.multiavatar.com/face85.jpg,FAKE,Unknown,18-25
5643,https://api.multiavatar.com/face86.jpg,FAKE,Unknown,26-35
5644,https://api.multiavatar.com/face87.jpg,FAKE,Unknown,36-50
5645,https://api.multiavatar.com/face88.jpg,FAKE,Unknown,18-25
5646,https://api.multiavatar.com/face89.jpg,FAKE,Unknown,18-25
5647,https://api.multiavatar.com/face90.jpg,FAKE,Unknown,50+
5648,https://api.multiavatar.com/face91.jpg,FAKE,Unknown,50+
5649,https://api.multiavatar.com/face92.jpg,FAKE,Unknown,26-35
5650,https://api.multiavatar.com/face93.jpg,FAKE,Unknown,18-25
5651,https://api.multiavatar.com/face94.jpg,FAKE,Unknown,18-25
5652,https://api.multiavatar.com/face95.jpg,FAKE,Unknown,18-25
5653,https://api.multiavatar.com/face96.jpg,FAKE,Unknown,36-50
5654,https://api.multiavatar.com/face97.jpg,FAKE,Unknown,26-35
5655,https://api.multiavatar.com/face98.jpg,FAKE,Unknown,50+
5656,https://api.multiavatar.com/face99.jpg,FAKE,Unknown,26-35
5657,https://api.multiavatar.com/face100.jpg,FAKE,Unknown,26-35
5658,https://api.multiavatar.com/face101.jpg,FAKE,Unknown,18-25
5659,https://api.multiavatar.com/face102.jpg,FAKE,Unknown,26-35
5660,https://api.multiavatar.com/face103.jpg,FAKE,Unknown,26-35
5661,https://api.multiavatar.com/face104.jpg,FAKE,Unknown,50+
5662,https://api.multiavatar.com/face105.jpg,FAKE,Unknown,50+
5663,https://api.multiavatar.com/face106.jpg,FAKE,Unknown,18-25
5664,https://api.multiavatar.com/face107.jpg,FAKE,Unknown,18-25
5665,https://api.multiavatar.com/face108.jpg,FAKE,Unknown,36-50
5666,https://api.multiavatar.com/face109.jpg,FAKE,Unknown,18-25
5667,https://api.multiavatar.com/face110.jpg,FAKE,Unknown,18-25
5668,https://api.multiavatar.com/face111.jpg,FAKE,Unknown,18-25
5669,https://api.multiavatar.com/face112.jpg,FAKE,Unknown,50+
5670,https://api.multiavatar.com/face113.jpg,FAKE,Unknown,50+
5671,https://api.multiavatar.com/face114.jpg,FAKE,Unknown,18-25
5672,https://api.multiavatar.com/face115.jpg,FAKE,Unknown,50+
5673,https://api.multiavatar.com/face116.jpg,FAKE,Unknown,26-35
5674,https://api.multiavatar.com/face117.jpg,FAKE,Unknown,26-35
5675,https://api.multiavatar.com/face118.jpg,FAKE,Unknown,18-25
5676,https://api.multiavatar.com/face119.jpg,FAKE,Unknown,26-35
5677,https://api.multiavatar.com/face120.jpg,FAKE,Unknown,26-35
5678,https://api.multiavatar.com/face121.jpg,FAKE,Unknown,18-25
5679,https://api.multiavatar.com/face122.jpg,FAKE,Unknown,36-50
5680,https://api.multiavatar.com/face123.jpg,FAKE,Unknown,50+
5681,https://api.multiavatar.com/face124.jpg,FAKE,Unknown,50+
5682,https://api.multiavatar.com/face125.jpg,FAKE,Unknown,50+
5683,https://api.multiavatar.com/face126.jpg,FAKE,Unknown,18-25
5684,https://api.multiavatar.com/face127.jpg,FAKE,Unknown,50+
5685,https://api.multiavatar.com/face128.jpg,FAKE,Unknown,26-35
5686,https://api.multiavatar.com/face129.jpg,FAKE,Unknown,36-50
5687,https://api.multiavatar.com/face130.jpg,FAKE,Unknown,36-50
5688,https://api.multiavatar.com/face131.jpg,FAKE,Unknown,50+
5689,https://api.multiavatar.com/face132.jpg,FAKE,Unknown,18-25
5690,https://api.multiavatar.com/face133.jpg,FAKE,Unknown,36-50
5691,https://api.multiavatar.com/face134.jpg,FAKE,Unknown,26-35
5692,https://api.multiavatar.com/face135.jpg,FAKE,Unknown,36-50
5693,https://api.multiavatar.com/face136.jpg,FAKE,Unknown,50+
5694,https://api.multiavatar.com/face137.jpg,FAKE,Unknown,36-50
5695,https://api.multiavatar.com/face138.jpg,FAKE,Unknown,50+
5696,https://api.multiavatar.com/face139.jpg,FAKE,Unknown,50+
5697,https://api.multiavatar.com/face140.jpg,FAKE,Unknown,26-35
5698,https://api.multiavatar.com/face141.jpg,FAKE,Unknown,36-50
5699,https://api.multiavatar.com/face142.jpg,FAKE,Unknown,26-35
5700,https://api.multiavatar.com/face143.jpg,FAKE,Unknown,18-25
5701,https://api.multiavatar.com/face144.jpg,FAKE,Unknown,26-35
5702,https://api.multiavatar.com/face145.jpg,FAKE,Unknown,36-50
5703,https://api.multiavatar.com/face146.jpg,FAKE,Unknown,18-25
5704,https://api.multiavatar.com/face147.jpg,FAKE,Unknown,18-25
5705,https://api.multiavatar.com/face148.jpg,FAKE,Unknown,18-25
5706,https://api.multiavatar.com/face149.jpg,FAKE,Unknown,50+
5707,https://api.multiavatar.com/face150.jpg,FAKE,Unknown,36-50
5708,https://api.multiavatar.com/face151.jpg,FAKE,Unknown,26-35
5709,https://api.multiavatar.com/face152.jpg,FAKE,Unknown,26-35
5710,https://api.multiavatar.com/face153.jpg,FAKE,Unknown,50+
5711,https://api.multiavatar.com/face154.jpg,FAKE,Unknown,36-50
5712,https://api.multiavatar.com/face155.jpg,FAKE,Unknown,26-35
5713,https://api.multiavatar.com/face156.jpg,FAKE,Unknown,50+
5714,https://api.multiavatar.com/face157.jpg,FAKE,Unknown,36-50
5715,https://api.multiavatar.com/face158.jpg,FAKE,Unknown,36-50
5716,https://api.multiavatar.com/face159.jpg,FAKE,Unknown,26-35
5717,https://api.multiavatar.com/face160.jpg,FAKE,Unknown,18-25
5718,https://api.multiavatar.com/face161.jpg,FAKE,Unknown,36-50
5719,https://api.multiavatar.com/face162.jpg,FAKE,Unknown,50+
5720,https://api.multiavatar.com/face163.jpg,FAKE,Unknown,26-35
5721,https://api.multiavatar.com/face164.jpg,FAKE,Unknown,26-35
5722,https://api.multiavatar.com/face165.jpg,FAKE,Unknown,36-50
5723,https://api.multiavatar.com/face166.jpg,FAKE,Unknown,50+
5724,https://api.multiavatar.com/face167.jpg,FAKE,Unknown,18-25
5725,https://api.multiavatar.com/face168.jpg,FAKE,Unknown,26-35
5726,https://api.multiavatar.com/face169.jpg,FAKE,Unknown,50+
5727,https://api.multiavatar.com/face170.jpg,FAKE,Unknown,36-50
5728,https://api.multiavatar.com/face171.jpg,FAKE,Unknown,50+
5729,https://api.multiavatar.com/face172.jpg,FAKE,Unknown,26-35
5730,https://api.multiavatar.com/face173.jpg,FAKE,Unknown,26-35
5731,https://api.multiavatar.com/face174.jpg,FAKE,Unknown,50+
5732,https://api.multiavatar.com/face175.jpg,FAKE,Unknown,26-35
5733,https://api.multiavatar.com/face176.jpg,FAKE,Unknown,18-25
5734,https://api.multiavatar.com/face177.jpg,FAKE,Unknown,18-25
5735,https://api.multiavatar.com/face178.jpg,FAKE,Unknown,26-35
5736,https://api.multiavatar.com/face179.jpg,FAKE,Unknown,50+
5737,https://api.multiavatar.com/face180.jpg,FAKE,Unknown,50+
5738,https://api.multiavatar.com/face181.jpg,FAKE,Unknown,26-35
5739,https://api.multiavatar.com/face182.jpg,FAKE,Unknown,50+
5740,https://api.multiavatar.com/face183.jpg,FAKE,Unknown,50+
5741,https://api.multiavatar.com/face184.jpg,FAKE,Unknown,26-35
5742,https://api.multiavatar.com/face185.jpg,FAKE,Unknown,36-50
5743,https://api.multiavatar.com/face186.jpg,FAKE,Unknown,18-25
5744,https://api.multiavatar.com/face187.jpg,FAKE,Unknown,36-50
5745,https://api.multiavatar.com/face188.jpg,FAKE,Unknown,50+
5746,https://api.multiavatar.com/face189.jpg,FAKE,Unknown,50+
5747,https://api.multiavatar.com/face190.jpg,FAKE,Unknown,18-25
5748,https://api.multiavatar.com/face191.jpg,FAKE,Unknown,36-50
5749,https://api.multiavatar.com/face192.jpg,FAKE,Unknown,26-35
5750,https://api.multiavatar.com/face193.jpg,FAKE,Unknown,18-25
5751,https://api.multiavatar.com/face194.jpg,FAKE,Unknown,50+
5752,https://api.multiavatar.com/face195.jpg,FAKE,Unknown,36-50
5753,https://api.multiavatar.com/face196.jpg,FAKE,Unknown,36-50
5754,https://api.multiavatar.com/face197.jpg,FAKE,Unknown,36-50
5755,https://api.multiavatar.com/face198.jpg,FAKE,Unknown,26-35
5756,https://api.multiavatar.com/face199.jpg,FAKE,Unknown,18-25
5757,https://api.multiavatar.com/face200.jpg,FAKE,Unknown,36-50
5758,https://api.multiavatar.com/face201.jpg,FAKE,Unknown,26-35
5759,https://api.multiavatar.com/face202.jpg,FAKE,Unknown,26-35
5760,https://api.multiavatar.com/face203.jpg,FAKE,Unknown,26-35
5761,https://api.multiavatar.com/face204.jpg,FAKE,Unknown,26-35
5762,https://api.multiavatar.com/face205.jpg,FAKE,Unknown,36-50
5763,https://api.multiavatar.com/face206.jpg,FAKE,Unknown,18-25
5764,https://api.multiavatar.com/face207.jpg,FAKE,Unknown,50+
5765,https://api.multiavatar.com/face208.jpg,FAKE,Unknown,26-35
5766,https://api.multiavatar.com/face209.jpg,FAKE,Unknown,36-50
5767,https://api.multiavatar.com/face210.jpg,FAKE,Unknown,26-35
5768,https://api.multiavatar.com/face211.jpg,FAKE,Unknown,50+
5769,https://api.multiavatar.com/face212.jpg,FAKE,Unknown,36-50
5770,https://api.multiavatar.com/face213.jpg,FAKE,Unknown,36-50
5771,https://api.multiavatar.com/face214.jpg,FAKE,Unknown,26-35
5772,https://api.multiavatar.com/face215.jpg,FAKE,Unknown,36-50
5773,https://api.multiavatar.com/face216.jpg,FAKE,Unknown,18-25
5774,https://api.multiavatar.com/face217.jpg,FAKE,Unknown,36-50
5775,https://api.multiavatar.com/face218.jpg,FAKE,Unknown,36-50
5776,https://api.multiavatar.com/face219.jpg,FAKE,Unknown,36-50
5777,https://api.multiavatar.com/face220.jpg,FAKE,Unknown,50+
5778,https://api.multiavatar.com/face221.jpg,FAKE,Unknown,36-50
5779,https://api.multiavatar.com/face222.jpg,FAKE,Unknown,26-35
5780,https://api.multiavatar.com/face223.jpg,FAKE,Unknown,26-35
5781,https://api.multiavatar.com/face224.jpg,FAKE,Unknown,26-35
5782,https://api.multiavatar.com/face225.jpg,FAKE,Unknown,36-50
5783,https://api.multiavatar.com/face226.jpg,FAKE,Unknown,36-50
5784,https://api.multiavatar.com/face227.jpg,FAKE,Unknown,18-25
5785,https://api.multiavatar.com/face228.jpg,FAKE,Unknown,36-50
5786,https://api.multiavatar.com/face229.jpg,FAKE,Unknown,26-35
5787,https://api.multiavatar.com/face230.jpg,FAKE,Unknown,18-25
5788,https://api.multiavatar.com/face231.jpg,FAKE,Unknown,18-25
5789,https://api.multiavatar.com/face232.jpg,FAKE,Unknown,18-25
5790,https://api.multiavatar.com/face233.jpg,FAKE,Unknown,18-25
5791,https://api.multiavatar.com/face234.jpg,FAKE,Unknown,26-35
5792,https://api.multiavatar.com/face235.jpg,FAKE,Unknown,18-25
5793,https://api.multiavatar.com/face236.jpg,FAKE,Unknown,18-25
5794,https://api.multiavatar.com/face237.jpg,FAKE,Unknown,18-25
5795,https://api.multiavatar.com/face238.jpg,FAKE,Unknown,36-50
5796,https://api.multiavatar.com/face239.jpg,FAKE,Unknown,36-50
5797,https://api.multiavatar.com/face240.jpg,FAKE,Unknown,18-25
5798,https://api.multiavatar.com/face241.jpg,FAKE,Unknown,18-25
5799,https://api.multiavatar.com/face242.jpg,FAKE,Unknown,18-25
5800,https://api.multiavatar.com/face243.jpg,FAKE,Unknown,18-25
5801,https://api.multiavatar.com/face244.jpg,FAKE,Unknown,36-50
5802,https://api.multiavatar.com/face245.jpg,FAKE,Unknown,36-50
5803,https://api.multiavatar.com/face246.jpg,FAKE,Unknown,18-25
5804,https://api.multiavatar.com/face247.jpg,FAKE,Unknown,36-50
5805,https://api.multiavatar.com/face248.jpg,FAKE,Unknown,50+
5806,https://api.multiavatar.com/face249.jpg,FAKE,Unknown,36-50
5807,https://api.multiavatar.com/face250.jpg,FAKE,Unknown,36-50
5808,https://api.multiavatar.com/face251.jpg,FAKE,Unknown,50+
5809,https://api.multiavatar.com/face252.jpg,FAKE,Unknown,36-50
5810,https://api.multiavatar.com/face253.jpg,FAKE,Unknown,26-35
5811,https://api.multiavatar.com/face254.jpg,FAKE,Unknown,26-35
5812,https://api.multiavatar.com/face255.jpg,FAKE,Unknown,18-25
5813,https://api.multiavatar.com/face256.jpg,FAKE,Unknown,36-50
5814,https://api.multiavatar.com/face257.jpg,FAKE,Unknown,26-35
5815,https://api.multiavatar.com/face258.jpg,FAKE,Unknown,18-25
5816,https://api.multiavatar.com/face259.jpg,FAKE,Unknown,36-50
5817,https://api.multiavatar.com/face260.jpg,FAKE,Unknown,26-35
5818,https://api.multiavatar.com/face261.jpg,FAKE,Unknown,26-35
5819,https://api.multiavatar.com/face262.jpg,FAKE,Unknown,18-25
5820,https://api.multiavatar.com/face263.jpg,FAKE,Unknown,26-35
5821,https://api.multiavatar.com/face264.jpg,FAKE,Unknown,18-25
5822,https://api.multiavatar.com/face265.jpg,FAKE,Unknown,36-50
5823,https://api.multiavatar.com/face266.jpg,FAKE,Unknown,50+
5824,https://api.multiavatar.com/face267.jpg,FAKE,Unknown,36-50
5825,https://api.multiavatar.com/face268.jpg,FAKE,Unknown,50+
5826,https://api.multiavatar.com/face269.jpg,FAKE,Unknown,26-35
5827,https://api.multiavatar.com/face270.jpg,FAKE,Unknown,36-50
5828,https://api.multiavatar.com/face271.jpg,FAKE,Unknown,36-50
5829,https://api.multiavatar.com/face272.jpg,FAKE,Unknown,50+
5830,https://api.multiavatar.com/face273.jpg,FAKE,Unknown,50+
5831,https://api.multiavatar.com/face274.jpg,FAKE,Unknown,26-35
5832,https://api.multiavatar.com/face275.jpg,FAKE,Unknown,18-25
5833,https://api.multiavatar.com/face276.jpg,FAKE,Unknown,50+
5834,https://api.multiavatar.com/face277.jpg,FAKE,Unknown,36-50
5835,https://api.multiavatar.com/face278.jpg,FAKE,Unknown,18-25
5836,https://api.multiavatar.com/face279.jpg,FAKE,Unknown,36-50
5837,https://api.multiavatar.com/face280.jpg,FAKE,Unknown,26-35
5838,https://api.multiavatar.com/face281.jpg,FAKE,Unknown,36-50
5839,https://api.multiavatar.com/face282.jpg,FAKE,Unknown,26-35
5840,https://api.multiavatar.com/face283.jpg,FAKE,Unknown,26-35
5841,https://api.multiavatar.com/face284.jpg,FAKE,Unknown,36-50
5842,https://api.multiavatar.com/face285.jpg,FAKE,Unknown,36-50
5843,https://api.multiavatar.com/face286.jpg,FAKE,Unknown,18-25
5844,https://api.multiavatar.com/face287.jpg,FAKE,Unknown,36-50
5845,https://api.multiavatar.com/face288.jpg,FAKE,Unknown,36-50
5846,https://api.multiavatar.com/face289.jpg,FAKE,Unknown,18-25
5847,https://api.multiavatar.com/face290.jpg,FAKE,Unknown,50+
5848,https://api.multiavatar.com/face291.jpg,FAKE,Unknown,26-35
5849,https://api.multiavatar.com/face292.jpg,FAKE,Unknown,50+
5850,https://api.multiavatar.com/face293.jpg,FAKE,Unknown,50+
5851,https://api.multiavatar.com/face294.jpg,FAKE,Unknown,26-35
5852,https://api.multiavatar.com/face295.jpg,FAKE,Unknown,50+
5853,https://api.multiavatar.com/face296.jpg,FAKE,Unknown,26-35
5854,https://api.multiavatar.com/face297.jpg,FAKE,Unknown,50+
5855,https://api.multiavatar.com/face298.jpg,FAKE,Unknown,26-35
5856,https://api.multiavatar.com/face299.jpg,FAKE,Unknown,26-35
5857,https://api.multiavatar.com/face300.jpg,FAKE,Unknown,26-35
5858,https://api.multiavatar.com/face301.jpg,FAKE,Unknown,18-25
5859,https://api.multiavatar.com/face302.jpg,FAKE,Unknown,18-25
5860,https://api.multiavatar.com/face303.jpg,FAKE,Unknown,50+
5861,https://api.multiavatar.com/face304.jpg,FAKE,Unknown,36-50
5862,https://api.multiavatar.com/face305.jpg,FAKE,Unknown,26-35
5863,https://api.multiavatar.com/face306.jpg,FAKE,Unknown,50+
5864,https://api.multiavatar.com/face307.jpg,FAKE,Unknown,50+
5865,https://api.multiavatar.com/face308.jpg,FAKE,Unknown,50+
5866,https://api.multiavatar.com/face309.jpg,FAKE,Unknown,50+
5867,https://api.multiavatar.com/face310.jpg,FAKE,Unknown,36-50
5868,https://api.multiavatar.com/face311.jpg,FAKE,Unknown,18-25
5869,https://api.multiavatar.com/face312.jpg,FAKE,Unknown,50+
5870,https://api.multiavatar.com/face313.jpg,FAKE,Unknown,18-25
5871,https://api.multiavatar.com/face314.jpg,FAKE,Unknown,26-35
5872,https://api.multiavatar.com/face315.jpg,FAKE,Unknown,26-35
5873,https://api.multiavatar.com/face316.jpg,FAKE,Unknown,50+
5874,https://api.multiavatar.com/face317.jpg,FAKE,Unknown,50+
5875,https://api.multiavatar.com/face318.jpg,FAKE,Unknown,26-35
5876,https://api.multiavatar.com/face319.jpg,FAKE,Unknown,36-50
5877,https://api.multiavatar.com/face320.jpg,FAKE,Unknown,36-50
5878,https://api.multiavatar.com/face321.jpg,FAKE,Unknown,36-50
5879,https://api.multiavatar.com/face322.jpg,FAKE,Unknown,36-50
5880,https://api.multiavatar.com/face323.jpg,FAKE,Unknown,36-50
5881,https://api.multiavatar.com/face324.jpg,FAKE,Unknown,36-50
5882,https://api.multiavatar.com/face325.jpg,FAKE,Unknown,26-35
5883,https://api.multiavatar.com/face326.jpg,FAKE,Unknown,36-50
5884,https://api.multiavatar.com/face327.jpg,FAKE,Unknown,26-35
5885,https://api.multiavatar.com/face328.jpg,FAKE,Unknown,50+
5886,https://api.multiavatar.com/face329.jpg,FAKE,Unknown,26-35
5887,https://api.multiavatar.com/face330.jpg,FAKE,Unknown,18-25
5888,https://api.multiavatar.com/face331.jpg,FAKE,Unknown,18-25
5889,https://api.multiavatar.com/face332.jpg,FAKE,Unknown,36-50
5890,https://api.multiavatar.com/face333.jpg,FAKE,Unknown,26-35
5891,https://api.multiavatar.com/face334.jpg,FAKE,Unknown,36-50
5892,https://api.multiavatar.com/face335.jpg,FAKE,Unknown,50+
5893,https://api.multiavatar.com/face336.jpg,FAKE,Unknown,36-50
5894,https://api.multiavatar.com/face337.jpg,FAKE,Unknown,36-50
5895,https://api.multiavatar.com/face338.jpg,FAKE,Unknown,26-35
5896,https://api.multiavatar.com/face339.jpg,FAKE,Unknown,26-35
5897,https://api.multiavatar.com/face340.jpg,FAKE,Unknown,26-35
5898,https://api.multiavatar.com/face341.jpg,FAKE,Unknown,18-25
5899,https://api.multiavatar.com/face342.jpg,FAKE,Unknown,36-50
5900,https://api.multiavatar.com/face343.jpg,FAKE,Unknown,18-25
5901,https://api.multiavatar.com/face344.jpg,FAKE,Unknown,26-35
5902,https://api.multiavatar.com/face345.jpg,FAKE,Unknown,18-25
5903,https://api.multiavatar.com/face346.jpg,FAKE,Unknown,26-35
5904,https://api.multiavatar.com/face347.jpg,FAKE,Unknown,18-25
5905,https://api.multiavatar.com/face348.jpg,FAKE,Unknown,18-25
5906,https://api.multiavatar.com/face349.jpg,FAKE,Unknown,36-50
5907,https://api.multiavatar.com/face350.jpg,FAKE,Unknown,36-50
5908,https://api.multiavatar.com/face351.jpg,FAKE,Unknown,18-25
5909,https://api.multiavatar.com/face352.jpg,FAKE,Unknown,36-50
5910,https://api.multiavatar.com/face353.jpg,FAKE,Unknown,36-50
5911,https://api.multiavatar.com/face354.jpg,FAKE,Unknown,18-25
5912,https://api.multiavatar.com/face355.jpg,FAKE,Unknown,26-35
5913,https://api.multiavatar.com/face356.jpg,FAKE,Unknown,36-50
5914,https://api.multiavatar.com/face357.jpg,FAKE,Unknown,26-35
5915,https://api.multiavatar.com/face358.jpg,FAKE,Unknown,36-50
5916,https://api.multiavatar.com/face359.jpg,FAKE,Unknown,26-35
5917,https://api.multiavatar.com/face360.jpg,FAKE,Unknown,36-50
5918,https://api.multiavatar.com/face361.jpg,FAKE,Unknown,36-50
5919,https://api.multiavatar.com/face362.jpg,FAKE,Unknown,18-25
5920,https://api.multiavatar.com/face363.jpg,FAKE,Unknown,36-50
5921,https://api.multiavatar.com/face364.jpg,FAKE,Unknown,36-50
5922,https://api.multiavatar.com/face365.jpg,FAKE,Unknown,18-25
5923,https://api.multiavatar.com/face366.jpg,FAKE,Unknown,50+
5924,https://api.multiavatar.com/face367.jpg,FAKE,Unknown,36-50
5925,https://api.multiavatar.com/face368.jpg,FAKE,Unknown,18-25
5926,https://api.multiavatar.com/face369.jpg,FAKE,Unknown,18-25
5927,https://api.multiavatar.com/face370.jpg,FAKE,Unknown,36-50
5928,https://api.multiavatar.com/face371.jpg,FAKE,Unknown,50+
5929,https://api.multiavatar.com/face372.jpg,FAKE,Unknown,18-25
5930,https://api.multiavatar.com/face373.jpg,FAKE,Unknown,36-50
5931,https://api.multiavatar.com/face374.jpg,FAKE,Unknown,18-25
5932,https://api.multiavatar.com/face375.jpg,FAKE,Unknown,50+
5933,https://api.multiavatar.com/face376.jpg,FAKE,Unknown,26-35
5934,https://api.multiavatar.com/face377.jpg,FAKE,Unknown,50+
5935,https://api.multiavatar.com/face378.jpg,FAKE,Unknown,18-25
5936,https://api.multiavatar.com/face379.jpg,FAKE,Unknown,36-50
5937,https://api.multiavatar.com/face380.jpg,FAKE,Unknown,18-25
5938,https://api.multiavatar.com/face381.jpg,FAKE,Unknown,18-25
5939,https://api.multiavatar.com/face382.jpg,FAKE,Unknown,26-35
5940,https://api.multiavatar.com/face383.jpg,FAKE,Unknown,36-50
5941,https://api.multiavatar.com/face384.jpg,FAKE,Unknown,36-50
5942,https://api.multiavatar.com/face385.jpg,FAKE,Unknown,36-50
5943,https://api.multiavatar.com/face386.jpg,FAKE,Unknown,26-35
5944,https://api.multiavatar.com/face387.jpg,FAKE,Unknown,26-35
5945,https://api.multiavatar.com/face388.jpg,FAKE,Unknown,50+
5946,https://api.multiavatar.com/face389.jpg,FAKE,Unknown,36-50
5947,https://api.multiavatar.com/face390.jpg,FAKE,Unknown,50+
5948,https://api.multiavatar.com/face391.jpg,FAKE,Unknown,18-25
5949,https://api.multiavatar.com/face392.jpg,FAKE,Unknown,18-25
5950,https://api.multiavatar.com/face393.jpg,FAKE,Unknown,26-35
5951,https://api.multiavatar.com/face394.jpg,FAKE,Unknown,26-35
5952,https://api.multiavatar.com/face395.jpg,FAKE,Unknown,26-35
5953,https://api.multiavatar.com/face396.jpg,FAKE,Unknown,18-25
5954,https://api.multiavatar.com/face397.jpg,FAKE,Unknown,36-50
5955,https://api.multiavatar.com/face398.jpg,FAKE,Unknown,36-50
5956,https://api.multiavatar.com/face399.jpg,FAKE,Unknown,26-35
5957,https://api.multiavatar.com/face400.jpg,FAKE,Unknown,18-25
5958,https://api.multiavatar.com/face401.jpg,FAKE,Unknown,36-50
5959,https://api.multiavatar.com/face402.jpg,FAKE,Unknown,18-25
5960,https://api.multiavatar.com/face403.jpg,FAKE,Unknown,50+
5961,https://api.multiavatar.com/face404.jpg,FAKE,Unknown,18-25
5962,https://api.multiavatar.com/face405.jpg,FAKE,Unknown,36-50
5963,https://api.multiavatar.com/face406.jpg,FAKE,Unknown,50+
5964,https://api.multiavatar.com/face407.jpg,FAKE,Unknown,26-35
5965,https://api.multiavatar.com/face408.jpg,FAKE,Unknown,50+
5966,https://api.multiavatar.com/face409.jpg,FAKE,Unknown,26-35
5967,https://api.multiavatar.com/face410.jpg,FAKE,Unknown,50+
5968,https://api.multiavatar.com/face411.jpg,FAKE,Unknown,26-35
5969,https://api.multiavatar.com/face412.jpg,FAKE,Unknown,50+
5970,https://api.multiavatar.com/face413.jpg,FAKE,Unknown,26-35
5971,https://api.multiavatar.com/face414.jpg,FAKE,Unknown,50+
5972,https://api.multiavatar.com/face415.jpg,FAKE,Unknown,36-50
5973,https://api.multiavatar.com/face416.jpg,FAKE,Unknown,50+
5974,https://api.multiavatar.com/face417.jpg,FAKE,Unknown,26-35
5975,https://api.multiavatar.com/face418.jpg,FAKE,Unknown,26-35
5976,https://api.multiavatar.com/face419.jpg,FAKE,Unknown,26-35
5977,https://api.multiavatar.com/face420.jpg,FAKE,Unknown,50+
5978,https://api.multiavatar.com/face421.jpg,FAKE,Unknown,50+
5979,https://api.multiavatar.com/face422.jpg,FAKE,Unknown,50+
5980,https://api.multiavatar.com/face423.jpg,FAKE,Unknown,26-35
5981,https://api.multiavatar.com/face424.jpg,FAKE,Unknown,36-50
5982,https://api.multiavatar.com/face425.jpg,FAKE,Unknown,26-35
5983,https://api.multiavatar.com/face426.jpg,FAKE,Unknown,50+
5984,https://api.multiavatar.com/face427.jpg,FAKE,Unknown,18-25
5985,https://api.multiavatar.com/face428.jpg,FAKE,Unknown,36-50
5986,https://api.multiavatar.com/face429.jpg,FAKE,Unknown,26-35
5987,https://api.multiavatar.com/face430.jpg,FAKE,Unknown,50+
5988,https://api.multiavatar.com/face431.jpg,FAKE,Unknown,50+
5989,https://api.multiavatar.com/face432.jpg,FAKE,Unknown,50+
5990,https://api.multiavatar.com/face433.jpg,FAKE,Unknown,18-25
5991,https://api.multiavatar.com/face434.jpg,FAKE,Unknown,26-35
5992,https://api.multiavatar.com/face435.jpg,FAKE,Unknown,36-50
5993,https://api.multiavatar.com/face436.jpg,FAKE,Unknown,18-25
5994,https://api.multiavatar.com/face437.jpg,FAKE,Unknown,36-50
5995,https://api.multiavatar.com/face438.jpg,FAKE,Unknown,26-35
5996,https://api.multiavatar.com/face439.jpg,FAKE,Unknown,36-50
5997,https://api.multiavatar.com/face440.jpg,FAKE,Unknown,26-35
5998,https://api.multiavatar.com/face441.jpg,FAKE,Unknown,18-25
5999,https://api.multiavatar.com/face442.jpg,FAKE,Unknown,36-50
6000,https://api.multiavatar.com/face443.jpg,FAKE,Unknown,26-35
6001,https://api.multiavatar.com/face444.jpg,FAKE,Unknown,18-25
6002,https://api.multiavatar.com/face445.jpg,FAKE,Unknown,18-25
6003,https://api.multiavatar.com/face446.jpg,FAKE,Unknown,26-35
6004,https://api.multiavatar.com/face447.jpg,FAKE,Unknown,50+
6005,https://api.multiavatar.com/face448.jpg,FAKE,Unknown,18-25
6006,https://api.multiavatar.com/face449.jpg,FAKE,Unknown,26-35
6007,https://api.multiavatar.com/face450.jpg,FAKE,Unknown,18-25
6008,https://api.multiavatar.com/face451.jpg,FAKE,Unknown,50+
6009,https://api.multiavatar.com/face452.jpg,FAKE,Unknown,36-50
6010,https://api.multiavatar.com/face453.jpg,FAKE,Unknown,18-25
6011,https://api.multiavatar.com/face454.jpg,FAKE,Unknown,36-50
6012,https://api.multiavatar.com/face455.jpg,FAKE,Unknown,26-35
6013,https://api.multiavatar.com/face456.jpg,FAKE,Unknown,36-50
6014,https://api.multiavatar.com/face457.jpg,FAKE,Unknown,50+
6015,https://api.multiavatar.com/face458.jpg,FAKE,Unknown,18-25
6016,https://api.multiavatar.com/face459.jpg,FAKE,Unknown,36-50
6017,https://api.multiavatar.com/face460.jpg,FAKE,Unknown,26-35
6018,https://api.multiavatar.com/face461.jpg,FAKE,Unknown,50+
6019,https://api.multiavatar.com/face462.jpg,FAKE,Unknown,36-50
6020,https://api.multiavatar.com/face463.jpg,FAKE,Unknown,26-35
6021,https://api.multiavatar.com/face464.jpg,FAKE,Unknown,26-35
6022,https://api.multiavatar.com/face465.jpg,FAKE,Unknown,36-50
6023,https://api.multiavatar.com/face466.jpg,FAKE,Unknown,36-50
6024,https://api.multiavatar.com/face467.jpg,FAKE,Unknown,18-25
6025,https://api.multiavatar.com/face468.jpg,FAKE,Unknown,18-25
6026,https://api.multiavatar.com/face469.jpg,FAKE,Unknown,18-25
6027,https://api.multiavatar.com/face470.jpg,FAKE,Unknown,36-50
6028,https://api.multiavatar.com/face471.jpg,FAKE,Unknown,36-50
6029,https://api.multiavatar.com/face472.jpg,FAKE,Unknown,36-50
6030,https://api.multiavatar.com/face473.jpg,FAKE,Unknown,36-50
6031,https://api.multiavatar.com/face474.jpg,FAKE,Unknown,26-35
6032,https://api.multiavatar.com/face475.jpg,FAKE,Unknown,18-25
6033,https://api.multiavatar.com/face476.jpg,FAKE,Unknown,36-50
6034,https://api.multiavatar.com/face477.jpg,FAKE,Unknown,36-50
6035,https://api.multiavatar.com/face478.jpg,FAKE,Unknown,26-35
6036,https://api.multiavatar.com/face479.jpg,FAKE,Unknown,18-25
6037,https://api.multiavatar.com/face480.jpg,FAKE,Unknown,18-25
6038,https://api.multiavatar.com/face481.jpg,FAKE,Unknown,26-35
6039,https://api.multiavatar.com/face482.jpg,FAKE,Unknown,50+
6040,https://api.multiavatar.com/face483.jpg,FAKE,Unknown,36-50
6041,https://api.multiavatar.com/face484.jpg,FAKE,Unknown,18-25
6042,https://api.multiavatar.com/face485.jpg,FAKE,Unknown,36-50
6043,https://api.multiavatar.com/face486.jpg,FAKE,Unknown,50+
6044,https://api.multiavatar.com/face487.jpg,FAKE,Unknown,26-35
6045,https://api.multiavatar.com/face488.jpg,FAKE,Unknown,26-35
6046,https://api.multiavatar.com/face489.jpg,FAKE,Unknown,18-25
6047,https://api.multiavatar.com/face490.jpg,FAKE,Unknown,36-50
6048,https://api.multiavatar.com/face491.jpg,FAKE,Unknown,26-35
6049,https://api.multiavatar.com/face492.jpg,FAKE,Unknown,26-35
6050,https://api.multiavatar.com/face493.jpg,FAKE,Unknown,36-50
6051,https://api.multiavatar.com/face494.jpg,FAKE,Unknown,50+
6052,https://api.multiavatar.com/face495.jpg,FAKE,Unknown,26-35
6053,https://api.multiavatar.com/face496.jpg,FAKE,Unknown,26-35
6054,https://api.multiavatar.com/face497.jpg,FAKE,Unknown,36-50
6055,https://api.multiavatar.com/face498.jpg,FAKE,Unknown,26-35
6056,https://api.multiavatar.com/face499.jpg,FAKE,Unknown,26-35
6057,https://api.multiavatar.com/face500.jpg,FAKE,Unknown,18-25
6058,https://api.multiavatar.com/face501.jpg,FAKE,Unknown,36-50
6059,https://api.multiavatar.com/face502.jpg,FAKE,Unknown,26-35
6060,https://api.multiavatar.com/face503.jpg,FAKE,Unknown,26-35
6061,https://api.multiavatar.com/face504.jpg,FAKE,Unknown,26-35
6062,https://api.multiavatar.com/face505.jpg,FAKE,Unknown,50+
6063,https://api.multiavatar.com/face506.jpg,FAKE,Unknown,36-50
6064,https://api.multiavatar.com/face507.jpg,FAKE,Unknown,18-25
6065,https://api.multiavatar.com/face508.jpg,FAKE,Unknown,36-50
6066,https://api.multiavatar.com/face509.jpg,FAKE,Unknown,18-25
6067,https://api.multiavatar.com/face510.jpg,FAKE,Unknown,36-50
6068,https://api.multiavatar.com/face511.jpg,FAKE,Unknown,50+
6069,https://api.multiavatar.com/face512.jpg,FAKE,Unknown,36-50
6070,https://api.multiavatar.com/face513.jpg,FAKE,Unknown,26-35
6071,https://api.multiavatar.com/face514.jpg,FAKE,Unknown,18-25
6072,https://api.multiavatar.com/face515.jpg,FAKE,Unknown,26-35
6073,https://api.multiavatar.com/face516.jpg,FAKE,Unknown,36-50
6074,https://api.multiavatar.com/face517.jpg,FAKE,Unknown,36-50
6075,https://api.multiavatar.com/face518.jpg,FAKE,Unknown,50+
6076,https://api.multiavatar.com/face519.jpg,FAKE,Unknown,18-25
6077,https://api.multiavatar.com/face520.jpg,FAKE,Unknown,26-35
6078,https://api.multiavatar.com/face521.jpg,FAKE,Unknown,36-50
6079,https://api.multiavatar.com/face522.jpg,FAKE,Unknown,36-50
6080,https://api.multiavatar.com/face523.jpg,FAKE,Unknown,18-25
6081,https://api.multiavatar.com/face524.jpg,FAKE,Unknown,26-35
6082,https://api.multiavatar.com/face525.jpg,FAKE,Unknown,36-50
6083,https://api.multiavatar.com/face526.jpg,FAKE,Unknown,36-50
6084,https://api.multiavatar.com/face527.jpg,FAKE,Unknown,36-50
6085,https://api.multiavatar.com/face528.jpg,FAKE,Unknown,50+
6086,https://api.multiavatar.com/face529.jpg,FAKE,Unknown,18-25
6087,https://api.multiavatar.com/face530.jpg,FAKE,Unknown,50+
6088,https://api.multiavatar.com/face531.jpg,FAKE,Unknown,18-25
6089,https://api.multiavatar.com/face532.jpg,FAKE,Unknown,50+
6090,https://api.multiavatar.com/face533.jpg,FAKE,Unknown,26-35
6091,https://api.multiavatar.com/face534.jpg,FAKE,Unknown,36-50
6092,https://api.multiavatar.com/face535.jpg,FAKE,Unknown,18-25
6093,https://api.multiavatar.com/face536.jpg,FAKE,Unknown,36-50
6094,https://api.multiavatar.com/face537.jpg,FAKE,Unknown,36-50
6095,https://api.multiavatar.com/face538.jpg,FAKE,Unknown,50+
6096,https://api.multiavatar.com/face539.jpg,FAKE,Unknown,26-35
6097,https://api.multiavatar.com/face540.jpg,FAKE,Unknown,26-35
6098,https://api.multiavatar.com/face541.jpg,FAKE,Unknown,26-35
6099,https://api.multiavatar.com/face542.jpg,FAKE,Unknown,26-35
6100,https://api.multiavatar.com/face543.jpg,FAKE,Unknown,50+
6101,https://api.multiavatar.com/face544.jpg,FAKE,Unknown,50+
6102,https://api.multiavatar.com/face545.jpg,FAKE,Unknown,26-35
6103,https://api.multiavatar.com/face546.jpg,FAKE,Unknown,26-35
6104,https://api.multiavatar.com/face547.jpg,FAKE,Unknown,18-25
6105,https://api.multiavatar.com/face548.jpg,FAKE,Unknown,18-25
6106,https://api.multiavatar.com/face549.jpg,FAKE,Unknown,26-35
6107,https://api.multiavatar.com/face550.jpg,FAKE,Unknown,26-35
6108,https://api.multiavatar.com/face551.jpg,FAKE,Unknown,18-25
6109,https://api.multiavatar.com/face552.jpg,FAKE,Unknown,36-50
6110,https://api.multiavatar.com/face553.jpg,FAKE,Unknown,26-35
6111,https://api.multiavatar.com/face554.jpg,FAKE,Unknown,26-35
6112,https://api.multiavatar.com/face555.jpg,FAKE,Unknown,26-35
6113,https://api.multiavatar.com/face556.jpg,FAKE,Unknown,50+
6114,https://api.multiavatar.com/face557.jpg,FAKE,Unknown,50+
6115,https://api.multiavatar.com/face558.jpg,FAKE,Unknown,36-50
6116,https://api.multiavatar.com/face559.jpg,FAKE,Unknown,50+
6117,https://api.multiavatar.com/face560.jpg,FAKE,Unknown,50+
6118,https://api.multiavatar.com/face561.jpg,FAKE,Unknown,26-35
6119,https://api.multiavatar.com/face562.jpg,FAKE,Unknown,26-35
6120,https://api.multiavatar.com/face563.jpg,FAKE,Unknown,36-50
6121,https://api.multiavatar.com/face564.jpg,FAKE,Unknown,50+
6122,https://api.multiavatar.com/face565.jpg,FAKE,Unknown,26-35
6123,https://api.multiavatar.com/face566.jpg,FAKE,Unknown,18-25
6124,https://api.multiavatar.com/face567.jpg,FAKE,Unknown,18-25
6125,https://api.multiavatar.com/face568.jpg,FAKE,Unknown,18-25
6126,https://api.multiavatar.com/face569.jpg,FAKE,Unknown,26-35
6127,https://api.multiavatar.com/face570.jpg,FAKE,Unknown,36-50
6128,https://api.multiavatar.com/face571.jpg,FAKE,Unknown,50+
6129,https://api.multiavatar.com/face572.jpg,FAKE,Unknown,36-50
6130,https://api.multiavatar.com/face573.jpg,FAKE,Unknown,36-50
6131,https://api.multiavatar.com/face574.jpg,FAKE,Unknown,26-35
6132,https://api.multiavatar.com/face575.jpg,FAKE,Unknown,18-25
6133,https://api.multiavatar.com/face576.jpg,FAKE,Unknown,18-25
6134,https://api.multiavatar.com/face577.jpg,FAKE,Unknown,26-35
6135,https://api.multiavatar.com/face578.jpg,FAKE,Unknown,18-25
6136,https://api.multiavatar.com/face579.jpg,FAKE,Unknown,36-50
6137,https://api.multiavatar.com/face580.jpg,FAKE,Unknown,18-25
6138,https://api.multiavatar.com/face581.jpg,FAKE,Unknown,50+
6139,https://api.multiavatar.com/face582.jpg,FAKE,Unknown,18-25
6140,https://api.multiavatar.com/face583.jpg,FAKE,Unknown,26-35
6141,https://api.multiavatar.com/face584.jpg,FAKE,Unknown,18-25
6142,https://api.multiavatar.com/face585.jpg,FAKE,Unknown,26-35
6143,https://api.multiavatar.com/face586.jpg,FAKE,Unknown,18-25
6144,https://api.multiavatar.com/face587.jpg,FAKE,Unknown,36-50
6145,https://api.multiavatar.com/face588.jpg,FAKE,Unknown,26-35
6146,https://api.multiavatar.com/face589.jpg,FAKE,Unknown,18-25
6147,https://api.multiavatar.com/face590.jpg,FAKE,Unknown,18-25
6148,https://api.multiavatar.com/face591.jpg,FAKE,Unknown,36-50
6149,https://api.multiavatar.com/face592.jpg,FAKE,Unknown,18-25
6150,https://api.multiavatar.com/face593.jpg,FAKE,Unknown,50+
6151,https://api.multiavatar.com/face594.jpg,FAKE,Unknown,36-50
6152,https://api.multiavatar.com/face595.jpg,FAKE,Unknown,50+
6153,https://api.multiavatar.com/face596.jpg,FAKE,Unknown,18-25
6154,https://api.multiavatar.com/face597.jpg,FAKE,Unknown,36-50
6155,https://api.multiavatar.com/face598.jpg,FAKE,Unknown,18-25
6156,https://api.multiavatar.com/face599.jpg,FAKE,Unknown,36-50
6157,https://api.multiavatar.com/face600.jpg,FAKE,Unknown,26-35
6158,https://api.multiavatar.com/face601.jpg,FAKE,Unknown,26-35
6159,https://api.multiavatar.com/face602.jpg,FAKE,Unknown,50+
6160,https://api.multiavatar.com/face603.jpg,FAKE,Unknown,18-25
6161,https://api.multiavatar.com/face604.jpg,FAKE,Unknown,26-35
6162,https://api.multiavatar.com/face605.jpg,FAKE,Unknown,18-25
6163,https://api.multiavatar.com/face606.jpg,FAKE,Unknown,18-25
6164,https://api.multiavatar.com/face607.jpg,FAKE,Unknown,26-35
6165,https://api.multiavatar.com/face608.jpg,FAKE,Unknown,36-50
6166,https://api.multiavatar.com/face609.jpg,FAKE,Unknown,26-35
6167,https://api.multiavatar.com/face610.jpg,FAKE,Unknown,36-50
6168,https://api.multiavatar.com/face611.jpg,FAKE,Unknown,26-35
6169,https://api.multiavatar.com/face612.jpg,FAKE,Unknown,36-50
6170,https://api.multiavatar.com/face613.jpg,FAKE,Unknown,50+
6171,https://api.multiavatar.com/face614.jpg,FAKE,Unknown,36-50
6172,https://api.multiavatar.com/face615.jpg,FAKE,Unknown,36-50
6173,https://api.multiavatar.com/face616.jpg,FAKE,Unknown,50+
6174,https://api.multiavatar.com/face617.jpg,FAKE,Unknown,50+
6175,https://api.multiavatar.com/face618.jpg,FAKE,Unknown,18-25
6176,https://api.multiavatar.com/face619.jpg,FAKE,Unknown,26-35
6177,https://api.multiavatar.com/face620.jpg,FAKE,Unknown,26-35
6178,https://api.multiavatar.com/face621.jpg,FAKE,Unknown,26-35
6179,https://api.multiavatar.com/face622.jpg,FAKE,Unknown,26-35
6180,https://api.multiavatar.com/face623.jpg,FAKE,Unknown,26-35
6181,https://api.multiavatar.com/face624.jpg,FAKE,Unknown,26-35
6182,https://api.multiavatar.com/face625.jpg,FAKE,Unknown,36-50
6183,https://api.multiavatar.com/face626.jpg,FAKE,Unknown,26-35
6184,https://api.multiavatar.com/face627.jpg,FAKE,Unknown,36-50
6185,https://api.multiavatar.com/face628.jpg,FAKE,Unknown,50+
6186,https://api.multiavatar.com/face629.jpg,FAKE,Unknown,36-50
6187,https://api.multiavatar.com/face630.jpg,FAKE,Unknown,18-25
6188,https://api.multiavatar.com/face631.jpg,FAKE,Unknown,26-35
6189,https://api.multiavatar.com/face632.jpg,FAKE,Unknown,36-50
6190,https://api.multiavatar.com/face633.jpg,FAKE,Unknown,36-50
6191,https://api.multiavatar.com/face634.jpg,FAKE,Unknown,18-25
6192,https://api.multiavatar.com/face635.jpg,FAKE,Unknown,18-25
6193,https://api.multiavatar.com/face636.jpg,FAKE,Unknown,26-35
6194,https://api.multiavatar.com/face637.jpg,FAKE,Unknown,26-35
6195,https://api.multiavatar.com/face638.jpg,FAKE,Unknown,50+
6196,https://api.multiavatar.com/face639.jpg,FAKE,Unknown,26-35
6197,https://api.multiavatar.com/face640.jpg,FAKE,Unknown,18-25
6198,https://api.multiavatar.com/face641.jpg,FAKE,Unknown,26-35
6199,https://api.multiavatar.com/face642.jpg,FAKE,Unknown,26-35
6200,https://api.multiavatar.com/face643.jpg,FAKE,Unknown,18-25
6201,https://api.multiavatar.com/face644.jpg,FAKE,Unknown,50+
6202,https://api.multiavatar.com/face645.jpg,FAKE,Unknown,26-35
6203,https://api.multiavatar.com/face646.jpg,FAKE,Unknown,36-50
6204,https://api.multiavatar.com/face647.jpg,FAKE,Unknown,50+
6205,https://api.multiavatar.com/face648.jpg,FAKE,Unknown,36-50
6206,https://api.multiavatar.com/face649.jpg,FAKE,Unknown,18-25
6207,https://api.multiavatar.com/face650.jpg,FAKE,Unknown,26-35
6208,https://api.multiavatar.com/face651.jpg,FAKE,Unknown,18-25
6209,https://api.multiavatar.com/face652.jpg,FAKE,Unknown,36-50
6210,https://api.multiavatar.com/face653.jpg,FAKE,Unknown,18-25
6211,https://api.multiavatar.com/face654.jpg,FAKE,Unknown,36-50
6212,https://api.multiavatar.com/face655.jpg,FAKE,Unknown,26-35
6213,https://api.multiavatar.com/face656.jpg,FAKE,Unknown,18-25
6214,https://api.multiavatar.com/face657.jpg,FAKE,Unknown,26-35
6215,https://api.multiavatar.com/face658.jpg,FAKE,Unknown,18-25
6216,https://api.multiavatar.com/face659.jpg,FAKE,Unknown,26-35
6217,https://api.multiavatar.com/face660.jpg,FAKE,Unknown,18-25
6218,https://api.multiavatar.com/face661.jpg,FAKE,Unknown,50+
6219,https://api.multiavatar.com/face662.jpg,FAKE,Unknown,26-35
6220,https://api.multiavatar.com/face663.jpg,FAKE,Unknown,26-35
6221,https://api.multiavatar.com/face664.jpg,FAKE,Unknown,18-25
6222,https://api.multiavatar.com/face665.jpg,FAKE,Unknown,36-50
6223,https://api.multiavatar.com/face666.jpg,FAKE,Unknown,36-50
6224,https://api.multiavatar.com/face667.jpg,FAKE,Unknown,36-50
6225,https://api.multiavatar.com/face668.jpg,FAKE,Unknown,50+
6226,https://api.multiavatar.com/face669.jpg,FAKE,Unknown,18-25
6227,https://api.multiavatar.com/face670.jpg,FAKE,Unknown,36-50
6228,https://api.multiavatar.com/face671.jpg,FAKE,Unknown,50+
6229,https://api.multiavatar.com/face672.jpg,FAKE,Unknown,18-25
6230,https://api.multiavatar.com/face673.jpg,FAKE,Unknown,36-50
6231,https://api.multiavatar.com/face674.jpg,FAKE,Unknown,36-50
6232,https://api.multiavatar.com/face675.jpg,FAKE,Unknown,26-35
6233,https://api.multiavatar.com/face676.jpg,FAKE,Unknown,18-25
6234,https://api.multiavatar.com/face677.jpg,FAKE,Unknown,26-35
6235,https://api.multiavatar.com/face678.jpg,FAKE,Unknown,26-35
6236,https://api.multiavatar.com/face679.jpg,FAKE,Unknown,26-35
6237,https://api.multiavatar.com/face680.jpg,FAKE,Unknown,50+
6238,https://api.multiavatar.com/face681.jpg,FAKE,Unknown,50+
6239,https://api.multiavatar.com/face682.jpg,FAKE,Unknown,18-25
6240,https://api.multiavatar.com/face683.jpg,FAKE,Unknown,26-35
6241,https://api.multiavatar.com/face684.jpg,FAKE,Unknown,26-35
6242,https://api.multiavatar.com/face685.jpg,FAKE,Unknown,26-35
6243,https://api.multiavatar.com/face686.jpg,FAKE,Unknown,26-35
6244,https://api.multiavatar.com/face687.jpg,FAKE,Unknown,50+
6245,https://api.multiavatar.com/face688.jpg,FAKE,Unknown,18-25
6246,https://api.multiavatar.com/face689.jpg,FAKE,Unknown,26-35
6247,https://api.multiavatar.com/face690.jpg,FAKE,Unknown,18-25
6248,https://api.multiavatar.com/face691.jpg,FAKE,Unknown,50+
6249,https://api.multiavatar.com/face692.jpg,FAKE,Unknown,26-35
6250,https://api.multiavatar.com/face693.jpg,FAKE,Unknown,36-50
6251,https://api.multiavatar.com/face694.jpg,FAKE,Unknown,26-35
6252,https://api.multiavatar.com/face695.jpg,FAKE,Unknown,18-25
6253,https://api.multiavatar.com/face696.jpg,FAKE,Unknown,26-35
6254,https://api.multiavatar.com/face697.jpg,FAKE,Unknown,26-35
6255,https://api.multiavatar.com/face698.jpg,FAKE,Unknown,18-25
6256,https://api.multiavatar.com/face699.jpg,FAKE,Unknown,50+
6257,https://api.multiavatar.com/face700.jpg,FAKE,Unknown,26-35
6258,https://api.multiavatar.com/face701.jpg,FAKE,Unknown,50+
6259,https://api.multiavatar.com/face702.jpg,FAKE,Unknown,26-35
6260,https://api.multiavatar.com/face703.jpg,FAKE,Unknown,18-25
6261,https://api.multiavatar.com/face704.jpg,FAKE,Unknown,18-25
6262,https://api.multiavatar.com/face705.jpg,FAKE,Unknown,50+
6263,https://api.multiavatar.com/face706.jpg,FAKE,Unknown,36-50
6264,https://api.multiavatar.com/face707.jpg,FAKE,Unknown,36-50
6265,https://api.multiavatar.com/face708.jpg,FAKE,Unknown,18-25
6266,https://api.multiavatar.com/face709.jpg,FAKE,Unknown,26-35
6267,https://api.multiavatar.com/face710.jpg,FAKE,Unknown,50+
6268,https://api.multiavatar.com/face711.jpg,FAKE,Unknown,50+
6269,https://api.multiavatar.com/face712.jpg,FAKE,Unknown,18-25
6270,https://api.multiavatar.com/face713.jpg,FAKE,Unknown,18-25
6271,https://api.multiavatar.com/face714.jpg,FAKE,Unknown,26-35
6272,https://api.multiavatar.com/face715.jpg,FAKE,Unknown,18-25
6273,https://api.multiavatar.com/face716.jpg,FAKE,Unknown,26-35
6274,https://api.multiavatar.com/face717.jpg,FAKE,Unknown,26-35
6275,https://api.multiavatar.com/face718.jpg,FAKE,Unknown,26-35
6276,https://api.multiavatar.com/face719.jpg,FAKE,Unknown,26-35
6277,https://api.multiavatar.com/face720.jpg,FAKE,Unknown,36-50
6278,https://api.multiavatar.com/face721.jpg,FAKE,Unknown,18-25
6279,https://api.multiavatar.com/face722.jpg,FAKE,Unknown,26-35
6280,https://api.multiavatar.com/face723.jpg,FAKE,Unknown,36-50
6281,https://api.multiavatar.com/face724.jpg,FAKE,Unknown,50+
6282,https://api.multiavatar.com/face725.jpg,FAKE,Unknown,36-50
6283,https://api.multiavatar.com/face726.jpg,FAKE,Unknown,36-50
6284,https://api.multiavatar.com/face727.jpg,FAKE,Unknown,50+
6285,https://api.multiavatar.com/face728.jpg,FAKE,Unknown,50+
6286,https://api.multiavatar.com/face729.jpg,FAKE,Unknown,26-35
6287,https://api.multiavatar.com/face730.jpg,FAKE,Unknown,26-35
6288,https://api.multiavatar.com/face731.jpg,FAKE,Unknown,26-35
6289,https://api.multiavatar.com/face732.jpg,FAKE,Unknown,36-50
6290,https://api.multiavatar.com/face733.jpg,FAKE,Unknown,36-50
6291,https://api.multiavatar.com/face734.jpg,FAKE,Unknown,18-25
6292,https://api.multiavatar.com/face735.jpg,FAKE,Unknown,36-50
6293,https://api.multiavatar.com/face736.jpg,FAKE,Unknown,36-50
6294,https://api.multiavatar.com/face737.jpg,FAKE,Unknown,18-25
6295,https://api.multiavatar.com/face738.jpg,FAKE,Unknown,36-50
6296,https://api.multiavatar.com/face739.jpg,FAKE,Unknown,36-50
6297,https://api.multiavatar.com/face740.jpg,FAKE,Unknown,50+
6298,https://api.multiavatar.com/face741.jpg,FAKE,Unknown,50+
6299,https://api.multiavatar.com/face742.jpg,FAKE,Unknown,36-50
6300,https://api.multiavatar.com/face743.jpg,FAKE,Unknown,36-50
6301,https://api.multiavatar.com/face744.jpg,FAKE,Unknown,18-25
6302,https://api.multiavatar.com/face745.jpg,FAKE,Unknown,36-50
6303,https://api.multiavatar.com/face746.jpg,FAKE,Unknown,18-25
6304,https://api.multiavatar.com/face747.jpg,FAKE,Unknown,36-50
6305,https://api.multiavatar.com/face748.jpg,FAKE,Unknown,18-25
6306,https://api.multiavatar.com/face749.jpg,FAKE,Unknown,36-50
6307,https://api.multiavatar.com/face750.jpg,FAKE,Unknown,50+
6308,https://api.multiavatar.com/face751.jpg,FAKE,Unknown,36-50
6309,https://api.multiavatar.com/face752.jpg,FAKE,Unknown,50+
6310,https://api.multiavatar.com/face753.jpg,FAKE,Unknown,36-50
6311,https://api.multiavatar.com/face754.jpg,FAKE,Unknown,50+
6312,https://api.multiavatar.com/face755.jpg,FAKE,Unknown,18-25
6313,https://api.multiavatar.com/face756.jpg,FAKE,Unknown,18-25
6314,https://api.multiavatar.com/face757.jpg,FAKE,Unknown,50+
6315,https://api.multiavatar.com/face758.jpg,FAKE,Unknown,26-35
6316,https://api.multiavatar.com/face759.jpg,FAKE,Unknown,50+
6317,https://api.multiavatar.com/face760.jpg,FAKE,Unknown,26-35
6318,https://api.multiavatar.com/face761.jpg,FAKE,Unknown,18-25
6319,https://api.multiavatar.com/face762.jpg,FAKE,Unknown,36-50
6320,https://api.multiavatar.com/face763.jpg,FAKE,Unknown,18-25
6321,https://api.multiavatar.com/face764.jpg,FAKE,Unknown,18-25
6322,https://api.multiavatar.com/face765.jpg,FAKE,Unknown,26-35
6323,https://api.multiavatar.com/face766.jpg,FAKE,Unknown,50+
6324,https://api.multiavatar.com/face767.jpg,FAKE,Unknown,26-35
6325,https://api.multiavatar.com/face768.jpg,FAKE,Unknown,26-35
6326,https://api.multiavatar.com/face769.jpg,FAKE,Unknown,26-35
6327,https://api.multiavatar.com/face770.jpg,FAKE,Unknown,18-25
6328,https://api.multiavatar.com/face771.jpg,FAKE,Unknown,36-50
6329,https://api.multiavatar.com/face772.jpg,FAKE,Unknown,50+
6330,https://api.multiavatar.com/face773.jpg,FAKE,Unknown,18-25
6331,https://api.multiavatar.com/face774.jpg,FAKE,Unknown,50+
6332,https://api.multiavatar.com/face775.jpg,FAKE,Unknown,36-50
6333,https://api.multiavatar.com/face776.jpg,FAKE,Unknown,26-35
6334,https://api.multiavatar.com/face777.jpg,FAKE,Unknown,36-50
6335,https://api.multiavatar.com/face778.jpg,FAKE,Unknown,18-25
6336,https://api.multiavatar.com/face779.jpg,FAKE,Unknown,26-35
6337,https://api.multiavatar.com/face780.jpg,FAKE,Unknown,36-50
6338,https://api.multiavatar.com/face781.jpg,FAKE,Unknown,36-50
6339,https://api.multiavatar.com/face782.jpg,FAKE,Unknown,50+
6340,https://api.multiavatar.com/face783.jpg,FAKE,Unknown,26-35
6341,https://api.multiavatar.com/face784.jpg,FAKE,Unknown,36-50
6342,https://api.multiavatar.com/face785.jpg,FAKE,Unknown,26-35
6343,https://api.multiavatar.com/face786.jpg,FAKE,Unknown,36-50
6344,https://api.multiavatar.com/face787.jpg,FAKE,Unknown,36-50
6345,https://api.multiavatar.com/face788.jpg,FAKE,Unknown,50+
6346,https://api.multiavatar.com/face789.jpg,FAKE,Unknown,26-35
6347,https://api.multiavatar.com/face790.jpg,FAKE,Unknown,36-50
6348,https://api.multiavatar.com/face791.jpg,FAKE,Unknown,26-35
6349,https://api.multiavatar.com/face792.jpg,FAKE,Unknown,36-50
6350,https://api.multiavatar.com/face793.jpg,FAKE,Unknown,18-25
6351,https://api.multiavatar.com/face794.jpg,FAKE,Unknown,26-35
6352,https://api.multiavatar.com/face795.jpg,FAKE,Unknown,50+
6353,https://api.multiavatar.com/face796.jpg,FAKE,Unknown,18-25
6354,https://api.multiavatar.com/face797.jpg,FAKE,Unknown,26-35
6355,https://api.multiavatar.com/face798.jpg,FAKE,Unknown,18-25
6356,https://api.multiavatar.com/face799.jpg,FAKE,Unknown,26-35
6357,https://api.multiavatar.com/face800.jpg,FAKE,Unknown,36-50
6358,https://api.multiavatar.com/face801.jpg,FAKE,Unknown,36-50
6359,https://api.multiavatar.com/face802.jpg,FAKE,Unknown,26-35
6360,https://api.multiavatar.com/face803.jpg,FAKE,Unknown,18-25
6361,https://api.multiavatar.com/face804.jpg,FAKE,Unknown,18-25
6362,https://api.multiavatar.com/face805.jpg,FAKE,Unknown,50+
6363,https://api.multiavatar.com/face806.jpg,FAKE,Unknown,36-50
6364,https://api.multiavatar.com/face807.jpg,FAKE,Unknown,36-50
6365,https://api.multiavatar.com/face808.jpg,FAKE,Unknown,36-50
6366,https://api.multiavatar.com/face809.jpg,FAKE,Unknown,26-35
6367,https://api.multiavatar.com/face810.jpg,FAKE,Unknown,50+
6368,https://api.multiavatar.com/face811.jpg,FAKE,Unknown,26-35
6369,https://api.multiavatar.com/face812.jpg,FAKE,Unknown,50+
6370,https://api.multiavatar.com/face813.jpg,FAKE,Unknown,50+
6371,https://api.multiavatar.com/face814.jpg,FAKE,Unknown,18-25
6372,https://api.multiavatar.com/face815.jpg,FAKE,Unknown,26-35
6373,https://api.multiavatar.com/face816.jpg,FAKE,Unknown,26-35
6374,https://api.multiavatar.com/face817.jpg,FAKE,Unknown,50+
6375,https://api.multiavatar.com/face818.jpg,FAKE,Unknown,18-25
6376,https://api.multiavatar.com/face819.jpg,FAKE,Unknown,26-35
6377,https://api.multiavatar.com/face820.jpg,FAKE,Unknown,26-35
6378,https://api.multiavatar.com/face821.jpg,FAKE,Unknown,36-50
6379,https://api.multiavatar.com/face822.jpg,FAKE,Unknown,18-25
6380,https://api.multiavatar.com/face823.jpg,FAKE,Unknown,18-25
6381,https://api.multiavatar.com/face824.jpg,FAKE,Unknown,18-25
6382,https://api.multiavatar.com/face825.jpg,FAKE,Unknown,26-35
6383,https://api.multiavatar.com/face826.jpg,FAKE,Unknown,36-50
6384,https://api.multiavatar.com/face827.jpg,FAKE,Unknown,50+
6385,https://api.multiavatar.com/face828.jpg,FAKE,Unknown,18-25
6386,https://api.multiavatar.com/face829.jpg,FAKE,Unknown,50+
6387,https://api.multiavatar.com/face830.jpg,FAKE,Unknown,26-35
6388,https://api.multiavatar.com/face831.jpg,FAKE,Unknown,50+
6389,https://api.multiavatar.com/face832.jpg,FAKE,Unknown,18-25
6390,https://api.multiavatar.com/face833.jpg,FAKE,Unknown,26-35
6391,https://api.multiavatar.com/face834.jpg,FAKE,Unknown,18-25
6392,https://api.multiavatar.com/face835.jpg,FAKE,Unknown,18-25
6393,https://api.multiavatar.com/face836.jpg,FAKE,Unknown,50+
6394,https://api.multiavatar.com/face837.jpg,FAKE,Unknown,26-35
6395,https://api.multiavatar.com/face838.jpg,FAKE,Unknown,36-50
6396,https://api.multiavatar.com/face839.jpg,FAKE,Unknown,50+
6397,https://api.multiavatar.com/face840.jpg,FAKE,Unknown,26-35
6398,https://api.multiavatar.com/face841.jpg,FAKE,Unknown,18-25
6399,https://api.multiavatar.com/face842.jpg,FAKE,Unknown,36-50
6400,https://api.multiavatar.com/face843.jpg,FAKE,Unknown,26-35
6401,https://api.multiavatar.com/face844.jpg,FAKE,Unknown,36-50
6402,https://api.multiavatar.com/face845.jpg,FAKE,Unknown,36-50
6403,https://api.multiavatar.com/face846.jpg,FAKE,Unknown,50+
6404,https://api.multiavatar.com/face847.jpg,FAKE,Unknown,36-50
6405,https://api.multiavatar.com/face848.jpg,FAKE,Unknown,26-35
6406,https://api.multiavatar.com/face849.jpg,FAKE,Unknown,18-25
6407,https://api.multiavatar.com/face850.jpg,FAKE,Unknown,26-35
6408,https://api.multiavatar.com/face851.jpg,FAKE,Unknown,18-25
6409,https://api.multiavatar.com/face852.jpg,FAKE,Unknown,36-50
6410,https://api.multiavatar.com/face853.jpg,FAKE,Unknown,18-25
6411,https://api.multiavatar.com/face854.jpg,FAKE,Unknown,36-50
6412,https://api.multiavatar.com/face855.jpg,FAKE,Unknown,50+
6413,https://api.multiavatar.com/face856.jpg,FAKE,Unknown,36-50
6414,https://api.multiavatar.com/face857.jpg,FAKE,Unknown,18-25
6415,https://api.multiavatar.com/face858.jpg,FAKE,Unknown,50+
6416,https://api.multiavatar.com/face859.jpg,FAKE,Unknown,50+
6417,https://api.multiavatar.com/face860.jpg,FAKE,Unknown,18-25
6418,https://api.multiavatar.com/face861.jpg,FAKE,Unknown,18-25
6419,https://api.multiavatar.com/face862.jpg,FAKE,Unknown,50+
6420,https://api.multiavatar.com/face863.jpg,FAKE,Unknown,18-25
6421,https://api.multiavatar.com/face864.jpg,FAKE,Unknown,18-25
6422,https://api.multiavatar.com/face865.jpg,FAKE,Unknown,26-35
6423,https://api.multiavatar.com/face866.jpg,FAKE,Unknown,26-35
6424,https://api.multiavatar.com/face867.jpg,FAKE,Unknown,36-50
6425,https://api.multiavatar.com/face868.jpg,FAKE,Unknown,36-50
6426,https://api.multiavatar.com/face869.jpg,FAKE,Unknown,50+
6427,https://api.multiavatar.com/face870.jpg,FAKE,Unknown,50+
6428,https://api.multiavatar.com/face871.jpg,FAKE,Unknown,26-35
6429,https://api.multiavatar.com/face872.jpg,FAKE,Unknown,18-25
6430,https://api.multiavatar.com/face873.jpg,FAKE,Unknown,18-25
6431,https://api.multiavatar.com/face874.jpg,FAKE,Unknown,50+
6432,https://api.multiavatar.com/face875.jpg,FAKE,Unknown,36-50
6433,https://api.multiavatar.com/face876.jpg,FAKE,Unknown,26-35
6434,https://api.multiavatar.com/face877.jpg,FAKE,Unknown,26-35
6435,https://api.multiavatar.com/face878.jpg,FAKE,Unknown,18-25
6436,https://api.multiavatar.com/face879.jpg,FAKE,Unknown,50+
6437,https://api.multiavatar.com/face880.jpg,FAKE,Unknown,50+
6438,https://api.multiavatar.com/face881.jpg,FAKE,Unknown,26-35
6439,https://api.multiavatar.com/face882.jpg,FAKE,Unknown,36-50
6440,https://api.multiavatar.com/face883.jpg,FAKE,Unknown,50+
6441,https://api.multiavatar.com/face884.jpg,FAKE,Unknown,26-35
6442,https://api.multiavatar.com/face885.jpg,FAKE,Unknown,26-35
6443,https://api.multiavatar.com/face886.jpg,FAKE,Unknown,26-35
6444,https://api.multiavatar.com/face887.jpg,FAKE,Unknown,50+
6445,https://api.multiavatar.com/face888.jpg,FAKE,Unknown,36-50
6446,https://api.multiavatar.com/face889.jpg,FAKE,Unknown,36-50
6447,https://api.multiavatar.com/face890.jpg,FAKE,Unknown,50+
6448,https://api.multiavatar.com/face891.jpg,FAKE,Unknown,18-25
6449,https://api.multiavatar.com/face892.jpg,FAKE,Unknown,26-35
6450,https://api.multiavatar.com/face893.jpg,FAKE,Unknown,50+
6451,https://api.multiavatar.com/face894.jpg,FAKE,Unknown,18-25
6452,https://api.multiavatar.com/face895.jpg,FAKE,Unknown,50+
6453,https://api.multiavatar.com/face896.jpg,FAKE,Unknown,26-35
6454,https://api.multiavatar.com/face897.jpg,FAKE,Unknown,26-35
6455,https://api.multiavatar.com/face898.jpg,FAKE,Unknown,36-50
6456,https://api.multiavatar.com/face899.jpg,FAKE,Unknown,36-50
6457,https://api.multiavatar.com/face900.jpg,FAKE,Unknown,50+
6458,https://api.multiavatar.com/face901.jpg,FAKE,Unknown,50+
6459,https://api.multiavatar.com/face902.jpg,FAKE,Unknown,18-25
6460,https://api.multiavatar.com/face903.jpg,FAKE,Unknown,26-35
6461,https://api.multiavatar.com/face904.jpg,FAKE,Unknown,18-25
6462,https://api.multiavatar.com/face905.jpg,FAKE,Unknown,50+
6463,https://api.multiavatar.com/face906.jpg,FAKE,Unknown,50+
6464,https://api.multiavatar.com/face907.jpg,FAKE,Unknown,36-50
6465,https://api.multiavatar.com/face908.jpg,FAKE,Unknown,18-25
6466,https://api.multiavatar.com/face909.jpg,FAKE,Unknown,26-35
6467,https://api.multiavatar.com/face910.jpg,FAKE,Unknown,26-35
6468,https://api.multiavatar.com/face911.jpg,FAKE,Unknown,26-35
6469,https://api.multiavatar.com/face912.jpg,FAKE,Unknown,36-50
6470,https://api.multiavatar.com/face913.jpg,FAKE,Unknown,26-35
6471,https://api.multiavatar.com/face914.jpg,FAKE,Unknown,26-35
6472,https://api.multiavatar.com/face915.jpg,FAKE,Unknown,18-25
6473,https://api.multiavatar.com/face916.jpg,FAKE,Unknown,18-25
6474,https://api.multiavatar.com/face917.jpg,FAKE,Unknown,36-50
6475,https://api.multiavatar.com/face918.jpg,FAKE,Unknown,36-50
6476,https://api.multiavatar.com/face919.jpg,FAKE,Unknown,26-35
6477,https://api.multiavatar.com/face920.jpg,FAKE,Unknown,36-50
6478,https://api.multiavatar.com/face921.jpg,FAKE,Unknown,26-35
6479,https://api.multiavatar.com/face922.jpg,FAKE,Unknown,26-35
6480,https://api.multiavatar.com/face923.jpg,FAKE,Unknown,50+
6481,https://api.multiavatar.com/face924.jpg,FAKE,Unknown,50+
6482,https://api.multiavatar.com/face925.jpg,FAKE,Unknown,26-35
6483,https://api.multiavatar.com/face926.jpg,FAKE,Unknown,26-35
6484,https://api.multiavatar.com/face927.jpg,FAKE,Unknown,50+
6485,https://api.multiavatar.com/face928.jpg,FAKE,Unknown,36-50
6486,https://api.multiavatar.com/face929.jpg,FAKE,Unknown,26-35
6487,https://api.multiavatar.com/face930.jpg,FAKE,Unknown,18-25
6488,https://api.multiavatar.com/face931.jpg,FAKE,Unknown,50+
6489,https://api.multiavatar.com/face932.jpg,FAKE,Unknown,50+
6490,https://api.multiavatar.com/face933.jpg,FAKE,Unknown,50+
6491,https://api.multiavatar.com/face934.jpg,FAKE,Unknown,50+
6492,https://api.multiavatar.com/face935.jpg,FAKE,Unknown,50+
6493,https://api.multiavatar.com/face936.jpg,FAKE,Unknown,50+
6494,https://api.multiavatar.com/face937.jpg,FAKE,Unknown,26-35
6495,https://api.multiavatar.com/face938.jpg,FAKE,Unknown,18-25
6496,https://api.multiavatar.com/face939.jpg,FAKE,Unknown,36-50
6497,https://api.multiavatar.com/face940.jpg,FAKE,Unknown,18-25
6498,https://api.multiavatar.com/face941.jpg,FAKE,Unknown,18-25
6499,https://api.multiavatar.com/face942.jpg,FAKE,Unknown,18-25
6500,https://api.multiavatar.com/face943.jpg,FAKE,Unknown,36-50
6501,https://api.multiavatar.com/face944.jpg,FAKE,Unknown,36-50
6502,https://api.multiavatar.com/face945.jpg,FAKE,Unknown,50+
6503,https://api.multiavatar.com/face946.jpg,FAKE,Unknown,50+
6504,https://api.multiavatar.com/face947.jpg,FAKE,Unknown,50+
6505,https://api.multiavatar.com/face948.jpg,FAKE,Unknown,26-35
6506,https://api.multiavatar.com/face949.jpg,FAKE,Unknown,36-50
6507,https://api.multiavatar.com/face950.jpg,FAKE,Unknown,36-50
6508,https://api.multiavatar.com/face951.jpg,FAKE,Unknown,26-35
6509,https://api.multiavatar.com/face952.jpg,FAKE,Unknown,36-50
6510,https://api.multiavatar.com/face953.jpg,FAKE,Unknown,18-25
6511,https://api.multiavatar.com/face954.jpg,FAKE,Unknown,50+
6512,https://api.multiavatar.com/face955.jpg,FAKE,Unknown,26-35
6513,https://api.multiavatar.com/face956.jpg,FAKE,Unknown,18-25
6514,https://api.multiavatar.com/face957.jpg,FAKE,Unknown,50+
6515,https://api.multiavatar.com/face958.jpg,FAKE,Unknown,26-35
6516,https://api.multiavatar.com/face959.jpg,FAKE,Unknown,26-35
6517,https://api.multiavatar.com/face960.jpg,FAKE,Unknown,26-35
6518,https://api.multiavatar.com/face961.jpg,FAKE,Unknown,26-35
6519,https://api.multiavatar.com/face962.jpg,FAKE,Unknown,26-35
6520,https://api.multiavatar.com/face963.jpg,FAKE,Unknown,26-35
6521,https://api.multiavatar.com/face964.jpg,FAKE,Unknown,50+
6522,https://api.multiavatar.com/face965.jpg,FAKE,Unknown,36-50
6523,https://api.multiavatar.com/face966.jpg,FAKE,Unknown,50+
6524,https://api.multiavatar.com/face967.jpg,FAKE,Unknown,26-35
6525,https://api.multiavatar.com/face968.jpg,FAKE,Unknown,18-25
6526,https://api.multiavatar.com/face969.jpg,FAKE,Unknown,18-25
6527,https://api.multiavatar.com/face970.jpg,FAKE,Unknown,26-35
6528,https://api.multiavatar.com/face971.jpg,FAKE,Unknown,50+
6529,https://api.multiavatar.com/face972.jpg,FAKE,Unknown,50+
6530,https://api.multiavatar.com/face973.jpg,FAKE,Unknown,50+
6531,https://api.multiavatar.com/face974.jpg,FAKE,Unknown,18-25
6532,https://api.multiavatar.com/face975.jpg,FAKE,Unknown,18-25
6533,https://api.multiavatar.com/face976.jpg,FAKE,Unknown,36-50
6534,https://api.multiavatar.com/face977.jpg,FAKE,Unknown,50+
6535,https://api.multiavatar.com/face978.jpg,FAKE,Unknown,26-35
6536,https://api.multiavatar.com/face979.jpg,FAKE,Unknown,18-25
6537,https://api.multiavatar.com/face980.jpg,FAKE,Unknown,18-25
6538,https://api.multiavatar.com/face981.jpg,FAKE,Unknown,26-35
6539,https://api.multiavatar.com/face982.jpg,FAKE,Unknown,26-35
6540,https://api.multiavatar.com/face983.jpg,FAKE,Unknown,26-35
6541,https://api.multiavatar.com/face984.jpg,FAKE,Unknown,18-25
6542,https://api.multiavatar.com/face985.jpg,FAKE,Unknown,26-35
6543,https://api.multiavatar.com/face986.jpg,FAKE,Unknown,18-25
6544,https://api.multiavatar.com/face987.jpg,FAKE,Unknown,26-35
6545,https://api.multiavatar.com/face988.jpg,FAKE,Unknown,18-25
6546,https://api.multiavatar.com/face989.jpg,FAKE,Unknown,50+
6547,https://api.multiavatar.com/face990.jpg,FAKE,Unknown,26-35
6548,https://api.multiavatar.com/face991.jpg,FAKE,Unknown,26-35
6549,https://api.multiavatar.com/face992.jpg,FAKE,Unknown,36-50
6550,https://api.multiavatar.com/face993.jpg,FAKE,Unknown,50+
6551,https://api.multiavatar.com/face994.jpg,FAKE,Unknown,26-35
6552,https://api.multiavatar.com/face995.jpg,FAKE,Unknown,50+
6553,https://api.multiavatar.com/face996.jpg,FAKE,Unknown,18-25
6554,https://api.multiavatar.com/face997.jpg,FAKE,Unknown,50+
6555,https://api.multiavatar.com/face998.jpg,FAKE,Unknown,18-25
6556,https://api.multiavatar.com/face999.jpg,FAKE,Unknown,26-35
6557,https://api.multiavatar.com/face1000.jpg,FAKE,Unknown,36-50
