image_id,url,error
5558,https://api.multiavatar.com/face1.jpg,403 Client Error: Forbidden for url: https://api.multiavatar.com/face1.jpg
5559,https://api.multiavatar.com/face2.jpg,403 Client Error: Forbidden for url: https://api.multiavatar.com/face2.jpg
5560,https://api.multiavatar.com/face3.jpg,403 Client Error: Forbidden for url: https://api.multiavatar.com/face3.jpg
5561,https://api.multiavatar.com/face4.jpg,403 Client Error: Forbidden for url: https://api.multiavatar.com/face4.jpg
5562,https://api.multiavatar.com/face5.jpg,403 Client Error: Forbidden for url: https://api.multiavatar.com/face5.jpg
5563,https://api.multiavatar.com/face6.jpg,403 Client Error: Forbidden for url: https://api.multiavatar.com/face6.jpg
5564,https://api.multiavatar.com/face7.jpg,403 Client Error: Forbidden for url: https://api.multiavatar.com/face7.jpg
5565,https://api.multiavatar.com/face8.jpg,403 Client Error: Forbidden for url: https://api.multiavatar.com/face8.jpg
5566,https://api.multiavatar.com/face9.jpg,403 Client Error: Forbidden for url: https://api.multiavatar.com/face9.jpg
5567,https://api.multiavatar.com/face10.jpg,403 Client Error: Forbidden for url: https://api.multiavatar.com/face10.jpg
5568,https://api.multiavatar.com/face11.jpg,403 Client Error: Forbidden for url: https://api.multiavatar.com/face11.jpg
5569,https://api.multiavatar.com/face12.jpg,403 Client Error: Forbidden for url: https://api.multiavatar.com/face12.jpg
5570,https://api.multiavatar.com/face13.jpg,403 Client Error: Forbidden for url: https://api.multiavatar.com/face13.jpg
5571,https://api.multiavatar.com/face14.jpg,403 Client Error: Forbidden for url: https://api.multiavatar.com/face14.jpg
5572,https://api.multiavatar.com/face15.jpg,403 Client Error: Forbidden for url: https://api.multiavatar.com/face15.jpg
5573,https://api.multiavatar.com/face16.jpg,403 Client Error: Forbidden for url: https://api.multiavatar.com/face16.jpg
5574,https://api.multiavatar.com/face17.jpg,403 Client Error: Forbidden for url: https://api.multiavatar.com/face17.jpg
5575,https://api.multiavatar.com/face18.jpg,403 Client Error: Forbidden for url: https://api.multiavatar.com/face18.jpg
5576,https://api.multiavatar.com/face19.jpg,403 Client Error: Forbidden for url: https://api.multiavatar.com/face19.jpg
5577,https://api.multiavatar.com/face20.jpg,403 Client Error: Forbidden for url: https://api.multiavatar.com/face20.jpg
5578,https://api.multiavatar.com/face21.jpg,403 Client Error: Forbidden for url: https://api.multiavatar.com/face21.jpg
5579,https://api.multiavatar.com/face22.jpg,403 Client Error: Forbidden for url: https://api.multiavatar.com/face22.jpg
5580,https://api.multiavatar.com/face23.jpg,403 Client Error: Forbidden for url: https://api.multiavatar.com/face23.jpg
5581,https://api.multiavatar.com/face24.jpg,403 Client Error: Forbidden for url: https://api.multiavatar.com/face24.jpg
5582,https://api.multiavatar.com/face25.jpg,403 Client Error: Forbidden for url: https://api.multiavatar.com/face25.jpg
5583,https://api.multiavatar.com/face26.jpg,403 Client Error: Forbidden for url: https://api.multiavatar.com/face26.jpg
5584,https://api.multiavatar.com/face27.jpg,403 Client Error: Forbidden for url: https://api.multiavatar.com/face27.jpg
5585,https://api.multiavatar.com/face28.jpg,403 Client Error: Forbidden for url: https://api.multiavatar.com/face28.jpg
5586,https://api.multiavatar.com/face29.jpg,403 Client Error: Forbidden for url: https://api.multiavatar.com/face29.jpg
5587,https://api.multiavatar.com/face30.jpg,403 Client Error: Forbidden for url: https://api.multiavatar.com/face30.jpg
5588,https://api.multiavatar.com/face31.jpg,403 Client Error: Forbidden for url: https://api.multiavatar.com/face31.jpg
5589,https://api.multiavatar.com/face32.jpg,403 Client Error: Forbidden for url: https://api.multiavatar.com/face32.jpg
5590,https://api.multiavatar.com/face33.jpg,403 Client Error: Forbidden for url: https://api.multiavatar.com/face33.jpg
5591,https://api.multiavatar.com/face34.jpg,403 Client Error: Forbidden for url: https://api.multiavatar.com/face34.jpg
5592,https://api.multiavatar.com/face35.jpg,403 Client Error: Forbidden for url: https://api.multiavatar.com/face35.jpg
5593,https://api.multiavatar.com/face36.jpg,403 Client Error: Forbidden for url: https://api.multiavatar.com/face36.jpg
5594,https://api.multiavatar.com/face37.jpg,403 Client Error: Forbidden for url: https://api.multiavatar.com/face37.jpg
5595,https://api.multiavatar.com/face38.jpg,403 Client Error: Forbidden for url: https://api.multiavatar.com/face38.jpg
5596,https://api.multiavatar.com/face39.jpg,403 Client Error: Forbidden for url: https://api.multiavatar.com/face39.jpg
5597,https://api.multiavatar.com/face40.jpg,403 Client Error: Forbidden for url: https://api.multiavatar.com/face40.jpg
5598,https://api.multiavatar.com/face41.jpg,403 Client Error: Forbidden for url: https://api.multiavatar.com/face41.jpg
5599,https://api.multiavatar.com/face42.jpg,403 Client Error: Forbidden for url: https://api.multiavatar.com/face42.jpg
5600,https://api.multiavatar.com/face43.jpg,403 Client Error: Forbidden for url: https://api.multiavatar.com/face43.jpg
5601,https://api.multiavatar.com/face44.jpg,403 Client Error: Forbidden for url: https://api.multiavatar.com/face44.jpg
5602,https://api.multiavatar.com/face45.jpg,403 Client Error: Forbidden for url: https://api.multiavatar.com/face45.jpg
5603,https://api.multiavatar.com/face46.jpg,403 Client Error: Forbidden for url: https://api.multiavatar.com/face46.jpg
5604,https://api.multiavatar.com/face47.jpg,403 Client Error: Forbidden for url: https://api.multiavatar.com/face47.jpg
5605,https://api.multiavatar.com/face48.jpg,403 Client Error: Forbidden for url: https://api.multiavatar.com/face48.jpg
5606,https://api.multiavatar.com/face49.jpg,403 Client Error: Forbidden for url: https://api.multiavatar.com/face49.jpg
5607,https://api.multiavatar.com/face50.jpg,403 Client Error: Forbidden for url: https://api.multiavatar.com/face50.jpg
5608,https://api.multiavatar.com/face51.jpg,403 Client Error: Forbidden for url: https://api.multiavatar.com/face51.jpg
5609,https://api.multiavatar.com/face52.jpg,403 Client Error: Forbidden for url: https://api.multiavatar.com/face52.jpg
5610,https://api.multiavatar.com/face53.jpg,403 Client Error: Forbidden for url: https://api.multiavatar.com/face53.jpg
5611,https://api.multiavatar.com/face54.jpg,403 Client Error: Forbidden for url: https://api.multiavatar.com/face54.jpg
5612,https://api.multiavatar.com/face55.jpg,403 Client Error: Forbidden for url: https://api.multiavatar.com/face55.jpg
5613,https://api.multiavatar.com/face56.jpg,403 Client Error: Forbidden for url: https://api.multiavatar.com/face56.jpg
5614,https://api.multiavatar.com/face57.jpg,403 Client Error: Forbidden for url: https://api.multiavatar.com/face57.jpg
5615,https://api.multiavatar.com/face58.jpg,403 Client Error: Forbidden for url: https://api.multiavatar.com/face58.jpg
5616,https://api.multiavatar.com/face59.jpg,403 Client Error: Forbidden for url: https://api.multiavatar.com/face59.jpg
5617,https://api.multiavatar.com/face60.jpg,403 Client Error: Forbidden for url: https://api.multiavatar.com/face60.jpg
5618,https://api.multiavatar.com/face61.jpg,403 Client Error: Forbidden for url: https://api.multiavatar.com/face61.jpg
5619,https://api.multiavatar.com/face62.jpg,403 Client Error: Forbidden for url: https://api.multiavatar.com/face62.jpg
5620,https://api.multiavatar.com/face63.jpg,403 Client Error: Forbidden for url: https://api.multiavatar.com/face63.jpg
5621,https://api.multiavatar.com/face64.jpg,403 Client Error: Forbidden for url: https://api.multiavatar.com/face64.jpg
5622,https://api.multiavatar.com/face65.jpg,403 Client Error: Forbidden for url: https://api.multiavatar.com/face65.jpg
5623,https://api.multiavatar.com/face66.jpg,403 Client Error: Forbidden for url: https://api.multiavatar.com/face66.jpg
5624,https://api.multiavatar.com/face67.jpg,403 Client Error: Forbidden for url: https://api.multiavatar.com/face67.jpg
5625,https://api.multiavatar.com/face68.jpg,403 Client Error: Forbidden for url: https://api.multiavatar.com/face68.jpg
5626,https://api.multiavatar.com/face69.jpg,403 Client Error: Forbidden for url: https://api.multiavatar.com/face69.jpg
5627,https://api.multiavatar.com/face70.jpg,403 Client Error: Forbidden for url: https://api.multiavatar.com/face70.jpg
5628,https://api.multiavatar.com/face71.jpg,403 Client Error: Forbidden for url: https://api.multiavatar.com/face71.jpg
5629,https://api.multiavatar.com/face72.jpg,403 Client Error: Forbidden for url: https://api.multiavatar.com/face72.jpg
5630,https://api.multiavatar.com/face73.jpg,403 Client Error: Forbidden for url: https://api.multiavatar.com/face73.jpg
5631,https://api.multiavatar.com/face74.jpg,403 Client Error: Forbidden for url: https://api.multiavatar.com/face74.jpg
5632,https://api.multiavatar.com/face75.jpg,403 Client Error: Forbidden for url: https://api.multiavatar.com/face75.jpg
5633,https://api.multiavatar.com/face76.jpg,403 Client Error: Forbidden for url: https://api.multiavatar.com/face76.jpg
5634,https://api.multiavatar.com/face77.jpg,403 Client Error: Forbidden for url: https://api.multiavatar.com/face77.jpg
5635,https://api.multiavatar.com/face78.jpg,403 Client Error: Forbidden for url: https://api.multiavatar.com/face78.jpg
5636,https://api.multiavatar.com/face79.jpg,403 Client Error: Forbidden for url: https://api.multiavatar.com/face79.jpg
5637,https://api.multiavatar.com/face80.jpg,403 Client Error: Forbidden for url: https://api.multiavatar.com/face80.jpg
5638,https://api.multiavatar.com/face81.jpg,403 Client Error: Forbidden for url: https://api.multiavatar.com/face81.jpg
5639,https://api.multiavatar.com/face82.jpg,403 Client Error: Forbidden for url: https://api.multiavatar.com/face82.jpg
5640,https://api.multiavatar.com/face83.jpg,403 Client Error: Forbidden for url: https://api.multiavatar.com/face83.jpg
5641,https://api.multiavatar.com/face84.jpg,403 Client Error: Forbidden for url: https://api.multiavatar.com/face84.jpg
5642,https://api.multiavatar.com/face85.jpg,403 Client Error: Forbidden for url: https://api.multiavatar.com/face85.jpg
5643,https://api.multiavatar.com/face86.jpg,403 Client Error: Forbidden for url: https://api.multiavatar.com/face86.jpg
5644,https://api.multiavatar.com/face87.jpg,403 Client Error: Forbidden for url: https://api.multiavatar.com/face87.jpg
5645,https://api.multiavatar.com/face88.jpg,403 Client Error: Forbidden for url: https://api.multiavatar.com/face88.jpg
5646,https://api.multiavatar.com/face89.jpg,403 Client Error: Forbidden for url: https://api.multiavatar.com/face89.jpg
5647,https://api.multiavatar.com/face90.jpg,403 Client Error: Forbidden for url: https://api.multiavatar.com/face90.jpg
5648,https://api.multiavatar.com/face91.jpg,403 Client Error: Forbidden for url: https://api.multiavatar.com/face91.jpg
5649,https://api.multiavatar.com/face92.jpg,403 Client Error: Forbidden for url: https://api.multiavatar.com/face92.jpg
5650,https://api.multiavatar.com/face93.jpg,403 Client Error: Forbidden for url: https://api.multiavatar.com/face93.jpg
5651,https://api.multiavatar.com/face94.jpg,403 Client Error: Forbidden for url: https://api.multiavatar.com/face94.jpg
5652,https://api.multiavatar.com/face95.jpg,403 Client Error: Forbidden for url: https://api.multiavatar.com/face95.jpg
5653,https://api.multiavatar.com/face96.jpg,403 Client Error: Forbidden for url: https://api.multiavatar.com/face96.jpg
5654,https://api.multiavatar.com/face97.jpg,403 Client Error: Forbidden for url: https://api.multiavatar.com/face97.jpg
5655,https://api.multiavatar.com/face98.jpg,403 Client Error: Forbidden for url: https://api.multiavatar.com/face98.jpg
5656,https://api.multiavatar.com/face99.jpg,403 Client Error: Forbidden for url: https://api.multiavatar.com/face99.jpg
5657,https://api.multiavatar.com/face100.jpg,403 Client Error: Forbidden for url: https://api.multiavatar.com/face100.jpg
5658,https://api.multiavatar.com/face101.jpg,403 Client Error: Forbidden for url: https://api.multiavatar.com/face101.jpg
5659,https://api.multiavatar.com/face102.jpg,403 Client Error: Forbidden for url: https://api.multiavatar.com/face102.jpg
5660,https://api.multiavatar.com/face103.jpg,403 Client Error: Forbidden for url: https://api.multiavatar.com/face103.jpg
5661,https://api.multiavatar.com/face104.jpg,403 Client Error: Forbidden for url: https://api.multiavatar.com/face104.jpg
5662,https://api.multiavatar.com/face105.jpg,403 Client Error: Forbidden for url: https://api.multiavatar.com/face105.jpg
5663,https://api.multiavatar.com/face106.jpg,403 Client Error: Forbidden for url: https://api.multiavatar.com/face106.jpg
5664,https://api.multiavatar.com/face107.jpg,403 Client Error: Forbidden for url: https://api.multiavatar.com/face107.jpg
5665,https://api.multiavatar.com/face108.jpg,403 Client Error: Forbidden for url: https://api.multiavatar.com/face108.jpg
5666,https://api.multiavatar.com/face109.jpg,403 Client Error: Forbidden for url: https://api.multiavatar.com/face109.jpg
5667,https://api.multiavatar.com/face110.jpg,403 Client Error: Forbidden for url: https://api.multiavatar.com/face110.jpg
5668,https://api.multiavatar.com/face111.jpg,403 Client Error: Forbidden for url: https://api.multiavatar.com/face111.jpg
5669,https://api.multiavatar.com/face112.jpg,403 Client Error: Forbidden for url: https://api.multiavatar.com/face112.jpg
5670,https://api.multiavatar.com/face113.jpg,403 Client Error: Forbidden for url: https://api.multiavatar.com/face113.jpg
5671,https://api.multiavatar.com/face114.jpg,403 Client Error: Forbidden for url: https://api.multiavatar.com/face114.jpg
5672,https://api.multiavatar.com/face115.jpg,403 Client Error: Forbidden for url: https://api.multiavatar.com/face115.jpg
5673,https://api.multiavatar.com/face116.jpg,403 Client Error: Forbidden for url: https://api.multiavatar.com/face116.jpg
5674,https://api.multiavatar.com/face117.jpg,403 Client Error: Forbidden for url: https://api.multiavatar.com/face117.jpg
5675,https://api.multiavatar.com/face118.jpg,403 Client Error: Forbidden for url: https://api.multiavatar.com/face118.jpg
5676,https://api.multiavatar.com/face119.jpg,403 Client Error: Forbidden for url: https://api.multiavatar.com/face119.jpg
5677,https://api.multiavatar.com/face120.jpg,403 Client Error: Forbidden for url: https://api.multiavatar.com/face120.jpg
5678,https://api.multiavatar.com/face121.jpg,403 Client Error: Forbidden for url: https://api.multiavatar.com/face121.jpg
5679,https://api.multiavatar.com/face122.jpg,403 Client Error: Forbidden for url: https://api.multiavatar.com/face122.jpg
5680,https://api.multiavatar.com/face123.jpg,403 Client Error: Forbidden for url: https://api.multiavatar.com/face123.jpg
5681,https://api.multiavatar.com/face124.jpg,403 Client Error: Forbidden for url: https://api.multiavatar.com/face124.jpg
5682,https://api.multiavatar.com/face125.jpg,403 Client Error: Forbidden for url: https://api.multiavatar.com/face125.jpg
5683,https://api.multiavatar.com/face126.jpg,403 Client Error: Forbidden for url: https://api.multiavatar.com/face126.jpg
5684,https://api.multiavatar.com/face127.jpg,403 Client Error: Forbidden for url: https://api.multiavatar.com/face127.jpg
5685,https://api.multiavatar.com/face128.jpg,403 Client Error: Forbidden for url: https://api.multiavatar.com/face128.jpg
5686,https://api.multiavatar.com/face129.jpg,403 Client Error: Forbidden for url: https://api.multiavatar.com/face129.jpg
5687,https://api.multiavatar.com/face130.jpg,403 Client Error: Forbidden for url: https://api.multiavatar.com/face130.jpg
5688,https://api.multiavatar.com/face131.jpg,403 Client Error: Forbidden for url: https://api.multiavatar.com/face131.jpg
5689,https://api.multiavatar.com/face132.jpg,403 Client Error: Forbidden for url: https://api.multiavatar.com/face132.jpg
5690,https://api.multiavatar.com/face133.jpg,403 Client Error: Forbidden for url: https://api.multiavatar.com/face133.jpg
5691,https://api.multiavatar.com/face134.jpg,403 Client Error: Forbidden for url: https://api.multiavatar.com/face134.jpg
5692,https://api.multiavatar.com/face135.jpg,403 Client Error: Forbidden for url: https://api.multiavatar.com/face135.jpg
5693,https://api.multiavatar.com/face136.jpg,403 Client Error: Forbidden for url: https://api.multiavatar.com/face136.jpg
5694,https://api.multiavatar.com/face137.jpg,403 Client Error: Forbidden for url: https://api.multiavatar.com/face137.jpg
5695,https://api.multiavatar.com/face138.jpg,403 Client Error: Forbidden for url: https://api.multiavatar.com/face138.jpg
5696,https://api.multiavatar.com/face139.jpg,403 Client Error: Forbidden for url: https://api.multiavatar.com/face139.jpg
5697,https://api.multiavatar.com/face140.jpg,403 Client Error: Forbidden for url: https://api.multiavatar.com/face140.jpg
5698,https://api.multiavatar.com/face141.jpg,403 Client Error: Forbidden for url: https://api.multiavatar.com/face141.jpg
5699,https://api.multiavatar.com/face142.jpg,403 Client Error: Forbidden for url: https://api.multiavatar.com/face142.jpg
5700,https://api.multiavatar.com/face143.jpg,403 Client Error: Forbidden for url: https://api.multiavatar.com/face143.jpg
5701,https://api.multiavatar.com/face144.jpg,403 Client Error: Forbidden for url: https://api.multiavatar.com/face144.jpg
5702,https://api.multiavatar.com/face145.jpg,403 Client Error: Forbidden for url: https://api.multiavatar.com/face145.jpg
5703,https://api.multiavatar.com/face146.jpg,403 Client Error: Forbidden for url: https://api.multiavatar.com/face146.jpg
5704,https://api.multiavatar.com/face147.jpg,403 Client Error: Forbidden for url: https://api.multiavatar.com/face147.jpg
5705,https://api.multiavatar.com/face148.jpg,403 Client Error: Forbidden for url: https://api.multiavatar.com/face148.jpg
5706,https://api.multiavatar.com/face149.jpg,403 Client Error: Forbidden for url: https://api.multiavatar.com/face149.jpg
5707,https://api.multiavatar.com/face150.jpg,403 Client Error: Forbidden for url: https://api.multiavatar.com/face150.jpg
5708,https://api.multiavatar.com/face151.jpg,403 Client Error: Forbidden for url: https://api.multiavatar.com/face151.jpg
5709,https://api.multiavatar.com/face152.jpg,403 Client Error: Forbidden for url: https://api.multiavatar.com/face152.jpg
5710,https://api.multiavatar.com/face153.jpg,403 Client Error: Forbidden for url: https://api.multiavatar.com/face153.jpg
5711,https://api.multiavatar.com/face154.jpg,403 Client Error: Forbidden for url: https://api.multiavatar.com/face154.jpg
5712,https://api.multiavatar.com/face155.jpg,403 Client Error: Forbidden for url: https://api.multiavatar.com/face155.jpg
5713,https://api.multiavatar.com/face156.jpg,403 Client Error: Forbidden for url: https://api.multiavatar.com/face156.jpg
5714,https://api.multiavatar.com/face157.jpg,403 Client Error: Forbidden for url: https://api.multiavatar.com/face157.jpg
5715,https://api.multiavatar.com/face158.jpg,403 Client Error: Forbidden for url: https://api.multiavatar.com/face158.jpg
5716,https://api.multiavatar.com/face159.jpg,403 Client Error: Forbidden for url: https://api.multiavatar.com/face159.jpg
5717,https://api.multiavatar.com/face160.jpg,403 Client Error: Forbidden for url: https://api.multiavatar.com/face160.jpg
5718,https://api.multiavatar.com/face161.jpg,403 Client Error: Forbidden for url: https://api.multiavatar.com/face161.jpg
5719,https://api.multiavatar.com/face162.jpg,403 Client Error: Forbidden for url: https://api.multiavatar.com/face162.jpg
5720,https://api.multiavatar.com/face163.jpg,403 Client Error: Forbidden for url: https://api.multiavatar.com/face163.jpg
5721,https://api.multiavatar.com/face164.jpg,403 Client Error: Forbidden for url: https://api.multiavatar.com/face164.jpg
5722,https://api.multiavatar.com/face165.jpg,403 Client Error: Forbidden for url: https://api.multiavatar.com/face165.jpg
5723,https://api.multiavatar.com/face166.jpg,403 Client Error: Forbidden for url: https://api.multiavatar.com/face166.jpg
5724,https://api.multiavatar.com/face167.jpg,403 Client Error: Forbidden for url: https://api.multiavatar.com/face167.jpg
5725,https://api.multiavatar.com/face168.jpg,403 Client Error: Forbidden for url: https://api.multiavatar.com/face168.jpg
5726,https://api.multiavatar.com/face169.jpg,403 Client Error: Forbidden for url: https://api.multiavatar.com/face169.jpg
5727,https://api.multiavatar.com/face170.jpg,403 Client Error: Forbidden for url: https://api.multiavatar.com/face170.jpg
5728,https://api.multiavatar.com/face171.jpg,403 Client Error: Forbidden for url: https://api.multiavatar.com/face171.jpg
5729,https://api.multiavatar.com/face172.jpg,403 Client Error: Forbidden for url: https://api.multiavatar.com/face172.jpg
5730,https://api.multiavatar.com/face173.jpg,403 Client Error: Forbidden for url: https://api.multiavatar.com/face173.jpg
5731,https://api.multiavatar.com/face174.jpg,403 Client Error: Forbidden for url: https://api.multiavatar.com/face174.jpg
5732,https://api.multiavatar.com/face175.jpg,403 Client Error: Forbidden for url: https://api.multiavatar.com/face175.jpg
5733,https://api.multiavatar.com/face176.jpg,403 Client Error: Forbidden for url: https://api.multiavatar.com/face176.jpg
5734,https://api.multiavatar.com/face177.jpg,403 Client Error: Forbidden for url: https://api.multiavatar.com/face177.jpg
5735,https://api.multiavatar.com/face178.jpg,403 Client Error: Forbidden for url: https://api.multiavatar.com/face178.jpg
5736,https://api.multiavatar.com/face179.jpg,403 Client Error: Forbidden for url: https://api.multiavatar.com/face179.jpg
5737,https://api.multiavatar.com/face180.jpg,403 Client Error: Forbidden for url: https://api.multiavatar.com/face180.jpg
5738,https://api.multiavatar.com/face181.jpg,403 Client Error: Forbidden for url: https://api.multiavatar.com/face181.jpg
5739,https://api.multiavatar.com/face182.jpg,403 Client Error: Forbidden for url: https://api.multiavatar.com/face182.jpg
5740,https://api.multiavatar.com/face183.jpg,403 Client Error: Forbidden for url: https://api.multiavatar.com/face183.jpg
5741,https://api.multiavatar.com/face184.jpg,403 Client Error: Forbidden for url: https://api.multiavatar.com/face184.jpg
5742,https://api.multiavatar.com/face185.jpg,403 Client Error: Forbidden for url: https://api.multiavatar.com/face185.jpg
5743,https://api.multiavatar.com/face186.jpg,403 Client Error: Forbidden for url: https://api.multiavatar.com/face186.jpg
5744,https://api.multiavatar.com/face187.jpg,403 Client Error: Forbidden for url: https://api.multiavatar.com/face187.jpg
5745,https://api.multiavatar.com/face188.jpg,403 Client Error: Forbidden for url: https://api.multiavatar.com/face188.jpg
5746,https://api.multiavatar.com/face189.jpg,403 Client Error: Forbidden for url: https://api.multiavatar.com/face189.jpg
5747,https://api.multiavatar.com/face190.jpg,403 Client Error: Forbidden for url: https://api.multiavatar.com/face190.jpg
5748,https://api.multiavatar.com/face191.jpg,403 Client Error: Forbidden for url: https://api.multiavatar.com/face191.jpg
5749,https://api.multiavatar.com/face192.jpg,403 Client Error: Forbidden for url: https://api.multiavatar.com/face192.jpg
5750,https://api.multiavatar.com/face193.jpg,403 Client Error: Forbidden for url: https://api.multiavatar.com/face193.jpg
5751,https://api.multiavatar.com/face194.jpg,403 Client Error: Forbidden for url: https://api.multiavatar.com/face194.jpg
5752,https://api.multiavatar.com/face195.jpg,403 Client Error: Forbidden for url: https://api.multiavatar.com/face195.jpg
5753,https://api.multiavatar.com/face196.jpg,403 Client Error: Forbidden for url: https://api.multiavatar.com/face196.jpg
5754,https://api.multiavatar.com/face197.jpg,403 Client Error: Forbidden for url: https://api.multiavatar.com/face197.jpg
5755,https://api.multiavatar.com/face198.jpg,403 Client Error: Forbidden for url: https://api.multiavatar.com/face198.jpg
5756,https://api.multiavatar.com/face199.jpg,403 Client Error: Forbidden for url: https://api.multiavatar.com/face199.jpg
5757,https://api.multiavatar.com/face200.jpg,403 Client Error: Forbidden for url: https://api.multiavatar.com/face200.jpg
5758,https://api.multiavatar.com/face201.jpg,403 Client Error: Forbidden for url: https://api.multiavatar.com/face201.jpg
5759,https://api.multiavatar.com/face202.jpg,403 Client Error: Forbidden for url: https://api.multiavatar.com/face202.jpg
5760,https://api.multiavatar.com/face203.jpg,403 Client Error: Forbidden for url: https://api.multiavatar.com/face203.jpg
5761,https://api.multiavatar.com/face204.jpg,403 Client Error: Forbidden for url: https://api.multiavatar.com/face204.jpg
5762,https://api.multiavatar.com/face205.jpg,403 Client Error: Forbidden for url: https://api.multiavatar.com/face205.jpg
5763,https://api.multiavatar.com/face206.jpg,403 Client Error: Forbidden for url: https://api.multiavatar.com/face206.jpg
5764,https://api.multiavatar.com/face207.jpg,403 Client Error: Forbidden for url: https://api.multiavatar.com/face207.jpg
5765,https://api.multiavatar.com/face208.jpg,403 Client Error: Forbidden for url: https://api.multiavatar.com/face208.jpg
5766,https://api.multiavatar.com/face209.jpg,403 Client Error: Forbidden for url: https://api.multiavatar.com/face209.jpg
5767,https://api.multiavatar.com/face210.jpg,403 Client Error: Forbidden for url: https://api.multiavatar.com/face210.jpg
5768,https://api.multiavatar.com/face211.jpg,403 Client Error: Forbidden for url: https://api.multiavatar.com/face211.jpg
5769,https://api.multiavatar.com/face212.jpg,403 Client Error: Forbidden for url: https://api.multiavatar.com/face212.jpg
5770,https://api.multiavatar.com/face213.jpg,403 Client Error: Forbidden for url: https://api.multiavatar.com/face213.jpg
5771,https://api.multiavatar.com/face214.jpg,403 Client Error: Forbidden for url: https://api.multiavatar.com/face214.jpg
5772,https://api.multiavatar.com/face215.jpg,403 Client Error: Forbidden for url: https://api.multiavatar.com/face215.jpg
5773,https://api.multiavatar.com/face216.jpg,403 Client Error: Forbidden for url: https://api.multiavatar.com/face216.jpg
5774,https://api.multiavatar.com/face217.jpg,403 Client Error: Forbidden for url: https://api.multiavatar.com/face217.jpg
5775,https://api.multiavatar.com/face218.jpg,403 Client Error: Forbidden for url: https://api.multiavatar.com/face218.jpg
5776,https://api.multiavatar.com/face219.jpg,403 Client Error: Forbidden for url: https://api.multiavatar.com/face219.jpg
5777,https://api.multiavatar.com/face220.jpg,403 Client Error: Forbidden for url: https://api.multiavatar.com/face220.jpg
5778,https://api.multiavatar.com/face221.jpg,403 Client Error: Forbidden for url: https://api.multiavatar.com/face221.jpg
5779,https://api.multiavatar.com/face222.jpg,403 Client Error: Forbidden for url: https://api.multiavatar.com/face222.jpg
5780,https://api.multiavatar.com/face223.jpg,403 Client Error: Forbidden for url: https://api.multiavatar.com/face223.jpg
5781,https://api.multiavatar.com/face224.jpg,403 Client Error: Forbidden for url: https://api.multiavatar.com/face224.jpg
5782,https://api.multiavatar.com/face225.jpg,403 Client Error: Forbidden for url: https://api.multiavatar.com/face225.jpg
5783,https://api.multiavatar.com/face226.jpg,403 Client Error: Forbidden for url: https://api.multiavatar.com/face226.jpg
5784,https://api.multiavatar.com/face227.jpg,403 Client Error: Forbidden for url: https://api.multiavatar.com/face227.jpg
5785,https://api.multiavatar.com/face228.jpg,403 Client Error: Forbidden for url: https://api.multiavatar.com/face228.jpg
5786,https://api.multiavatar.com/face229.jpg,403 Client Error: Forbidden for url: https://api.multiavatar.com/face229.jpg
5787,https://api.multiavatar.com/face230.jpg,403 Client Error: Forbidden for url: https://api.multiavatar.com/face230.jpg
5788,https://api.multiavatar.com/face231.jpg,403 Client Error: Forbidden for url: https://api.multiavatar.com/face231.jpg
5789,https://api.multiavatar.com/face232.jpg,403 Client Error: Forbidden for url: https://api.multiavatar.com/face232.jpg
5790,https://api.multiavatar.com/face233.jpg,403 Client Error: Forbidden for url: https://api.multiavatar.com/face233.jpg
5791,https://api.multiavatar.com/face234.jpg,403 Client Error: Forbidden for url: https://api.multiavatar.com/face234.jpg
5792,https://api.multiavatar.com/face235.jpg,403 Client Error: Forbidden for url: https://api.multiavatar.com/face235.jpg
5793,https://api.multiavatar.com/face236.jpg,403 Client Error: Forbidden for url: https://api.multiavatar.com/face236.jpg
5794,https://api.multiavatar.com/face237.jpg,403 Client Error: Forbidden for url: https://api.multiavatar.com/face237.jpg
5795,https://api.multiavatar.com/face238.jpg,403 Client Error: Forbidden for url: https://api.multiavatar.com/face238.jpg
5796,https://api.multiavatar.com/face239.jpg,403 Client Error: Forbidden for url: https://api.multiavatar.com/face239.jpg
5797,https://api.multiavatar.com/face240.jpg,403 Client Error: Forbidden for url: https://api.multiavatar.com/face240.jpg
5798,https://api.multiavatar.com/face241.jpg,403 Client Error: Forbidden for url: https://api.multiavatar.com/face241.jpg
5799,https://api.multiavatar.com/face242.jpg,403 Client Error: Forbidden for url: https://api.multiavatar.com/face242.jpg
5800,https://api.multiavatar.com/face243.jpg,403 Client Error: Forbidden for url: https://api.multiavatar.com/face243.jpg
5801,https://api.multiavatar.com/face244.jpg,403 Client Error: Forbidden for url: https://api.multiavatar.com/face244.jpg
5802,https://api.multiavatar.com/face245.jpg,403 Client Error: Forbidden for url: https://api.multiavatar.com/face245.jpg
5803,https://api.multiavatar.com/face246.jpg,403 Client Error: Forbidden for url: https://api.multiavatar.com/face246.jpg
5804,https://api.multiavatar.com/face247.jpg,403 Client Error: Forbidden for url: https://api.multiavatar.com/face247.jpg
5805,https://api.multiavatar.com/face248.jpg,403 Client Error: Forbidden for url: https://api.multiavatar.com/face248.jpg
5806,https://api.multiavatar.com/face249.jpg,403 Client Error: Forbidden for url: https://api.multiavatar.com/face249.jpg
5807,https://api.multiavatar.com/face250.jpg,403 Client Error: Forbidden for url: https://api.multiavatar.com/face250.jpg
5808,https://api.multiavatar.com/face251.jpg,403 Client Error: Forbidden for url: https://api.multiavatar.com/face251.jpg
5809,https://api.multiavatar.com/face252.jpg,403 Client Error: Forbidden for url: https://api.multiavatar.com/face252.jpg
5810,https://api.multiavatar.com/face253.jpg,403 Client Error: Forbidden for url: https://api.multiavatar.com/face253.jpg
5811,https://api.multiavatar.com/face254.jpg,403 Client Error: Forbidden for url: https://api.multiavatar.com/face254.jpg
5812,https://api.multiavatar.com/face255.jpg,403 Client Error: Forbidden for url: https://api.multiavatar.com/face255.jpg
5813,https://api.multiavatar.com/face256.jpg,403 Client Error: Forbidden for url: https://api.multiavatar.com/face256.jpg
5814,https://api.multiavatar.com/face257.jpg,403 Client Error: Forbidden for url: https://api.multiavatar.com/face257.jpg
5815,https://api.multiavatar.com/face258.jpg,403 Client Error: Forbidden for url: https://api.multiavatar.com/face258.jpg
5816,https://api.multiavatar.com/face259.jpg,403 Client Error: Forbidden for url: https://api.multiavatar.com/face259.jpg
5817,https://api.multiavatar.com/face260.jpg,403 Client Error: Forbidden for url: https://api.multiavatar.com/face260.jpg
5818,https://api.multiavatar.com/face261.jpg,403 Client Error: Forbidden for url: https://api.multiavatar.com/face261.jpg
5819,https://api.multiavatar.com/face262.jpg,403 Client Error: Forbidden for url: https://api.multiavatar.com/face262.jpg
5820,https://api.multiavatar.com/face263.jpg,403 Client Error: Forbidden for url: https://api.multiavatar.com/face263.jpg
5821,https://api.multiavatar.com/face264.jpg,403 Client Error: Forbidden for url: https://api.multiavatar.com/face264.jpg
5822,https://api.multiavatar.com/face265.jpg,403 Client Error: Forbidden for url: https://api.multiavatar.com/face265.jpg
5823,https://api.multiavatar.com/face266.jpg,403 Client Error: Forbidden for url: https://api.multiavatar.com/face266.jpg
5824,https://api.multiavatar.com/face267.jpg,403 Client Error: Forbidden for url: https://api.multiavatar.com/face267.jpg
5825,https://api.multiavatar.com/face268.jpg,403 Client Error: Forbidden for url: https://api.multiavatar.com/face268.jpg
5826,https://api.multiavatar.com/face269.jpg,403 Client Error: Forbidden for url: https://api.multiavatar.com/face269.jpg
5827,https://api.multiavatar.com/face270.jpg,403 Client Error: Forbidden for url: https://api.multiavatar.com/face270.jpg
5828,https://api.multiavatar.com/face271.jpg,403 Client Error: Forbidden for url: https://api.multiavatar.com/face271.jpg
5829,https://api.multiavatar.com/face272.jpg,403 Client Error: Forbidden for url: https://api.multiavatar.com/face272.jpg
5830,https://api.multiavatar.com/face273.jpg,403 Client Error: Forbidden for url: https://api.multiavatar.com/face273.jpg
5831,https://api.multiavatar.com/face274.jpg,403 Client Error: Forbidden for url: https://api.multiavatar.com/face274.jpg
5832,https://api.multiavatar.com/face275.jpg,403 Client Error: Forbidden for url: https://api.multiavatar.com/face275.jpg
5833,https://api.multiavatar.com/face276.jpg,403 Client Error: Forbidden for url: https://api.multiavatar.com/face276.jpg
5834,https://api.multiavatar.com/face277.jpg,403 Client Error: Forbidden for url: https://api.multiavatar.com/face277.jpg
5835,https://api.multiavatar.com/face278.jpg,403 Client Error: Forbidden for url: https://api.multiavatar.com/face278.jpg
5836,https://api.multiavatar.com/face279.jpg,403 Client Error: Forbidden for url: https://api.multiavatar.com/face279.jpg
5837,https://api.multiavatar.com/face280.jpg,403 Client Error: Forbidden for url: https://api.multiavatar.com/face280.jpg
5838,https://api.multiavatar.com/face281.jpg,403 Client Error: Forbidden for url: https://api.multiavatar.com/face281.jpg
5839,https://api.multiavatar.com/face282.jpg,403 Client Error: Forbidden for url: https://api.multiavatar.com/face282.jpg
5840,https://api.multiavatar.com/face283.jpg,403 Client Error: Forbidden for url: https://api.multiavatar.com/face283.jpg
5841,https://api.multiavatar.com/face284.jpg,403 Client Error: Forbidden for url: https://api.multiavatar.com/face284.jpg
5842,https://api.multiavatar.com/face285.jpg,403 Client Error: Forbidden for url: https://api.multiavatar.com/face285.jpg
5843,https://api.multiavatar.com/face286.jpg,403 Client Error: Forbidden for url: https://api.multiavatar.com/face286.jpg
5844,https://api.multiavatar.com/face287.jpg,403 Client Error: Forbidden for url: https://api.multiavatar.com/face287.jpg
5845,https://api.multiavatar.com/face288.jpg,403 Client Error: Forbidden for url: https://api.multiavatar.com/face288.jpg
5846,https://api.multiavatar.com/face289.jpg,403 Client Error: Forbidden for url: https://api.multiavatar.com/face289.jpg
5847,https://api.multiavatar.com/face290.jpg,403 Client Error: Forbidden for url: https://api.multiavatar.com/face290.jpg
5848,https://api.multiavatar.com/face291.jpg,403 Client Error: Forbidden for url: https://api.multiavatar.com/face291.jpg
5849,https://api.multiavatar.com/face292.jpg,403 Client Error: Forbidden for url: https://api.multiavatar.com/face292.jpg
5850,https://api.multiavatar.com/face293.jpg,403 Client Error: Forbidden for url: https://api.multiavatar.com/face293.jpg
5851,https://api.multiavatar.com/face294.jpg,403 Client Error: Forbidden for url: https://api.multiavatar.com/face294.jpg
5852,https://api.multiavatar.com/face295.jpg,403 Client Error: Forbidden for url: https://api.multiavatar.com/face295.jpg
5853,https://api.multiavatar.com/face296.jpg,403 Client Error: Forbidden for url: https://api.multiavatar.com/face296.jpg
5854,https://api.multiavatar.com/face297.jpg,403 Client Error: Forbidden for url: https://api.multiavatar.com/face297.jpg
5855,https://api.multiavatar.com/face298.jpg,403 Client Error: Forbidden for url: https://api.multiavatar.com/face298.jpg
5856,https://api.multiavatar.com/face299.jpg,403 Client Error: Forbidden for url: https://api.multiavatar.com/face299.jpg
5857,https://api.multiavatar.com/face300.jpg,403 Client Error: Forbidden for url: https://api.multiavatar.com/face300.jpg
5858,https://api.multiavatar.com/face301.jpg,403 Client Error: Forbidden for url: https://api.multiavatar.com/face301.jpg
5859,https://api.multiavatar.com/face302.jpg,403 Client Error: Forbidden for url: https://api.multiavatar.com/face302.jpg
5860,https://api.multiavatar.com/face303.jpg,403 Client Error: Forbidden for url: https://api.multiavatar.com/face303.jpg
5861,https://api.multiavatar.com/face304.jpg,403 Client Error: Forbidden for url: https://api.multiavatar.com/face304.jpg
5862,https://api.multiavatar.com/face305.jpg,403 Client Error: Forbidden for url: https://api.multiavatar.com/face305.jpg
5863,https://api.multiavatar.com/face306.jpg,403 Client Error: Forbidden for url: https://api.multiavatar.com/face306.jpg
5864,https://api.multiavatar.com/face307.jpg,403 Client Error: Forbidden for url: https://api.multiavatar.com/face307.jpg
5865,https://api.multiavatar.com/face308.jpg,403 Client Error: Forbidden for url: https://api.multiavatar.com/face308.jpg
5866,https://api.multiavatar.com/face309.jpg,403 Client Error: Forbidden for url: https://api.multiavatar.com/face309.jpg
5867,https://api.multiavatar.com/face310.jpg,403 Client Error: Forbidden for url: https://api.multiavatar.com/face310.jpg
5868,https://api.multiavatar.com/face311.jpg,403 Client Error: Forbidden for url: https://api.multiavatar.com/face311.jpg
5869,https://api.multiavatar.com/face312.jpg,403 Client Error: Forbidden for url: https://api.multiavatar.com/face312.jpg
5870,https://api.multiavatar.com/face313.jpg,403 Client Error: Forbidden for url: https://api.multiavatar.com/face313.jpg
5871,https://api.multiavatar.com/face314.jpg,403 Client Error: Forbidden for url: https://api.multiavatar.com/face314.jpg
5872,https://api.multiavatar.com/face315.jpg,403 Client Error: Forbidden for url: https://api.multiavatar.com/face315.jpg
5873,https://api.multiavatar.com/face316.jpg,403 Client Error: Forbidden for url: https://api.multiavatar.com/face316.jpg
5874,https://api.multiavatar.com/face317.jpg,403 Client Error: Forbidden for url: https://api.multiavatar.com/face317.jpg
5875,https://api.multiavatar.com/face318.jpg,403 Client Error: Forbidden for url: https://api.multiavatar.com/face318.jpg
5876,https://api.multiavatar.com/face319.jpg,403 Client Error: Forbidden for url: https://api.multiavatar.com/face319.jpg
5877,https://api.multiavatar.com/face320.jpg,403 Client Error: Forbidden for url: https://api.multiavatar.com/face320.jpg
5878,https://api.multiavatar.com/face321.jpg,403 Client Error: Forbidden for url: https://api.multiavatar.com/face321.jpg
5879,https://api.multiavatar.com/face322.jpg,403 Client Error: Forbidden for url: https://api.multiavatar.com/face322.jpg
5880,https://api.multiavatar.com/face323.jpg,403 Client Error: Forbidden for url: https://api.multiavatar.com/face323.jpg
5881,https://api.multiavatar.com/face324.jpg,403 Client Error: Forbidden for url: https://api.multiavatar.com/face324.jpg
5882,https://api.multiavatar.com/face325.jpg,403 Client Error: Forbidden for url: https://api.multiavatar.com/face325.jpg
5883,https://api.multiavatar.com/face326.jpg,403 Client Error: Forbidden for url: https://api.multiavatar.com/face326.jpg
5884,https://api.multiavatar.com/face327.jpg,403 Client Error: Forbidden for url: https://api.multiavatar.com/face327.jpg
5885,https://api.multiavatar.com/face328.jpg,403 Client Error: Forbidden for url: https://api.multiavatar.com/face328.jpg
5886,https://api.multiavatar.com/face329.jpg,403 Client Error: Forbidden for url: https://api.multiavatar.com/face329.jpg
5887,https://api.multiavatar.com/face330.jpg,403 Client Error: Forbidden for url: https://api.multiavatar.com/face330.jpg
5888,https://api.multiavatar.com/face331.jpg,403 Client Error: Forbidden for url: https://api.multiavatar.com/face331.jpg
5889,https://api.multiavatar.com/face332.jpg,403 Client Error: Forbidden for url: https://api.multiavatar.com/face332.jpg
5890,https://api.multiavatar.com/face333.jpg,403 Client Error: Forbidden for url: https://api.multiavatar.com/face333.jpg
5891,https://api.multiavatar.com/face334.jpg,403 Client Error: Forbidden for url: https://api.multiavatar.com/face334.jpg
5892,https://api.multiavatar.com/face335.jpg,403 Client Error: Forbidden for url: https://api.multiavatar.com/face335.jpg
5893,https://api.multiavatar.com/face336.jpg,403 Client Error: Forbidden for url: https://api.multiavatar.com/face336.jpg
5894,https://api.multiavatar.com/face337.jpg,403 Client Error: Forbidden for url: https://api.multiavatar.com/face337.jpg
5895,https://api.multiavatar.com/face338.jpg,403 Client Error: Forbidden for url: https://api.multiavatar.com/face338.jpg
5896,https://api.multiavatar.com/face339.jpg,403 Client Error: Forbidden for url: https://api.multiavatar.com/face339.jpg
5897,https://api.multiavatar.com/face340.jpg,403 Client Error: Forbidden for url: https://api.multiavatar.com/face340.jpg
5898,https://api.multiavatar.com/face341.jpg,403 Client Error: Forbidden for url: https://api.multiavatar.com/face341.jpg
5899,https://api.multiavatar.com/face342.jpg,403 Client Error: Forbidden for url: https://api.multiavatar.com/face342.jpg
5900,https://api.multiavatar.com/face343.jpg,403 Client Error: Forbidden for url: https://api.multiavatar.com/face343.jpg
5901,https://api.multiavatar.com/face344.jpg,403 Client Error: Forbidden for url: https://api.multiavatar.com/face344.jpg
5902,https://api.multiavatar.com/face345.jpg,403 Client Error: Forbidden for url: https://api.multiavatar.com/face345.jpg
5903,https://api.multiavatar.com/face346.jpg,403 Client Error: Forbidden for url: https://api.multiavatar.com/face346.jpg
5904,https://api.multiavatar.com/face347.jpg,403 Client Error: Forbidden for url: https://api.multiavatar.com/face347.jpg
5905,https://api.multiavatar.com/face348.jpg,403 Client Error: Forbidden for url: https://api.multiavatar.com/face348.jpg
5906,https://api.multiavatar.com/face349.jpg,403 Client Error: Forbidden for url: https://api.multiavatar.com/face349.jpg
5907,https://api.multiavatar.com/face350.jpg,403 Client Error: Forbidden for url: https://api.multiavatar.com/face350.jpg
5908,https://api.multiavatar.com/face351.jpg,403 Client Error: Forbidden for url: https://api.multiavatar.com/face351.jpg
5909,https://api.multiavatar.com/face352.jpg,403 Client Error: Forbidden for url: https://api.multiavatar.com/face352.jpg
5910,https://api.multiavatar.com/face353.jpg,403 Client Error: Forbidden for url: https://api.multiavatar.com/face353.jpg
5911,https://api.multiavatar.com/face354.jpg,403 Client Error: Forbidden for url: https://api.multiavatar.com/face354.jpg
5912,https://api.multiavatar.com/face355.jpg,403 Client Error: Forbidden for url: https://api.multiavatar.com/face355.jpg
5913,https://api.multiavatar.com/face356.jpg,403 Client Error: Forbidden for url: https://api.multiavatar.com/face356.jpg
5914,https://api.multiavatar.com/face357.jpg,403 Client Error: Forbidden for url: https://api.multiavatar.com/face357.jpg
5915,https://api.multiavatar.com/face358.jpg,403 Client Error: Forbidden for url: https://api.multiavatar.com/face358.jpg
5916,https://api.multiavatar.com/face359.jpg,403 Client Error: Forbidden for url: https://api.multiavatar.com/face359.jpg
5917,https://api.multiavatar.com/face360.jpg,403 Client Error: Forbidden for url: https://api.multiavatar.com/face360.jpg
5918,https://api.multiavatar.com/face361.jpg,403 Client Error: Forbidden for url: https://api.multiavatar.com/face361.jpg
5919,https://api.multiavatar.com/face362.jpg,403 Client Error: Forbidden for url: https://api.multiavatar.com/face362.jpg
5920,https://api.multiavatar.com/face363.jpg,403 Client Error: Forbidden for url: https://api.multiavatar.com/face363.jpg
5921,https://api.multiavatar.com/face364.jpg,403 Client Error: Forbidden for url: https://api.multiavatar.com/face364.jpg
5922,https://api.multiavatar.com/face365.jpg,403 Client Error: Forbidden for url: https://api.multiavatar.com/face365.jpg
5923,https://api.multiavatar.com/face366.jpg,403 Client Error: Forbidden for url: https://api.multiavatar.com/face366.jpg
5924,https://api.multiavatar.com/face367.jpg,403 Client Error: Forbidden for url: https://api.multiavatar.com/face367.jpg
5925,https://api.multiavatar.com/face368.jpg,403 Client Error: Forbidden for url: https://api.multiavatar.com/face368.jpg
5926,https://api.multiavatar.com/face369.jpg,403 Client Error: Forbidden for url: https://api.multiavatar.com/face369.jpg
5927,https://api.multiavatar.com/face370.jpg,403 Client Error: Forbidden for url: https://api.multiavatar.com/face370.jpg
5928,https://api.multiavatar.com/face371.jpg,403 Client Error: Forbidden for url: https://api.multiavatar.com/face371.jpg
5929,https://api.multiavatar.com/face372.jpg,403 Client Error: Forbidden for url: https://api.multiavatar.com/face372.jpg
5930,https://api.multiavatar.com/face373.jpg,403 Client Error: Forbidden for url: https://api.multiavatar.com/face373.jpg
5931,https://api.multiavatar.com/face374.jpg,403 Client Error: Forbidden for url: https://api.multiavatar.com/face374.jpg
5932,https://api.multiavatar.com/face375.jpg,403 Client Error: Forbidden for url: https://api.multiavatar.com/face375.jpg
5933,https://api.multiavatar.com/face376.jpg,403 Client Error: Forbidden for url: https://api.multiavatar.com/face376.jpg
5934,https://api.multiavatar.com/face377.jpg,403 Client Error: Forbidden for url: https://api.multiavatar.com/face377.jpg
5935,https://api.multiavatar.com/face378.jpg,403 Client Error: Forbidden for url: https://api.multiavatar.com/face378.jpg
5936,https://api.multiavatar.com/face379.jpg,403 Client Error: Forbidden for url: https://api.multiavatar.com/face379.jpg
5937,https://api.multiavatar.com/face380.jpg,403 Client Error: Forbidden for url: https://api.multiavatar.com/face380.jpg
5938,https://api.multiavatar.com/face381.jpg,403 Client Error: Forbidden for url: https://api.multiavatar.com/face381.jpg
5939,https://api.multiavatar.com/face382.jpg,403 Client Error: Forbidden for url: https://api.multiavatar.com/face382.jpg
5940,https://api.multiavatar.com/face383.jpg,403 Client Error: Forbidden for url: https://api.multiavatar.com/face383.jpg
5941,https://api.multiavatar.com/face384.jpg,403 Client Error: Forbidden for url: https://api.multiavatar.com/face384.jpg
5942,https://api.multiavatar.com/face385.jpg,403 Client Error: Forbidden for url: https://api.multiavatar.com/face385.jpg
5943,https://api.multiavatar.com/face386.jpg,403 Client Error: Forbidden for url: https://api.multiavatar.com/face386.jpg
5944,https://api.multiavatar.com/face387.jpg,403 Client Error: Forbidden for url: https://api.multiavatar.com/face387.jpg
5945,https://api.multiavatar.com/face388.jpg,403 Client Error: Forbidden for url: https://api.multiavatar.com/face388.jpg
5946,https://api.multiavatar.com/face389.jpg,403 Client Error: Forbidden for url: https://api.multiavatar.com/face389.jpg
5947,https://api.multiavatar.com/face390.jpg,403 Client Error: Forbidden for url: https://api.multiavatar.com/face390.jpg
5948,https://api.multiavatar.com/face391.jpg,403 Client Error: Forbidden for url: https://api.multiavatar.com/face391.jpg
5949,https://api.multiavatar.com/face392.jpg,403 Client Error: Forbidden for url: https://api.multiavatar.com/face392.jpg
5950,https://api.multiavatar.com/face393.jpg,403 Client Error: Forbidden for url: https://api.multiavatar.com/face393.jpg
5951,https://api.multiavatar.com/face394.jpg,403 Client Error: Forbidden for url: https://api.multiavatar.com/face394.jpg
5952,https://api.multiavatar.com/face395.jpg,403 Client Error: Forbidden for url: https://api.multiavatar.com/face395.jpg
5953,https://api.multiavatar.com/face396.jpg,403 Client Error: Forbidden for url: https://api.multiavatar.com/face396.jpg
5954,https://api.multiavatar.com/face397.jpg,403 Client Error: Forbidden for url: https://api.multiavatar.com/face397.jpg
5955,https://api.multiavatar.com/face398.jpg,403 Client Error: Forbidden for url: https://api.multiavatar.com/face398.jpg
5956,https://api.multiavatar.com/face399.jpg,403 Client Error: Forbidden for url: https://api.multiavatar.com/face399.jpg
5957,https://api.multiavatar.com/face400.jpg,403 Client Error: Forbidden for url: https://api.multiavatar.com/face400.jpg
5958,https://api.multiavatar.com/face401.jpg,403 Client Error: Forbidden for url: https://api.multiavatar.com/face401.jpg
5959,https://api.multiavatar.com/face402.jpg,403 Client Error: Forbidden for url: https://api.multiavatar.com/face402.jpg
5960,https://api.multiavatar.com/face403.jpg,403 Client Error: Forbidden for url: https://api.multiavatar.com/face403.jpg
5961,https://api.multiavatar.com/face404.jpg,403 Client Error: Forbidden for url: https://api.multiavatar.com/face404.jpg
5962,https://api.multiavatar.com/face405.jpg,403 Client Error: Forbidden for url: https://api.multiavatar.com/face405.jpg
5963,https://api.multiavatar.com/face406.jpg,403 Client Error: Forbidden for url: https://api.multiavatar.com/face406.jpg
5964,https://api.multiavatar.com/face407.jpg,403 Client Error: Forbidden for url: https://api.multiavatar.com/face407.jpg
5965,https://api.multiavatar.com/face408.jpg,403 Client Error: Forbidden for url: https://api.multiavatar.com/face408.jpg
5966,https://api.multiavatar.com/face409.jpg,403 Client Error: Forbidden for url: https://api.multiavatar.com/face409.jpg
5967,https://api.multiavatar.com/face410.jpg,403 Client Error: Forbidden for url: https://api.multiavatar.com/face410.jpg
5968,https://api.multiavatar.com/face411.jpg,403 Client Error: Forbidden for url: https://api.multiavatar.com/face411.jpg
5969,https://api.multiavatar.com/face412.jpg,403 Client Error: Forbidden for url: https://api.multiavatar.com/face412.jpg
5970,https://api.multiavatar.com/face413.jpg,403 Client Error: Forbidden for url: https://api.multiavatar.com/face413.jpg
5971,https://api.multiavatar.com/face414.jpg,403 Client Error: Forbidden for url: https://api.multiavatar.com/face414.jpg
5972,https://api.multiavatar.com/face415.jpg,403 Client Error: Forbidden for url: https://api.multiavatar.com/face415.jpg
5973,https://api.multiavatar.com/face416.jpg,403 Client Error: Forbidden for url: https://api.multiavatar.com/face416.jpg
5974,https://api.multiavatar.com/face417.jpg,403 Client Error: Forbidden for url: https://api.multiavatar.com/face417.jpg
5975,https://api.multiavatar.com/face418.jpg,403 Client Error: Forbidden for url: https://api.multiavatar.com/face418.jpg
5976,https://api.multiavatar.com/face419.jpg,403 Client Error: Forbidden for url: https://api.multiavatar.com/face419.jpg
5977,https://api.multiavatar.com/face420.jpg,403 Client Error: Forbidden for url: https://api.multiavatar.com/face420.jpg
5978,https://api.multiavatar.com/face421.jpg,403 Client Error: Forbidden for url: https://api.multiavatar.com/face421.jpg
5979,https://api.multiavatar.com/face422.jpg,403 Client Error: Forbidden for url: https://api.multiavatar.com/face422.jpg
5980,https://api.multiavatar.com/face423.jpg,403 Client Error: Forbidden for url: https://api.multiavatar.com/face423.jpg
5981,https://api.multiavatar.com/face424.jpg,403 Client Error: Forbidden for url: https://api.multiavatar.com/face424.jpg
5982,https://api.multiavatar.com/face425.jpg,403 Client Error: Forbidden for url: https://api.multiavatar.com/face425.jpg
5983,https://api.multiavatar.com/face426.jpg,403 Client Error: Forbidden for url: https://api.multiavatar.com/face426.jpg
5984,https://api.multiavatar.com/face427.jpg,403 Client Error: Forbidden for url: https://api.multiavatar.com/face427.jpg
5985,https://api.multiavatar.com/face428.jpg,403 Client Error: Forbidden for url: https://api.multiavatar.com/face428.jpg
5986,https://api.multiavatar.com/face429.jpg,403 Client Error: Forbidden for url: https://api.multiavatar.com/face429.jpg
5987,https://api.multiavatar.com/face430.jpg,403 Client Error: Forbidden for url: https://api.multiavatar.com/face430.jpg
5988,https://api.multiavatar.com/face431.jpg,403 Client Error: Forbidden for url: https://api.multiavatar.com/face431.jpg
5989,https://api.multiavatar.com/face432.jpg,403 Client Error: Forbidden for url: https://api.multiavatar.com/face432.jpg
5990,https://api.multiavatar.com/face433.jpg,403 Client Error: Forbidden for url: https://api.multiavatar.com/face433.jpg
5991,https://api.multiavatar.com/face434.jpg,403 Client Error: Forbidden for url: https://api.multiavatar.com/face434.jpg
5992,https://api.multiavatar.com/face435.jpg,403 Client Error: Forbidden for url: https://api.multiavatar.com/face435.jpg
5993,https://api.multiavatar.com/face436.jpg,403 Client Error: Forbidden for url: https://api.multiavatar.com/face436.jpg
5994,https://api.multiavatar.com/face437.jpg,403 Client Error: Forbidden for url: https://api.multiavatar.com/face437.jpg
5995,https://api.multiavatar.com/face438.jpg,403 Client Error: Forbidden for url: https://api.multiavatar.com/face438.jpg
5996,https://api.multiavatar.com/face439.jpg,403 Client Error: Forbidden for url: https://api.multiavatar.com/face439.jpg
5997,https://api.multiavatar.com/face440.jpg,403 Client Error: Forbidden for url: https://api.multiavatar.com/face440.jpg
5998,https://api.multiavatar.com/face441.jpg,403 Client Error: Forbidden for url: https://api.multiavatar.com/face441.jpg
5999,https://api.multiavatar.com/face442.jpg,403 Client Error: Forbidden for url: https://api.multiavatar.com/face442.jpg
6000,https://api.multiavatar.com/face443.jpg,403 Client Error: Forbidden for url: https://api.multiavatar.com/face443.jpg
6001,https://api.multiavatar.com/face444.jpg,403 Client Error: Forbidden for url: https://api.multiavatar.com/face444.jpg
6002,https://api.multiavatar.com/face445.jpg,403 Client Error: Forbidden for url: https://api.multiavatar.com/face445.jpg
6003,https://api.multiavatar.com/face446.jpg,403 Client Error: Forbidden for url: https://api.multiavatar.com/face446.jpg
6004,https://api.multiavatar.com/face447.jpg,403 Client Error: Forbidden for url: https://api.multiavatar.com/face447.jpg
6005,https://api.multiavatar.com/face448.jpg,403 Client Error: Forbidden for url: https://api.multiavatar.com/face448.jpg
6006,https://api.multiavatar.com/face449.jpg,403 Client Error: Forbidden for url: https://api.multiavatar.com/face449.jpg
6007,https://api.multiavatar.com/face450.jpg,403 Client Error: Forbidden for url: https://api.multiavatar.com/face450.jpg
6008,https://api.multiavatar.com/face451.jpg,403 Client Error: Forbidden for url: https://api.multiavatar.com/face451.jpg
6009,https://api.multiavatar.com/face452.jpg,403 Client Error: Forbidden for url: https://api.multiavatar.com/face452.jpg
6010,https://api.multiavatar.com/face453.jpg,403 Client Error: Forbidden for url: https://api.multiavatar.com/face453.jpg
6011,https://api.multiavatar.com/face454.jpg,403 Client Error: Forbidden for url: https://api.multiavatar.com/face454.jpg
6012,https://api.multiavatar.com/face455.jpg,403 Client Error: Forbidden for url: https://api.multiavatar.com/face455.jpg
6013,https://api.multiavatar.com/face456.jpg,403 Client Error: Forbidden for url: https://api.multiavatar.com/face456.jpg
6014,https://api.multiavatar.com/face457.jpg,403 Client Error: Forbidden for url: https://api.multiavatar.com/face457.jpg
6015,https://api.multiavatar.com/face458.jpg,403 Client Error: Forbidden for url: https://api.multiavatar.com/face458.jpg
6016,https://api.multiavatar.com/face459.jpg,403 Client Error: Forbidden for url: https://api.multiavatar.com/face459.jpg
6017,https://api.multiavatar.com/face460.jpg,403 Client Error: Forbidden for url: https://api.multiavatar.com/face460.jpg
6018,https://api.multiavatar.com/face461.jpg,403 Client Error: Forbidden for url: https://api.multiavatar.com/face461.jpg
6019,https://api.multiavatar.com/face462.jpg,403 Client Error: Forbidden for url: https://api.multiavatar.com/face462.jpg
6020,https://api.multiavatar.com/face463.jpg,403 Client Error: Forbidden for url: https://api.multiavatar.com/face463.jpg
6021,https://api.multiavatar.com/face464.jpg,403 Client Error: Forbidden for url: https://api.multiavatar.com/face464.jpg
6022,https://api.multiavatar.com/face465.jpg,403 Client Error: Forbidden for url: https://api.multiavatar.com/face465.jpg
6023,https://api.multiavatar.com/face466.jpg,403 Client Error: Forbidden for url: https://api.multiavatar.com/face466.jpg
6024,https://api.multiavatar.com/face467.jpg,403 Client Error: Forbidden for url: https://api.multiavatar.com/face467.jpg
6025,https://api.multiavatar.com/face468.jpg,403 Client Error: Forbidden for url: https://api.multiavatar.com/face468.jpg
6026,https://api.multiavatar.com/face469.jpg,403 Client Error: Forbidden for url: https://api.multiavatar.com/face469.jpg
6027,https://api.multiavatar.com/face470.jpg,403 Client Error: Forbidden for url: https://api.multiavatar.com/face470.jpg
6028,https://api.multiavatar.com/face471.jpg,403 Client Error: Forbidden for url: https://api.multiavatar.com/face471.jpg
6029,https://api.multiavatar.com/face472.jpg,403 Client Error: Forbidden for url: https://api.multiavatar.com/face472.jpg
6030,https://api.multiavatar.com/face473.jpg,403 Client Error: Forbidden for url: https://api.multiavatar.com/face473.jpg
6031,https://api.multiavatar.com/face474.jpg,403 Client Error: Forbidden for url: https://api.multiavatar.com/face474.jpg
6032,https://api.multiavatar.com/face475.jpg,403 Client Error: Forbidden for url: https://api.multiavatar.com/face475.jpg
6033,https://api.multiavatar.com/face476.jpg,403 Client Error: Forbidden for url: https://api.multiavatar.com/face476.jpg
6034,https://api.multiavatar.com/face477.jpg,403 Client Error: Forbidden for url: https://api.multiavatar.com/face477.jpg
6035,https://api.multiavatar.com/face478.jpg,403 Client Error: Forbidden for url: https://api.multiavatar.com/face478.jpg
6036,https://api.multiavatar.com/face479.jpg,403 Client Error: Forbidden for url: https://api.multiavatar.com/face479.jpg
6037,https://api.multiavatar.com/face480.jpg,403 Client Error: Forbidden for url: https://api.multiavatar.com/face480.jpg
6038,https://api.multiavatar.com/face481.jpg,403 Client Error: Forbidden for url: https://api.multiavatar.com/face481.jpg
6039,https://api.multiavatar.com/face482.jpg,403 Client Error: Forbidden for url: https://api.multiavatar.com/face482.jpg
6040,https://api.multiavatar.com/face483.jpg,403 Client Error: Forbidden for url: https://api.multiavatar.com/face483.jpg
6041,https://api.multiavatar.com/face484.jpg,403 Client Error: Forbidden for url: https://api.multiavatar.com/face484.jpg
6042,https://api.multiavatar.com/face485.jpg,403 Client Error: Forbidden for url: https://api.multiavatar.com/face485.jpg
6043,https://api.multiavatar.com/face486.jpg,403 Client Error: Forbidden for url: https://api.multiavatar.com/face486.jpg
6044,https://api.multiavatar.com/face487.jpg,403 Client Error: Forbidden for url: https://api.multiavatar.com/face487.jpg
6045,https://api.multiavatar.com/face488.jpg,403 Client Error: Forbidden for url: https://api.multiavatar.com/face488.jpg
6046,https://api.multiavatar.com/face489.jpg,403 Client Error: Forbidden for url: https://api.multiavatar.com/face489.jpg
6047,https://api.multiavatar.com/face490.jpg,403 Client Error: Forbidden for url: https://api.multiavatar.com/face490.jpg
6048,https://api.multiavatar.com/face491.jpg,403 Client Error: Forbidden for url: https://api.multiavatar.com/face491.jpg
6049,https://api.multiavatar.com/face492.jpg,403 Client Error: Forbidden for url: https://api.multiavatar.com/face492.jpg
6050,https://api.multiavatar.com/face493.jpg,403 Client Error: Forbidden for url: https://api.multiavatar.com/face493.jpg
6051,https://api.multiavatar.com/face494.jpg,403 Client Error: Forbidden for url: https://api.multiavatar.com/face494.jpg
6052,https://api.multiavatar.com/face495.jpg,403 Client Error: Forbidden for url: https://api.multiavatar.com/face495.jpg
6053,https://api.multiavatar.com/face496.jpg,403 Client Error: Forbidden for url: https://api.multiavatar.com/face496.jpg
6054,https://api.multiavatar.com/face497.jpg,403 Client Error: Forbidden for url: https://api.multiavatar.com/face497.jpg
6055,https://api.multiavatar.com/face498.jpg,403 Client Error: Forbidden for url: https://api.multiavatar.com/face498.jpg
6056,https://api.multiavatar.com/face499.jpg,403 Client Error: Forbidden for url: https://api.multiavatar.com/face499.jpg
6057,https://api.multiavatar.com/face500.jpg,403 Client Error: Forbidden for url: https://api.multiavatar.com/face500.jpg
6058,https://api.multiavatar.com/face501.jpg,403 Client Error: Forbidden for url: https://api.multiavatar.com/face501.jpg
6059,https://api.multiavatar.com/face502.jpg,403 Client Error: Forbidden for url: https://api.multiavatar.com/face502.jpg
6060,https://api.multiavatar.com/face503.jpg,403 Client Error: Forbidden for url: https://api.multiavatar.com/face503.jpg
6061,https://api.multiavatar.com/face504.jpg,403 Client Error: Forbidden for url: https://api.multiavatar.com/face504.jpg
6062,https://api.multiavatar.com/face505.jpg,403 Client Error: Forbidden for url: https://api.multiavatar.com/face505.jpg
6063,https://api.multiavatar.com/face506.jpg,403 Client Error: Forbidden for url: https://api.multiavatar.com/face506.jpg
6064,https://api.multiavatar.com/face507.jpg,403 Client Error: Forbidden for url: https://api.multiavatar.com/face507.jpg
6065,https://api.multiavatar.com/face508.jpg,403 Client Error: Forbidden for url: https://api.multiavatar.com/face508.jpg
6066,https://api.multiavatar.com/face509.jpg,403 Client Error: Forbidden for url: https://api.multiavatar.com/face509.jpg
6067,https://api.multiavatar.com/face510.jpg,403 Client Error: Forbidden for url: https://api.multiavatar.com/face510.jpg
6068,https://api.multiavatar.com/face511.jpg,403 Client Error: Forbidden for url: https://api.multiavatar.com/face511.jpg
6069,https://api.multiavatar.com/face512.jpg,403 Client Error: Forbidden for url: https://api.multiavatar.com/face512.jpg
6070,https://api.multiavatar.com/face513.jpg,403 Client Error: Forbidden for url: https://api.multiavatar.com/face513.jpg
6071,https://api.multiavatar.com/face514.jpg,403 Client Error: Forbidden for url: https://api.multiavatar.com/face514.jpg
6072,https://api.multiavatar.com/face515.jpg,403 Client Error: Forbidden for url: https://api.multiavatar.com/face515.jpg
6073,https://api.multiavatar.com/face516.jpg,403 Client Error: Forbidden for url: https://api.multiavatar.com/face516.jpg
6074,https://api.multiavatar.com/face517.jpg,403 Client Error: Forbidden for url: https://api.multiavatar.com/face517.jpg
6075,https://api.multiavatar.com/face518.jpg,403 Client Error: Forbidden for url: https://api.multiavatar.com/face518.jpg
6076,https://api.multiavatar.com/face519.jpg,403 Client Error: Forbidden for url: https://api.multiavatar.com/face519.jpg
6077,https://api.multiavatar.com/face520.jpg,403 Client Error: Forbidden for url: https://api.multiavatar.com/face520.jpg
6078,https://api.multiavatar.com/face521.jpg,403 Client Error: Forbidden for url: https://api.multiavatar.com/face521.jpg
6079,https://api.multiavatar.com/face522.jpg,403 Client Error: Forbidden for url: https://api.multiavatar.com/face522.jpg
6080,https://api.multiavatar.com/face523.jpg,403 Client Error: Forbidden for url: https://api.multiavatar.com/face523.jpg
6081,https://api.multiavatar.com/face524.jpg,403 Client Error: Forbidden for url: https://api.multiavatar.com/face524.jpg
6082,https://api.multiavatar.com/face525.jpg,403 Client Error: Forbidden for url: https://api.multiavatar.com/face525.jpg
6083,https://api.multiavatar.com/face526.jpg,403 Client Error: Forbidden for url: https://api.multiavatar.com/face526.jpg
6084,https://api.multiavatar.com/face527.jpg,403 Client Error: Forbidden for url: https://api.multiavatar.com/face527.jpg
6085,https://api.multiavatar.com/face528.jpg,403 Client Error: Forbidden for url: https://api.multiavatar.com/face528.jpg
6086,https://api.multiavatar.com/face529.jpg,403 Client Error: Forbidden for url: https://api.multiavatar.com/face529.jpg
6087,https://api.multiavatar.com/face530.jpg,403 Client Error: Forbidden for url: https://api.multiavatar.com/face530.jpg
6088,https://api.multiavatar.com/face531.jpg,403 Client Error: Forbidden for url: https://api.multiavatar.com/face531.jpg
6089,https://api.multiavatar.com/face532.jpg,403 Client Error: Forbidden for url: https://api.multiavatar.com/face532.jpg
6090,https://api.multiavatar.com/face533.jpg,403 Client Error: Forbidden for url: https://api.multiavatar.com/face533.jpg
6091,https://api.multiavatar.com/face534.jpg,403 Client Error: Forbidden for url: https://api.multiavatar.com/face534.jpg
6092,https://api.multiavatar.com/face535.jpg,403 Client Error: Forbidden for url: https://api.multiavatar.com/face535.jpg
6093,https://api.multiavatar.com/face536.jpg,403 Client Error: Forbidden for url: https://api.multiavatar.com/face536.jpg
6094,https://api.multiavatar.com/face537.jpg,403 Client Error: Forbidden for url: https://api.multiavatar.com/face537.jpg
6095,https://api.multiavatar.com/face538.jpg,403 Client Error: Forbidden for url: https://api.multiavatar.com/face538.jpg
6096,https://api.multiavatar.com/face539.jpg,403 Client Error: Forbidden for url: https://api.multiavatar.com/face539.jpg
6097,https://api.multiavatar.com/face540.jpg,403 Client Error: Forbidden for url: https://api.multiavatar.com/face540.jpg
6098,https://api.multiavatar.com/face541.jpg,403 Client Error: Forbidden for url: https://api.multiavatar.com/face541.jpg
6099,https://api.multiavatar.com/face542.jpg,403 Client Error: Forbidden for url: https://api.multiavatar.com/face542.jpg
6100,https://api.multiavatar.com/face543.jpg,403 Client Error: Forbidden for url: https://api.multiavatar.com/face543.jpg
6101,https://api.multiavatar.com/face544.jpg,403 Client Error: Forbidden for url: https://api.multiavatar.com/face544.jpg
6102,https://api.multiavatar.com/face545.jpg,403 Client Error: Forbidden for url: https://api.multiavatar.com/face545.jpg
6103,https://api.multiavatar.com/face546.jpg,403 Client Error: Forbidden for url: https://api.multiavatar.com/face546.jpg
6104,https://api.multiavatar.com/face547.jpg,403 Client Error: Forbidden for url: https://api.multiavatar.com/face547.jpg
6105,https://api.multiavatar.com/face548.jpg,403 Client Error: Forbidden for url: https://api.multiavatar.com/face548.jpg
6106,https://api.multiavatar.com/face549.jpg,403 Client Error: Forbidden for url: https://api.multiavatar.com/face549.jpg
6107,https://api.multiavatar.com/face550.jpg,403 Client Error: Forbidden for url: https://api.multiavatar.com/face550.jpg
6108,https://api.multiavatar.com/face551.jpg,403 Client Error: Forbidden for url: https://api.multiavatar.com/face551.jpg
6109,https://api.multiavatar.com/face552.jpg,403 Client Error: Forbidden for url: https://api.multiavatar.com/face552.jpg
6110,https://api.multiavatar.com/face553.jpg,403 Client Error: Forbidden for url: https://api.multiavatar.com/face553.jpg
6111,https://api.multiavatar.com/face554.jpg,403 Client Error: Forbidden for url: https://api.multiavatar.com/face554.jpg
6112,https://api.multiavatar.com/face555.jpg,403 Client Error: Forbidden for url: https://api.multiavatar.com/face555.jpg
6113,https://api.multiavatar.com/face556.jpg,403 Client Error: Forbidden for url: https://api.multiavatar.com/face556.jpg
6114,https://api.multiavatar.com/face557.jpg,403 Client Error: Forbidden for url: https://api.multiavatar.com/face557.jpg
6115,https://api.multiavatar.com/face558.jpg,403 Client Error: Forbidden for url: https://api.multiavatar.com/face558.jpg
6116,https://api.multiavatar.com/face559.jpg,403 Client Error: Forbidden for url: https://api.multiavatar.com/face559.jpg
6117,https://api.multiavatar.com/face560.jpg,403 Client Error: Forbidden for url: https://api.multiavatar.com/face560.jpg
6118,https://api.multiavatar.com/face561.jpg,403 Client Error: Forbidden for url: https://api.multiavatar.com/face561.jpg
6119,https://api.multiavatar.com/face562.jpg,403 Client Error: Forbidden for url: https://api.multiavatar.com/face562.jpg
6120,https://api.multiavatar.com/face563.jpg,403 Client Error: Forbidden for url: https://api.multiavatar.com/face563.jpg
6121,https://api.multiavatar.com/face564.jpg,403 Client Error: Forbidden for url: https://api.multiavatar.com/face564.jpg
6122,https://api.multiavatar.com/face565.jpg,403 Client Error: Forbidden for url: https://api.multiavatar.com/face565.jpg
6123,https://api.multiavatar.com/face566.jpg,403 Client Error: Forbidden for url: https://api.multiavatar.com/face566.jpg
6124,https://api.multiavatar.com/face567.jpg,403 Client Error: Forbidden for url: https://api.multiavatar.com/face567.jpg
6125,https://api.multiavatar.com/face568.jpg,403 Client Error: Forbidden for url: https://api.multiavatar.com/face568.jpg
6126,https://api.multiavatar.com/face569.jpg,403 Client Error: Forbidden for url: https://api.multiavatar.com/face569.jpg
6127,https://api.multiavatar.com/face570.jpg,403 Client Error: Forbidden for url: https://api.multiavatar.com/face570.jpg
6128,https://api.multiavatar.com/face571.jpg,403 Client Error: Forbidden for url: https://api.multiavatar.com/face571.jpg
6129,https://api.multiavatar.com/face572.jpg,403 Client Error: Forbidden for url: https://api.multiavatar.com/face572.jpg
6130,https://api.multiavatar.com/face573.jpg,403 Client Error: Forbidden for url: https://api.multiavatar.com/face573.jpg
6131,https://api.multiavatar.com/face574.jpg,403 Client Error: Forbidden for url: https://api.multiavatar.com/face574.jpg
6132,https://api.multiavatar.com/face575.jpg,403 Client Error: Forbidden for url: https://api.multiavatar.com/face575.jpg
6133,https://api.multiavatar.com/face576.jpg,403 Client Error: Forbidden for url: https://api.multiavatar.com/face576.jpg
6134,https://api.multiavatar.com/face577.jpg,403 Client Error: Forbidden for url: https://api.multiavatar.com/face577.jpg
6135,https://api.multiavatar.com/face578.jpg,403 Client Error: Forbidden for url: https://api.multiavatar.com/face578.jpg
6136,https://api.multiavatar.com/face579.jpg,403 Client Error: Forbidden for url: https://api.multiavatar.com/face579.jpg
6137,https://api.multiavatar.com/face580.jpg,403 Client Error: Forbidden for url: https://api.multiavatar.com/face580.jpg
6138,https://api.multiavatar.com/face581.jpg,403 Client Error: Forbidden for url: https://api.multiavatar.com/face581.jpg
6139,https://api.multiavatar.com/face582.jpg,403 Client Error: Forbidden for url: https://api.multiavatar.com/face582.jpg
6140,https://api.multiavatar.com/face583.jpg,403 Client Error: Forbidden for url: https://api.multiavatar.com/face583.jpg
6141,https://api.multiavatar.com/face584.jpg,403 Client Error: Forbidden for url: https://api.multiavatar.com/face584.jpg
6142,https://api.multiavatar.com/face585.jpg,403 Client Error: Forbidden for url: https://api.multiavatar.com/face585.jpg
6143,https://api.multiavatar.com/face586.jpg,403 Client Error: Forbidden for url: https://api.multiavatar.com/face586.jpg
6144,https://api.multiavatar.com/face587.jpg,403 Client Error: Forbidden for url: https://api.multiavatar.com/face587.jpg
6145,https://api.multiavatar.com/face588.jpg,403 Client Error: Forbidden for url: https://api.multiavatar.com/face588.jpg
6146,https://api.multiavatar.com/face589.jpg,403 Client Error: Forbidden for url: https://api.multiavatar.com/face589.jpg
6147,https://api.multiavatar.com/face590.jpg,403 Client Error: Forbidden for url: https://api.multiavatar.com/face590.jpg
6148,https://api.multiavatar.com/face591.jpg,403 Client Error: Forbidden for url: https://api.multiavatar.com/face591.jpg
6149,https://api.multiavatar.com/face592.jpg,403 Client Error: Forbidden for url: https://api.multiavatar.com/face592.jpg
6150,https://api.multiavatar.com/face593.jpg,403 Client Error: Forbidden for url: https://api.multiavatar.com/face593.jpg
6151,https://api.multiavatar.com/face594.jpg,403 Client Error: Forbidden for url: https://api.multiavatar.com/face594.jpg
6152,https://api.multiavatar.com/face595.jpg,403 Client Error: Forbidden for url: https://api.multiavatar.com/face595.jpg
6153,https://api.multiavatar.com/face596.jpg,403 Client Error: Forbidden for url: https://api.multiavatar.com/face596.jpg
6154,https://api.multiavatar.com/face597.jpg,403 Client Error: Forbidden for url: https://api.multiavatar.com/face597.jpg
6155,https://api.multiavatar.com/face598.jpg,403 Client Error: Forbidden for url: https://api.multiavatar.com/face598.jpg
6156,https://api.multiavatar.com/face599.jpg,403 Client Error: Forbidden for url: https://api.multiavatar.com/face599.jpg
6157,https://api.multiavatar.com/face600.jpg,403 Client Error: Forbidden for url: https://api.multiavatar.com/face600.jpg
6158,https://api.multiavatar.com/face601.jpg,403 Client Error: Forbidden for url: https://api.multiavatar.com/face601.jpg
6159,https://api.multiavatar.com/face602.jpg,403 Client Error: Forbidden for url: https://api.multiavatar.com/face602.jpg
6160,https://api.multiavatar.com/face603.jpg,403 Client Error: Forbidden for url: https://api.multiavatar.com/face603.jpg
6161,https://api.multiavatar.com/face604.jpg,403 Client Error: Forbidden for url: https://api.multiavatar.com/face604.jpg
6162,https://api.multiavatar.com/face605.jpg,403 Client Error: Forbidden for url: https://api.multiavatar.com/face605.jpg
6163,https://api.multiavatar.com/face606.jpg,403 Client Error: Forbidden for url: https://api.multiavatar.com/face606.jpg
6164,https://api.multiavatar.com/face607.jpg,403 Client Error: Forbidden for url: https://api.multiavatar.com/face607.jpg
6165,https://api.multiavatar.com/face608.jpg,403 Client Error: Forbidden for url: https://api.multiavatar.com/face608.jpg
6166,https://api.multiavatar.com/face609.jpg,403 Client Error: Forbidden for url: https://api.multiavatar.com/face609.jpg
6167,https://api.multiavatar.com/face610.jpg,403 Client Error: Forbidden for url: https://api.multiavatar.com/face610.jpg
6168,https://api.multiavatar.com/face611.jpg,403 Client Error: Forbidden for url: https://api.multiavatar.com/face611.jpg
6169,https://api.multiavatar.com/face612.jpg,403 Client Error: Forbidden for url: https://api.multiavatar.com/face612.jpg
6170,https://api.multiavatar.com/face613.jpg,403 Client Error: Forbidden for url: https://api.multiavatar.com/face613.jpg
6171,https://api.multiavatar.com/face614.jpg,403 Client Error: Forbidden for url: https://api.multiavatar.com/face614.jpg
6172,https://api.multiavatar.com/face615.jpg,403 Client Error: Forbidden for url: https://api.multiavatar.com/face615.jpg
6173,https://api.multiavatar.com/face616.jpg,403 Client Error: Forbidden for url: https://api.multiavatar.com/face616.jpg
6174,https://api.multiavatar.com/face617.jpg,403 Client Error: Forbidden for url: https://api.multiavatar.com/face617.jpg
6175,https://api.multiavatar.com/face618.jpg,403 Client Error: Forbidden for url: https://api.multiavatar.com/face618.jpg
6176,https://api.multiavatar.com/face619.jpg,403 Client Error: Forbidden for url: https://api.multiavatar.com/face619.jpg
6177,https://api.multiavatar.com/face620.jpg,403 Client Error: Forbidden for url: https://api.multiavatar.com/face620.jpg
6178,https://api.multiavatar.com/face621.jpg,403 Client Error: Forbidden for url: https://api.multiavatar.com/face621.jpg
6179,https://api.multiavatar.com/face622.jpg,403 Client Error: Forbidden for url: https://api.multiavatar.com/face622.jpg
6180,https://api.multiavatar.com/face623.jpg,403 Client Error: Forbidden for url: https://api.multiavatar.com/face623.jpg
6181,https://api.multiavatar.com/face624.jpg,403 Client Error: Forbidden for url: https://api.multiavatar.com/face624.jpg
6182,https://api.multiavatar.com/face625.jpg,403 Client Error: Forbidden for url: https://api.multiavatar.com/face625.jpg
6183,https://api.multiavatar.com/face626.jpg,403 Client Error: Forbidden for url: https://api.multiavatar.com/face626.jpg
6184,https://api.multiavatar.com/face627.jpg,403 Client Error: Forbidden for url: https://api.multiavatar.com/face627.jpg
6185,https://api.multiavatar.com/face628.jpg,403 Client Error: Forbidden for url: https://api.multiavatar.com/face628.jpg
6186,https://api.multiavatar.com/face629.jpg,403 Client Error: Forbidden for url: https://api.multiavatar.com/face629.jpg
6187,https://api.multiavatar.com/face630.jpg,403 Client Error: Forbidden for url: https://api.multiavatar.com/face630.jpg
6188,https://api.multiavatar.com/face631.jpg,403 Client Error: Forbidden for url: https://api.multiavatar.com/face631.jpg
6189,https://api.multiavatar.com/face632.jpg,403 Client Error: Forbidden for url: https://api.multiavatar.com/face632.jpg
6190,https://api.multiavatar.com/face633.jpg,403 Client Error: Forbidden for url: https://api.multiavatar.com/face633.jpg
6191,https://api.multiavatar.com/face634.jpg,403 Client Error: Forbidden for url: https://api.multiavatar.com/face634.jpg
6192,https://api.multiavatar.com/face635.jpg,403 Client Error: Forbidden for url: https://api.multiavatar.com/face635.jpg
6193,https://api.multiavatar.com/face636.jpg,403 Client Error: Forbidden for url: https://api.multiavatar.com/face636.jpg
6194,https://api.multiavatar.com/face637.jpg,403 Client Error: Forbidden for url: https://api.multiavatar.com/face637.jpg
6195,https://api.multiavatar.com/face638.jpg,403 Client Error: Forbidden for url: https://api.multiavatar.com/face638.jpg
6196,https://api.multiavatar.com/face639.jpg,403 Client Error: Forbidden for url: https://api.multiavatar.com/face639.jpg
6197,https://api.multiavatar.com/face640.jpg,403 Client Error: Forbidden for url: https://api.multiavatar.com/face640.jpg
6198,https://api.multiavatar.com/face641.jpg,403 Client Error: Forbidden for url: https://api.multiavatar.com/face641.jpg
6199,https://api.multiavatar.com/face642.jpg,403 Client Error: Forbidden for url: https://api.multiavatar.com/face642.jpg
6200,https://api.multiavatar.com/face643.jpg,403 Client Error: Forbidden for url: https://api.multiavatar.com/face643.jpg
6201,https://api.multiavatar.com/face644.jpg,403 Client Error: Forbidden for url: https://api.multiavatar.com/face644.jpg
6202,https://api.multiavatar.com/face645.jpg,403 Client Error: Forbidden for url: https://api.multiavatar.com/face645.jpg
6203,https://api.multiavatar.com/face646.jpg,403 Client Error: Forbidden for url: https://api.multiavatar.com/face646.jpg
6204,https://api.multiavatar.com/face647.jpg,403 Client Error: Forbidden for url: https://api.multiavatar.com/face647.jpg
6205,https://api.multiavatar.com/face648.jpg,403 Client Error: Forbidden for url: https://api.multiavatar.com/face648.jpg
6206,https://api.multiavatar.com/face649.jpg,403 Client Error: Forbidden for url: https://api.multiavatar.com/face649.jpg
6207,https://api.multiavatar.com/face650.jpg,403 Client Error: Forbidden for url: https://api.multiavatar.com/face650.jpg
6208,https://api.multiavatar.com/face651.jpg,403 Client Error: Forbidden for url: https://api.multiavatar.com/face651.jpg
6209,https://api.multiavatar.com/face652.jpg,403 Client Error: Forbidden for url: https://api.multiavatar.com/face652.jpg
6210,https://api.multiavatar.com/face653.jpg,403 Client Error: Forbidden for url: https://api.multiavatar.com/face653.jpg
6211,https://api.multiavatar.com/face654.jpg,403 Client Error: Forbidden for url: https://api.multiavatar.com/face654.jpg
6212,https://api.multiavatar.com/face655.jpg,403 Client Error: Forbidden for url: https://api.multiavatar.com/face655.jpg
6213,https://api.multiavatar.com/face656.jpg,403 Client Error: Forbidden for url: https://api.multiavatar.com/face656.jpg
6214,https://api.multiavatar.com/face657.jpg,403 Client Error: Forbidden for url: https://api.multiavatar.com/face657.jpg
6215,https://api.multiavatar.com/face658.jpg,403 Client Error: Forbidden for url: https://api.multiavatar.com/face658.jpg
6216,https://api.multiavatar.com/face659.jpg,403 Client Error: Forbidden for url: https://api.multiavatar.com/face659.jpg
6217,https://api.multiavatar.com/face660.jpg,403 Client Error: Forbidden for url: https://api.multiavatar.com/face660.jpg
6218,https://api.multiavatar.com/face661.jpg,403 Client Error: Forbidden for url: https://api.multiavatar.com/face661.jpg
6219,https://api.multiavatar.com/face662.jpg,403 Client Error: Forbidden for url: https://api.multiavatar.com/face662.jpg
6220,https://api.multiavatar.com/face663.jpg,403 Client Error: Forbidden for url: https://api.multiavatar.com/face663.jpg
6221,https://api.multiavatar.com/face664.jpg,403 Client Error: Forbidden for url: https://api.multiavatar.com/face664.jpg
6222,https://api.multiavatar.com/face665.jpg,403 Client Error: Forbidden for url: https://api.multiavatar.com/face665.jpg
6223,https://api.multiavatar.com/face666.jpg,403 Client Error: Forbidden for url: https://api.multiavatar.com/face666.jpg
6224,https://api.multiavatar.com/face667.jpg,403 Client Error: Forbidden for url: https://api.multiavatar.com/face667.jpg
6225,https://api.multiavatar.com/face668.jpg,403 Client Error: Forbidden for url: https://api.multiavatar.com/face668.jpg
6226,https://api.multiavatar.com/face669.jpg,403 Client Error: Forbidden for url: https://api.multiavatar.com/face669.jpg
6227,https://api.multiavatar.com/face670.jpg,403 Client Error: Forbidden for url: https://api.multiavatar.com/face670.jpg
6228,https://api.multiavatar.com/face671.jpg,403 Client Error: Forbidden for url: https://api.multiavatar.com/face671.jpg
6229,https://api.multiavatar.com/face672.jpg,403 Client Error: Forbidden for url: https://api.multiavatar.com/face672.jpg
6230,https://api.multiavatar.com/face673.jpg,403 Client Error: Forbidden for url: https://api.multiavatar.com/face673.jpg
6231,https://api.multiavatar.com/face674.jpg,403 Client Error: Forbidden for url: https://api.multiavatar.com/face674.jpg
6232,https://api.multiavatar.com/face675.jpg,403 Client Error: Forbidden for url: https://api.multiavatar.com/face675.jpg
6233,https://api.multiavatar.com/face676.jpg,403 Client Error: Forbidden for url: https://api.multiavatar.com/face676.jpg
6234,https://api.multiavatar.com/face677.jpg,403 Client Error: Forbidden for url: https://api.multiavatar.com/face677.jpg
6235,https://api.multiavatar.com/face678.jpg,403 Client Error: Forbidden for url: https://api.multiavatar.com/face678.jpg
6236,https://api.multiavatar.com/face679.jpg,403 Client Error: Forbidden for url: https://api.multiavatar.com/face679.jpg
6237,https://api.multiavatar.com/face680.jpg,403 Client Error: Forbidden for url: https://api.multiavatar.com/face680.jpg
6238,https://api.multiavatar.com/face681.jpg,403 Client Error: Forbidden for url: https://api.multiavatar.com/face681.jpg
6239,https://api.multiavatar.com/face682.jpg,403 Client Error: Forbidden for url: https://api.multiavatar.com/face682.jpg
6240,https://api.multiavatar.com/face683.jpg,403 Client Error: Forbidden for url: https://api.multiavatar.com/face683.jpg
6241,https://api.multiavatar.com/face684.jpg,403 Client Error: Forbidden for url: https://api.multiavatar.com/face684.jpg
6242,https://api.multiavatar.com/face685.jpg,403 Client Error: Forbidden for url: https://api.multiavatar.com/face685.jpg
6243,https://api.multiavatar.com/face686.jpg,403 Client Error: Forbidden for url: https://api.multiavatar.com/face686.jpg
6244,https://api.multiavatar.com/face687.jpg,403 Client Error: Forbidden for url: https://api.multiavatar.com/face687.jpg
6245,https://api.multiavatar.com/face688.jpg,403 Client Error: Forbidden for url: https://api.multiavatar.com/face688.jpg
6246,https://api.multiavatar.com/face689.jpg,403 Client Error: Forbidden for url: https://api.multiavatar.com/face689.jpg
6247,https://api.multiavatar.com/face690.jpg,403 Client Error: Forbidden for url: https://api.multiavatar.com/face690.jpg
6248,https://api.multiavatar.com/face691.jpg,403 Client Error: Forbidden for url: https://api.multiavatar.com/face691.jpg
6249,https://api.multiavatar.com/face692.jpg,403 Client Error: Forbidden for url: https://api.multiavatar.com/face692.jpg
6250,https://api.multiavatar.com/face693.jpg,403 Client Error: Forbidden for url: https://api.multiavatar.com/face693.jpg
6251,https://api.multiavatar.com/face694.jpg,403 Client Error: Forbidden for url: https://api.multiavatar.com/face694.jpg
6252,https://api.multiavatar.com/face695.jpg,403 Client Error: Forbidden for url: https://api.multiavatar.com/face695.jpg
6253,https://api.multiavatar.com/face696.jpg,403 Client Error: Forbidden for url: https://api.multiavatar.com/face696.jpg
6254,https://api.multiavatar.com/face697.jpg,403 Client Error: Forbidden for url: https://api.multiavatar.com/face697.jpg
6255,https://api.multiavatar.com/face698.jpg,403 Client Error: Forbidden for url: https://api.multiavatar.com/face698.jpg
6256,https://api.multiavatar.com/face699.jpg,403 Client Error: Forbidden for url: https://api.multiavatar.com/face699.jpg
6257,https://api.multiavatar.com/face700.jpg,403 Client Error: Forbidden for url: https://api.multiavatar.com/face700.jpg
6258,https://api.multiavatar.com/face701.jpg,403 Client Error: Forbidden for url: https://api.multiavatar.com/face701.jpg
6259,https://api.multiavatar.com/face702.jpg,403 Client Error: Forbidden for url: https://api.multiavatar.com/face702.jpg
6260,https://api.multiavatar.com/face703.jpg,403 Client Error: Forbidden for url: https://api.multiavatar.com/face703.jpg
6261,https://api.multiavatar.com/face704.jpg,403 Client Error: Forbidden for url: https://api.multiavatar.com/face704.jpg
6262,https://api.multiavatar.com/face705.jpg,403 Client Error: Forbidden for url: https://api.multiavatar.com/face705.jpg
6263,https://api.multiavatar.com/face706.jpg,403 Client Error: Forbidden for url: https://api.multiavatar.com/face706.jpg
6264,https://api.multiavatar.com/face707.jpg,403 Client Error: Forbidden for url: https://api.multiavatar.com/face707.jpg
6265,https://api.multiavatar.com/face708.jpg,403 Client Error: Forbidden for url: https://api.multiavatar.com/face708.jpg
6266,https://api.multiavatar.com/face709.jpg,403 Client Error: Forbidden for url: https://api.multiavatar.com/face709.jpg
6267,https://api.multiavatar.com/face710.jpg,403 Client Error: Forbidden for url: https://api.multiavatar.com/face710.jpg
6268,https://api.multiavatar.com/face711.jpg,403 Client Error: Forbidden for url: https://api.multiavatar.com/face711.jpg
6269,https://api.multiavatar.com/face712.jpg,403 Client Error: Forbidden for url: https://api.multiavatar.com/face712.jpg
6270,https://api.multiavatar.com/face713.jpg,403 Client Error: Forbidden for url: https://api.multiavatar.com/face713.jpg
6271,https://api.multiavatar.com/face714.jpg,403 Client Error: Forbidden for url: https://api.multiavatar.com/face714.jpg
6272,https://api.multiavatar.com/face715.jpg,403 Client Error: Forbidden for url: https://api.multiavatar.com/face715.jpg
6273,https://api.multiavatar.com/face716.jpg,403 Client Error: Forbidden for url: https://api.multiavatar.com/face716.jpg
6274,https://api.multiavatar.com/face717.jpg,403 Client Error: Forbidden for url: https://api.multiavatar.com/face717.jpg
6275,https://api.multiavatar.com/face718.jpg,403 Client Error: Forbidden for url: https://api.multiavatar.com/face718.jpg
6276,https://api.multiavatar.com/face719.jpg,403 Client Error: Forbidden for url: https://api.multiavatar.com/face719.jpg
6277,https://api.multiavatar.com/face720.jpg,403 Client Error: Forbidden for url: https://api.multiavatar.com/face720.jpg
6278,https://api.multiavatar.com/face721.jpg,403 Client Error: Forbidden for url: https://api.multiavatar.com/face721.jpg
6279,https://api.multiavatar.com/face722.jpg,403 Client Error: Forbidden for url: https://api.multiavatar.com/face722.jpg
6280,https://api.multiavatar.com/face723.jpg,403 Client Error: Forbidden for url: https://api.multiavatar.com/face723.jpg
6281,https://api.multiavatar.com/face724.jpg,403 Client Error: Forbidden for url: https://api.multiavatar.com/face724.jpg
6282,https://api.multiavatar.com/face725.jpg,403 Client Error: Forbidden for url: https://api.multiavatar.com/face725.jpg
6283,https://api.multiavatar.com/face726.jpg,403 Client Error: Forbidden for url: https://api.multiavatar.com/face726.jpg
6284,https://api.multiavatar.com/face727.jpg,403 Client Error: Forbidden for url: https://api.multiavatar.com/face727.jpg
6285,https://api.multiavatar.com/face728.jpg,403 Client Error: Forbidden for url: https://api.multiavatar.com/face728.jpg
6286,https://api.multiavatar.com/face729.jpg,403 Client Error: Forbidden for url: https://api.multiavatar.com/face729.jpg
6287,https://api.multiavatar.com/face730.jpg,403 Client Error: Forbidden for url: https://api.multiavatar.com/face730.jpg
6288,https://api.multiavatar.com/face731.jpg,403 Client Error: Forbidden for url: https://api.multiavatar.com/face731.jpg
6289,https://api.multiavatar.com/face732.jpg,403 Client Error: Forbidden for url: https://api.multiavatar.com/face732.jpg
6290,https://api.multiavatar.com/face733.jpg,403 Client Error: Forbidden for url: https://api.multiavatar.com/face733.jpg
6291,https://api.multiavatar.com/face734.jpg,403 Client Error: Forbidden for url: https://api.multiavatar.com/face734.jpg
6292,https://api.multiavatar.com/face735.jpg,403 Client Error: Forbidden for url: https://api.multiavatar.com/face735.jpg
6293,https://api.multiavatar.com/face736.jpg,403 Client Error: Forbidden for url: https://api.multiavatar.com/face736.jpg
6294,https://api.multiavatar.com/face737.jpg,403 Client Error: Forbidden for url: https://api.multiavatar.com/face737.jpg
6295,https://api.multiavatar.com/face738.jpg,403 Client Error: Forbidden for url: https://api.multiavatar.com/face738.jpg
6296,https://api.multiavatar.com/face739.jpg,403 Client Error: Forbidden for url: https://api.multiavatar.com/face739.jpg
6297,https://api.multiavatar.com/face740.jpg,403 Client Error: Forbidden for url: https://api.multiavatar.com/face740.jpg
6298,https://api.multiavatar.com/face741.jpg,403 Client Error: Forbidden for url: https://api.multiavatar.com/face741.jpg
6299,https://api.multiavatar.com/face742.jpg,403 Client Error: Forbidden for url: https://api.multiavatar.com/face742.jpg
6300,https://api.multiavatar.com/face743.jpg,403 Client Error: Forbidden for url: https://api.multiavatar.com/face743.jpg
6301,https://api.multiavatar.com/face744.jpg,403 Client Error: Forbidden for url: https://api.multiavatar.com/face744.jpg
6302,https://api.multiavatar.com/face745.jpg,403 Client Error: Forbidden for url: https://api.multiavatar.com/face745.jpg
6303,https://api.multiavatar.com/face746.jpg,403 Client Error: Forbidden for url: https://api.multiavatar.com/face746.jpg
6304,https://api.multiavatar.com/face747.jpg,403 Client Error: Forbidden for url: https://api.multiavatar.com/face747.jpg
6305,https://api.multiavatar.com/face748.jpg,403 Client Error: Forbidden for url: https://api.multiavatar.com/face748.jpg
6306,https://api.multiavatar.com/face749.jpg,403 Client Error: Forbidden for url: https://api.multiavatar.com/face749.jpg
6307,https://api.multiavatar.com/face750.jpg,403 Client Error: Forbidden for url: https://api.multiavatar.com/face750.jpg
6308,https://api.multiavatar.com/face751.jpg,403 Client Error: Forbidden for url: https://api.multiavatar.com/face751.jpg
6309,https://api.multiavatar.com/face752.jpg,403 Client Error: Forbidden for url: https://api.multiavatar.com/face752.jpg
6310,https://api.multiavatar.com/face753.jpg,403 Client Error: Forbidden for url: https://api.multiavatar.com/face753.jpg
6311,https://api.multiavatar.com/face754.jpg,403 Client Error: Forbidden for url: https://api.multiavatar.com/face754.jpg
6312,https://api.multiavatar.com/face755.jpg,403 Client Error: Forbidden for url: https://api.multiavatar.com/face755.jpg
6313,https://api.multiavatar.com/face756.jpg,403 Client Error: Forbidden for url: https://api.multiavatar.com/face756.jpg
6314,https://api.multiavatar.com/face757.jpg,403 Client Error: Forbidden for url: https://api.multiavatar.com/face757.jpg
6315,https://api.multiavatar.com/face758.jpg,403 Client Error: Forbidden for url: https://api.multiavatar.com/face758.jpg
6316,https://api.multiavatar.com/face759.jpg,403 Client Error: Forbidden for url: https://api.multiavatar.com/face759.jpg
6317,https://api.multiavatar.com/face760.jpg,403 Client Error: Forbidden for url: https://api.multiavatar.com/face760.jpg
6318,https://api.multiavatar.com/face761.jpg,403 Client Error: Forbidden for url: https://api.multiavatar.com/face761.jpg
6319,https://api.multiavatar.com/face762.jpg,403 Client Error: Forbidden for url: https://api.multiavatar.com/face762.jpg
6320,https://api.multiavatar.com/face763.jpg,403 Client Error: Forbidden for url: https://api.multiavatar.com/face763.jpg
6321,https://api.multiavatar.com/face764.jpg,403 Client Error: Forbidden for url: https://api.multiavatar.com/face764.jpg
6322,https://api.multiavatar.com/face765.jpg,403 Client Error: Forbidden for url: https://api.multiavatar.com/face765.jpg
6323,https://api.multiavatar.com/face766.jpg,403 Client Error: Forbidden for url: https://api.multiavatar.com/face766.jpg
6324,https://api.multiavatar.com/face767.jpg,403 Client Error: Forbidden for url: https://api.multiavatar.com/face767.jpg
6325,https://api.multiavatar.com/face768.jpg,403 Client Error: Forbidden for url: https://api.multiavatar.com/face768.jpg
6326,https://api.multiavatar.com/face769.jpg,403 Client Error: Forbidden for url: https://api.multiavatar.com/face769.jpg
6327,https://api.multiavatar.com/face770.jpg,403 Client Error: Forbidden for url: https://api.multiavatar.com/face770.jpg
6328,https://api.multiavatar.com/face771.jpg,403 Client Error: Forbidden for url: https://api.multiavatar.com/face771.jpg
6329,https://api.multiavatar.com/face772.jpg,403 Client Error: Forbidden for url: https://api.multiavatar.com/face772.jpg
6330,https://api.multiavatar.com/face773.jpg,403 Client Error: Forbidden for url: https://api.multiavatar.com/face773.jpg
6331,https://api.multiavatar.com/face774.jpg,403 Client Error: Forbidden for url: https://api.multiavatar.com/face774.jpg
6332,https://api.multiavatar.com/face775.jpg,403 Client Error: Forbidden for url: https://api.multiavatar.com/face775.jpg
6333,https://api.multiavatar.com/face776.jpg,403 Client Error: Forbidden for url: https://api.multiavatar.com/face776.jpg
6334,https://api.multiavatar.com/face777.jpg,403 Client Error: Forbidden for url: https://api.multiavatar.com/face777.jpg
6335,https://api.multiavatar.com/face778.jpg,403 Client Error: Forbidden for url: https://api.multiavatar.com/face778.jpg
6336,https://api.multiavatar.com/face779.jpg,403 Client Error: Forbidden for url: https://api.multiavatar.com/face779.jpg
6337,https://api.multiavatar.com/face780.jpg,403 Client Error: Forbidden for url: https://api.multiavatar.com/face780.jpg
6338,https://api.multiavatar.com/face781.jpg,403 Client Error: Forbidden for url: https://api.multiavatar.com/face781.jpg
6339,https://api.multiavatar.com/face782.jpg,403 Client Error: Forbidden for url: https://api.multiavatar.com/face782.jpg
6340,https://api.multiavatar.com/face783.jpg,403 Client Error: Forbidden for url: https://api.multiavatar.com/face783.jpg
6341,https://api.multiavatar.com/face784.jpg,403 Client Error: Forbidden for url: https://api.multiavatar.com/face784.jpg
6342,https://api.multiavatar.com/face785.jpg,403 Client Error: Forbidden for url: https://api.multiavatar.com/face785.jpg
6343,https://api.multiavatar.com/face786.jpg,403 Client Error: Forbidden for url: https://api.multiavatar.com/face786.jpg
6344,https://api.multiavatar.com/face787.jpg,403 Client Error: Forbidden for url: https://api.multiavatar.com/face787.jpg
6345,https://api.multiavatar.com/face788.jpg,403 Client Error: Forbidden for url: https://api.multiavatar.com/face788.jpg
6346,https://api.multiavatar.com/face789.jpg,403 Client Error: Forbidden for url: https://api.multiavatar.com/face789.jpg
6347,https://api.multiavatar.com/face790.jpg,403 Client Error: Forbidden for url: https://api.multiavatar.com/face790.jpg
6348,https://api.multiavatar.com/face791.jpg,403 Client Error: Forbidden for url: https://api.multiavatar.com/face791.jpg
6349,https://api.multiavatar.com/face792.jpg,403 Client Error: Forbidden for url: https://api.multiavatar.com/face792.jpg
6350,https://api.multiavatar.com/face793.jpg,403 Client Error: Forbidden for url: https://api.multiavatar.com/face793.jpg
6351,https://api.multiavatar.com/face794.jpg,403 Client Error: Forbidden for url: https://api.multiavatar.com/face794.jpg
6352,https://api.multiavatar.com/face795.jpg,403 Client Error: Forbidden for url: https://api.multiavatar.com/face795.jpg
6353,https://api.multiavatar.com/face796.jpg,403 Client Error: Forbidden for url: https://api.multiavatar.com/face796.jpg
6354,https://api.multiavatar.com/face797.jpg,403 Client Error: Forbidden for url: https://api.multiavatar.com/face797.jpg
6355,https://api.multiavatar.com/face798.jpg,403 Client Error: Forbidden for url: https://api.multiavatar.com/face798.jpg
6356,https://api.multiavatar.com/face799.jpg,403 Client Error: Forbidden for url: https://api.multiavatar.com/face799.jpg
6357,https://api.multiavatar.com/face800.jpg,403 Client Error: Forbidden for url: https://api.multiavatar.com/face800.jpg
6358,https://api.multiavatar.com/face801.jpg,403 Client Error: Forbidden for url: https://api.multiavatar.com/face801.jpg
6359,https://api.multiavatar.com/face802.jpg,403 Client Error: Forbidden for url: https://api.multiavatar.com/face802.jpg
6360,https://api.multiavatar.com/face803.jpg,403 Client Error: Forbidden for url: https://api.multiavatar.com/face803.jpg
6361,https://api.multiavatar.com/face804.jpg,403 Client Error: Forbidden for url: https://api.multiavatar.com/face804.jpg
6362,https://api.multiavatar.com/face805.jpg,403 Client Error: Forbidden for url: https://api.multiavatar.com/face805.jpg
6363,https://api.multiavatar.com/face806.jpg,403 Client Error: Forbidden for url: https://api.multiavatar.com/face806.jpg
6364,https://api.multiavatar.com/face807.jpg,403 Client Error: Forbidden for url: https://api.multiavatar.com/face807.jpg
6365,https://api.multiavatar.com/face808.jpg,403 Client Error: Forbidden for url: https://api.multiavatar.com/face808.jpg
6366,https://api.multiavatar.com/face809.jpg,403 Client Error: Forbidden for url: https://api.multiavatar.com/face809.jpg
6367,https://api.multiavatar.com/face810.jpg,403 Client Error: Forbidden for url: https://api.multiavatar.com/face810.jpg
6368,https://api.multiavatar.com/face811.jpg,403 Client Error: Forbidden for url: https://api.multiavatar.com/face811.jpg
6369,https://api.multiavatar.com/face812.jpg,403 Client Error: Forbidden for url: https://api.multiavatar.com/face812.jpg
6370,https://api.multiavatar.com/face813.jpg,403 Client Error: Forbidden for url: https://api.multiavatar.com/face813.jpg
6371,https://api.multiavatar.com/face814.jpg,403 Client Error: Forbidden for url: https://api.multiavatar.com/face814.jpg
6372,https://api.multiavatar.com/face815.jpg,403 Client Error: Forbidden for url: https://api.multiavatar.com/face815.jpg
6373,https://api.multiavatar.com/face816.jpg,403 Client Error: Forbidden for url: https://api.multiavatar.com/face816.jpg
6374,https://api.multiavatar.com/face817.jpg,403 Client Error: Forbidden for url: https://api.multiavatar.com/face817.jpg
6375,https://api.multiavatar.com/face818.jpg,403 Client Error: Forbidden for url: https://api.multiavatar.com/face818.jpg
6376,https://api.multiavatar.com/face819.jpg,403 Client Error: Forbidden for url: https://api.multiavatar.com/face819.jpg
6377,https://api.multiavatar.com/face820.jpg,403 Client Error: Forbidden for url: https://api.multiavatar.com/face820.jpg
6378,https://api.multiavatar.com/face821.jpg,403 Client Error: Forbidden for url: https://api.multiavatar.com/face821.jpg
6379,https://api.multiavatar.com/face822.jpg,403 Client Error: Forbidden for url: https://api.multiavatar.com/face822.jpg
6380,https://api.multiavatar.com/face823.jpg,403 Client Error: Forbidden for url: https://api.multiavatar.com/face823.jpg
6381,https://api.multiavatar.com/face824.jpg,403 Client Error: Forbidden for url: https://api.multiavatar.com/face824.jpg
6382,https://api.multiavatar.com/face825.jpg,403 Client Error: Forbidden for url: https://api.multiavatar.com/face825.jpg
6383,https://api.multiavatar.com/face826.jpg,403 Client Error: Forbidden for url: https://api.multiavatar.com/face826.jpg
6384,https://api.multiavatar.com/face827.jpg,403 Client Error: Forbidden for url: https://api.multiavatar.com/face827.jpg
6385,https://api.multiavatar.com/face828.jpg,403 Client Error: Forbidden for url: https://api.multiavatar.com/face828.jpg
6386,https://api.multiavatar.com/face829.jpg,403 Client Error: Forbidden for url: https://api.multiavatar.com/face829.jpg
6387,https://api.multiavatar.com/face830.jpg,403 Client Error: Forbidden for url: https://api.multiavatar.com/face830.jpg
6388,https://api.multiavatar.com/face831.jpg,403 Client Error: Forbidden for url: https://api.multiavatar.com/face831.jpg
6389,https://api.multiavatar.com/face832.jpg,403 Client Error: Forbidden for url: https://api.multiavatar.com/face832.jpg
6390,https://api.multiavatar.com/face833.jpg,403 Client Error: Forbidden for url: https://api.multiavatar.com/face833.jpg
6391,https://api.multiavatar.com/face834.jpg,403 Client Error: Forbidden for url: https://api.multiavatar.com/face834.jpg
6392,https://api.multiavatar.com/face835.jpg,403 Client Error: Forbidden for url: https://api.multiavatar.com/face835.jpg
6393,https://api.multiavatar.com/face836.jpg,403 Client Error: Forbidden for url: https://api.multiavatar.com/face836.jpg
6394,https://api.multiavatar.com/face837.jpg,403 Client Error: Forbidden for url: https://api.multiavatar.com/face837.jpg
6395,https://api.multiavatar.com/face838.jpg,403 Client Error: Forbidden for url: https://api.multiavatar.com/face838.jpg
6396,https://api.multiavatar.com/face839.jpg,403 Client Error: Forbidden for url: https://api.multiavatar.com/face839.jpg
6397,https://api.multiavatar.com/face840.jpg,403 Client Error: Forbidden for url: https://api.multiavatar.com/face840.jpg
6398,https://api.multiavatar.com/face841.jpg,403 Client Error: Forbidden for url: https://api.multiavatar.com/face841.jpg
6399,https://api.multiavatar.com/face842.jpg,403 Client Error: Forbidden for url: https://api.multiavatar.com/face842.jpg
6400,https://api.multiavatar.com/face843.jpg,403 Client Error: Forbidden for url: https://api.multiavatar.com/face843.jpg
6401,https://api.multiavatar.com/face844.jpg,403 Client Error: Forbidden for url: https://api.multiavatar.com/face844.jpg
6402,https://api.multiavatar.com/face845.jpg,403 Client Error: Forbidden for url: https://api.multiavatar.com/face845.jpg
6403,https://api.multiavatar.com/face846.jpg,403 Client Error: Forbidden for url: https://api.multiavatar.com/face846.jpg
6404,https://api.multiavatar.com/face847.jpg,403 Client Error: Forbidden for url: https://api.multiavatar.com/face847.jpg
6405,https://api.multiavatar.com/face848.jpg,403 Client Error: Forbidden for url: https://api.multiavatar.com/face848.jpg
6406,https://api.multiavatar.com/face849.jpg,403 Client Error: Forbidden for url: https://api.multiavatar.com/face849.jpg
6407,https://api.multiavatar.com/face850.jpg,403 Client Error: Forbidden for url: https://api.multiavatar.com/face850.jpg
6408,https://api.multiavatar.com/face851.jpg,403 Client Error: Forbidden for url: https://api.multiavatar.com/face851.jpg
6409,https://api.multiavatar.com/face852.jpg,403 Client Error: Forbidden for url: https://api.multiavatar.com/face852.jpg
6410,https://api.multiavatar.com/face853.jpg,403 Client Error: Forbidden for url: https://api.multiavatar.com/face853.jpg
6411,https://api.multiavatar.com/face854.jpg,403 Client Error: Forbidden for url: https://api.multiavatar.com/face854.jpg
6412,https://api.multiavatar.com/face855.jpg,403 Client Error: Forbidden for url: https://api.multiavatar.com/face855.jpg
6413,https://api.multiavatar.com/face856.jpg,403 Client Error: Forbidden for url: https://api.multiavatar.com/face856.jpg
6414,https://api.multiavatar.com/face857.jpg,403 Client Error: Forbidden for url: https://api.multiavatar.com/face857.jpg
6415,https://api.multiavatar.com/face858.jpg,403 Client Error: Forbidden for url: https://api.multiavatar.com/face858.jpg
6416,https://api.multiavatar.com/face859.jpg,403 Client Error: Forbidden for url: https://api.multiavatar.com/face859.jpg
6417,https://api.multiavatar.com/face860.jpg,403 Client Error: Forbidden for url: https://api.multiavatar.com/face860.jpg
6418,https://api.multiavatar.com/face861.jpg,403 Client Error: Forbidden for url: https://api.multiavatar.com/face861.jpg
6419,https://api.multiavatar.com/face862.jpg,403 Client Error: Forbidden for url: https://api.multiavatar.com/face862.jpg
6420,https://api.multiavatar.com/face863.jpg,403 Client Error: Forbidden for url: https://api.multiavatar.com/face863.jpg
6421,https://api.multiavatar.com/face864.jpg,403 Client Error: Forbidden for url: https://api.multiavatar.com/face864.jpg
6422,https://api.multiavatar.com/face865.jpg,403 Client Error: Forbidden for url: https://api.multiavatar.com/face865.jpg
6423,https://api.multiavatar.com/face866.jpg,403 Client Error: Forbidden for url: https://api.multiavatar.com/face866.jpg
6424,https://api.multiavatar.com/face867.jpg,403 Client Error: Forbidden for url: https://api.multiavatar.com/face867.jpg
6425,https://api.multiavatar.com/face868.jpg,403 Client Error: Forbidden for url: https://api.multiavatar.com/face868.jpg
6426,https://api.multiavatar.com/face869.jpg,403 Client Error: Forbidden for url: https://api.multiavatar.com/face869.jpg
6427,https://api.multiavatar.com/face870.jpg,403 Client Error: Forbidden for url: https://api.multiavatar.com/face870.jpg
6428,https://api.multiavatar.com/face871.jpg,403 Client Error: Forbidden for url: https://api.multiavatar.com/face871.jpg
6429,https://api.multiavatar.com/face872.jpg,403 Client Error: Forbidden for url: https://api.multiavatar.com/face872.jpg
6430,https://api.multiavatar.com/face873.jpg,403 Client Error: Forbidden for url: https://api.multiavatar.com/face873.jpg
6431,https://api.multiavatar.com/face874.jpg,403 Client Error: Forbidden for url: https://api.multiavatar.com/face874.jpg
6432,https://api.multiavatar.com/face875.jpg,403 Client Error: Forbidden for url: https://api.multiavatar.com/face875.jpg
6433,https://api.multiavatar.com/face876.jpg,403 Client Error: Forbidden for url: https://api.multiavatar.com/face876.jpg
6434,https://api.multiavatar.com/face877.jpg,403 Client Error: Forbidden for url: https://api.multiavatar.com/face877.jpg
6435,https://api.multiavatar.com/face878.jpg,403 Client Error: Forbidden for url: https://api.multiavatar.com/face878.jpg
6436,https://api.multiavatar.com/face879.jpg,403 Client Error: Forbidden for url: https://api.multiavatar.com/face879.jpg
6437,https://api.multiavatar.com/face880.jpg,403 Client Error: Forbidden for url: https://api.multiavatar.com/face880.jpg
6438,https://api.multiavatar.com/face881.jpg,403 Client Error: Forbidden for url: https://api.multiavatar.com/face881.jpg
6439,https://api.multiavatar.com/face882.jpg,403 Client Error: Forbidden for url: https://api.multiavatar.com/face882.jpg
6440,https://api.multiavatar.com/face883.jpg,403 Client Error: Forbidden for url: https://api.multiavatar.com/face883.jpg
6441,https://api.multiavatar.com/face884.jpg,403 Client Error: Forbidden for url: https://api.multiavatar.com/face884.jpg
6442,https://api.multiavatar.com/face885.jpg,403 Client Error: Forbidden for url: https://api.multiavatar.com/face885.jpg
6443,https://api.multiavatar.com/face886.jpg,403 Client Error: Forbidden for url: https://api.multiavatar.com/face886.jpg
6444,https://api.multiavatar.com/face887.jpg,403 Client Error: Forbidden for url: https://api.multiavatar.com/face887.jpg
6445,https://api.multiavatar.com/face888.jpg,403 Client Error: Forbidden for url: https://api.multiavatar.com/face888.jpg
6446,https://api.multiavatar.com/face889.jpg,403 Client Error: Forbidden for url: https://api.multiavatar.com/face889.jpg
6447,https://api.multiavatar.com/face890.jpg,403 Client Error: Forbidden for url: https://api.multiavatar.com/face890.jpg
6448,https://api.multiavatar.com/face891.jpg,403 Client Error: Forbidden for url: https://api.multiavatar.com/face891.jpg
6449,https://api.multiavatar.com/face892.jpg,403 Client Error: Forbidden for url: https://api.multiavatar.com/face892.jpg
6450,https://api.multiavatar.com/face893.jpg,403 Client Error: Forbidden for url: https://api.multiavatar.com/face893.jpg
6451,https://api.multiavatar.com/face894.jpg,403 Client Error: Forbidden for url: https://api.multiavatar.com/face894.jpg
6452,https://api.multiavatar.com/face895.jpg,403 Client Error: Forbidden for url: https://api.multiavatar.com/face895.jpg
6453,https://api.multiavatar.com/face896.jpg,403 Client Error: Forbidden for url: https://api.multiavatar.com/face896.jpg
6454,https://api.multiavatar.com/face897.jpg,403 Client Error: Forbidden for url: https://api.multiavatar.com/face897.jpg
6455,https://api.multiavatar.com/face898.jpg,403 Client Error: Forbidden for url: https://api.multiavatar.com/face898.jpg
6456,https://api.multiavatar.com/face899.jpg,403 Client Error: Forbidden for url: https://api.multiavatar.com/face899.jpg
6457,https://api.multiavatar.com/face900.jpg,403 Client Error: Forbidden for url: https://api.multiavatar.com/face900.jpg
6458,https://api.multiavatar.com/face901.jpg,403 Client Error: Forbidden for url: https://api.multiavatar.com/face901.jpg
6459,https://api.multiavatar.com/face902.jpg,403 Client Error: Forbidden for url: https://api.multiavatar.com/face902.jpg
6460,https://api.multiavatar.com/face903.jpg,403 Client Error: Forbidden for url: https://api.multiavatar.com/face903.jpg
6461,https://api.multiavatar.com/face904.jpg,403 Client Error: Forbidden for url: https://api.multiavatar.com/face904.jpg
6462,https://api.multiavatar.com/face905.jpg,403 Client Error: Forbidden for url: https://api.multiavatar.com/face905.jpg
6463,https://api.multiavatar.com/face906.jpg,403 Client Error: Forbidden for url: https://api.multiavatar.com/face906.jpg
6464,https://api.multiavatar.com/face907.jpg,403 Client Error: Forbidden for url: https://api.multiavatar.com/face907.jpg
6465,https://api.multiavatar.com/face908.jpg,403 Client Error: Forbidden for url: https://api.multiavatar.com/face908.jpg
6466,https://api.multiavatar.com/face909.jpg,403 Client Error: Forbidden for url: https://api.multiavatar.com/face909.jpg
6467,https://api.multiavatar.com/face910.jpg,403 Client Error: Forbidden for url: https://api.multiavatar.com/face910.jpg
6468,https://api.multiavatar.com/face911.jpg,403 Client Error: Forbidden for url: https://api.multiavatar.com/face911.jpg
6469,https://api.multiavatar.com/face912.jpg,403 Client Error: Forbidden for url: https://api.multiavatar.com/face912.jpg
6470,https://api.multiavatar.com/face913.jpg,403 Client Error: Forbidden for url: https://api.multiavatar.com/face913.jpg
6471,https://api.multiavatar.com/face914.jpg,403 Client Error: Forbidden for url: https://api.multiavatar.com/face914.jpg
6472,https://api.multiavatar.com/face915.jpg,403 Client Error: Forbidden for url: https://api.multiavatar.com/face915.jpg
6473,https://api.multiavatar.com/face916.jpg,403 Client Error: Forbidden for url: https://api.multiavatar.com/face916.jpg
6474,https://api.multiavatar.com/face917.jpg,403 Client Error: Forbidden for url: https://api.multiavatar.com/face917.jpg
6475,https://api.multiavatar.com/face918.jpg,403 Client Error: Forbidden for url: https://api.multiavatar.com/face918.jpg
6476,https://api.multiavatar.com/face919.jpg,403 Client Error: Forbidden for url: https://api.multiavatar.com/face919.jpg
6477,https://api.multiavatar.com/face920.jpg,403 Client Error: Forbidden for url: https://api.multiavatar.com/face920.jpg
6478,https://api.multiavatar.com/face921.jpg,403 Client Error: Forbidden for url: https://api.multiavatar.com/face921.jpg
6479,https://api.multiavatar.com/face922.jpg,403 Client Error: Forbidden for url: https://api.multiavatar.com/face922.jpg
6480,https://api.multiavatar.com/face923.jpg,403 Client Error: Forbidden for url: https://api.multiavatar.com/face923.jpg
6481,https://api.multiavatar.com/face924.jpg,403 Client Error: Forbidden for url: https://api.multiavatar.com/face924.jpg
6482,https://api.multiavatar.com/face925.jpg,403 Client Error: Forbidden for url: https://api.multiavatar.com/face925.jpg
6483,https://api.multiavatar.com/face926.jpg,403 Client Error: Forbidden for url: https://api.multiavatar.com/face926.jpg
6484,https://api.multiavatar.com/face927.jpg,403 Client Error: Forbidden for url: https://api.multiavatar.com/face927.jpg
6485,https://api.multiavatar.com/face928.jpg,403 Client Error: Forbidden for url: https://api.multiavatar.com/face928.jpg
6486,https://api.multiavatar.com/face929.jpg,403 Client Error: Forbidden for url: https://api.multiavatar.com/face929.jpg
6487,https://api.multiavatar.com/face930.jpg,403 Client Error: Forbidden for url: https://api.multiavatar.com/face930.jpg
6488,https://api.multiavatar.com/face931.jpg,403 Client Error: Forbidden for url: https://api.multiavatar.com/face931.jpg
6489,https://api.multiavatar.com/face932.jpg,403 Client Error: Forbidden for url: https://api.multiavatar.com/face932.jpg
6490,https://api.multiavatar.com/face933.jpg,403 Client Error: Forbidden for url: https://api.multiavatar.com/face933.jpg
6491,https://api.multiavatar.com/face934.jpg,403 Client Error: Forbidden for url: https://api.multiavatar.com/face934.jpg
6492,https://api.multiavatar.com/face935.jpg,403 Client Error: Forbidden for url: https://api.multiavatar.com/face935.jpg
6493,https://api.multiavatar.com/face936.jpg,403 Client Error: Forbidden for url: https://api.multiavatar.com/face936.jpg
6494,https://api.multiavatar.com/face937.jpg,403 Client Error: Forbidden for url: https://api.multiavatar.com/face937.jpg
6495,https://api.multiavatar.com/face938.jpg,403 Client Error: Forbidden for url: https://api.multiavatar.com/face938.jpg
6496,https://api.multiavatar.com/face939.jpg,403 Client Error: Forbidden for url: https://api.multiavatar.com/face939.jpg
6497,https://api.multiavatar.com/face940.jpg,403 Client Error: Forbidden for url: https://api.multiavatar.com/face940.jpg
6498,https://api.multiavatar.com/face941.jpg,403 Client Error: Forbidden for url: https://api.multiavatar.com/face941.jpg
6499,https://api.multiavatar.com/face942.jpg,403 Client Error: Forbidden for url: https://api.multiavatar.com/face942.jpg
6500,https://api.multiavatar.com/face943.jpg,403 Client Error: Forbidden for url: https://api.multiavatar.com/face943.jpg
6501,https://api.multiavatar.com/face944.jpg,403 Client Error: Forbidden for url: https://api.multiavatar.com/face944.jpg
6502,https://api.multiavatar.com/face945.jpg,403 Client Error: Forbidden for url: https://api.multiavatar.com/face945.jpg
6503,https://api.multiavatar.com/face946.jpg,403 Client Error: Forbidden for url: https://api.multiavatar.com/face946.jpg
6504,https://api.multiavatar.com/face947.jpg,403 Client Error: Forbidden for url: https://api.multiavatar.com/face947.jpg
6505,https://api.multiavatar.com/face948.jpg,403 Client Error: Forbidden for url: https://api.multiavatar.com/face948.jpg
6506,https://api.multiavatar.com/face949.jpg,403 Client Error: Forbidden for url: https://api.multiavatar.com/face949.jpg
6507,https://api.multiavatar.com/face950.jpg,403 Client Error: Forbidden for url: https://api.multiavatar.com/face950.jpg
6508,https://api.multiavatar.com/face951.jpg,403 Client Error: Forbidden for url: https://api.multiavatar.com/face951.jpg
6509,https://api.multiavatar.com/face952.jpg,403 Client Error: Forbidden for url: https://api.multiavatar.com/face952.jpg
6510,https://api.multiavatar.com/face953.jpg,403 Client Error: Forbidden for url: https://api.multiavatar.com/face953.jpg
6511,https://api.multiavatar.com/face954.jpg,403 Client Error: Forbidden for url: https://api.multiavatar.com/face954.jpg
6512,https://api.multiavatar.com/face955.jpg,403 Client Error: Forbidden for url: https://api.multiavatar.com/face955.jpg
6513,https://api.multiavatar.com/face956.jpg,403 Client Error: Forbidden for url: https://api.multiavatar.com/face956.jpg
6514,https://api.multiavatar.com/face957.jpg,403 Client Error: Forbidden for url: https://api.multiavatar.com/face957.jpg
6515,https://api.multiavatar.com/face958.jpg,403 Client Error: Forbidden for url: https://api.multiavatar.com/face958.jpg
6516,https://api.multiavatar.com/face959.jpg,403 Client Error: Forbidden for url: https://api.multiavatar.com/face959.jpg
6517,https://api.multiavatar.com/face960.jpg,403 Client Error: Forbidden for url: https://api.multiavatar.com/face960.jpg
6518,https://api.multiavatar.com/face961.jpg,403 Client Error: Forbidden for url: https://api.multiavatar.com/face961.jpg
6519,https://api.multiavatar.com/face962.jpg,403 Client Error: Forbidden for url: https://api.multiavatar.com/face962.jpg
6520,https://api.multiavatar.com/face963.jpg,403 Client Error: Forbidden for url: https://api.multiavatar.com/face963.jpg
6521,https://api.multiavatar.com/face964.jpg,403 Client Error: Forbidden for url: https://api.multiavatar.com/face964.jpg
6522,https://api.multiavatar.com/face965.jpg,403 Client Error: Forbidden for url: https://api.multiavatar.com/face965.jpg
6523,https://api.multiavatar.com/face966.jpg,403 Client Error: Forbidden for url: https://api.multiavatar.com/face966.jpg
6524,https://api.multiavatar.com/face967.jpg,403 Client Error: Forbidden for url: https://api.multiavatar.com/face967.jpg
6525,https://api.multiavatar.com/face968.jpg,403 Client Error: Forbidden for url: https://api.multiavatar.com/face968.jpg
6526,https://api.multiavatar.com/face969.jpg,403 Client Error: Forbidden for url: https://api.multiavatar.com/face969.jpg
6527,https://api.multiavatar.com/face970.jpg,403 Client Error: Forbidden for url: https://api.multiavatar.com/face970.jpg
6528,https://api.multiavatar.com/face971.jpg,403 Client Error: Forbidden for url: https://api.multiavatar.com/face971.jpg
6529,https://api.multiavatar.com/face972.jpg,403 Client Error: Forbidden for url: https://api.multiavatar.com/face972.jpg
6530,https://api.multiavatar.com/face973.jpg,403 Client Error: Forbidden for url: https://api.multiavatar.com/face973.jpg
6531,https://api.multiavatar.com/face974.jpg,403 Client Error: Forbidden for url: https://api.multiavatar.com/face974.jpg
6532,https://api.multiavatar.com/face975.jpg,403 Client Error: Forbidden for url: https://api.multiavatar.com/face975.jpg
6533,https://api.multiavatar.com/face976.jpg,403 Client Error: Forbidden for url: https://api.multiavatar.com/face976.jpg
6534,https://api.multiavatar.com/face977.jpg,403 Client Error: Forbidden for url: https://api.multiavatar.com/face977.jpg
6535,https://api.multiavatar.com/face978.jpg,403 Client Error: Forbidden for url: https://api.multiavatar.com/face978.jpg
6536,https://api.multiavatar.com/face979.jpg,403 Client Error: Forbidden for url: https://api.multiavatar.com/face979.jpg
6537,https://api.multiavatar.com/face980.jpg,403 Client Error: Forbidden for url: https://api.multiavatar.com/face980.jpg
6538,https://api.multiavatar.com/face981.jpg,403 Client Error: Forbidden for url: https://api.multiavatar.com/face981.jpg
6539,https://api.multiavatar.com/face982.jpg,403 Client Error: Forbidden for url: https://api.multiavatar.com/face982.jpg
6540,https://api.multiavatar.com/face983.jpg,403 Client Error: Forbidden for url: https://api.multiavatar.com/face983.jpg
6541,https://api.multiavatar.com/face984.jpg,403 Client Error: Forbidden for url: https://api.multiavatar.com/face984.jpg
6542,https://api.multiavatar.com/face985.jpg,403 Client Error: Forbidden for url: https://api.multiavatar.com/face985.jpg
6543,https://api.multiavatar.com/face986.jpg,403 Client Error: Forbidden for url: https://api.multiavatar.com/face986.jpg
6544,https://api.multiavatar.com/face987.jpg,403 Client Error: Forbidden for url: https://api.multiavatar.com/face987.jpg
6545,https://api.multiavatar.com/face988.jpg,403 Client Error: Forbidden for url: https://api.multiavatar.com/face988.jpg
6546,https://api.multiavatar.com/face989.jpg,403 Client Error: Forbidden for url: https://api.multiavatar.com/face989.jpg
6547,https://api.multiavatar.com/face990.jpg,403 Client Error: Forbidden for url: https://api.multiavatar.com/face990.jpg
6548,https://api.multiavatar.com/face991.jpg,403 Client Error: Forbidden for url: https://api.multiavatar.com/face991.jpg
6549,https://api.multiavatar.com/face992.jpg,403 Client Error: Forbidden for url: https://api.multiavatar.com/face992.jpg
6550,https://api.multiavatar.com/face993.jpg,403 Client Error: Forbidden for url: https://api.multiavatar.com/face993.jpg
6551,https://api.multiavatar.com/face994.jpg,403 Client Error: Forbidden for url: https://api.multiavatar.com/face994.jpg
6552,https://api.multiavatar.com/face995.jpg,403 Client Error: Forbidden for url: https://api.multiavatar.com/face995.jpg
6553,https://api.multiavatar.com/face996.jpg,403 Client Error: Forbidden for url: https://api.multiavatar.com/face996.jpg
6554,https://api.multiavatar.com/face997.jpg,403 Client Error: Forbidden for url: https://api.multiavatar.com/face997.jpg
6555,https://api.multiavatar.com/face998.jpg,403 Client Error: Forbidden for url: https://api.multiavatar.com/face998.jpg
6556,https://api.multiavatar.com/face999.jpg,403 Client Error: Forbidden for url: https://api.multiavatar.com/face999.jpg
6557,https://api.multiavatar.com/face1000.jpg,403 Client Error: Forbidden for url: https://api.multiavatar.com/face1000.jpg
