image_id,image_url,label,gender,age_group,image_exists
4808,https://api.dicebear.com/7.x/personas/jpg?seed=user1750&size=300,FAKE,Unknown,50+,True
3640,https://api.dicebear.com/7.x/personas/jpg?seed=user582&size=300,FAKE,Unknown,26-35,True
4396,https://api.dicebear.com/7.x/personas/jpg?seed=user1338&size=300,FAKE,Unknown,26-35,True
2404,https://images.unsplash.com/photo-1727341553306-5d3fb21cc6f1?crop=entropy&cs=tinysrgb&fit=max&fm=jpg&ixid=M3w5NDQwMTV8MHwxfHNlYXJjaHwxODR8fGFkdWx0JTIwZmFjZSUyMHBob3RvfGVufDB8fHx8MTc3ODA2ODg0NHww&ixlib=rb-4.1.0&q=80&w=1080,REAL,Female,18-25,True
2009,https://images.unsplash.com/photo-1738130325148-e81feea5b3a1?crop=entropy&cs=tinysrgb&fit=max&fm=jpg&ixid=M3w5NDQwMTV8MHwxfHNlYXJjaHwzNTl8fHBlcnNvbiUyMGZhY2UlMjBwaG90b3xlbnwwfHx8fDE3NzgwNjUzMDF8MA&ixlib=rb-4.1.0&q=80&w=1080,REAL,Male,50+,True
1503,https://images.unsplash.com/photo-1567225948400-262665798aff?crop=entropy&cs=tinysrgb&fit=max&fm=jpg&ixid=M3w5NDQwMTV8MHwxfHNlYXJjaHw0MjN8fHdvbWFuJTIwZmFjZSUyMHBvcnRyYWl0fGVufDB8fHx8MTc3ODA2NTI2OXww&ixlib=rb-4.1.0&q=80&w=1080,REAL,Unknown,50+,True
3719,https://api.dicebear.com/7.x/personas/jpg?seed=user661&size=300,FAKE,Unknown,18-25,True
4703,https://api.dicebear.com/7.x/personas/jpg?seed=user1645&size=300,FAKE,Unknown,18-25,True
3976,https://api.dicebear.com/7.x/personas/jpg?seed=user918&size=300,FAKE,Unknown,50+,True
2658,https://images.unsplash.com/photo-1586791717932-edf420c792bb?crop=entropy&cs=tinysrgb&fit=max&fm=jpg&ixid=M3w5NDQwMTV8MHwxfHNlYXJjaHw0Mzh8fGFkdWx0JTIwZmFjZSUyMHBob3RvfGVufDB8fHx8MTc3ODA2ODg2NHww&ixlib=rb-4.1.0&q=80&w=1080,REAL,Female,18-25,True
906,https://images.unsplash.com/photo-1514932535303-f7b1712cf831?crop=entropy&cs=tinysrgb&fit=max&fm=jpg&ixid=M3w5NDQwMTV8MHwxfHNlYXJjaHwzOTZ8fG1hbiUyMGZhY2UlMjBjbG9zZXVwfGVufDB8fHx8MTc3ODA2NTIyNnww&ixlib=rb-4.1.0&q=80&w=1080,REAL,Unknown,18-25,True
4202,https://api.dicebear.com/7.x/personas/jpg?seed=user1144&size=300,FAKE,Unknown,26-35,True
969,https://images.unsplash.com/photo-1474533410427-a23da4fd49d0?crop=entropy&cs=tinysrgb&fit=max&fm=jpg&ixid=M3w5NDQwMTV8MHwxfHNlYXJjaHw0NTl8fG1hbiUyMGZhY2UlMjBjbG9zZXVwfGVufDB8fHx8MTc3ODA2NTIzMHww&ixlib=rb-4.1.0&q=80&w=1080,REAL,Female,50+,True
3091,https://api.dicebear.com/7.x/personas/jpg?seed=user33&size=300,FAKE,Unknown,36-50,True
4316,https://api.dicebear.com/7.x/personas/jpg?seed=user1258&size=300,FAKE,Unknown,36-50,True
1585,https://images.unsplash.com/photo-1618297817149-d703265028b8?crop=entropy&cs=tinysrgb&fit=max&fm=jpg&ixid=M3w5NDQwMTV8MHwxfHNlYXJjaHw1MDV8fHdvbWFuJTIwZmFjZSUyMHBvcnRyYWl0fGVufDB8fHx8MTc3ODA2NTI3M3ww&ixlib=rb-4.1.0&q=80&w=1080,REAL,Female,26-35,True
4692,https://api.dicebear.com/7.x/personas/jpg?seed=user1634&size=300,FAKE,Unknown,50+,True
2497,https://images.unsplash.com/photo-1713480892334-884a71a58103?crop=entropy&cs=tinysrgb&fit=max&fm=jpg&ixid=M3w5NDQwMTV8MHwxfHNlYXJjaHwyNzd8fGFkdWx0JTIwZmFjZSUyMHBob3RvfGVufDB8fHx8MTc3ODA2ODg1MXww&ixlib=rb-4.1.0&q=80&w=1080,REAL,Unknown,26-35,True
4617,https://api.dicebear.com/7.x/personas/jpg?seed=user1559&size=300,FAKE,Unknown,26-35,True
3698,https://api.dicebear.com/7.x/personas/jpg?seed=user640&size=300,FAKE,Unknown,36-50,True
3683,https://api.dicebear.com/7.x/personas/jpg?seed=user625&size=300,FAKE,Unknown,50+,True
1122,https://images.unsplash.com/photo-1612038529168-4f07c57b5e08?crop=entropy&cs=tinysrgb&fit=max&fm=jpg&ixid=M3w5NDQwMTV8MHwxfHNlYXJjaHw0Mnx8d29tYW4lMjBmYWNlJTIwcG9ydHJhaXR8ZW58MHx8fHwxNzc4MDY1MjQyfDA&ixlib=rb-4.1.0&q=80&w=1080,REAL,Male,50+,True
554,https://images.unsplash.com/photo-1636822506571-684102f16c43?crop=entropy&cs=tinysrgb&fit=max&fm=jpg&ixid=M3w5NDQwMTV8MHwxfHNlYXJjaHwxNHx8bWFuJTIwZmFjZSUyMGNsb3NldXB8ZW58MHx8fHwxNzc4MDY1MDYzfDA&ixlib=rb-4.1.0&q=80&w=1080,REAL,Female,26-35,True
4482,https://api.dicebear.com/7.x/personas/jpg?seed=user1424&size=300,FAKE,Unknown,26-35,True
4567,https://api.dicebear.com/7.x/personas/jpg?seed=user1509&size=300,FAKE,Unknown,36-50,True
1821,https://images.unsplash.com/photo-1586814648605-a677ea9285a6?crop=entropy&cs=tinysrgb&fit=max&fm=jpg&ixid=M3w5NDQwMTV8MHwxfHNlYXJjaHwxNzF8fHBlcnNvbiUyMGZhY2UlMjBwaG90b3xlbnwwfHx8fDE3NzgwNjUyODh8MA&ixlib=rb-4.1.0&q=80&w=1080,REAL,Unknown,18-25,True
2164,https://images.unsplash.com/photo-1583531434835-a89cd594fab3?crop=entropy&cs=tinysrgb&fit=max&fm=jpg&ixid=M3w5NDQwMTV8MHwxfHNlYXJjaHw1MTR8fHBlcnNvbiUyMGZhY2UlMjBwaG90b3xlbnwwfHx8fDE3NzgwNjUzMTZ8MA&ixlib=rb-4.1.0&q=80&w=1080,REAL,Female,36-50,True
4492,https://api.dicebear.com/7.x/personas/jpg?seed=user1434&size=300,FAKE,Unknown,50+,True
3451,https://api.dicebear.com/7.x/personas/jpg?seed=user393&size=300,FAKE,Unknown,50+,True
2155,https://images.unsplash.com/photo-1577870083684-cc6fe47359e0?crop=entropy&cs=tinysrgb&fit=max&fm=jpg&ixid=M3w5NDQwMTV8MHwxfHNlYXJjaHw1MDV8fHBlcnNvbiUyMGZhY2UlMjBwaG90b3xlbnwwfHx8fDE3NzgwNjUzMTN8MA&ixlib=rb-4.1.0&q=80&w=1080,REAL,Unknown,26-35,True
2706,https://images.unsplash.com/photo-1584300099175-f41ffb22f998?crop=entropy&cs=tinysrgb&fit=max&fm=jpg&ixid=M3w5NDQwMTV8MHwxfHNlYXJjaHw0ODZ8fGFkdWx0JTIwZmFjZSUyMHBob3RvfGVufDB8fHx8MTc3ODA2ODg3MXww&ixlib=rb-4.1.0&q=80&w=1080,REAL,Female,18-25,True
1414,https://images.unsplash.com/photo-1766995310575-5740ceb4eb95?crop=entropy&cs=tinysrgb&fit=max&fm=jpg&ixid=M3w5NDQwMTV8MHwxfHNlYXJjaHwzMzR8fHdvbWFuJTIwZmFjZSUyMHBvcnRyYWl0fGVufDB8fHx8MTc3ODA2NTI2M3ww&ixlib=rb-4.1.0&q=80&w=1080,REAL,Unknown,50+,True
1095,https://images.unsplash.com/photo-1633355263308-21a7c2a604c9?crop=entropy&cs=tinysrgb&fit=max&fm=jpg&ixid=M3w5NDQwMTV8MHwxfHNlYXJjaHwxNXx8d29tYW4lMjBmYWNlJTIwcG9ydHJhaXR8ZW58MHx8fHwxNzc4MDY1MjM5fDA&ixlib=rb-4.1.0&q=80&w=1080,REAL,Unknown,36-50,True
4345,https://api.dicebear.com/7.x/personas/jpg?seed=user1287&size=300,FAKE,Unknown,36-50,True
2422,https://images.unsplash.com/photo-1702458634152-ef1e7fda096c?crop=entropy&cs=tinysrgb&fit=max&fm=jpg&ixid=M3w5NDQwMTV8MHwxfHNlYXJjaHwyMDJ8fGFkdWx0JTIwZmFjZSUyMHBob3RvfGVufDB8fHx8MTc3ODA2ODg0NHww&ixlib=rb-4.1.0&q=80&w=1080,REAL,Female,36-50,True
3006,https://i.pravatar.cc/300?img=18,FAKE,Unknown,26-35,True
1994,https://images.unsplash.com/photo-1648484859324-ab0ddbc5c2e8?crop=entropy&cs=tinysrgb&fit=max&fm=jpg&ixid=M3w5NDQwMTV8MHwxfHNlYXJjaHwzNDR8fHBlcnNvbiUyMGZhY2UlMjBwaG90b3xlbnwwfHx8fDE3NzgwNjUzMDF8MA&ixlib=rb-4.1.0&q=80&w=1080,REAL,Female,26-35,True
793,https://images.unsplash.com/photo-1649069601066-d77a95f621ac?crop=entropy&cs=tinysrgb&fit=max&fm=jpg&ixid=M3w5NDQwMTV8MHwxfHNlYXJjaHwyODN8fG1hbiUyMGZhY2UlMjBjbG9zZXVwfGVufDB8fHx8MTc3ODA2NTIxNnww&ixlib=rb-4.1.0&q=80&w=1080,REAL,Female,18-25,True
3325,https://api.dicebear.com/7.x/personas/jpg?seed=user267&size=300,FAKE,Unknown,50+,True
1627,https://images.unsplash.com/photo-1590144812888-c9a3dd8cb790?crop=entropy&cs=tinysrgb&fit=max&fm=jpg&ixid=M3w5NDQwMTV8MHwxfHNlYXJjaHw1NDd8fHdvbWFuJTIwZmFjZSUyMHBvcnRyYWl0fGVufDB8fHx8MTc3ODA2NTI3Nnww&ixlib=rb-4.1.0&q=80&w=1080,REAL,Unknown,50+,True
3652,https://api.dicebear.com/7.x/personas/jpg?seed=user594&size=300,FAKE,Unknown,36-50,True
5216,https://api.dicebear.com/7.x/personas/jpg?seed=user2158&size=300,FAKE,Unknown,36-50,True
2898,https://randomuser.me/api/portraits/women/9.jpg,FAKE,Female,36-50,True
1773,https://images.unsplash.com/photo-1697822857100-9fc9e1a4de44?crop=entropy&cs=tinysrgb&fit=max&fm=jpg&ixid=M3w5NDQwMTV8MHwxfHNlYXJjaHwxMjN8fHBlcnNvbiUyMGZhY2UlMjBwaG90b3xlbnwwfHx8fDE3NzgwNjUyODZ8MA&ixlib=rb-4.1.0&q=80&w=1080,REAL,Female,36-50,True
2504,https://images.unsplash.com/photo-1536111873776-77ca66928e33?crop=entropy&cs=tinysrgb&fit=max&fm=jpg&ixid=M3w5NDQwMTV8MHwxfHNlYXJjaHwyODR8fGFkdWx0JTIwZmFjZSUyMHBob3RvfGVufDB8fHx8MTc3ODA2ODg1MXww&ixlib=rb-4.1.0&q=80&w=1080,REAL,Female,18-25,True
5249,https://api.dicebear.com/7.x/personas/jpg?seed=user2191&size=300,FAKE,Unknown,50+,True
1106,https://images.unsplash.com/photo-1610983262851-b6193a8daa17?crop=entropy&cs=tinysrgb&fit=max&fm=jpg&ixid=M3w5NDQwMTV8MHwxfHNlYXJjaHwyNnx8d29tYW4lMjBmYWNlJTIwcG9ydHJhaXR8ZW58MHx8fHwxNzc4MDY1MjM5fDA&ixlib=rb-4.1.0&q=80&w=1080,REAL,Male,26-35,True
2242,https://images.unsplash.com/photo-1754671246332-c1735faffbe1?crop=entropy&cs=tinysrgb&fit=max&fm=jpg&ixid=M3w5NDQwMTV8MHwxfHNlYXJjaHwyMnx8YWR1bHQlMjBmYWNlJTIwcGhvdG98ZW58MHx8fHwxNzc4MDY4ODMyfDA&ixlib=rb-4.1.0&q=80&w=1080,REAL,Unknown,50+,True
5531,https://api.dicebear.com/7.x/personas/jpg?seed=user2473&size=300,FAKE,Unknown,50+,True
493,https://images.unsplash.com/photo-1650750587998-d524e8bca874?crop=entropy&cs=tinysrgb&fit=max&fm=jpg&ixid=M3w5NDQwMTV8MHwxfHNlYXJjaHw1MjN8fGh1bWFuJTIwZmFjZSUyMHBvcnRyYWl0fGVufDB8fHx8MTc3ODA2NTA0OXww&ixlib=rb-4.1.0&q=80&w=1080,REAL,Male,26-35,True
3235,https://api.dicebear.com/7.x/personas/jpg?seed=user177&size=300,FAKE,Unknown,36-50,True
57,https://images.unsplash.com/photo-1585950689374-86d54b0efd6c?crop=entropy&cs=tinysrgb&fit=max&fm=jpg&ixid=M3w5NDQwMTV8MHwxfHNlYXJjaHw1N3x8aHVtYW4lMjBmYWNlJTIwcG9ydHJhaXR8ZW58MHx8fHwxNzc4MDY0NzA2fDA&ixlib=rb-4.1.0&q=80&w=1080,REAL,Female,50+,True
1152,https://images.unsplash.com/photo-1668531282380-820a20aabd8a?crop=entropy&cs=tinysrgb&fit=max&fm=jpg&ixid=M3w5NDQwMTV8MHwxfHNlYXJjaHw3Mnx8d29tYW4lMjBmYWNlJTIwcG9ydHJhaXR8ZW58MHx8fHwxNzc4MDY1MjQ0fDA&ixlib=rb-4.1.0&q=80&w=1080,REAL,Male,26-35,True
1607,https://images.unsplash.com/photo-1641604100683-419d351be96b?crop=entropy&cs=tinysrgb&fit=max&fm=jpg&ixid=M3w5NDQwMTV8MHwxfHNlYXJjaHw1Mjd8fHdvbWFuJTIwZmFjZSUyMHBvcnRyYWl0fGVufDB8fHx8MTc3ODA2NTI3NHww&ixlib=rb-4.1.0&q=80&w=1080,REAL,Unknown,36-50,True
5283,https://api.dicebear.com/7.x/personas/jpg?seed=user2225&size=300,FAKE,Unknown,26-35,True
4113,https://api.dicebear.com/7.x/personas/jpg?seed=user1055&size=300,FAKE,Unknown,26-35,True
4421,https://api.dicebear.com/7.x/personas/jpg?seed=user1363&size=300,FAKE,Unknown,18-25,True
1914,https://images.unsplash.com/photo-1704286810497-7b9711c7dba6?crop=entropy&cs=tinysrgb&fit=max&fm=jpg&ixid=M3w5NDQwMTV8MHwxfHNlYXJjaHwyNjR8fHBlcnNvbiUyMGZhY2UlMjBwaG90b3xlbnwwfHx8fDE3NzgwNjUyOTV8MA&ixlib=rb-4.1.0&q=80&w=1080,REAL,Male,26-35,True
4065,https://api.dicebear.com/7.x/personas/jpg?seed=user1007&size=300,FAKE,Unknown,50+,True
2292,https://images.unsplash.com/photo-1755098452565-6b67bcd63b8b?crop=entropy&cs=tinysrgb&fit=max&fm=jpg&ixid=M3w5NDQwMTV8MHwxfHNlYXJjaHw3Mnx8YWR1bHQlMjBmYWNlJTIwcGhvdG98ZW58MHx8fHwxNzc4MDY4ODM1fDA&ixlib=rb-4.1.0&q=80&w=1080,REAL,Male,26-35,True
1708,https://images.unsplash.com/photo-1697823064355-15982f429dc5?crop=entropy&cs=tinysrgb&fit=max&fm=jpg&ixid=M3w5NDQwMTV8MHwxfHNlYXJjaHw1OHx8cGVyc29uJTIwZmFjZSUyMHBob3RvfGVufDB8fHx8MTc3ODA2NTI4MHww&ixlib=rb-4.1.0&q=80&w=1080,REAL,Female,36-50,True
1372,https://images.unsplash.com/photo-1634149136599-fb13903c9117?crop=entropy&cs=tinysrgb&fit=max&fm=jpg&ixid=M3w5NDQwMTV8MHwxfHNlYXJjaHwyOTJ8fHdvbWFuJTIwZmFjZSUyMHBvcnRyYWl0fGVufDB8fHx8MTc3ODA2NTI1OXww&ixlib=rb-4.1.0&q=80&w=1080,REAL,Male,36-50,True
2968,https://randomuser.me/api/portraits/women/79.jpg,FAKE,Female,26-35,True
138,https://images.unsplash.com/photo-1612587704555-22472e377776?crop=entropy&cs=tinysrgb&fit=max&fm=jpg&ixid=M3w5NDQwMTV8MHwxfHNlYXJjaHwxMzh8fGh1bWFuJTIwZmFjZSUyMHBvcnRyYWl0fGVufDB8fHx8MTc3ODA2NDcyNXww&ixlib=rb-4.1.0&q=80&w=1080,REAL,Male,18-25,True
81,https://images.unsplash.com/photo-1567225948400-262665798aff?crop=entropy&cs=tinysrgb&fit=max&fm=jpg&ixid=M3w5NDQwMTV8MHwxfHNlYXJjaHw4MXx8aHVtYW4lMjBmYWNlJTIwcG9ydHJhaXR8ZW58MHx8fHwxNzc4MDY0NzE3fDA&ixlib=rb-4.1.0&q=80&w=1080,REAL,Unknown,36-50,True
118,https://images.unsplash.com/photo-1638399777047-1467818f3f9f?crop=entropy&cs=tinysrgb&fit=max&fm=jpg&ixid=M3w5NDQwMTV8MHwxfHNlYXJjaHwxMTh8fGh1bWFuJTIwZmFjZSUyMHBvcnRyYWl0fGVufDB8fHx8MTc3ODA2NDcyMXww&ixlib=rb-4.1.0&q=80&w=1080,REAL,Male,18-25,True
517,https://images.unsplash.com/photo-1605284909169-5e93b375cd4d?crop=entropy&cs=tinysrgb&fit=max&fm=jpg&ixid=M3w5NDQwMTV8MHwxfHNlYXJjaHw1NDd8fGh1bWFuJTIwZmFjZSUyMHBvcnRyYWl0fGVufDB8fHx8MTc3ODA2NTA1NXww&ixlib=rb-4.1.0&q=80&w=1080,REAL,Unknown,50+,True
2154,https://images.unsplash.com/photo-1700317440743-ffe7b2134276?crop=entropy&cs=tinysrgb&fit=max&fm=jpg&ixid=M3w5NDQwMTV8MHwxfHNlYXJjaHw1MDR8fHBlcnNvbiUyMGZhY2UlMjBwaG90b3xlbnwwfHx8fDE3NzgwNjUzMTN8MA&ixlib=rb-4.1.0&q=80&w=1080,REAL,Female,50+,True
5090,https://api.dicebear.com/7.x/personas/jpg?seed=user2032&size=300,FAKE,Unknown,50+,True
4431,https://api.dicebear.com/7.x/personas/jpg?seed=user1373&size=300,FAKE,Unknown,18-25,True
4534,https://api.dicebear.com/7.x/personas/jpg?seed=user1476&size=300,FAKE,Unknown,26-35,True
477,https://images.unsplash.com/photo-1583852703203-2f27c781388d?crop=entropy&cs=tinysrgb&fit=max&fm=jpg&ixid=M3w5NDQwMTV8MHwxfHNlYXJjaHw1MDd8fGh1bWFuJTIwZmFjZSUyMHBvcnRyYWl0fGVufDB8fHx8MTc3ODA2NTAzN3ww&ixlib=rb-4.1.0&q=80&w=1080,REAL,Female,26-35,True
3456,https://api.dicebear.com/7.x/personas/jpg?seed=user398&size=300,FAKE,Unknown,26-35,True
2405,https://images.unsplash.com/photo-1727341554700-a8d18105d1d1?crop=entropy&cs=tinysrgb&fit=max&fm=jpg&ixid=M3w5NDQwMTV8MHwxfHNlYXJjaHwxODV8fGFkdWx0JTIwZmFjZSUyMHBob3RvfGVufDB8fHx8MTc3ODA2ODg0NHww&ixlib=rb-4.1.0&q=80&w=1080,REAL,Male,26-35,True
1336,https://images.unsplash.com/photo-1646795203148-e509e1f27c9d?crop=entropy&cs=tinysrgb&fit=max&fm=jpg&ixid=M3w5NDQwMTV8MHwxfHNlYXJjaHwyNTZ8fHdvbWFuJTIwZmFjZSUyMHBvcnRyYWl0fGVufDB8fHx8MTc3ODA2NTI1N3ww&ixlib=rb-4.1.0&q=80&w=1080,REAL,Female,50+,True
2934,https://randomuser.me/api/portraits/women/45.jpg,FAKE,Female,18-25,True
1026,https://images.unsplash.com/photo-1633791434413-4cd9c5e93099?crop=entropy&cs=tinysrgb&fit=max&fm=jpg&ixid=M3w5NDQwMTV8MHwxfHNlYXJjaHw1MTZ8fG1hbiUyMGZhY2UlMjBjbG9zZXVwfGVufDB8fHx8MTc3ODA2NTIzNHww&ixlib=rb-4.1.0&q=80&w=1080,REAL,Unknown,50+,True
3898,https://api.dicebear.com/7.x/personas/jpg?seed=user840&size=300,FAKE,Unknown,36-50,True
5253,https://api.dicebear.com/7.x/personas/jpg?seed=user2195&size=300,FAKE,Unknown,50+,True
2769,https://images.unsplash.com/photo-1626662925662-8fe6f968e328?crop=entropy&cs=tinysrgb&fit=max&fm=jpg&ixid=M3w5NDQwMTV8MHwxfHNlYXJjaHw1NDl8fGFkdWx0JTIwZmFjZSUyMHBob3RvfGVufDB8fHx8MTc3ODA2ODg3Nnww&ixlib=rb-4.1.0&q=80&w=1080,REAL,Female,50+,True
5380,https://api.dicebear.com/7.x/personas/jpg?seed=user2322&size=300,FAKE,Unknown,50+,True
1704,https://images.unsplash.com/photo-1594751684241-bcef815d5a57?crop=entropy&cs=tinysrgb&fit=max&fm=jpg&ixid=M3w5NDQwMTV8MHwxfHNlYXJjaHw1NHx8cGVyc29uJTIwZmFjZSUyMHBob3RvfGVufDB8fHx8MTc3ODA2NTI4MHww&ixlib=rb-4.1.0&q=80&w=1080,REAL,Male,26-35,True
2092,https://images.unsplash.com/photo-1630280962293-2bf1a65400b5?crop=entropy&cs=tinysrgb&fit=max&fm=jpg&ixid=M3w5NDQwMTV8MHwxfHNlYXJjaHw0NDJ8fHBlcnNvbiUyMGZhY2UlMjBwaG90b3xlbnwwfHx8fDE3NzgwNjUzMDh8MA&ixlib=rb-4.1.0&q=80&w=1080,REAL,Unknown,36-50,True
82,https://images.unsplash.com/photo-1584622244945-ae5b042565aa?crop=entropy&cs=tinysrgb&fit=max&fm=jpg&ixid=M3w5NDQwMTV8MHwxfHNlYXJjaHw4Mnx8aHVtYW4lMjBmYWNlJTIwcG9ydHJhaXR8ZW58MHx8fHwxNzc4MDY0NzE3fDA&ixlib=rb-4.1.0&q=80&w=1080,REAL,Unknown,36-50,True
5228,https://api.dicebear.com/7.x/personas/jpg?seed=user2170&size=300,FAKE,Unknown,26-35,True
2517,https://images.unsplash.com/photo-1610767541061-cc2cf8121199?crop=entropy&cs=tinysrgb&fit=max&fm=jpg&ixid=M3w5NDQwMTV8MHwxfHNlYXJjaHwyOTd8fGFkdWx0JTIwZmFjZSUyMHBob3RvfGVufDB8fHx8MTc3ODA2ODg1MXww&ixlib=rb-4.1.0&q=80&w=1080,REAL,Female,50+,True
4821,https://api.dicebear.com/7.x/personas/jpg?seed=user1763&size=300,FAKE,Unknown,36-50,True
529,https://images.unsplash.com/photo-1621912577629-24f35b0bb034?crop=entropy&cs=tinysrgb&fit=max&fm=jpg&ixid=M3w5NDQwMTV8MHwxfHNlYXJjaHw1NTl8fGh1bWFuJTIwZmFjZSUyMHBvcnRyYWl0fGVufDB8fHx8MTc3ODA2NTA1NXww&ixlib=rb-4.1.0&q=80&w=1080,REAL,Male,26-35,True
2746,https://images.unsplash.com/photo-1548382090-41b621814031?crop=entropy&cs=tinysrgb&fit=max&fm=jpg&ixid=M3w5NDQwMTV8MHwxfHNlYXJjaHw1MjZ8fGFkdWx0JTIwZmFjZSUyMHBob3RvfGVufDB8fHx8MTc3ODA2ODg3NHww&ixlib=rb-4.1.0&q=80&w=1080,REAL,Female,18-25,True
873,https://images.unsplash.com/photo-1758598497232-e89e4cb1f5d4?crop=entropy&cs=tinysrgb&fit=max&fm=jpg&ixid=M3w5NDQwMTV8MHwxfHNlYXJjaHwzNjN8fG1hbiUyMGZhY2UlMjBjbG9zZXVwfGVufDB8fHx8MTc3ODA2NTIyNHww&ixlib=rb-4.1.0&q=80&w=1080,REAL,Unknown,50+,True
1369,https://images.unsplash.com/photo-1613224630301-cf82ccee18b4?crop=entropy&cs=tinysrgb&fit=max&fm=jpg&ixid=M3w5NDQwMTV8MHwxfHNlYXJjaHwyODl8fHdvbWFuJTIwZmFjZSUyMHBvcnRyYWl0fGVufDB8fHx8MTc3ODA2NTI1OXww&ixlib=rb-4.1.0&q=80&w=1080,REAL,Unknown,18-25,True
1486,https://images.unsplash.com/photo-1615025289240-5f68b8d52363?crop=entropy&cs=tinysrgb&fit=max&fm=jpg&ixid=M3w5NDQwMTV8MHwxfHNlYXJjaHw0MDZ8fHdvbWFuJTIwZmFjZSUyMHBvcnRyYWl0fGVufDB8fHx8MTc3ODA2NTI2N3ww&ixlib=rb-4.1.0&q=80&w=1080,REAL,Unknown,36-50,True
5089,https://api.dicebear.com/7.x/personas/jpg?seed=user2031&size=300,FAKE,Unknown,18-25,True
5014,https://api.dicebear.com/7.x/personas/jpg?seed=user1956&size=300,FAKE,Unknown,50+,True
153,https://images.unsplash.com/photo-1634235258432-7c7f871220a7?crop=entropy&cs=tinysrgb&fit=max&fm=jpg&ixid=M3w5NDQwMTV8MHwxfHNlYXJjaHwxNTN8fGh1bWFuJTIwZmFjZSUyMHBvcnRyYWl0fGVufDB8fHx8MTc3ODA2NDc0OXww&ixlib=rb-4.1.0&q=80&w=1080,REAL,Unknown,36-50,True
3801,https://api.dicebear.com/7.x/personas/jpg?seed=user743&size=300,FAKE,Unknown,18-25,True
1426,https://images.unsplash.com/photo-1648743856421-5bc9a742ddc5?crop=entropy&cs=tinysrgb&fit=max&fm=jpg&ixid=M3w5NDQwMTV8MHwxfHNlYXJjaHwzNDZ8fHdvbWFuJTIwZmFjZSUyMHBvcnRyYWl0fGVufDB8fHx8MTc3ODA2NTI2M3ww&ixlib=rb-4.1.0&q=80&w=1080,REAL,Unknown,36-50,True
1635,https://images.unsplash.com/photo-1671741858095-f94c7785034d?crop=entropy&cs=tinysrgb&fit=max&fm=jpg&ixid=M3w5NDQwMTV8MHwxfHNlYXJjaHw1NTV8fHdvbWFuJTIwZmFjZSUyMHBvcnRyYWl0fGVufDB8fHx8MTc3ODA2NTI3Nnww&ixlib=rb-4.1.0&q=80&w=1080,REAL,Male,18-25,True
3841,https://api.dicebear.com/7.x/personas/jpg?seed=user783&size=300,FAKE,Unknown,18-25,True
4575,https://api.dicebear.com/7.x/personas/jpg?seed=user1517&size=300,FAKE,Unknown,26-35,True
4368,https://api.dicebear.com/7.x/personas/jpg?seed=user1310&size=300,FAKE,Unknown,50+,True
831,https://images.unsplash.com/photo-1663387114715-4cf6e89e762a?crop=entropy&cs=tinysrgb&fit=max&fm=jpg&ixid=M3w5NDQwMTV8MHwxfHNlYXJjaHwzMjF8fG1hbiUyMGZhY2UlMjBjbG9zZXVwfGVufDB8fHx8MTc3ODA2NTIxOHww&ixlib=rb-4.1.0&q=80&w=1080,REAL,Female,18-25,True
2634,https://images.unsplash.com/photo-1600930078223-e5178ff7b11e?crop=entropy&cs=tinysrgb&fit=max&fm=jpg&ixid=M3w5NDQwMTV8MHwxfHNlYXJjaHw0MTR8fGFkdWx0JTIwZmFjZSUyMHBob3RvfGVufDB8fHx8MTc3ODA2ODg2MXww&ixlib=rb-4.1.0&q=80&w=1080,REAL,Female,26-35,True
4720,https://api.dicebear.com/7.x/personas/jpg?seed=user1662&size=300,FAKE,Unknown,26-35,True
3659,https://api.dicebear.com/7.x/personas/jpg?seed=user601&size=300,FAKE,Unknown,26-35,True
1613,https://images.unsplash.com/photo-1591727884968-cc11135a19b3?crop=entropy&cs=tinysrgb&fit=max&fm=jpg&ixid=M3w5NDQwMTV8MHwxfHNlYXJjaHw1MzN8fHdvbWFuJTIwZmFjZSUyMHBvcnRyYWl0fGVufDB8fHx8MTc3ODA2NTI3NHww&ixlib=rb-4.1.0&q=80&w=1080,REAL,Male,50+,True
226,https://images.unsplash.com/photo-1601848513074-f3d6cf141544?crop=entropy&cs=tinysrgb&fit=max&fm=jpg&ixid=M3w5NDQwMTV8MHwxfHNlYXJjaHwyNTZ8fGh1bWFuJTIwZmFjZSUyMHBvcnRyYWl0fGVufDB8fHx8MTc3ODA2NDg3MHww&ixlib=rb-4.1.0&q=80&w=1080,REAL,Unknown,26-35,True
1615,https://images.unsplash.com/photo-1759360569713-b3bde2451ee8?crop=entropy&cs=tinysrgb&fit=max&fm=jpg&ixid=M3w5NDQwMTV8MHwxfHNlYXJjaHw1MzV8fHdvbWFuJTIwZmFjZSUyMHBvcnRyYWl0fGVufDB8fHx8MTc3ODA2NTI3NHww&ixlib=rb-4.1.0&q=80&w=1080,REAL,Female,36-50,True
1892,https://images.unsplash.com/photo-1704286508220-a4e809ade26c?crop=entropy&cs=tinysrgb&fit=max&fm=jpg&ixid=M3w5NDQwMTV8MHwxfHNlYXJjaHwyNDJ8fHBlcnNvbiUyMGZhY2UlMjBwaG90b3xlbnwwfHx8fDE3NzgwNjUyOTV8MA&ixlib=rb-4.1.0&q=80&w=1080,REAL,Male,18-25,True
2451,https://images.unsplash.com/photo-1594903834278-706bdd91fdaa?crop=entropy&cs=tinysrgb&fit=max&fm=jpg&ixid=M3w5NDQwMTV8MHwxfHNlYXJjaHwyMzF8fGFkdWx0JTIwZmFjZSUyMHBob3RvfGVufDB8fHx8MTc3ODA2ODg0Nnww&ixlib=rb-4.1.0&q=80&w=1080,REAL,Male,50+,True
890,https://images.unsplash.com/photo-1617746652804-f48af8e91ebc?crop=entropy&cs=tinysrgb&fit=max&fm=jpg&ixid=M3w5NDQwMTV8MHwxfHNlYXJjaHwzODB8fG1hbiUyMGZhY2UlMjBjbG9zZXVwfGVufDB8fHx8MTc3ODA2NTIyNHww&ixlib=rb-4.1.0&q=80&w=1080,REAL,Unknown,36-50,True
2880,https://randomuser.me/api/portraits/men/90.jpg,FAKE,Male,50+,True
4848,https://api.dicebear.com/7.x/personas/jpg?seed=user1790&size=300,FAKE,Unknown,26-35,True
3017,https://i.pravatar.cc/300?img=29,FAKE,Unknown,50+,True
4589,https://api.dicebear.com/7.x/personas/jpg?seed=user1531&size=300,FAKE,Unknown,26-35,True
5485,https://api.dicebear.com/7.x/personas/jpg?seed=user2427&size=300,FAKE,Unknown,36-50,True
4622,https://api.dicebear.com/7.x/personas/jpg?seed=user1564&size=300,FAKE,Unknown,36-50,True
5133,https://api.dicebear.com/7.x/personas/jpg?seed=user2075&size=300,FAKE,Unknown,50+,True
2441,https://images.unsplash.com/photo-1589220286904-3dcef62c68ee?crop=entropy&cs=tinysrgb&fit=max&fm=jpg&ixid=M3w5NDQwMTV8MHwxfHNlYXJjaHwyMjF8fGFkdWx0JTIwZmFjZSUyMHBob3RvfGVufDB8fHx8MTc3ODA2ODg0Nnww&ixlib=rb-4.1.0&q=80&w=1080,REAL,Male,18-25,True
1485,https://images.unsplash.com/photo-1648198722547-b6ea7a6c72a0?crop=entropy&cs=tinysrgb&fit=max&fm=jpg&ixid=M3w5NDQwMTV8MHwxfHNlYXJjaHw0MDV8fHdvbWFuJTIwZmFjZSUyMHBvcnRyYWl0fGVufDB8fHx8MTc3ODA2NTI2N3ww&ixlib=rb-4.1.0&q=80&w=1080,REAL,Female,18-25,True
4976,https://api.dicebear.com/7.x/personas/jpg?seed=user1918&size=300,FAKE,Unknown,36-50,True
1715,https://images.unsplash.com/photo-1635969064571-5aa8b24b9a62?crop=entropy&cs=tinysrgb&fit=max&fm=jpg&ixid=M3w5NDQwMTV8MHwxfHNlYXJjaHw2NXx8cGVyc29uJTIwZmFjZSUyMHBob3RvfGVufDB8fHx8MTc3ODA2NTI4Mnww&ixlib=rb-4.1.0&q=80&w=1080,REAL,Male,18-25,True
1391,https://images.unsplash.com/photo-1696588752578-c29f888a53bc?crop=entropy&cs=tinysrgb&fit=max&fm=jpg&ixid=M3w5NDQwMTV8MHwxfHNlYXJjaHwzMTF8fHdvbWFuJTIwZmFjZSUyMHBvcnRyYWl0fGVufDB8fHx8MTc3ODA2NTI2MXww&ixlib=rb-4.1.0&q=80&w=1080,REAL,Unknown,50+,True
2805,https://randomuser.me/api/portraits/men/15.jpg,FAKE,Male,50+,True
5458,https://api.dicebear.com/7.x/personas/jpg?seed=user2400&size=300,FAKE,Unknown,50+,True
4510,https://api.dicebear.com/7.x/personas/jpg?seed=user1452&size=300,FAKE,Unknown,26-35,True
3176,https://api.dicebear.com/7.x/personas/jpg?seed=user118&size=300,FAKE,Unknown,18-25,True
2696,https://images.unsplash.com/photo-1589487339718-4caecf87d6d1?crop=entropy&cs=tinysrgb&fit=max&fm=jpg&ixid=M3w5NDQwMTV8MHwxfHNlYXJjaHw0NzZ8fGFkdWx0JTIwZmFjZSUyMHBob3RvfGVufDB8fHx8MTc3ODA2ODg2OHww&ixlib=rb-4.1.0&q=80&w=1080,REAL,Unknown,18-25,True
2470,https://images.unsplash.com/photo-1648844495307-aa5b4b591822?crop=entropy&cs=tinysrgb&fit=max&fm=jpg&ixid=M3w5NDQwMTV8MHwxfHNlYXJjaHwyNTB8fGFkdWx0JTIwZmFjZSUyMHBob3RvfGVufDB8fHx8MTc3ODA2ODg0OXww&ixlib=rb-4.1.0&q=80&w=1080,REAL,Unknown,50+,True
4793,https://api.dicebear.com/7.x/personas/jpg?seed=user1735&size=300,FAKE,Unknown,36-50,True
4014,https://api.dicebear.com/7.x/personas/jpg?seed=user956&size=300,FAKE,Unknown,36-50,True
5130,https://api.dicebear.com/7.x/personas/jpg?seed=user2072&size=300,FAKE,Unknown,50+,True
5146,https://api.dicebear.com/7.x/personas/jpg?seed=user2088&size=300,FAKE,Unknown,50+,True
666,https://images.unsplash.com/photo-1758598497219-45e77afc5b53?crop=entropy&cs=tinysrgb&fit=max&fm=jpg&ixid=M3w5NDQwMTV8MHwxfHNlYXJjaHwxMjZ8fG1hbiUyMGZhY2UlMjBjbG9zZXVwfGVufDB8fHx8MTc3ODA2NTA4N3ww&ixlib=rb-4.1.0&q=80&w=1080,REAL,Unknown,18-25,True
3412,https://api.dicebear.com/7.x/personas/jpg?seed=user354&size=300,FAKE,Unknown,18-25,True
2463,https://images.unsplash.com/photo-1655586542508-ed7264cfe041?crop=entropy&cs=tinysrgb&fit=max&fm=jpg&ixid=M3w5NDQwMTV8MHwxfHNlYXJjaHwyNDN8fGFkdWx0JTIwZmFjZSUyMHBob3RvfGVufDB8fHx8MTc3ODA2ODg0OXww&ixlib=rb-4.1.0&q=80&w=1080,REAL,Unknown,26-35,True
378,https://images.unsplash.com/photo-1581629774175-42f704962488?crop=entropy&cs=tinysrgb&fit=max&fm=jpg&ixid=M3w5NDQwMTV8MHwxfHNlYXJjaHw0MDh8fGh1bWFuJTIwZmFjZSUyMHBvcnRyYWl0fGVufDB8fHx8MTc3ODA2NTAwMXww&ixlib=rb-4.1.0&q=80&w=1080,REAL,Unknown,18-25,True
1592,https://images.unsplash.com/photo-1679950819126-e731a2b00d2c?crop=entropy&cs=tinysrgb&fit=max&fm=jpg&ixid=M3w5NDQwMTV8MHwxfHNlYXJjaHw1MTJ8fHdvbWFuJTIwZmFjZSUyMHBvcnRyYWl0fGVufDB8fHx8MTc3ODA2NTI3NHww&ixlib=rb-4.1.0&q=80&w=1080,REAL,Unknown,36-50,True
2218,https://images.unsplash.com/photo-1761155724096-cf7ce1e9d095?crop=entropy&cs=tinysrgb&fit=max&fm=jpg&ixid=M3w5NDQwMTV8MHwxfHNlYXJjaHw1Njh8fHlvdW5nJTIwcGVyc29uJTIwZmFjZXxlbnwwfHx8fDE3NzgwNjg4MzB8MA&ixlib=rb-4.1.0&q=80&w=1080,REAL,Female,50+,True
4148,https://api.dicebear.com/7.x/personas/jpg?seed=user1090&size=300,FAKE,Unknown,18-25,True
2777,https://images.unsplash.com/photo-1559012980-564b6792604c?crop=entropy&cs=tinysrgb&fit=max&fm=jpg&ixid=M3w5NDQwMTV8MHwxfHNlYXJjaHw1NTd8fGFkdWx0JTIwZmFjZSUyMHBob3RvfGVufDB8fHx8MTc3ODA2ODg3Nnww&ixlib=rb-4.1.0&q=80&w=1080,REAL,Unknown,18-25,True
3249,https://api.dicebear.com/7.x/personas/jpg?seed=user191&size=300,FAKE,Unknown,26-35,True
4215,https://api.dicebear.com/7.x/personas/jpg?seed=user1157&size=300,FAKE,Unknown,50+,True
5361,https://api.dicebear.com/7.x/personas/jpg?seed=user2303&size=300,FAKE,Unknown,36-50,True
3247,https://api.dicebear.com/7.x/personas/jpg?seed=user189&size=300,FAKE,Unknown,26-35,True
819,https://images.unsplash.com/photo-1744726621156-97657fc54a9a?crop=entropy&cs=tinysrgb&fit=max&fm=jpg&ixid=M3w5NDQwMTV8MHwxfHNlYXJjaHwzMDl8fG1hbiUyMGZhY2UlMjBjbG9zZXVwfGVufDB8fHx8MTc3ODA2NTIxOHww&ixlib=rb-4.1.0&q=80&w=1080,REAL,Unknown,26-35,True
257,https://images.unsplash.com/photo-1772544797306-42ffcda5c63b?crop=entropy&cs=tinysrgb&fit=max&fm=jpg&ixid=M3w5NDQwMTV8MHwxfHNlYXJjaHwyODd8fGh1bWFuJTIwZmFjZSUyMHBvcnRyYWl0fGVufDB8fHx8MTc3ODA2NDkwMnww&ixlib=rb-4.1.0&q=80&w=1080,REAL,Female,18-25,True
2481,https://images.unsplash.com/photo-1610767618929-0db1b797cbc6?crop=entropy&cs=tinysrgb&fit=max&fm=jpg&ixid=M3w5NDQwMTV8MHwxfHNlYXJjaHwyNjF8fGFkdWx0JTIwZmFjZSUyMHBob3RvfGVufDB8fHx8MTc3ODA2ODg0OXww&ixlib=rb-4.1.0&q=80&w=1080,REAL,Male,50+,True
835,https://images.unsplash.com/photo-1747352274986-85a38e4341e3?crop=entropy&cs=tinysrgb&fit=max&fm=jpg&ixid=M3w5NDQwMTV8MHwxfHNlYXJjaHwzMjV8fG1hbiUyMGZhY2UlMjBjbG9zZXVwfGVufDB8fHx8MTc3ODA2NTIxOHww&ixlib=rb-4.1.0&q=80&w=1080,REAL,Unknown,18-25,True
2771,https://images.unsplash.com/photo-1775283511185-508da6831bfe?crop=entropy&cs=tinysrgb&fit=max&fm=jpg&ixid=M3w5NDQwMTV8MHwxfHNlYXJjaHw1NTF8fGFkdWx0JTIwZmFjZSUyMHBob3RvfGVufDB8fHx8MTc3ODA2ODg3Nnww&ixlib=rb-4.1.0&q=80&w=1080,REAL,Female,26-35,True
2666,https://images.unsplash.com/photo-1521146764736-56c929d59c83?crop=entropy&cs=tinysrgb&fit=max&fm=jpg&ixid=M3w5NDQwMTV8MHwxfHNlYXJjaHw0NDZ8fGFkdWx0JTIwZmFjZSUyMHBob3RvfGVufDB8fHx8MTc3ODA2ODg2NHww&ixlib=rb-4.1.0&q=80&w=1080,REAL,Unknown,36-50,True
2407,https://images.unsplash.com/photo-1738130892621-ea936f363089?crop=entropy&cs=tinysrgb&fit=max&fm=jpg&ixid=M3w5NDQwMTV8MHwxfHNlYXJjaHwxODd8fGFkdWx0JTIwZmFjZSUyMHBob3RvfGVufDB8fHx8MTc3ODA2ODg0NHww&ixlib=rb-4.1.0&q=80&w=1080,REAL,Unknown,36-50,True
4505,https://api.dicebear.com/7.x/personas/jpg?seed=user1447&size=300,FAKE,Unknown,50+,True
4087,https://api.dicebear.com/7.x/personas/jpg?seed=user1029&size=300,FAKE,Unknown,26-35,True
1541,https://images.unsplash.com/photo-1741981961804-825227c06782?crop=entropy&cs=tinysrgb&fit=max&fm=jpg&ixid=M3w5NDQwMTV8MHwxfHNlYXJjaHw0NjF8fHdvbWFuJTIwZmFjZSUyMHBvcnRyYWl0fGVufDB8fHx8MTc3ODA2NTI3MXww&ixlib=rb-4.1.0&q=80&w=1080,REAL,Female,36-50,True
3599,https://api.dicebear.com/7.x/personas/jpg?seed=user541&size=300,FAKE,Unknown,50+,True
2060,https://images.unsplash.com/photo-1588276435894-96b967abbf8a?crop=entropy&cs=tinysrgb&fit=max&fm=jpg&ixid=M3w5NDQwMTV8MHwxfHNlYXJjaHw0MTB8fHBlcnNvbiUyMGZhY2UlMjBwaG90b3xlbnwwfHx8fDE3NzgwNjUzMDV8MA&ixlib=rb-4.1.0&q=80&w=1080,REAL,Male,36-50,True
1618,https://images.unsplash.com/photo-1650750587846-ce598544ff4a?crop=entropy&cs=tinysrgb&fit=max&fm=jpg&ixid=M3w5NDQwMTV8MHwxfHNlYXJjaHw1Mzh8fHdvbWFuJTIwZmFjZSUyMHBvcnRyYWl0fGVufDB8fHx8MTc3ODA2NTI3NHww&ixlib=rb-4.1.0&q=80&w=1080,REAL,Female,26-35,True
5393,https://api.dicebear.com/7.x/personas/jpg?seed=user2335&size=300,FAKE,Unknown,18-25,True
1472,https://images.unsplash.com/photo-1621184320588-fc89edbf80a7?crop=entropy&cs=tinysrgb&fit=max&fm=jpg&ixid=M3w5NDQwMTV8MHwxfHNlYXJjaHwzOTJ8fHdvbWFuJTIwZmFjZSUyMHBvcnRyYWl0fGVufDB8fHx8MTc3ODA2NTI2N3ww&ixlib=rb-4.1.0&q=80&w=1080,REAL,Unknown,26-35,True
3723,https://api.dicebear.com/7.x/personas/jpg?seed=user665&size=300,FAKE,Unknown,36-50,True
4638,https://api.dicebear.com/7.x/personas/jpg?seed=user1580&size=300,FAKE,Unknown,36-50,True
4702,https://api.dicebear.com/7.x/personas/jpg?seed=user1644&size=300,FAKE,Unknown,50+,True
1179,https://images.unsplash.com/photo-1578505574290-68739d054931?crop=entropy&cs=tinysrgb&fit=max&fm=jpg&ixid=M3w5NDQwMTV8MHwxfHNlYXJjaHw5OXx8d29tYW4lMjBmYWNlJTIwcG9ydHJhaXR8ZW58MHx8fHwxNzc4MDY1MjQ2fDA&ixlib=rb-4.1.0&q=80&w=1080,REAL,Male,36-50,True
536,https://images.unsplash.com/photo-1750857739293-7db6290b1c65?crop=entropy&cs=tinysrgb&fit=max&fm=jpg&ixid=M3w5NDQwMTV8MHwxfHNlYXJjaHw1NjZ8fGh1bWFuJTIwZmFjZSUyMHBvcnRyYWl0fGVufDB8fHx8MTc3ODA2NTA1NXww&ixlib=rb-4.1.0&q=80&w=1080,REAL,Unknown,36-50,True
4920,https://api.dicebear.com/7.x/personas/jpg?seed=user1862&size=300,FAKE,Unknown,18-25,True
2051,https://images.unsplash.com/photo-1726741694276-e386042ae6f7?crop=entropy&cs=tinysrgb&fit=max&fm=jpg&ixid=M3w5NDQwMTV8MHwxfHNlYXJjaHw0MDF8fHBlcnNvbiUyMGZhY2UlMjBwaG90b3xlbnwwfHx8fDE3NzgwNjUzMDV8MA&ixlib=rb-4.1.0&q=80&w=1080,REAL,Unknown,18-25,True
4583,https://api.dicebear.com/7.x/personas/jpg?seed=user1525&size=300,FAKE,Unknown,18-25,True
4253,https://api.dicebear.com/7.x/personas/jpg?seed=user1195&size=300,FAKE,Unknown,18-25,True
2873,https://randomuser.me/api/portraits/men/83.jpg,FAKE,Male,26-35,True
1323,https://images.unsplash.com/photo-1664801779993-c9c7df8724cb?crop=entropy&cs=tinysrgb&fit=max&fm=jpg&ixid=M3w5NDQwMTV8MHwxfHNlYXJjaHwyNDN8fHdvbWFuJTIwZmFjZSUyMHBvcnRyYWl0fGVufDB8fHx8MTc3ODA2NTI1N3ww&ixlib=rb-4.1.0&q=80&w=1080,REAL,Female,50+,True
1036,https://images.unsplash.com/photo-1591705730634-6ff594a55af0?crop=entropy&cs=tinysrgb&fit=max&fm=jpg&ixid=M3w5NDQwMTV8MHwxfHNlYXJjaHw1MjZ8fG1hbiUyMGZhY2UlMjBjbG9zZXVwfGVufDB8fHx8MTc3ODA2NTIzNHww&ixlib=rb-4.1.0&q=80&w=1080,REAL,Male,18-25,True
4888,https://api.dicebear.com/7.x/personas/jpg?seed=user1830&size=300,FAKE,Unknown,50+,True
5409,https://api.dicebear.com/7.x/personas/jpg?seed=user2351&size=300,FAKE,Unknown,26-35,True
5145,https://api.dicebear.com/7.x/personas/jpg?seed=user2087&size=300,FAKE,Unknown,26-35,True
1871,https://images.unsplash.com/photo-1611431182782-cb1f5acd6e94?crop=entropy&cs=tinysrgb&fit=max&fm=jpg&ixid=M3w5NDQwMTV8MHwxfHNlYXJjaHwyMjF8fHBlcnNvbiUyMGZhY2UlMjBwaG90b3xlbnwwfHx8fDE3NzgwNjUyOTJ8MA&ixlib=rb-4.1.0&q=80&w=1080,REAL,Unknown,18-25,True
4802,https://api.dicebear.com/7.x/personas/jpg?seed=user1744&size=300,FAKE,Unknown,18-25,True
5348,https://api.dicebear.com/7.x/personas/jpg?seed=user2290&size=300,FAKE,Unknown,26-35,True
3415,https://api.dicebear.com/7.x/personas/jpg?seed=user357&size=300,FAKE,Unknown,18-25,True
717,https://images.unsplash.com/photo-1636405048352-ce817d760b9e?crop=entropy&cs=tinysrgb&fit=max&fm=jpg&ixid=M3w5NDQwMTV8MHwxfHNlYXJjaHwyMDd8fG1hbiUyMGZhY2UlMjBjbG9zZXVwfGVufDB8fHx8MTc3ODA2NTIwOXww&ixlib=rb-4.1.0&q=80&w=1080,REAL,Female,36-50,True
1693,https://images.unsplash.com/photo-1711913322809-bd7013815923?crop=entropy&cs=tinysrgb&fit=max&fm=jpg&ixid=M3w5NDQwMTV8MHwxfHNlYXJjaHw0M3x8cGVyc29uJTIwZmFjZSUyMHBob3RvfGVufDB8fHx8MTc3ODA2NTI4MHww&ixlib=rb-4.1.0&q=80&w=1080,REAL,Male,18-25,True
1976,https://images.unsplash.com/photo-1629604834139-d950e2808f3e?crop=entropy&cs=tinysrgb&fit=max&fm=jpg&ixid=M3w5NDQwMTV8MHwxfHNlYXJjaHwzMjZ8fHBlcnNvbiUyMGZhY2UlMjBwaG90b3xlbnwwfHx8fDE3NzgwNjUyOTl8MA&ixlib=rb-4.1.0&q=80&w=1080,REAL,Female,26-35,True
396,https://images.unsplash.com/photo-1642180441676-98b97c7fc96e?crop=entropy&cs=tinysrgb&fit=max&fm=jpg&ixid=M3w5NDQwMTV8MHwxfHNlYXJjaHw0MjZ8fGh1bWFuJTIwZmFjZSUyMHBvcnRyYWl0fGVufDB8fHx8MTc3ODA2NTAyMXww&ixlib=rb-4.1.0&q=80&w=1080,REAL,Female,36-50,True
3653,https://api.dicebear.com/7.x/personas/jpg?seed=user595&size=300,FAKE,Unknown,18-25,True
3174,https://api.dicebear.com/7.x/personas/jpg?seed=user116&size=300,FAKE,Unknown,36-50,True
4682,https://api.dicebear.com/7.x/personas/jpg?seed=user1624&size=300,FAKE,Unknown,36-50,True
376,https://images.unsplash.com/photo-1589207622595-e17ab23faa36?crop=entropy&cs=tinysrgb&fit=max&fm=jpg&ixid=M3w5NDQwMTV8MHwxfHNlYXJjaHw0MDZ8fGh1bWFuJTIwZmFjZSUyMHBvcnRyYWl0fGVufDB8fHx8MTc3ODA2NTAwMXww&ixlib=rb-4.1.0&q=80&w=1080,REAL,Male,36-50,True
2573,https://images.unsplash.com/photo-1770210982249-781dacb19442?crop=entropy&cs=tinysrgb&fit=max&fm=jpg&ixid=M3w5NDQwMTV8MHwxfHNlYXJjaHwzNTN8fGFkdWx0JTIwZmFjZSUyMHBob3RvfGVufDB8fHx8MTc3ODA2ODg1NXww&ixlib=rb-4.1.0&q=80&w=1080,REAL,Unknown,50+,True
4499,https://api.dicebear.com/7.x/personas/jpg?seed=user1441&size=300,FAKE,Unknown,36-50,True
3138,https://api.dicebear.com/7.x/personas/jpg?seed=user80&size=300,FAKE,Unknown,50+,True
4448,https://api.dicebear.com/7.x/personas/jpg?seed=user1390&size=300,FAKE,Unknown,50+,True
809,https://images.unsplash.com/photo-1604691423859-63e64723c6c3?crop=entropy&cs=tinysrgb&fit=max&fm=jpg&ixid=M3w5NDQwMTV8MHwxfHNlYXJjaHwyOTl8fG1hbiUyMGZhY2UlMjBjbG9zZXVwfGVufDB8fHx8MTc3ODA2NTIxNnww&ixlib=rb-4.1.0&q=80&w=1080,REAL,Unknown,26-35,True
870,https://images.unsplash.com/photo-1590335745924-8430837a573d?crop=entropy&cs=tinysrgb&fit=max&fm=jpg&ixid=M3w5NDQwMTV8MHwxfHNlYXJjaHwzNjB8fG1hbiUyMGZhY2UlMjBjbG9zZXVwfGVufDB8fHx8MTc3ODA2NTIyM3ww&ixlib=rb-4.1.0&q=80&w=1080,REAL,Female,18-25,True
869,https://images.unsplash.com/photo-1638026843135-b102cdefb88d?crop=entropy&cs=tinysrgb&fit=max&fm=jpg&ixid=M3w5NDQwMTV8MHwxfHNlYXJjaHwzNTl8fG1hbiUyMGZhY2UlMjBjbG9zZXVwfGVufDB8fHx8MTc3ODA2NTIyM3ww&ixlib=rb-4.1.0&q=80&w=1080,REAL,Female,18-25,True
4350,https://api.dicebear.com/7.x/personas/jpg?seed=user1292&size=300,FAKE,Unknown,18-25,True
4033,https://api.dicebear.com/7.x/personas/jpg?seed=user975&size=300,FAKE,Unknown,36-50,True
3589,https://api.dicebear.com/7.x/personas/jpg?seed=user531&size=300,FAKE,Unknown,18-25,True
5049,https://api.dicebear.com/7.x/personas/jpg?seed=user1991&size=300,FAKE,Unknown,18-25,True
5234,https://api.dicebear.com/7.x/personas/jpg?seed=user2176&size=300,FAKE,Unknown,18-25,True
4923,https://api.dicebear.com/7.x/personas/jpg?seed=user1865&size=300,FAKE,Unknown,50+,True
1755,https://images.unsplash.com/photo-1710886317113-96b7f40ef714?crop=entropy&cs=tinysrgb&fit=max&fm=jpg&ixid=M3w5NDQwMTV8MHwxfHNlYXJjaHwxMDV8fHBlcnNvbiUyMGZhY2UlMjBwaG90b3xlbnwwfHx8fDE3NzgwNjUyODR8MA&ixlib=rb-4.1.0&q=80&w=1080,REAL,Male,36-50,True
466,https://images.unsplash.com/photo-1677543167033-af3c688aa4df?crop=entropy&cs=tinysrgb&fit=max&fm=jpg&ixid=M3w5NDQwMTV8MHwxfHNlYXJjaHw0OTZ8fGh1bWFuJTIwZmFjZSUyMHBvcnRyYWl0fGVufDB8fHx8MTc3ODA2NTAzN3ww&ixlib=rb-4.1.0&q=80&w=1080,REAL,Female,36-50,True
1841,https://images.unsplash.com/photo-1587837073080-448bc6a2329b?crop=entropy&cs=tinysrgb&fit=max&fm=jpg&ixid=M3w5NDQwMTV8MHwxfHNlYXJjaHwxOTF8fHBlcnNvbiUyMGZhY2UlMjBwaG90b3xlbnwwfHx8fDE3NzgwNjUyOTB8MA&ixlib=rb-4.1.0&q=80&w=1080,REAL,Unknown,26-35,True
3942,https://api.dicebear.com/7.x/personas/jpg?seed=user884&size=300,FAKE,Unknown,26-35,True
4257,https://api.dicebear.com/7.x/personas/jpg?seed=user1199&size=300,FAKE,Unknown,18-25,True
3316,https://api.dicebear.com/7.x/personas/jpg?seed=user258&size=300,FAKE,Unknown,36-50,True
689,https://images.unsplash.com/photo-1599870419260-888d147905a6?crop=entropy&cs=tinysrgb&fit=max&fm=jpg&ixid=M3w5NDQwMTV8MHwxfHNlYXJjaHwxNDl8fG1hbiUyMGZhY2UlMjBjbG9zZXVwfGVufDB8fHx8MTc3ODA2NTA4N3ww&ixlib=rb-4.1.0&q=80&w=1080,REAL,Unknown,50+,True
1655,https://images.unsplash.com/photo-1588377976590-b0f5d831444a?crop=entropy&cs=tinysrgb&fit=max&fm=jpg&ixid=M3w5NDQwMTV8MHwxfHNlYXJjaHw1fHxwZXJzb24lMjBmYWNlJTIwcGhvdG98ZW58MHx8fHwxNzc4MDY1Mjc4fDA&ixlib=rb-4.1.0&q=80&w=1080,REAL,Unknown,26-35,True
230,https://images.unsplash.com/photo-1581518873005-89be78a8b673?crop=entropy&cs=tinysrgb&fit=max&fm=jpg&ixid=M3w5NDQwMTV8MHwxfHNlYXJjaHwyNjB8fGh1bWFuJTIwZmFjZSUyMHBvcnRyYWl0fGVufDB8fHx8MTc3ODA2NDg3MHww&ixlib=rb-4.1.0&q=80&w=1080,REAL,Unknown,36-50,True
5335,https://api.dicebear.com/7.x/personas/jpg?seed=user2277&size=300,FAKE,Unknown,50+,True
3498,https://api.dicebear.com/7.x/personas/jpg?seed=user440&size=300,FAKE,Unknown,36-50,True
3129,https://api.dicebear.com/7.x/personas/jpg?seed=user71&size=300,FAKE,Unknown,26-35,True
735,https://images.unsplash.com/photo-1634550541825-6c5b579a9550?crop=entropy&cs=tinysrgb&fit=max&fm=jpg&ixid=M3w5NDQwMTV8MHwxfHNlYXJjaHwyMjV8fG1hbiUyMGZhY2UlMjBjbG9zZXVwfGVufDB8fHx8MTc3ODA2NTIxMXww&ixlib=rb-4.1.0&q=80&w=1080,REAL,Male,50+,True
627,https://images.unsplash.com/photo-1759731645491-e511fde0f3fc?crop=entropy&cs=tinysrgb&fit=max&fm=jpg&ixid=M3w5NDQwMTV8MHwxfHNlYXJjaHw4N3x8bWFuJTIwZmFjZSUyMGNsb3NldXB8ZW58MHx8fHwxNzc4MDY1MDgyfDA&ixlib=rb-4.1.0&q=80&w=1080,REAL,Male,18-25,True
4208,https://api.dicebear.com/7.x/personas/jpg?seed=user1150&size=300,FAKE,Unknown,50+,True
2623,https://images.unsplash.com/photo-1602192566821-61eb1e5243bb?crop=entropy&cs=tinysrgb&fit=max&fm=jpg&ixid=M3w5NDQwMTV8MHwxfHNlYXJjaHw0MDN8fGFkdWx0JTIwZmFjZSUyMHBob3RvfGVufDB8fHx8MTc3ODA2ODg2MXww&ixlib=rb-4.1.0&q=80&w=1080,REAL,Unknown,50+,True
4458,https://api.dicebear.com/7.x/personas/jpg?seed=user1400&size=300,FAKE,Unknown,18-25,True
4111,https://api.dicebear.com/7.x/personas/jpg?seed=user1053&size=300,FAKE,Unknown,18-25,True
1709,https://images.unsplash.com/photo-1631909112399-f295a25e3a8a?crop=entropy&cs=tinysrgb&fit=max&fm=jpg&ixid=M3w5NDQwMTV8MHwxfHNlYXJjaHw1OXx8cGVyc29uJTIwZmFjZSUyMHBob3RvfGVufDB8fHx8MTc3ODA2NTI4MHww&ixlib=rb-4.1.0&q=80&w=1080,REAL,Unknown,26-35,True
4497,https://api.dicebear.com/7.x/personas/jpg?seed=user1439&size=300,FAKE,Unknown,26-35,True
117,https://images.unsplash.com/photo-1755190897791-7040dfdb988f?crop=entropy&cs=tinysrgb&fit=max&fm=jpg&ixid=M3w5NDQwMTV8MHwxfHNlYXJjaHwxMTd8fGh1bWFuJTIwZmFjZSUyMHBvcnRyYWl0fGVufDB8fHx8MTc3ODA2NDcyMXww&ixlib=rb-4.1.0&q=80&w=1080,REAL,Unknown,18-25,True
1002,https://images.unsplash.com/photo-1532670968966-b6ca40d77193?crop=entropy&cs=tinysrgb&fit=max&fm=jpg&ixid=M3w5NDQwMTV8MHwxfHNlYXJjaHw0OTJ8fG1hbiUyMGZhY2UlMjBjbG9zZXVwfGVufDB8fHx8MTc3ODA2NTIzMnww&ixlib=rb-4.1.0&q=80&w=1080,REAL,Female,36-50,True
1630,https://images.unsplash.com/photo-1613909990461-af406235e098?crop=entropy&cs=tinysrgb&fit=max&fm=jpg&ixid=M3w5NDQwMTV8MHwxfHNlYXJjaHw1NTB8fHdvbWFuJTIwZmFjZSUyMHBvcnRyYWl0fGVufDB8fHx8MTc3ODA2NTI3Nnww&ixlib=rb-4.1.0&q=80&w=1080,REAL,Female,50+,True
1147,https://images.unsplash.com/photo-1628501023521-48cece9a6909?crop=entropy&cs=tinysrgb&fit=max&fm=jpg&ixid=M3w5NDQwMTV8MHwxfHNlYXJjaHw2N3x8d29tYW4lMjBmYWNlJTIwcG9ydHJhaXR8ZW58MHx8fHwxNzc4MDY1MjQ0fDA&ixlib=rb-4.1.0&q=80&w=1080,REAL,Male,26-35,True
2031,https://images.unsplash.com/photo-1689803754730-239edbc2aed4?crop=entropy&cs=tinysrgb&fit=max&fm=jpg&ixid=M3w5NDQwMTV8MHwxfHNlYXJjaHwzODF8fHBlcnNvbiUyMGZhY2UlMjBwaG90b3xlbnwwfHx8fDE3NzgwNjUzMDN8MA&ixlib=rb-4.1.0&q=80&w=1080,REAL,Male,18-25,True
4628,https://api.dicebear.com/7.x/personas/jpg?seed=user1570&size=300,FAKE,Unknown,36-50,True
5077,https://api.dicebear.com/7.x/personas/jpg?seed=user2019&size=300,FAKE,Unknown,26-35,True
895,https://images.unsplash.com/photo-1609870331197-27336df06edf?crop=entropy&cs=tinysrgb&fit=max&fm=jpg&ixid=M3w5NDQwMTV8MHwxfHNlYXJjaHwzODV8fG1hbiUyMGZhY2UlMjBjbG9zZXVwfGVufDB8fHx8MTc3ODA2NTIyNHww&ixlib=rb-4.1.0&q=80&w=1080,REAL,Female,50+,True
2034,https://images.unsplash.com/photo-1706719903539-c16a1af597eb?crop=entropy&cs=tinysrgb&fit=max&fm=jpg&ixid=M3w5NDQwMTV8MHwxfHNlYXJjaHwzODR8fHBlcnNvbiUyMGZhY2UlMjBwaG90b3xlbnwwfHx8fDE3NzgwNjUzMDN8MA&ixlib=rb-4.1.0&q=80&w=1080,REAL,Female,50+,True
2829,https://randomuser.me/api/portraits/men/39.jpg,FAKE,Male,18-25,True
617,https://images.unsplash.com/photo-1626691321245-27a1dc356f17?crop=entropy&cs=tinysrgb&fit=max&fm=jpg&ixid=M3w5NDQwMTV8MHwxfHNlYXJjaHw3N3x8bWFuJTIwZmFjZSUyMGNsb3NldXB8ZW58MHx8fHwxNzc4MDY1MDgyfDA&ixlib=rb-4.1.0&q=80&w=1080,REAL,Male,50+,True
1521,https://images.unsplash.com/photo-1560190062-061cb7f295bd?crop=entropy&cs=tinysrgb&fit=max&fm=jpg&ixid=M3w5NDQwMTV8MHwxfHNlYXJjaHw0NDF8fHdvbWFuJTIwZmFjZSUyMHBvcnRyYWl0fGVufDB8fHx8MTc3ODA2NTI2OXww&ixlib=rb-4.1.0&q=80&w=1080,REAL,Female,18-25,True
2063,https://images.unsplash.com/photo-1585836072325-7abc198af1c1?crop=entropy&cs=tinysrgb&fit=max&fm=jpg&ixid=M3w5NDQwMTV8MHwxfHNlYXJjaHw0MTN8fHBlcnNvbiUyMGZhY2UlMjBwaG90b3xlbnwwfHx8fDE3NzgwNjUzMDV8MA&ixlib=rb-4.1.0&q=80&w=1080,REAL,Male,36-50,True
454,https://images.unsplash.com/photo-1749566906788-bb9c08c328d5?crop=entropy&cs=tinysrgb&fit=max&fm=jpg&ixid=M3w5NDQwMTV8MHwxfHNlYXJjaHw0ODR8fGh1bWFuJTIwZmFjZSUyMHBvcnRyYWl0fGVufDB8fHx8MTc3ODA2NTAzN3ww&ixlib=rb-4.1.0&q=80&w=1080,REAL,Female,18-25,True
5185,https://api.dicebear.com/7.x/personas/jpg?seed=user2127&size=300,FAKE,Unknown,50+,True
1587,https://images.unsplash.com/photo-1642734146385-dd2681a2580e?crop=entropy&cs=tinysrgb&fit=max&fm=jpg&ixid=M3w5NDQwMTV8MHwxfHNlYXJjaHw1MDd8fHdvbWFuJTIwZmFjZSUyMHBvcnRyYWl0fGVufDB8fHx8MTc3ODA2NTI3M3ww&ixlib=rb-4.1.0&q=80&w=1080,REAL,Female,18-25,True
972,https://images.unsplash.com/photo-1600364768707-1385e68a48f6?crop=entropy&cs=tinysrgb&fit=max&fm=jpg&ixid=M3w5NDQwMTV8MHwxfHNlYXJjaHw0NjJ8fG1hbiUyMGZhY2UlMjBjbG9zZXVwfGVufDB8fHx8MTc3ODA2NTIzMHww&ixlib=rb-4.1.0&q=80&w=1080,REAL,Male,36-50,True
5371,https://api.dicebear.com/7.x/personas/jpg?seed=user2313&size=300,FAKE,Unknown,18-25,True
5160,https://api.dicebear.com/7.x/personas/jpg?seed=user2102&size=300,FAKE,Unknown,26-35,True
5140,https://api.dicebear.com/7.x/personas/jpg?seed=user2082&size=300,FAKE,Unknown,18-25,True
3701,https://api.dicebear.com/7.x/personas/jpg?seed=user643&size=300,FAKE,Unknown,26-35,True
1742,https://images.unsplash.com/photo-1609818926432-f0888e03f38f?crop=entropy&cs=tinysrgb&fit=max&fm=jpg&ixid=M3w5NDQwMTV8MHwxfHNlYXJjaHw5Mnx8cGVyc29uJTIwZmFjZSUyMHBob3RvfGVufDB8fHx8MTc3ODA2NTI4NHww&ixlib=rb-4.1.0&q=80&w=1080,REAL,Female,26-35,True
5462,https://api.dicebear.com/7.x/personas/jpg?seed=user2404&size=300,FAKE,Unknown,36-50,True
1972,https://images.unsplash.com/photo-1648484860064-4bf5b9827a8e?crop=entropy&cs=tinysrgb&fit=max&fm=jpg&ixid=M3w5NDQwMTV8MHwxfHNlYXJjaHwzMjJ8fHBlcnNvbiUyMGZhY2UlMjBwaG90b3xlbnwwfHx8fDE3NzgwNjUyOTl8MA&ixlib=rb-4.1.0&q=80&w=1080,REAL,Unknown,18-25,True
4584,https://api.dicebear.com/7.x/personas/jpg?seed=user1526&size=300,FAKE,Unknown,50+,True
3285,https://api.dicebear.com/7.x/personas/jpg?seed=user227&size=300,FAKE,Unknown,26-35,True
310,https://images.unsplash.com/photo-1624359057398-f277e6ad114a?crop=entropy&cs=tinysrgb&fit=max&fm=jpg&ixid=M3w5NDQwMTV8MHwxfHNlYXJjaHwzNDB8fGh1bWFuJTIwZmFjZSUyMHBvcnRyYWl0fGVufDB8fHx8MTc3ODA2NDk5MHww&ixlib=rb-4.1.0&q=80&w=1080,REAL,Male,36-50,True
874,https://images.unsplash.com/photo-1681887002379-917c74f5313e?crop=entropy&cs=tinysrgb&fit=max&fm=jpg&ixid=M3w5NDQwMTV8MHwxfHNlYXJjaHwzNjR8fG1hbiUyMGZhY2UlMjBjbG9zZXVwfGVufDB8fHx8MTc3ODA2NTIyNHww&ixlib=rb-4.1.0&q=80&w=1080,REAL,Unknown,26-35,True
3649,https://api.dicebear.com/7.x/personas/jpg?seed=user591&size=300,FAKE,Unknown,18-25,True
2664,https://images.unsplash.com/photo-1740948274625-4bc68379e179?crop=entropy&cs=tinysrgb&fit=max&fm=jpg&ixid=M3w5NDQwMTV8MHwxfHNlYXJjaHw0NDR8fGFkdWx0JTIwZmFjZSUyMHBob3RvfGVufDB8fHx8MTc3ODA2ODg2NHww&ixlib=rb-4.1.0&q=80&w=1080,REAL,Female,26-35,True
1665,https://images.unsplash.com/photo-1636721335846-37e852ca6096?crop=entropy&cs=tinysrgb&fit=max&fm=jpg&ixid=M3w5NDQwMTV8MHwxfHNlYXJjaHwxNXx8cGVyc29uJTIwZmFjZSUyMHBob3RvfGVufDB8fHx8MTc3ODA2NTI3OHww&ixlib=rb-4.1.0&q=80&w=1080,REAL,Male,50+,True
4209,https://api.dicebear.com/7.x/personas/jpg?seed=user1151&size=300,FAKE,Unknown,18-25,True
5113,https://api.dicebear.com/7.x/personas/jpg?seed=user2055&size=300,FAKE,Unknown,26-35,True
694,https://images.unsplash.com/photo-1775219589081-d14e71f7991c?crop=entropy&cs=tinysrgb&fit=max&fm=jpg&ixid=M3w5NDQwMTV8MHwxfHNlYXJjaHwxODR8fG1hbiUyMGZhY2UlMjBjbG9zZXVwfGVufDB8fHx8MTc3ODA2NTIwOXww&ixlib=rb-4.1.0&q=80&w=1080,REAL,Female,18-25,True
4538,https://api.dicebear.com/7.x/personas/jpg?seed=user1480&size=300,FAKE,Unknown,36-50,True
136,https://images.unsplash.com/photo-1680557345429-45da1bfa5872?crop=entropy&cs=tinysrgb&fit=max&fm=jpg&ixid=M3w5NDQwMTV8MHwxfHNlYXJjaHwxMzZ8fGh1bWFuJTIwZmFjZSUyMHBvcnRyYWl0fGVufDB8fHx8MTc3ODA2NDcyNXww&ixlib=rb-4.1.0&q=80&w=1080,REAL,Female,36-50,True
5274,https://api.dicebear.com/7.x/personas/jpg?seed=user2216&size=300,FAKE,Unknown,36-50,True
56,https://images.unsplash.com/photo-1600938401231-5519d1a9ab84?crop=entropy&cs=tinysrgb&fit=max&fm=jpg&ixid=M3w5NDQwMTV8MHwxfHNlYXJjaHw1Nnx8aHVtYW4lMjBmYWNlJTIwcG9ydHJhaXR8ZW58MHx8fHwxNzc4MDY0NzA2fDA&ixlib=rb-4.1.0&q=80&w=1080,REAL,Male,36-50,True
3458,https://api.dicebear.com/7.x/personas/jpg?seed=user400&size=300,FAKE,Unknown,18-25,True
4248,https://api.dicebear.com/7.x/personas/jpg?seed=user1190&size=300,FAKE,Unknown,26-35,True
5227,https://api.dicebear.com/7.x/personas/jpg?seed=user2169&size=300,FAKE,Unknown,18-25,True
3271,https://api.dicebear.com/7.x/personas/jpg?seed=user213&size=300,FAKE,Unknown,26-35,True
1163,https://images.unsplash.com/photo-1626951868968-3cf03158c94d?crop=entropy&cs=tinysrgb&fit=max&fm=jpg&ixid=M3w5NDQwMTV8MHwxfHNlYXJjaHw4M3x8d29tYW4lMjBmYWNlJTIwcG9ydHJhaXR8ZW58MHx8fHwxNzc4MDY1MjQ0fDA&ixlib=rb-4.1.0&q=80&w=1080,REAL,Unknown,36-50,True
5293,https://api.dicebear.com/7.x/personas/jpg?seed=user2235&size=300,FAKE,Unknown,26-35,True
687,https://images.unsplash.com/photo-1599974816500-b7c5c6641b2d?crop=entropy&cs=tinysrgb&fit=max&fm=jpg&ixid=M3w5NDQwMTV8MHwxfHNlYXJjaHwxNDd8fG1hbiUyMGZhY2UlMjBjbG9zZXVwfGVufDB8fHx8MTc3ODA2NTA4N3ww&ixlib=rb-4.1.0&q=80&w=1080,REAL,Unknown,50+,True
1583,https://images.unsplash.com/photo-1616435194454-7bf04637fefd?crop=entropy&cs=tinysrgb&fit=max&fm=jpg&ixid=M3w5NDQwMTV8MHwxfHNlYXJjaHw1MDN8fHdvbWFuJTIwZmFjZSUyMHBvcnRyYWl0fGVufDB8fHx8MTc3ODA2NTI3M3ww&ixlib=rb-4.1.0&q=80&w=1080,REAL,Female,50+,True
364,https://images.unsplash.com/photo-1730137776306-119a2f4555a0?crop=entropy&cs=tinysrgb&fit=max&fm=jpg&ixid=M3w5NDQwMTV8MHwxfHNlYXJjaHwzOTR8fGh1bWFuJTIwZmFjZSUyMHBvcnRyYWl0fGVufDB8fHx8MTc3ODA2NTAwMXww&ixlib=rb-4.1.0&q=80&w=1080,REAL,Female,36-50,True
1473,https://images.unsplash.com/photo-1621184320780-cffd5f78eb0f?crop=entropy&cs=tinysrgb&fit=max&fm=jpg&ixid=M3w5NDQwMTV8MHwxfHNlYXJjaHwzOTN8fHdvbWFuJTIwZmFjZSUyMHBvcnRyYWl0fGVufDB8fHx8MTc3ODA2NTI2N3ww&ixlib=rb-4.1.0&q=80&w=1080,REAL,Unknown,26-35,True
3394,https://api.dicebear.com/7.x/personas/jpg?seed=user336&size=300,FAKE,Unknown,18-25,True
2983,https://randomuser.me/api/portraits/women/94.jpg,FAKE,Female,18-25,True
1721,https://images.unsplash.com/photo-1647058517574-27dddbe12afc?crop=entropy&cs=tinysrgb&fit=max&fm=jpg&ixid=M3w5NDQwMTV8MHwxfHNlYXJjaHw3MXx8cGVyc29uJTIwZmFjZSUyMHBob3RvfGVufDB8fHx8MTc3ODA2NTI4Mnww&ixlib=rb-4.1.0&q=80&w=1080,REAL,Female,50+,True
3469,https://api.dicebear.com/7.x/personas/jpg?seed=user411&size=300,FAKE,Unknown,50+,True
4015,https://api.dicebear.com/7.x/personas/jpg?seed=user957&size=300,FAKE,Unknown,36-50,True
161,https://images.unsplash.com/photo-1567227278154-0b83bcf237e1?crop=entropy&cs=tinysrgb&fit=max&fm=jpg&ixid=M3w5NDQwMTV8MHwxfHNlYXJjaHwxNjF8fGh1bWFuJTIwZmFjZSUyMHBvcnRyYWl0fGVufDB8fHx8MTc3ODA2NDc0OXww&ixlib=rb-4.1.0&q=80&w=1080,REAL,Female,18-25,True
2084,https://images.unsplash.com/photo-1645968093376-cd1e1dbad17c?crop=entropy&cs=tinysrgb&fit=max&fm=jpg&ixid=M3w5NDQwMTV8MHwxfHNlYXJjaHw0MzR8fHBlcnNvbiUyMGZhY2UlMjBwaG90b3xlbnwwfHx8fDE3NzgwNjUzMDh8MA&ixlib=rb-4.1.0&q=80&w=1080,REAL,Female,26-35,True
2511,https://images.unsplash.com/photo-1603297430243-9acf4f078372?crop=entropy&cs=tinysrgb&fit=max&fm=jpg&ixid=M3w5NDQwMTV8MHwxfHNlYXJjaHwyOTF8fGFkdWx0JTIwZmFjZSUyMHBob3RvfGVufDB8fHx8MTc3ODA2ODg1MXww&ixlib=rb-4.1.0&q=80&w=1080,REAL,Unknown,36-50,True
4763,https://api.dicebear.com/7.x/personas/jpg?seed=user1705&size=300,FAKE,Unknown,36-50,True
2927,https://randomuser.me/api/portraits/women/38.jpg,FAKE,Female,50+,True
1232,https://images.unsplash.com/photo-1642787445188-a58816fb2a60?crop=entropy&cs=tinysrgb&fit=max&fm=jpg&ixid=M3w5NDQwMTV8MHwxfHNlYXJjaHwxNTJ8fHdvbWFuJTIwZmFjZSUyMHBvcnRyYWl0fGVufDB8fHx8MTc3ODA2NTI1MXww&ixlib=rb-4.1.0&q=80&w=1080,REAL,Male,36-50,True
5556,https://api.dicebear.com/7.x/personas/jpg?seed=user2498&size=300,FAKE,Unknown,36-50,True
5197,https://api.dicebear.com/7.x/personas/jpg?seed=user2139&size=300,FAKE,Unknown,36-50,True
2928,https://randomuser.me/api/portraits/women/39.jpg,FAKE,Female,50+,True
3874,https://api.dicebear.com/7.x/personas/jpg?seed=user816&size=300,FAKE,Unknown,18-25,True
944,https://images.unsplash.com/photo-1774554724569-40c6a4a0523b?crop=entropy&cs=tinysrgb&fit=max&fm=jpg&ixid=M3w5NDQwMTV8MHwxfHNlYXJjaHw0MzR8fG1hbiUyMGZhY2UlMjBjbG9zZXVwfGVufDB8fHx8MTc3ODA2NTIyOHww&ixlib=rb-4.1.0&q=80&w=1080,REAL,Male,26-35,True
5337,https://api.dicebear.com/7.x/personas/jpg?seed=user2279&size=300,FAKE,Unknown,36-50,True
1500,https://images.unsplash.com/photo-1636556031330-90d2df1c114c?crop=entropy&cs=tinysrgb&fit=max&fm=jpg&ixid=M3w5NDQwMTV8MHwxfHNlYXJjaHw0MjB8fHdvbWFuJTIwZmFjZSUyMHBvcnRyYWl0fGVufDB8fHx8MTc3ODA2NTI2N3ww&ixlib=rb-4.1.0&q=80&w=1080,REAL,Female,18-25,True
76,https://images.unsplash.com/photo-1668536681456-817e4a575c6e?crop=entropy&cs=tinysrgb&fit=max&fm=jpg&ixid=M3w5NDQwMTV8MHwxfHNlYXJjaHw3Nnx8aHVtYW4lMjBmYWNlJTIwcG9ydHJhaXR8ZW58MHx8fHwxNzc4MDY0NzE3fDA&ixlib=rb-4.1.0&q=80&w=1080,REAL,Unknown,50+,True
725,https://images.unsplash.com/photo-1626691322132-9f48da142f38?crop=entropy&cs=tinysrgb&fit=max&fm=jpg&ixid=M3w5NDQwMTV8MHwxfHNlYXJjaHwyMTV8fG1hbiUyMGZhY2UlMjBjbG9zZXVwfGVufDB8fHx8MTc3ODA2NTIxMXww&ixlib=rb-4.1.0&q=80&w=1080,REAL,Male,18-25,True
764,https://images.unsplash.com/photo-1603297430243-9acf4f078372?crop=entropy&cs=tinysrgb&fit=max&fm=jpg&ixid=M3w5NDQwMTV8MHwxfHNlYXJjaHwyNTR8fG1hbiUyMGZhY2UlMjBjbG9zZXVwfGVufDB8fHx8MTc3ODA2NTIxM3ww&ixlib=rb-4.1.0&q=80&w=1080,REAL,Female,18-25,True
2343,https://images.unsplash.com/photo-1726741695561-41c6722e6f88?crop=entropy&cs=tinysrgb&fit=max&fm=jpg&ixid=M3w5NDQwMTV8MHwxfHNlYXJjaHwxMjN8fGFkdWx0JTIwZmFjZSUyMHBob3RvfGVufDB8fHx8MTc3ODA2ODg0MHww&ixlib=rb-4.1.0&q=80&w=1080,REAL,Female,18-25,True
2579,https://images.unsplash.com/photo-1624268000400-d6908157bb69?crop=entropy&cs=tinysrgb&fit=max&fm=jpg&ixid=M3w5NDQwMTV8MHwxfHNlYXJjaHwzNTl8fGFkdWx0JTIwZmFjZSUyMHBob3RvfGVufDB8fHx8MTc3ODA2ODg1NXww&ixlib=rb-4.1.0&q=80&w=1080,REAL,Male,50+,True
5163,https://api.dicebear.com/7.x/personas/jpg?seed=user2105&size=300,FAKE,Unknown,26-35,True
4810,https://api.dicebear.com/7.x/personas/jpg?seed=user1752&size=300,FAKE,Unknown,18-25,True
5520,https://api.dicebear.com/7.x/personas/jpg?seed=user2462&size=300,FAKE,Unknown,50+,True
3726,https://api.dicebear.com/7.x/personas/jpg?seed=user668&size=300,FAKE,Unknown,18-25,True
1282,https://images.unsplash.com/photo-1644942288997-3e778d00c17c?crop=entropy&cs=tinysrgb&fit=max&fm=jpg&ixid=M3w5NDQwMTV8MHwxfHNlYXJjaHwyMDJ8fHdvbWFuJTIwZmFjZSUyMHBvcnRyYWl0fGVufDB8fHx8MTc3ODA2NTI1M3ww&ixlib=rb-4.1.0&q=80&w=1080,REAL,Female,18-25,True
2403,https://images.unsplash.com/photo-1727341551248-e3c45783ee93?crop=entropy&cs=tinysrgb&fit=max&fm=jpg&ixid=M3w5NDQwMTV8MHwxfHNlYXJjaHwxODN8fGFkdWx0JTIwZmFjZSUyMHBob3RvfGVufDB8fHx8MTc3ODA2ODg0NHww&ixlib=rb-4.1.0&q=80&w=1080,REAL,Female,18-25,True
1050,https://images.unsplash.com/photo-1619451684167-8099a2636378?crop=entropy&cs=tinysrgb&fit=max&fm=jpg&ixid=M3w5NDQwMTV8MHwxfHNlYXJjaHw1NDB8fG1hbiUyMGZhY2UlMjBjbG9zZXVwfGVufDB8fHx8MTc3ODA2NTIzNHww&ixlib=rb-4.1.0&q=80&w=1080,REAL,Female,18-25,True
805,https://images.unsplash.com/photo-1755190897791-7040dfdb988f?crop=entropy&cs=tinysrgb&fit=max&fm=jpg&ixid=M3w5NDQwMTV8MHwxfHNlYXJjaHwyOTV8fG1hbiUyMGZhY2UlMjBjbG9zZXVwfGVufDB8fHx8MTc3ODA2NTIxNnww&ixlib=rb-4.1.0&q=80&w=1080,REAL,Unknown,50+,True
2637,https://images.unsplash.com/photo-1611631770913-ceaaa9a54011?crop=entropy&cs=tinysrgb&fit=max&fm=jpg&ixid=M3w5NDQwMTV8MHwxfHNlYXJjaHw0MTd8fGFkdWx0JTIwZmFjZSUyMHBob3RvfGVufDB8fHx8MTc3ODA2ODg2MXww&ixlib=rb-4.1.0&q=80&w=1080,REAL,Male,26-35,True
2044,https://images.unsplash.com/photo-1732124740807-390dc648ed55?crop=entropy&cs=tinysrgb&fit=max&fm=jpg&ixid=M3w5NDQwMTV8MHwxfHNlYXJjaHwzOTR8fHBlcnNvbiUyMGZhY2UlMjBwaG90b3xlbnwwfHx8fDE3NzgwNjUzMDV8MA&ixlib=rb-4.1.0&q=80&w=1080,REAL,Female,18-25,True
5332,https://api.dicebear.com/7.x/personas/jpg?seed=user2274&size=300,FAKE,Unknown,26-35,True
2336,https://images.unsplash.com/photo-1739671586168-ba5e13e014f6?crop=entropy&cs=tinysrgb&fit=max&fm=jpg&ixid=M3w5NDQwMTV8MHwxfHNlYXJjaHwxMTZ8fGFkdWx0JTIwZmFjZSUyMHBob3RvfGVufDB8fHx8MTc3ODA2ODgzOHww&ixlib=rb-4.1.0&q=80&w=1080,REAL,Male,18-25,True
4418,https://api.dicebear.com/7.x/personas/jpg?seed=user1360&size=300,FAKE,Unknown,50+,True
134,https://images.unsplash.com/photo-1697143029985-e3cf268ddff7?crop=entropy&cs=tinysrgb&fit=max&fm=jpg&ixid=M3w5NDQwMTV8MHwxfHNlYXJjaHwxMzR8fGh1bWFuJTIwZmFjZSUyMHBvcnRyYWl0fGVufDB8fHx8MTc3ODA2NDcyNXww&ixlib=rb-4.1.0&q=80&w=1080,REAL,Female,50+,True
3911,https://api.dicebear.com/7.x/personas/jpg?seed=user853&size=300,FAKE,Unknown,50+,True
319,https://images.unsplash.com/photo-1585584004599-1927cb291903?crop=entropy&cs=tinysrgb&fit=max&fm=jpg&ixid=M3w5NDQwMTV8MHwxfHNlYXJjaHwzNDl8fGh1bWFuJTIwZmFjZSUyMHBvcnRyYWl0fGVufDB8fHx8MTc3ODA2NDk5MHww&ixlib=rb-4.1.0&q=80&w=1080,REAL,Male,26-35,True
2871,https://randomuser.me/api/portraits/men/81.jpg,FAKE,Male,26-35,True
3349,https://api.dicebear.com/7.x/personas/jpg?seed=user291&size=300,FAKE,Unknown,50+,True
3706,https://api.dicebear.com/7.x/personas/jpg?seed=user648&size=300,FAKE,Unknown,50+,True
1135,https://images.unsplash.com/photo-1675705445381-db30ca7834de?crop=entropy&cs=tinysrgb&fit=max&fm=jpg&ixid=M3w5NDQwMTV8MHwxfHNlYXJjaHw1NXx8d29tYW4lMjBmYWNlJTIwcG9ydHJhaXR8ZW58MHx8fHwxNzc4MDY1MjQyfDA&ixlib=rb-4.1.0&q=80&w=1080,REAL,Unknown,36-50,True
3988,https://api.dicebear.com/7.x/personas/jpg?seed=user930&size=300,FAKE,Unknown,50+,True
2893,https://randomuser.me/api/portraits/women/4.jpg,FAKE,Female,36-50,True
854,https://images.unsplash.com/photo-1585402627084-e80d83061b76?crop=entropy&cs=tinysrgb&fit=max&fm=jpg&ixid=M3w5NDQwMTV8MHwxfHNlYXJjaHwzNDR8fG1hbiUyMGZhY2UlMjBjbG9zZXVwfGVufDB8fHx8MTc3ODA2NTIyMnww&ixlib=rb-4.1.0&q=80&w=1080,REAL,Female,26-35,True
4238,https://api.dicebear.com/7.x/personas/jpg?seed=user1180&size=300,FAKE,Unknown,36-50,True
3889,https://api.dicebear.com/7.x/personas/jpg?seed=user831&size=300,FAKE,Unknown,50+,True
2010,https://images.unsplash.com/photo-1602730207460-826fd46361d1?crop=entropy&cs=tinysrgb&fit=max&fm=jpg&ixid=M3w5NDQwMTV8MHwxfHNlYXJjaHwzNjB8fHBlcnNvbiUyMGZhY2UlMjBwaG90b3xlbnwwfHx8fDE3NzgwNjUzMDF8MA&ixlib=rb-4.1.0&q=80&w=1080,REAL,Male,26-35,True
3845,https://api.dicebear.com/7.x/personas/jpg?seed=user787&size=300,FAKE,Unknown,26-35,True
4916,https://api.dicebear.com/7.x/personas/jpg?seed=user1858&size=300,FAKE,Unknown,26-35,True
2539,https://images.unsplash.com/photo-1617428882846-7e235cbeabe4?crop=entropy&cs=tinysrgb&fit=max&fm=jpg&ixid=M3w5NDQwMTV8MHwxfHNlYXJjaHwzMTl8fGFkdWx0JTIwZmFjZSUyMHBob3RvfGVufDB8fHx8MTc3ODA2ODg1M3ww&ixlib=rb-4.1.0&q=80&w=1080,REAL,Male,36-50,True
733,https://images.unsplash.com/photo-1767939641721-90fe0a9c3374?crop=entropy&cs=tinysrgb&fit=max&fm=jpg&ixid=M3w5NDQwMTV8MHwxfHNlYXJjaHwyMjN8fG1hbiUyMGZhY2UlMjBjbG9zZXVwfGVufDB8fHx8MTc3ODA2NTIxMXww&ixlib=rb-4.1.0&q=80&w=1080,REAL,Male,18-25,True
4170,https://api.dicebear.com/7.x/personas/jpg?seed=user1112&size=300,FAKE,Unknown,26-35,True
4193,https://api.dicebear.com/7.x/personas/jpg?seed=user1135&size=300,FAKE,Unknown,50+,True
45,https://images.unsplash.com/photo-1578437125368-2e73983e7cac?crop=entropy&cs=tinysrgb&fit=max&fm=jpg&ixid=M3w5NDQwMTV8MHwxfHNlYXJjaHw0NXx8aHVtYW4lMjBmYWNlJTIwcG9ydHJhaXR8ZW58MHx8fHwxNzc4MDY0NzA2fDA&ixlib=rb-4.1.0&q=80&w=1080,REAL,Unknown,50+,True
5148,https://api.dicebear.com/7.x/personas/jpg?seed=user2090&size=300,FAKE,Unknown,36-50,True
176,https://images.unsplash.com/photo-1752330161625-6580ef7cdac0?crop=entropy&cs=tinysrgb&fit=max&fm=jpg&ixid=M3w5NDQwMTV8MHwxfHNlYXJjaHwxNzZ8fGh1bWFuJTIwZmFjZSUyMHBvcnRyYWl0fGVufDB8fHx8MTc3ODA2NDc0OXww&ixlib=rb-4.1.0&q=80&w=1080,REAL,Unknown,26-35,True
4185,https://api.dicebear.com/7.x/personas/jpg?seed=user1127&size=300,FAKE,Unknown,36-50,True
2122,https://images.unsplash.com/photo-1611435401566-68fec74432ef?crop=entropy&cs=tinysrgb&fit=max&fm=jpg&ixid=M3w5NDQwMTV8MHwxfHNlYXJjaHw0NzJ8fHBlcnNvbiUyMGZhY2UlMjBwaG90b3xlbnwwfHx8fDE3NzgwNjUzMTB8MA&ixlib=rb-4.1.0&q=80&w=1080,REAL,Female,18-25,True
2751,https://images.unsplash.com/photo-1546441790-3bb641a907a0?crop=entropy&cs=tinysrgb&fit=max&fm=jpg&ixid=M3w5NDQwMTV8MHwxfHNlYXJjaHw1MzF8fGFkdWx0JTIwZmFjZSUyMHBob3RvfGVufDB8fHx8MTc3ODA2ODg3NHww&ixlib=rb-4.1.0&q=80&w=1080,REAL,Female,18-25,True
4886,https://api.dicebear.com/7.x/personas/jpg?seed=user1828&size=300,FAKE,Unknown,18-25,True
1273,https://images.unsplash.com/photo-1642232330978-5f1135b0445a?crop=entropy&cs=tinysrgb&fit=max&fm=jpg&ixid=M3w5NDQwMTV8MHwxfHNlYXJjaHwxOTN8fHdvbWFuJTIwZmFjZSUyMHBvcnRyYWl0fGVufDB8fHx8MTc3ODA2NTI1M3ww&ixlib=rb-4.1.0&q=80&w=1080,REAL,Male,26-35,True
3219,https://api.dicebear.com/7.x/personas/jpg?seed=user161&size=300,FAKE,Unknown,18-25,True
3356,https://api.dicebear.com/7.x/personas/jpg?seed=user298&size=300,FAKE,Unknown,18-25,True
4326,https://api.dicebear.com/7.x/personas/jpg?seed=user1268&size=300,FAKE,Unknown,18-25,True
5277,https://api.dicebear.com/7.x/personas/jpg?seed=user2219&size=300,FAKE,Unknown,18-25,True
18,https://images.unsplash.com/photo-1724225618356-4af4289f62d9?crop=entropy&cs=tinysrgb&fit=max&fm=jpg&ixid=M3w5NDQwMTV8MHwxfHNlYXJjaHwxOHx8aHVtYW4lMjBmYWNlJTIwcG9ydHJhaXR8ZW58MHx8fHwxNzc4MDY0Njg3fDA&ixlib=rb-4.1.0&q=80&w=1080,REAL,Unknown,36-50,True
111,https://images.unsplash.com/photo-1697143028295-c9501e57925c?crop=entropy&cs=tinysrgb&fit=max&fm=jpg&ixid=M3w5NDQwMTV8MHwxfHNlYXJjaHwxMTF8fGh1bWFuJTIwZmFjZSUyMHBvcnRyYWl0fGVufDB8fHx8MTc3ODA2NDcyMXww&ixlib=rb-4.1.0&q=80&w=1080,REAL,Male,18-25,True
2475,https://images.unsplash.com/photo-1589723789826-8783dda0d502?crop=entropy&cs=tinysrgb&fit=max&fm=jpg&ixid=M3w5NDQwMTV8MHwxfHNlYXJjaHwyNTV8fGFkdWx0JTIwZmFjZSUyMHBob3RvfGVufDB8fHx8MTc3ODA2ODg0OXww&ixlib=rb-4.1.0&q=80&w=1080,REAL,Female,36-50,True
2046,https://images.unsplash.com/photo-1689803768564-b0975f1289ef?crop=entropy&cs=tinysrgb&fit=max&fm=jpg&ixid=M3w5NDQwMTV8MHwxfHNlYXJjaHwzOTZ8fHBlcnNvbiUyMGZhY2UlMjBwaG90b3xlbnwwfHx8fDE3NzgwNjUzMDV8MA&ixlib=rb-4.1.0&q=80&w=1080,REAL,Unknown,18-25,True
698,https://images.unsplash.com/photo-1649430264286-572cc6895a84?crop=entropy&cs=tinysrgb&fit=max&fm=jpg&ixid=M3w5NDQwMTV8MHwxfHNlYXJjaHwxODh8fG1hbiUyMGZhY2UlMjBjbG9zZXVwfGVufDB8fHx8MTc3ODA2NTIwOXww&ixlib=rb-4.1.0&q=80&w=1080,REAL,Female,18-25,True
4747,https://api.dicebear.com/7.x/personas/jpg?seed=user1689&size=300,FAKE,Unknown,26-35,True
2143,https://images.unsplash.com/photo-1655368645558-93cf220eddd5?crop=entropy&cs=tinysrgb&fit=max&fm=jpg&ixid=M3w5NDQwMTV8MHwxfHNlYXJjaHw0OTN8fHBlcnNvbiUyMGZhY2UlMjBwaG90b3xlbnwwfHx8fDE3NzgwNjUzMTN8MA&ixlib=rb-4.1.0&q=80&w=1080,REAL,Female,26-35,True
3670,https://api.dicebear.com/7.x/personas/jpg?seed=user612&size=300,FAKE,Unknown,18-25,True
2541,https://images.unsplash.com/photo-1612601006505-1254db3e290d?crop=entropy&cs=tinysrgb&fit=max&fm=jpg&ixid=M3w5NDQwMTV8MHwxfHNlYXJjaHwzMjF8fGFkdWx0JTIwZmFjZSUyMHBob3RvfGVufDB8fHx8MTc3ODA2ODg1M3ww&ixlib=rb-4.1.0&q=80&w=1080,REAL,Male,50+,True
4717,https://api.dicebear.com/7.x/personas/jpg?seed=user1659&size=300,FAKE,Unknown,36-50,True
1985,https://images.unsplash.com/photo-1648484859917-e396c8a88803?crop=entropy&cs=tinysrgb&fit=max&fm=jpg&ixid=M3w5NDQwMTV8MHwxfHNlYXJjaHwzMzV8fHBlcnNvbiUyMGZhY2UlMjBwaG90b3xlbnwwfHx8fDE3NzgwNjUzMDF8MA&ixlib=rb-4.1.0&q=80&w=1080,REAL,Female,36-50,True
783,https://images.unsplash.com/photo-1615890223236-932d93e2ae05?crop=entropy&cs=tinysrgb&fit=max&fm=jpg&ixid=M3w5NDQwMTV8MHwxfHNlYXJjaHwyNzN8fG1hbiUyMGZhY2UlMjBjbG9zZXVwfGVufDB8fHx8MTc3ODA2NTIxNnww&ixlib=rb-4.1.0&q=80&w=1080,REAL,Unknown,26-35,True
4621,https://api.dicebear.com/7.x/personas/jpg?seed=user1563&size=300,FAKE,Unknown,36-50,True
2999,https://i.pravatar.cc/300?img=11,FAKE,Unknown,36-50,True
5415,https://api.dicebear.com/7.x/personas/jpg?seed=user2357&size=300,FAKE,Unknown,36-50,True
2574,https://images.unsplash.com/photo-1600006620831-51c41bdd17d9?crop=entropy&cs=tinysrgb&fit=max&fm=jpg&ixid=M3w5NDQwMTV8MHwxfHNlYXJjaHwzNTR8fGFkdWx0JTIwZmFjZSUyMHBob3RvfGVufDB8fHx8MTc3ODA2ODg1NXww&ixlib=rb-4.1.0&q=80&w=1080,REAL,Male,36-50,True
1783,https://images.unsplash.com/photo-1622022169552-82259e7c324c?crop=entropy&cs=tinysrgb&fit=max&fm=jpg&ixid=M3w5NDQwMTV8MHwxfHNlYXJjaHwxMzN8fHBlcnNvbiUyMGZhY2UlMjBwaG90b3xlbnwwfHx8fDE3NzgwNjUyODZ8MA&ixlib=rb-4.1.0&q=80&w=1080,REAL,Female,36-50,True
1949,https://images.unsplash.com/photo-1648484860021-ad9eaa439066?crop=entropy&cs=tinysrgb&fit=max&fm=jpg&ixid=M3w5NDQwMTV8MHwxfHNlYXJjaHwyOTl8fHBlcnNvbiUyMGZhY2UlMjBwaG90b3xlbnwwfHx8fDE3NzgwNjUyOTd8MA&ixlib=rb-4.1.0&q=80&w=1080,REAL,Unknown,26-35,True
3959,https://api.dicebear.com/7.x/personas/jpg?seed=user901&size=300,FAKE,Unknown,18-25,True
4016,https://api.dicebear.com/7.x/personas/jpg?seed=user958&size=300,FAKE,Unknown,50+,True
304,https://images.unsplash.com/photo-1589818350331-a2a1ec411f84?crop=entropy&cs=tinysrgb&fit=max&fm=jpg&ixid=M3w5NDQwMTV8MHwxfHNlYXJjaHwzMzR8fGh1bWFuJTIwZmFjZSUyMHBvcnRyYWl0fGVufDB8fHx8MTc3ODA2NDk5MHww&ixlib=rb-4.1.0&q=80&w=1080,REAL,Female,50+,True
228,https://images.unsplash.com/photo-1635969064571-5aa8b24b9a62?crop=entropy&cs=tinysrgb&fit=max&fm=jpg&ixid=M3w5NDQwMTV8MHwxfHNlYXJjaHwyNTh8fGh1bWFuJTIwZmFjZSUyMHBvcnRyYWl0fGVufDB8fHx8MTc3ODA2NDg3MHww&ixlib=rb-4.1.0&q=80&w=1080,REAL,Female,36-50,True
3005,https://i.pravatar.cc/300?img=17,FAKE,Unknown,26-35,True
760,https://images.unsplash.com/photo-1661859425965-0dc4dd6fb907?crop=entropy&cs=tinysrgb&fit=max&fm=jpg&ixid=M3w5NDQwMTV8MHwxfHNlYXJjaHwyNTB8fG1hbiUyMGZhY2UlMjBjbG9zZXVwfGVufDB8fHx8MTc3ODA2NTIxM3ww&ixlib=rb-4.1.0&q=80&w=1080,REAL,Female,18-25,True
732,https://images.unsplash.com/photo-1496767981234-235c318a7b32?crop=entropy&cs=tinysrgb&fit=max&fm=jpg&ixid=M3w5NDQwMTV8MHwxfHNlYXJjaHwyMjJ8fG1hbiUyMGZhY2UlMjBjbG9zZXVwfGVufDB8fHx8MTc3ODA2NTIxMXww&ixlib=rb-4.1.0&q=80&w=1080,REAL,Male,36-50,True
1852,https://images.unsplash.com/photo-1596801493225-c4737aee9026?crop=entropy&cs=tinysrgb&fit=max&fm=jpg&ixid=M3w5NDQwMTV8MHwxfHNlYXJjaHwyMDJ8fHBlcnNvbiUyMGZhY2UlMjBwaG90b3xlbnwwfHx8fDE3NzgwNjUyOTB8MA&ixlib=rb-4.1.0&q=80&w=1080,REAL,Female,26-35,True
1143,https://images.unsplash.com/photo-1610384458867-67792bc5a7a6?crop=entropy&cs=tinysrgb&fit=max&fm=jpg&ixid=M3w5NDQwMTV8MHwxfHNlYXJjaHw2M3x8d29tYW4lMjBmYWNlJTIwcG9ydHJhaXR8ZW58MHx8fHwxNzc4MDY1MjQ0fDA&ixlib=rb-4.1.0&q=80&w=1080,REAL,Unknown,50+,True
4030,https://api.dicebear.com/7.x/personas/jpg?seed=user972&size=300,FAKE,Unknown,26-35,True
5366,https://api.dicebear.com/7.x/personas/jpg?seed=user2308&size=300,FAKE,Unknown,18-25,True
5103,https://api.dicebear.com/7.x/personas/jpg?seed=user2045&size=300,FAKE,Unknown,50+,True
842,https://images.unsplash.com/photo-1603297430336-03c3265b54f9?crop=entropy&cs=tinysrgb&fit=max&fm=jpg&ixid=M3w5NDQwMTV8MHwxfHNlYXJjaHwzMzJ8fG1hbiUyMGZhY2UlMjBjbG9zZXVwfGVufDB8fHx8MTc3ODA2NTIyMnww&ixlib=rb-4.1.0&q=80&w=1080,REAL,Unknown,18-25,True
4321,https://api.dicebear.com/7.x/personas/jpg?seed=user1263&size=300,FAKE,Unknown,18-25,True
2830,https://randomuser.me/api/portraits/men/40.jpg,FAKE,Male,36-50,True
4999,https://api.dicebear.com/7.x/personas/jpg?seed=user1941&size=300,FAKE,Unknown,36-50,True
2452,https://images.unsplash.com/photo-1652883254451-a7c2b94cc35b?crop=entropy&cs=tinysrgb&fit=max&fm=jpg&ixid=M3w5NDQwMTV8MHwxfHNlYXJjaHwyMzJ8fGFkdWx0JTIwZmFjZSUyMHBob3RvfGVufDB8fHx8MTc3ODA2ODg0Nnww&ixlib=rb-4.1.0&q=80&w=1080,REAL,Female,50+,True
2183,https://images.unsplash.com/photo-1700317440795-4f52d9364783?crop=entropy&cs=tinysrgb&fit=max&fm=jpg&ixid=M3w5NDQwMTV8MHwxfHNlYXJjaHw1MzN8fHBlcnNvbiUyMGZhY2UlMjBwaG90b3xlbnwwfHx8fDE3NzgwNjUzMTZ8MA&ixlib=rb-4.1.0&q=80&w=1080,REAL,Female,18-25,True
171,https://images.unsplash.com/photo-1495924979005-79104481a52f?crop=entropy&cs=tinysrgb&fit=max&fm=jpg&ixid=M3w5NDQwMTV8MHwxfHNlYXJjaHwxNzF8fGh1bWFuJTIwZmFjZSUyMHBvcnRyYWl0fGVufDB8fHx8MTc3ODA2NDc0OXww&ixlib=rb-4.1.0&q=80&w=1080,REAL,Unknown,26-35,True
1094,https://images.unsplash.com/photo-1611232658157-24e53cb53a7a?crop=entropy&cs=tinysrgb&fit=max&fm=jpg&ixid=M3w5NDQwMTV8MHwxfHNlYXJjaHwxNHx8d29tYW4lMjBmYWNlJTIwcG9ydHJhaXR8ZW58MHx8fHwxNzc4MDY1MjM5fDA&ixlib=rb-4.1.0&q=80&w=1080,REAL,Female,36-50,True
5095,https://api.dicebear.com/7.x/personas/jpg?seed=user2037&size=300,FAKE,Unknown,18-25,True
3954,https://api.dicebear.com/7.x/personas/jpg?seed=user896&size=300,FAKE,Unknown,26-35,True
3001,https://i.pravatar.cc/300?img=13,FAKE,Unknown,36-50,True
4599,https://api.dicebear.com/7.x/personas/jpg?seed=user1541&size=300,FAKE,Unknown,50+,True
5396,https://api.dicebear.com/7.x/personas/jpg?seed=user2338&size=300,FAKE,Unknown,36-50,True
2366,https://images.unsplash.com/photo-1726741695822-8abfeb691be9?crop=entropy&cs=tinysrgb&fit=max&fm=jpg&ixid=M3w5NDQwMTV8MHwxfHNlYXJjaHwxNDZ8fGFkdWx0JTIwZmFjZSUyMHBob3RvfGVufDB8fHx8MTc3ODA2ODg0MHww&ixlib=rb-4.1.0&q=80&w=1080,REAL,Unknown,50+,True
5019,https://api.dicebear.com/7.x/personas/jpg?seed=user1961&size=300,FAKE,Unknown,50+,True
4483,https://api.dicebear.com/7.x/personas/jpg?seed=user1425&size=300,FAKE,Unknown,36-50,True
3545,https://api.dicebear.com/7.x/personas/jpg?seed=user487&size=300,FAKE,Unknown,36-50,True
1397,https://images.unsplash.com/photo-1625586308775-8989b0256f3b?crop=entropy&cs=tinysrgb&fit=max&fm=jpg&ixid=M3w5NDQwMTV8MHwxfHNlYXJjaHwzMTd8fHdvbWFuJTIwZmFjZSUyMHBvcnRyYWl0fGVufDB8fHx8MTc3ODA2NTI2MXww&ixlib=rb-4.1.0&q=80&w=1080,REAL,Unknown,26-35,True
2935,https://randomuser.me/api/portraits/women/46.jpg,FAKE,Female,50+,True
803,https://images.unsplash.com/photo-1581094360472-0e10ec8889c9?crop=entropy&cs=tinysrgb&fit=max&fm=jpg&ixid=M3w5NDQwMTV8MHwxfHNlYXJjaHwyOTN8fG1hbiUyMGZhY2UlMjBjbG9zZXVwfGVufDB8fHx8MTc3ODA2NTIxNnww&ixlib=rb-4.1.0&q=80&w=1080,REAL,Female,18-25,True
1881,https://images.unsplash.com/photo-1726168798432-7f765fa44653?crop=entropy&cs=tinysrgb&fit=max&fm=jpg&ixid=M3w5NDQwMTV8MHwxfHNlYXJjaHwyMzF8fHBlcnNvbiUyMGZhY2UlMjBwaG90b3xlbnwwfHx8fDE3NzgwNjUyOTJ8MA&ixlib=rb-4.1.0&q=80&w=1080,REAL,Male,36-50,True
106,https://images.unsplash.com/photo-1564484653732-d26db45fdfc7?crop=entropy&cs=tinysrgb&fit=max&fm=jpg&ixid=M3w5NDQwMTV8MHwxfHNlYXJjaHwxMDZ8fGh1bWFuJTIwZmFjZSUyMHBvcnRyYWl0fGVufDB8fHx8MTc3ODA2NDcyMXww&ixlib=rb-4.1.0&q=80&w=1080,REAL,Female,26-35,True
1598,https://images.unsplash.com/photo-1631346543786-860da970da43?crop=entropy&cs=tinysrgb&fit=max&fm=jpg&ixid=M3w5NDQwMTV8MHwxfHNlYXJjaHw1MTh8fHdvbWFuJTIwZmFjZSUyMHBvcnRyYWl0fGVufDB8fHx8MTc3ODA2NTI3NHww&ixlib=rb-4.1.0&q=80&w=1080,REAL,Unknown,18-25,True
4050,https://api.dicebear.com/7.x/personas/jpg?seed=user992&size=300,FAKE,Unknown,50+,True
1191,https://images.unsplash.com/photo-1643215253189-8b59099369f0?crop=entropy&cs=tinysrgb&fit=max&fm=jpg&ixid=M3w5NDQwMTV8MHwxfHNlYXJjaHwxMTF8fHdvbWFuJTIwZmFjZSUyMHBvcnRyYWl0fGVufDB8fHx8MTc3ODA2NTI0Nnww&ixlib=rb-4.1.0&q=80&w=1080,REAL,Female,18-25,True
4733,https://api.dicebear.com/7.x/personas/jpg?seed=user1675&size=300,FAKE,Unknown,36-50,True
5318,https://api.dicebear.com/7.x/personas/jpg?seed=user2260&size=300,FAKE,Unknown,36-50,True
4314,https://api.dicebear.com/7.x/personas/jpg?seed=user1256&size=300,FAKE,Unknown,50+,True
4446,https://api.dicebear.com/7.x/personas/jpg?seed=user1388&size=300,FAKE,Unknown,50+,True
2461,https://images.unsplash.com/photo-1688660435269-9b2220f44c75?crop=entropy&cs=tinysrgb&fit=max&fm=jpg&ixid=M3w5NDQwMTV8MHwxfHNlYXJjaHwyNDF8fGFkdWx0JTIwZmFjZSUyMHBob3RvfGVufDB8fHx8MTc3ODA2ODg0OXww&ixlib=rb-4.1.0&q=80&w=1080,REAL,Unknown,26-35,True
741,https://images.unsplash.com/photo-1616651630898-d140eff5efa5?crop=entropy&cs=tinysrgb&fit=max&fm=jpg&ixid=M3w5NDQwMTV8MHwxfHNlYXJjaHwyMzF8fG1hbiUyMGZhY2UlMjBjbG9zZXVwfGVufDB8fHx8MTc3ODA2NTIxMXww&ixlib=rb-4.1.0&q=80&w=1080,REAL,Male,18-25,True
2078,https://images.unsplash.com/photo-1610695687078-7b7694f976cf?crop=entropy&cs=tinysrgb&fit=max&fm=jpg&ixid=M3w5NDQwMTV8MHwxfHNlYXJjaHw0Mjh8fHBlcnNvbiUyMGZhY2UlMjBwaG90b3xlbnwwfHx8fDE3NzgwNjUzMDh8MA&ixlib=rb-4.1.0&q=80&w=1080,REAL,Male,18-25,True
3968,https://api.dicebear.com/7.x/personas/jpg?seed=user910&size=300,FAKE,Unknown,50+,True
4037,https://api.dicebear.com/7.x/personas/jpg?seed=user979&size=300,FAKE,Unknown,36-50,True
4252,https://api.dicebear.com/7.x/personas/jpg?seed=user1194&size=300,FAKE,Unknown,50+,True
1774,https://images.unsplash.com/photo-1564484653732-d26db45fdfc7?crop=entropy&cs=tinysrgb&fit=max&fm=jpg&ixid=M3w5NDQwMTV8MHwxfHNlYXJjaHwxMjR8fHBlcnNvbiUyMGZhY2UlMjBwaG90b3xlbnwwfHx8fDE3NzgwNjUyODZ8MA&ixlib=rb-4.1.0&q=80&w=1080,REAL,Unknown,50+,True
3179,https://api.dicebear.com/7.x/personas/jpg?seed=user121&size=300,FAKE,Unknown,50+,True
1446,https://images.unsplash.com/photo-1635437408844-986e3fb5fb49?crop=entropy&cs=tinysrgb&fit=max&fm=jpg&ixid=M3w5NDQwMTV8MHwxfHNlYXJjaHwzNjZ8fHdvbWFuJTIwZmFjZSUyMHBvcnRyYWl0fGVufDB8fHx8MTc3ODA2NTI2NXww&ixlib=rb-4.1.0&q=80&w=1080,REAL,Female,26-35,True
1332,https://images.unsplash.com/photo-1656473004270-d318ee0e93e2?crop=entropy&cs=tinysrgb&fit=max&fm=jpg&ixid=M3w5NDQwMTV8MHwxfHNlYXJjaHwyNTJ8fHdvbWFuJTIwZmFjZSUyMHBvcnRyYWl0fGVufDB8fHx8MTc3ODA2NTI1N3ww&ixlib=rb-4.1.0&q=80&w=1080,REAL,Unknown,18-25,True
5276,https://api.dicebear.com/7.x/personas/jpg?seed=user2218&size=300,FAKE,Unknown,18-25,True
655,https://images.unsplash.com/photo-1762344356131-7b2e93816e22?crop=entropy&cs=tinysrgb&fit=max&fm=jpg&ixid=M3w5NDQwMTV8MHwxfHNlYXJjaHwxMTV8fG1hbiUyMGZhY2UlMjBjbG9zZXVwfGVufDB8fHx8MTc3ODA2NTA4NHww&ixlib=rb-4.1.0&q=80&w=1080,REAL,Female,50+,True
1354,https://images.unsplash.com/photo-1637690113767-d74b998a5e0c?crop=entropy&cs=tinysrgb&fit=max&fm=jpg&ixid=M3w5NDQwMTV8MHwxfHNlYXJjaHwyNzR8fHdvbWFuJTIwZmFjZSUyMHBvcnRyYWl0fGVufDB8fHx8MTc3ODA2NTI1OXww&ixlib=rb-4.1.0&q=80&w=1080,REAL,Unknown,26-35,True
3804,https://api.dicebear.com/7.x/personas/jpg?seed=user746&size=300,FAKE,Unknown,18-25,True
4834,https://api.dicebear.com/7.x/personas/jpg?seed=user1776&size=300,FAKE,Unknown,18-25,True
4529,https://api.dicebear.com/7.x/personas/jpg?seed=user1471&size=300,FAKE,Unknown,18-25,True
5523,https://api.dicebear.com/7.x/personas/jpg?seed=user2465&size=300,FAKE,Unknown,18-25,True
3201,https://api.dicebear.com/7.x/personas/jpg?seed=user143&size=300,FAKE,Unknown,26-35,True
2383,https://images.unsplash.com/photo-1750776579871-218e179e29c6?crop=entropy&cs=tinysrgb&fit=max&fm=jpg&ixid=M3w5NDQwMTV8MHwxfHNlYXJjaHwxNjN8fGFkdWx0JTIwZmFjZSUyMHBob3RvfGVufDB8fHx8MTc3ODA2ODg0Mnww&ixlib=rb-4.1.0&q=80&w=1080,REAL,Female,18-25,True
3393,https://api.dicebear.com/7.x/personas/jpg?seed=user335&size=300,FAKE,Unknown,18-25,True
4259,https://api.dicebear.com/7.x/personas/jpg?seed=user1201&size=300,FAKE,Unknown,36-50,True
3484,https://api.dicebear.com/7.x/personas/jpg?seed=user426&size=300,FAKE,Unknown,50+,True
3273,https://api.dicebear.com/7.x/personas/jpg?seed=user215&size=300,FAKE,Unknown,26-35,True
1252,https://images.unsplash.com/photo-1744580843110-965f560ea335?crop=entropy&cs=tinysrgb&fit=max&fm=jpg&ixid=M3w5NDQwMTV8MHwxfHNlYXJjaHwxNzJ8fHdvbWFuJTIwZmFjZSUyMHBvcnRyYWl0fGVufDB8fHx8MTc3ODA2NTI1MXww&ixlib=rb-4.1.0&q=80&w=1080,REAL,Male,26-35,True
2132,https://images.unsplash.com/photo-1728567813223-ba7b1404c9f9?crop=entropy&cs=tinysrgb&fit=max&fm=jpg&ixid=M3w5NDQwMTV8MHwxfHNlYXJjaHw0ODJ8fHBlcnNvbiUyMGZhY2UlMjBwaG90b3xlbnwwfHx8fDE3NzgwNjUzMTN8MA&ixlib=rb-4.1.0&q=80&w=1080,REAL,Unknown,36-50,True
1003,https://images.unsplash.com/photo-1551617405-f1fc4bcd9f25?crop=entropy&cs=tinysrgb&fit=max&fm=jpg&ixid=M3w5NDQwMTV8MHwxfHNlYXJjaHw0OTN8fG1hbiUyMGZhY2UlMjBjbG9zZXVwfGVufDB8fHx8MTc3ODA2NTIzMnww&ixlib=rb-4.1.0&q=80&w=1080,REAL,Male,18-25,True
1125,https://images.unsplash.com/photo-1581065124660-6fb43ed9e329?crop=entropy&cs=tinysrgb&fit=max&fm=jpg&ixid=M3w5NDQwMTV8MHwxfHNlYXJjaHw0NXx8d29tYW4lMjBmYWNlJTIwcG9ydHJhaXR8ZW58MHx8fHwxNzc4MDY1MjQyfDA&ixlib=rb-4.1.0&q=80&w=1080,REAL,Male,36-50,True
3063,https://api.dicebear.com/7.x/personas/jpg?seed=user5&size=300,FAKE,Unknown,18-25,True
849,https://images.unsplash.com/photo-1775260014779-dce3085fa73f?crop=entropy&cs=tinysrgb&fit=max&fm=jpg&ixid=M3w5NDQwMTV8MHwxfHNlYXJjaHwzMzl8fG1hbiUyMGZhY2UlMjBjbG9zZXVwfGVufDB8fHx8MTc3ODA2NTIyMnww&ixlib=rb-4.1.0&q=80&w=1080,REAL,Male,36-50,True
5218,https://api.dicebear.com/7.x/personas/jpg?seed=user2160&size=300,FAKE,Unknown,36-50,True
985,https://images.unsplash.com/photo-1588708930513-9bb61090b350?crop=entropy&cs=tinysrgb&fit=max&fm=jpg&ixid=M3w5NDQwMTV8MHwxfHNlYXJjaHw0NzV8fG1hbiUyMGZhY2UlMjBjbG9zZXVwfGVufDB8fHx8MTc3ODA2NTIzMHww&ixlib=rb-4.1.0&q=80&w=1080,REAL,Male,50+,True
1333,https://images.unsplash.com/photo-1656473009664-b572538e1cf3?crop=entropy&cs=tinysrgb&fit=max&fm=jpg&ixid=M3w5NDQwMTV8MHwxfHNlYXJjaHwyNTN8fHdvbWFuJTIwZmFjZSUyMHBvcnRyYWl0fGVufDB8fHx8MTc3ODA2NTI1N3ww&ixlib=rb-4.1.0&q=80&w=1080,REAL,Unknown,50+,True
313,https://images.unsplash.com/photo-1612999590549-978cfde66b66?crop=entropy&cs=tinysrgb&fit=max&fm=jpg&ixid=M3w5NDQwMTV8MHwxfHNlYXJjaHwzNDN8fGh1bWFuJTIwZmFjZSUyMHBvcnRyYWl0fGVufDB8fHx8MTc3ODA2NDk5MHww&ixlib=rb-4.1.0&q=80&w=1080,REAL,Male,18-25,True
3198,https://api.dicebear.com/7.x/personas/jpg?seed=user140&size=300,FAKE,Unknown,18-25,True
3858,https://api.dicebear.com/7.x/personas/jpg?seed=user800&size=300,FAKE,Unknown,50+,True
1970,https://images.unsplash.com/photo-1648484859917-e396c8a88803?crop=entropy&cs=tinysrgb&fit=max&fm=jpg&ixid=M3w5NDQwMTV8MHwxfHNlYXJjaHwzMjB8fHBlcnNvbiUyMGZhY2UlMjBwaG90b3xlbnwwfHx8fDE3NzgwNjUyOTl8MA&ixlib=rb-4.1.0&q=80&w=1080,REAL,Male,50+,True
1457,https://images.unsplash.com/photo-1618400219392-ec4d1a2ab962?crop=entropy&cs=tinysrgb&fit=max&fm=jpg&ixid=M3w5NDQwMTV8MHwxfHNlYXJjaHwzNzd8fHdvbWFuJTIwZmFjZSUyMHBvcnRyYWl0fGVufDB8fHx8MTc3ODA2NTI2NXww&ixlib=rb-4.1.0&q=80&w=1080,REAL,Female,18-25,True
2858,https://randomuser.me/api/portraits/men/68.jpg,FAKE,Male,26-35,True
5425,https://api.dicebear.com/7.x/personas/jpg?seed=user2367&size=300,FAKE,Unknown,26-35,True
5013,https://api.dicebear.com/7.x/personas/jpg?seed=user1955&size=300,FAKE,Unknown,36-50,True
5307,https://api.dicebear.com/7.x/personas/jpg?seed=user2249&size=300,FAKE,Unknown,50+,True
4456,https://api.dicebear.com/7.x/personas/jpg?seed=user1398&size=300,FAKE,Unknown,50+,True
2969,https://randomuser.me/api/portraits/women/80.jpg,FAKE,Female,18-25,True
2012,https://images.unsplash.com/photo-1738130325148-e81feea5b3a1?crop=entropy&cs=tinysrgb&fit=max&fm=jpg&ixid=M3w5NDQwMTV8MHwxfHNlYXJjaHwzNjJ8fHBlcnNvbiUyMGZhY2UlMjBwaG90b3xlbnwwfHx8fDE3NzgwNjUzMDN8MA&ixlib=rb-4.1.0&q=80&w=1080,REAL,Male,18-25,True
4485,https://api.dicebear.com/7.x/personas/jpg?seed=user1427&size=300,FAKE,Unknown,18-25,True
3497,https://api.dicebear.com/7.x/personas/jpg?seed=user439&size=300,FAKE,Unknown,36-50,True
2083,https://images.unsplash.com/photo-1726741696624-e840ebe74b51?crop=entropy&cs=tinysrgb&fit=max&fm=jpg&ixid=M3w5NDQwMTV8MHwxfHNlYXJjaHw0MzN8fHBlcnNvbiUyMGZhY2UlMjBwaG90b3xlbnwwfHx8fDE3NzgwNjUzMDh8MA&ixlib=rb-4.1.0&q=80&w=1080,REAL,Unknown,26-35,True
3104,https://api.dicebear.com/7.x/personas/jpg?seed=user46&size=300,FAKE,Unknown,18-25,True
5351,https://api.dicebear.com/7.x/personas/jpg?seed=user2293&size=300,FAKE,Unknown,26-35,True
4406,https://api.dicebear.com/7.x/personas/jpg?seed=user1348&size=300,FAKE,Unknown,50+,True
567,https://images.unsplash.com/photo-1653146886059-06f022c6edb5?crop=entropy&cs=tinysrgb&fit=max&fm=jpg&ixid=M3w5NDQwMTV8MHwxfHNlYXJjaHwyN3x8bWFuJTIwZmFjZSUyMGNsb3NldXB8ZW58MHx8fHwxNzc4MDY1MDYzfDA&ixlib=rb-4.1.0&q=80&w=1080,REAL,Unknown,18-25,True
722,https://images.unsplash.com/photo-1589221144674-e0ff116997f7?crop=entropy&cs=tinysrgb&fit=max&fm=jpg&ixid=M3w5NDQwMTV8MHwxfHNlYXJjaHwyMTJ8fG1hbiUyMGZhY2UlMjBjbG9zZXVwfGVufDB8fHx8MTc3ODA2NTIxMXww&ixlib=rb-4.1.0&q=80&w=1080,REAL,Male,36-50,True
2578,https://images.unsplash.com/photo-1615965763777-785b2b0e9162?crop=entropy&cs=tinysrgb&fit=max&fm=jpg&ixid=M3w5NDQwMTV8MHwxfHNlYXJjaHwzNTh8fGFkdWx0JTIwZmFjZSUyMHBob3RvfGVufDB8fHx8MTc3ODA2ODg1NXww&ixlib=rb-4.1.0&q=80&w=1080,REAL,Female,36-50,True
3003,https://i.pravatar.cc/300?img=15,FAKE,Unknown,18-25,True
70,https://images.unsplash.com/photo-1631909112399-f295a25e3a8a?crop=entropy&cs=tinysrgb&fit=max&fm=jpg&ixid=M3w5NDQwMTV8MHwxfHNlYXJjaHw3MHx8aHVtYW4lMjBmYWNlJTIwcG9ydHJhaXR8ZW58MHx8fHwxNzc4MDY0NzE3fDA&ixlib=rb-4.1.0&q=80&w=1080,REAL,Female,50+,True
431,https://images.unsplash.com/photo-1754671246404-5de19bf22b68?crop=entropy&cs=tinysrgb&fit=max&fm=jpg&ixid=M3w5NDQwMTV8MHwxfHNlYXJjaHw0NjF8fGh1bWFuJTIwZmFjZSUyMHBvcnRyYWl0fGVufDB8fHx8MTc3ODA2NTAzM3ww&ixlib=rb-4.1.0&q=80&w=1080,REAL,Female,26-35,True
3062,https://api.dicebear.com/7.x/personas/jpg?seed=user4&size=300,FAKE,Unknown,50+,True
5374,https://api.dicebear.com/7.x/personas/jpg?seed=user2316&size=300,FAKE,Unknown,36-50,True
978,https://images.unsplash.com/photo-1775219821882-ed6ec3f10fed?crop=entropy&cs=tinysrgb&fit=max&fm=jpg&ixid=M3w5NDQwMTV8MHwxfHNlYXJjaHw0Njh8fG1hbiUyMGZhY2UlMjBjbG9zZXVwfGVufDB8fHx8MTc3ODA2NTIzMHww&ixlib=rb-4.1.0&q=80&w=1080,REAL,Unknown,36-50,True
256,https://images.unsplash.com/photo-1630026317249-c1c83b21ea07?crop=entropy&cs=tinysrgb&fit=max&fm=jpg&ixid=M3w5NDQwMTV8MHwxfHNlYXJjaHwyODZ8fGh1bWFuJTIwZmFjZSUyMHBvcnRyYWl0fGVufDB8fHx8MTc3ODA2NDkwMnww&ixlib=rb-4.1.0&q=80&w=1080,REAL,Female,50+,True
1370,https://images.unsplash.com/photo-1643206687509-e152509f8eca?crop=entropy&cs=tinysrgb&fit=max&fm=jpg&ixid=M3w5NDQwMTV8MHwxfHNlYXJjaHwyOTB8fHdvbWFuJTIwZmFjZSUyMHBvcnRyYWl0fGVufDB8fHx8MTc3ODA2NTI1OXww&ixlib=rb-4.1.0&q=80&w=1080,REAL,Female,50+,True
545,https://images.unsplash.com/photo-1746721931312-9a630c0bc00d?crop=entropy&cs=tinysrgb&fit=max&fm=jpg&ixid=M3w5NDQwMTV8MHwxfHNlYXJjaHw1fHxtYW4lMjBmYWNlJTIwY2xvc2V1cHxlbnwwfHx8fDE3NzgwNjUwNjN8MA&ixlib=rb-4.1.0&q=80&w=1080,REAL,Male,26-35,True
4423,https://api.dicebear.com/7.x/personas/jpg?seed=user1365&size=300,FAKE,Unknown,18-25,True
758,https://images.unsplash.com/photo-1553198006-8f63e9ee0ae9?crop=entropy&cs=tinysrgb&fit=max&fm=jpg&ixid=M3w5NDQwMTV8MHwxfHNlYXJjaHwyNDh8fG1hbiUyMGZhY2UlMjBjbG9zZXVwfGVufDB8fHx8MTc3ODA2NTIxM3ww&ixlib=rb-4.1.0&q=80&w=1080,REAL,Unknown,36-50,True
4135,https://api.dicebear.com/7.x/personas/jpg?seed=user1077&size=300,FAKE,Unknown,26-35,True
1305,https://images.unsplash.com/photo-1636208640803-6a443f9676d4?crop=entropy&cs=tinysrgb&fit=max&fm=jpg&ixid=M3w5NDQwMTV8MHwxfHNlYXJjaHwyMjV8fHdvbWFuJTIwZmFjZSUyMHBvcnRyYWl0fGVufDB8fHx8MTc3ODA2NTI1NXww&ixlib=rb-4.1.0&q=80&w=1080,REAL,Female,26-35,True
1658,https://images.unsplash.com/photo-1589837396034-518c01de601a?crop=entropy&cs=tinysrgb&fit=max&fm=jpg&ixid=M3w5NDQwMTV8MHwxfHNlYXJjaHw4fHxwZXJzb24lMjBmYWNlJTIwcGhvdG98ZW58MHx8fHwxNzc4MDY1Mjc4fDA&ixlib=rb-4.1.0&q=80&w=1080,REAL,Unknown,18-25,True
4076,https://api.dicebear.com/7.x/personas/jpg?seed=user1018&size=300,FAKE,Unknown,26-35,True
3882,https://api.dicebear.com/7.x/personas/jpg?seed=user824&size=300,FAKE,Unknown,18-25,True
4537,https://api.dicebear.com/7.x/personas/jpg?seed=user1479&size=300,FAKE,Unknown,26-35,True
4165,https://api.dicebear.com/7.x/personas/jpg?seed=user1107&size=300,FAKE,Unknown,36-50,True
2253,https://images.unsplash.com/photo-1605284909169-5e93b375cd4d?crop=entropy&cs=tinysrgb&fit=max&fm=jpg&ixid=M3w5NDQwMTV8MHwxfHNlYXJjaHwzM3x8YWR1bHQlMjBmYWNlJTIwcGhvdG98ZW58MHx8fHwxNzc4MDY4ODMzfDA&ixlib=rb-4.1.0&q=80&w=1080,REAL,Male,18-25,True
1490,https://images.unsplash.com/photo-1749555459981-5193c187e57a?crop=entropy&cs=tinysrgb&fit=max&fm=jpg&ixid=M3w5NDQwMTV8MHwxfHNlYXJjaHw0MTB8fHdvbWFuJTIwZmFjZSUyMHBvcnRyYWl0fGVufDB8fHx8MTc3ODA2NTI2N3ww&ixlib=rb-4.1.0&q=80&w=1080,REAL,Unknown,26-35,True
542,https://images.unsplash.com/photo-1593075826385-75cdecda064c?crop=entropy&cs=tinysrgb&fit=max&fm=jpg&ixid=M3w5NDQwMTV8MHwxfHNlYXJjaHwyfHxtYW4lMjBmYWNlJTIwY2xvc2V1cHxlbnwwfHx8fDE3NzgwNjUwNjN8MA&ixlib=rb-4.1.0&q=80&w=1080,REAL,Unknown,36-50,True
3321,https://api.dicebear.com/7.x/personas/jpg?seed=user263&size=300,FAKE,Unknown,36-50,True
5346,https://api.dicebear.com/7.x/personas/jpg?seed=user2288&size=300,FAKE,Unknown,50+,True
971,https://images.unsplash.com/photo-1739567994955-6441a2fbb62d?crop=entropy&cs=tinysrgb&fit=max&fm=jpg&ixid=M3w5NDQwMTV8MHwxfHNlYXJjaHw0NjF8fG1hbiUyMGZhY2UlMjBjbG9zZXVwfGVufDB8fHx8MTc3ODA2NTIzMHww&ixlib=rb-4.1.0&q=80&w=1080,REAL,Unknown,36-50,True
5503,https://api.dicebear.com/7.x/personas/jpg?seed=user2445&size=300,FAKE,Unknown,36-50,True
746,https://images.unsplash.com/photo-1639033162421-0c8b243c3dc7?crop=entropy&cs=tinysrgb&fit=max&fm=jpg&ixid=M3w5NDQwMTV8MHwxfHNlYXJjaHwyMzZ8fG1hbiUyMGZhY2UlMjBjbG9zZXVwfGVufDB8fHx8MTc3ODA2NTIxMXww&ixlib=rb-4.1.0&q=80&w=1080,REAL,Male,26-35,True
2974,https://randomuser.me/api/portraits/women/85.jpg,FAKE,Female,50+,True
197,https://images.unsplash.com/photo-1731569120347-ad91b1a742fa?crop=entropy&cs=tinysrgb&fit=max&fm=jpg&ixid=M3w5NDQwMTV8MHwxfHNlYXJjaHwxOTd8fGh1bWFuJTIwZmFjZSUyMHBvcnRyYWl0fGVufDB8fHx8MTc3ODA2NDc1M3ww&ixlib=rb-4.1.0&q=80&w=1080,REAL,Unknown,50+,True
965,https://images.unsplash.com/photo-1618382521252-3077683d4a5f?crop=entropy&cs=tinysrgb&fit=max&fm=jpg&ixid=M3w5NDQwMTV8MHwxfHNlYXJjaHw0NTV8fG1hbiUyMGZhY2UlMjBjbG9zZXVwfGVufDB8fHx8MTc3ODA2NTIzMHww&ixlib=rb-4.1.0&q=80&w=1080,REAL,Male,36-50,True
916,https://images.unsplash.com/photo-1567347885227-8b7e2b4a7112?crop=entropy&cs=tinysrgb&fit=max&fm=jpg&ixid=M3w5NDQwMTV8MHwxfHNlYXJjaHw0MDZ8fG1hbiUyMGZhY2UlMjBjbG9zZXVwfGVufDB8fHx8MTc3ODA2NTIyNnww&ixlib=rb-4.1.0&q=80&w=1080,REAL,Female,26-35,True
3348,https://api.dicebear.com/7.x/personas/jpg?seed=user290&size=300,FAKE,Unknown,50+,True
2662,https://images.unsplash.com/photo-1736258451652-2a79a5425f29?crop=entropy&cs=tinysrgb&fit=max&fm=jpg&ixid=M3w5NDQwMTV8MHwxfHNlYXJjaHw0NDJ8fGFkdWx0JTIwZmFjZSUyMHBob3RvfGVufDB8fHx8MTc3ODA2ODg2NHww&ixlib=rb-4.1.0&q=80&w=1080,REAL,Unknown,36-50,True
3051,https://i.pravatar.cc/300?img=63,FAKE,Unknown,36-50,True
5427,https://api.dicebear.com/7.x/personas/jpg?seed=user2369&size=300,FAKE,Unknown,18-25,True
486,https://images.unsplash.com/photo-1572288236082-e363d5121568?crop=entropy&cs=tinysrgb&fit=max&fm=jpg&ixid=M3w5NDQwMTV8MHwxfHNlYXJjaHw1MTZ8fGh1bWFuJTIwZmFjZSUyMHBvcnRyYWl0fGVufDB8fHx8MTc3ODA2NTA0OXww&ixlib=rb-4.1.0&q=80&w=1080,REAL,Male,50+,True
4541,https://api.dicebear.com/7.x/personas/jpg?seed=user1483&size=300,FAKE,Unknown,18-25,True
2498,https://images.unsplash.com/photo-1650213236604-6dd826c965c0?crop=entropy&cs=tinysrgb&fit=max&fm=jpg&ixid=M3w5NDQwMTV8MHwxfHNlYXJjaHwyNzh8fGFkdWx0JTIwZmFjZSUyMHBob3RvfGVufDB8fHx8MTc3ODA2ODg1MXww&ixlib=rb-4.1.0&q=80&w=1080,REAL,Unknown,50+,True
700,https://images.unsplash.com/photo-1627753779220-387ca0a1d952?crop=entropy&cs=tinysrgb&fit=max&fm=jpg&ixid=M3w5NDQwMTV8MHwxfHNlYXJjaHwxOTB8fG1hbiUyMGZhY2UlMjBjbG9zZXVwfGVufDB8fHx8MTc3ODA2NTIwOXww&ixlib=rb-4.1.0&q=80&w=1080,REAL,Unknown,18-25,True
3079,https://api.dicebear.com/7.x/personas/jpg?seed=user21&size=300,FAKE,Unknown,18-25,True
3587,https://api.dicebear.com/7.x/personas/jpg?seed=user529&size=300,FAKE,Unknown,36-50,True
3018,https://i.pravatar.cc/300?img=30,FAKE,Unknown,50+,True
1735,https://images.unsplash.com/photo-1710886292307-76cba12b74a4?crop=entropy&cs=tinysrgb&fit=max&fm=jpg&ixid=M3w5NDQwMTV8MHwxfHNlYXJjaHw4NXx8cGVyc29uJTIwZmFjZSUyMHBob3RvfGVufDB8fHx8MTc3ODA2NTI4Mnww&ixlib=rb-4.1.0&q=80&w=1080,REAL,Unknown,18-25,True
2714,https://images.unsplash.com/photo-1546600882-2c3090f74c7e?crop=entropy&cs=tinysrgb&fit=max&fm=jpg&ixid=M3w5NDQwMTV8MHwxfHNlYXJjaHw0OTR8fGFkdWx0JTIwZmFjZSUyMHBob3RvfGVufDB8fHx8MTc3ODA2ODg3MXww&ixlib=rb-4.1.0&q=80&w=1080,REAL,Unknown,26-35,True
5457,https://api.dicebear.com/7.x/personas/jpg?seed=user2399&size=300,FAKE,Unknown,36-50,True
1475,https://images.unsplash.com/photo-1653157881175-c50dc96bd08c?crop=entropy&cs=tinysrgb&fit=max&fm=jpg&ixid=M3w5NDQwMTV8MHwxfHNlYXJjaHwzOTV8fHdvbWFuJTIwZmFjZSUyMHBvcnRyYWl0fGVufDB8fHx8MTc3ODA2NTI2N3ww&ixlib=rb-4.1.0&q=80&w=1080,REAL,Female,36-50,True
5471,https://api.dicebear.com/7.x/personas/jpg?seed=user2413&size=300,FAKE,Unknown,36-50,True
3050,https://i.pravatar.cc/300?img=62,FAKE,Unknown,18-25,True
1890,https://images.unsplash.com/photo-1589359425603-dfe010cf3ffa?crop=entropy&cs=tinysrgb&fit=max&fm=jpg&ixid=M3w5NDQwMTV8MHwxfHNlYXJjaHwyNDB8fHBlcnNvbiUyMGZhY2UlMjBwaG90b3xlbnwwfHx8fDE3NzgwNjUyOTJ8MA&ixlib=rb-4.1.0&q=80&w=1080,REAL,Female,50+,True
3119,https://api.dicebear.com/7.x/personas/jpg?seed=user61&size=300,FAKE,Unknown,50+,True
3422,https://api.dicebear.com/7.x/personas/jpg?seed=user364&size=300,FAKE,Unknown,50+,True
1571,https://images.unsplash.com/photo-1625586308721-0d06381f33ec?crop=entropy&cs=tinysrgb&fit=max&fm=jpg&ixid=M3w5NDQwMTV8MHwxfHNlYXJjaHw0OTF8fHdvbWFuJTIwZmFjZSUyMHBvcnRyYWl0fGVufDB8fHx8MTc3ODA2NTI3M3ww&ixlib=rb-4.1.0&q=80&w=1080,REAL,Female,50+,True
5475,https://api.dicebear.com/7.x/personas/jpg?seed=user2417&size=300,FAKE,Unknown,26-35,True
172,https://images.unsplash.com/photo-1555474488-63096355d324?crop=entropy&cs=tinysrgb&fit=max&fm=jpg&ixid=M3w5NDQwMTV8MHwxfHNlYXJjaHwxNzJ8fGh1bWFuJTIwZmFjZSUyMHBvcnRyYWl0fGVufDB8fHx8MTc3ODA2NDc0OXww&ixlib=rb-4.1.0&q=80&w=1080,REAL,Male,18-25,True
5126,https://api.dicebear.com/7.x/personas/jpg?seed=user2068&size=300,FAKE,Unknown,36-50,True
4627,https://api.dicebear.com/7.x/personas/jpg?seed=user1569&size=300,FAKE,Unknown,18-25,True
2140,https://images.unsplash.com/photo-1591578600937-89c92c95f574?crop=entropy&cs=tinysrgb&fit=max&fm=jpg&ixid=M3w5NDQwMTV8MHwxfHNlYXJjaHw0OTB8fHBlcnNvbiUyMGZhY2UlMjBwaG90b3xlbnwwfHx8fDE3NzgwNjUzMTN8MA&ixlib=rb-4.1.0&q=80&w=1080,REAL,Male,18-25,True
4310,https://api.dicebear.com/7.x/personas/jpg?seed=user1252&size=300,FAKE,Unknown,36-50,True
86,https://images.unsplash.com/photo-1717800747720-d5546819e258?crop=entropy&cs=tinysrgb&fit=max&fm=jpg&ixid=M3w5NDQwMTV8MHwxfHNlYXJjaHw4Nnx8aHVtYW4lMjBmYWNlJTIwcG9ydHJhaXR8ZW58MHx8fHwxNzc4MDY0NzE3fDA&ixlib=rb-4.1.0&q=80&w=1080,REAL,Unknown,36-50,True
4862,https://api.dicebear.com/7.x/personas/jpg?seed=user1804&size=300,FAKE,Unknown,18-25,True
436,https://images.unsplash.com/photo-1623864653909-0104b412f75d?crop=entropy&cs=tinysrgb&fit=max&fm=jpg&ixid=M3w5NDQwMTV8MHwxfHNlYXJjaHw0NjZ8fGh1bWFuJTIwZmFjZSUyMHBvcnRyYWl0fGVufDB8fHx8MTc3ODA2NTAzM3ww&ixlib=rb-4.1.0&q=80&w=1080,REAL,Male,50+,True
4753,https://api.dicebear.com/7.x/personas/jpg?seed=user1695&size=300,FAKE,Unknown,36-50,True
1861,https://images.unsplash.com/photo-1647132684208-11ae22956150?crop=entropy&cs=tinysrgb&fit=max&fm=jpg&ixid=M3w5NDQwMTV8MHwxfHNlYXJjaHwyMTF8fHBlcnNvbiUyMGZhY2UlMjBwaG90b3xlbnwwfHx8fDE3NzgwNjUyOTJ8MA&ixlib=rb-4.1.0&q=80&w=1080,REAL,Male,26-35,True
4214,https://api.dicebear.com/7.x/personas/jpg?seed=user1156&size=300,FAKE,Unknown,26-35,True
3168,https://api.dicebear.com/7.x/personas/jpg?seed=user110&size=300,FAKE,Unknown,18-25,True
2090,https://images.unsplash.com/photo-1619253690152-72349caa0108?crop=entropy&cs=tinysrgb&fit=max&fm=jpg&ixid=M3w5NDQwMTV8MHwxfHNlYXJjaHw0NDB8fHBlcnNvbiUyMGZhY2UlMjBwaG90b3xlbnwwfHx8fDE3NzgwNjUzMDh8MA&ixlib=rb-4.1.0&q=80&w=1080,REAL,Male,18-25,True
5107,https://api.dicebear.com/7.x/personas/jpg?seed=user2049&size=300,FAKE,Unknown,18-25,True
2202,https://images.unsplash.com/photo-1758523672555-9eed7fcd2876?crop=entropy&cs=tinysrgb&fit=max&fm=jpg&ixid=M3w5NDQwMTV8MHwxfHNlYXJjaHw1NTJ8fHlvdW5nJTIwcGVyc29uJTIwZmFjZXxlbnwwfHx8fDE3NzgwNjg4MzB8MA&ixlib=rb-4.1.0&q=80&w=1080,REAL,Female,26-35,True
2512,https://images.unsplash.com/photo-1739710768179-9cae4ad3b355?crop=entropy&cs=tinysrgb&fit=max&fm=jpg&ixid=M3w5NDQwMTV8MHwxfHNlYXJjaHwyOTJ8fGFkdWx0JTIwZmFjZSUyMHBob3RvfGVufDB8fHx8MTc3ODA2ODg1MXww&ixlib=rb-4.1.0&q=80&w=1080,REAL,Unknown,50+,True
3351,https://api.dicebear.com/7.x/personas/jpg?seed=user293&size=300,FAKE,Unknown,26-35,True
1243,https://images.unsplash.com/photo-1567959951004-487b3d6342a4?crop=entropy&cs=tinysrgb&fit=max&fm=jpg&ixid=M3w5NDQwMTV8MHwxfHNlYXJjaHwxNjN8fHdvbWFuJTIwZmFjZSUyMHBvcnRyYWl0fGVufDB8fHx8MTc3ODA2NTI1MXww&ixlib=rb-4.1.0&q=80&w=1080,REAL,Unknown,26-35,True
301,https://images.unsplash.com/photo-1558482089-e99f9086e662?crop=entropy&cs=tinysrgb&fit=max&fm=jpg&ixid=M3w5NDQwMTV8MHwxfHNlYXJjaHwzMzF8fGh1bWFuJTIwZmFjZSUyMHBvcnRyYWl0fGVufDB8fHx8MTc3ODA2NDk5MHww&ixlib=rb-4.1.0&q=80&w=1080,REAL,Male,36-50,True
1873,https://images.unsplash.com/photo-1586186468323-daf278df1ce8?crop=entropy&cs=tinysrgb&fit=max&fm=jpg&ixid=M3w5NDQwMTV8MHwxfHNlYXJjaHwyMjN8fHBlcnNvbiUyMGZhY2UlMjBwaG90b3xlbnwwfHx8fDE3NzgwNjUyOTJ8MA&ixlib=rb-4.1.0&q=80&w=1080,REAL,Female,50+,True
1789,https://images.unsplash.com/photo-1615039704129-a5a4cfbb3594?crop=entropy&cs=tinysrgb&fit=max&fm=jpg&ixid=M3w5NDQwMTV8MHwxfHNlYXJjaHwxMzl8fHBlcnNvbiUyMGZhY2UlMjBwaG90b3xlbnwwfHx8fDE3NzgwNjUyODZ8MA&ixlib=rb-4.1.0&q=80&w=1080,REAL,Male,50+,True
1725,https://images.unsplash.com/photo-1563302000-a1a1268259f6?crop=entropy&cs=tinysrgb&fit=max&fm=jpg&ixid=M3w5NDQwMTV8MHwxfHNlYXJjaHw3NXx8cGVyc29uJTIwZmFjZSUyMHBob3RvfGVufDB8fHx8MTc3ODA2NTI4Mnww&ixlib=rb-4.1.0&q=80&w=1080,REAL,Unknown,36-50,True
1553,https://images.unsplash.com/photo-1608017151872-df23088ad870?crop=entropy&cs=tinysrgb&fit=max&fm=jpg&ixid=M3w5NDQwMTV8MHwxfHNlYXJjaHw0NzN8fHdvbWFuJTIwZmFjZSUyMHBvcnRyYWl0fGVufDB8fHx8MTc3ODA2NTI3MXww&ixlib=rb-4.1.0&q=80&w=1080,REAL,Female,36-50,True
3526,https://api.dicebear.com/7.x/personas/jpg?seed=user468&size=300,FAKE,Unknown,18-25,True
2406,https://images.unsplash.com/photo-1727341555111-9bf7c2bcbd19?crop=entropy&cs=tinysrgb&fit=max&fm=jpg&ixid=M3w5NDQwMTV8MHwxfHNlYXJjaHwxODZ8fGFkdWx0JTIwZmFjZSUyMHBob3RvfGVufDB8fHx8MTc3ODA2ODg0NHww&ixlib=rb-4.1.0&q=80&w=1080,REAL,Female,18-25,True
624,https://images.unsplash.com/photo-1610767540471-dc35cf9d83cb?crop=entropy&cs=tinysrgb&fit=max&fm=jpg&ixid=M3w5NDQwMTV8MHwxfHNlYXJjaHw4NHx8bWFuJTIwZmFjZSUyMGNsb3NldXB8ZW58MHx8fHwxNzc4MDY1MDgyfDA&ixlib=rb-4.1.0&q=80&w=1080,REAL,Female,18-25,True
4824,https://api.dicebear.com/7.x/personas/jpg?seed=user1766&size=300,FAKE,Unknown,18-25,True
3332,https://api.dicebear.com/7.x/personas/jpg?seed=user274&size=300,FAKE,Unknown,26-35,True
5334,https://api.dicebear.com/7.x/personas/jpg?seed=user2276&size=300,FAKE,Unknown,36-50,True
1639,https://images.unsplash.com/photo-1558085771-2f289f56cccd?crop=entropy&cs=tinysrgb&fit=max&fm=jpg&ixid=M3w5NDQwMTV8MHwxfHNlYXJjaHw1NTl8fHdvbWFuJTIwZmFjZSUyMHBvcnRyYWl0fGVufDB8fHx8MTc3ODA2NTI3Nnww&ixlib=rb-4.1.0&q=80&w=1080,REAL,Unknown,18-25,True
2759,https://images.unsplash.com/photo-1626691321519-84628b9ea9c9?crop=entropy&cs=tinysrgb&fit=max&fm=jpg&ixid=M3w5NDQwMTV8MHwxfHNlYXJjaHw1Mzl8fGFkdWx0JTIwZmFjZSUyMHBob3RvfGVufDB8fHx8MTc3ODA2ODg3NHww&ixlib=rb-4.1.0&q=80&w=1080,REAL,Unknown,26-35,True
946,https://images.unsplash.com/photo-1767926178468-0ad624709f39?crop=entropy&cs=tinysrgb&fit=max&fm=jpg&ixid=M3w5NDQwMTV8MHwxfHNlYXJjaHw0MzZ8fG1hbiUyMGZhY2UlMjBjbG9zZXVwfGVufDB8fHx8MTc3ODA2NTIyOHww&ixlib=rb-4.1.0&q=80&w=1080,REAL,Female,26-35,True
211,https://images.unsplash.com/photo-1699206790960-87c88c897db7?crop=entropy&cs=tinysrgb&fit=max&fm=jpg&ixid=M3w5NDQwMTV8MHwxfHNlYXJjaHwyNDF8fGh1bWFuJTIwZmFjZSUyMHBvcnRyYWl0fGVufDB8fHx8MTc3ODA2NDg3MHww&ixlib=rb-4.1.0&q=80&w=1080,REAL,Male,26-35,True
3251,https://api.dicebear.com/7.x/personas/jpg?seed=user193&size=300,FAKE,Unknown,50+,True
5326,https://api.dicebear.com/7.x/personas/jpg?seed=user2268&size=300,FAKE,Unknown,50+,True
5041,https://api.dicebear.com/7.x/personas/jpg?seed=user1983&size=300,FAKE,Unknown,36-50,True
3994,https://api.dicebear.com/7.x/personas/jpg?seed=user936&size=300,FAKE,Unknown,50+,True
1727,https://images.unsplash.com/photo-1635763229860-482a9dface3b?crop=entropy&cs=tinysrgb&fit=max&fm=jpg&ixid=M3w5NDQwMTV8MHwxfHNlYXJjaHw3N3x8cGVyc29uJTIwZmFjZSUyMHBob3RvfGVufDB8fHx8MTc3ODA2NTI4Mnww&ixlib=rb-4.1.0&q=80&w=1080,REAL,Unknown,36-50,True
1480,https://images.unsplash.com/photo-1688885757950-9c6a9b4d2509?crop=entropy&cs=tinysrgb&fit=max&fm=jpg&ixid=M3w5NDQwMTV8MHwxfHNlYXJjaHw0MDB8fHdvbWFuJTIwZmFjZSUyMHBvcnRyYWl0fGVufDB8fHx8MTc3ODA2NTI2N3ww&ixlib=rb-4.1.0&q=80&w=1080,REAL,Female,18-25,True
4844,https://api.dicebear.com/7.x/personas/jpg?seed=user1786&size=300,FAKE,Unknown,50+,True
4723,https://api.dicebear.com/7.x/personas/jpg?seed=user1665&size=300,FAKE,Unknown,26-35,True
620,https://images.unsplash.com/photo-1552158732-06dc1d835de0?crop=entropy&cs=tinysrgb&fit=max&fm=jpg&ixid=M3w5NDQwMTV8MHwxfHNlYXJjaHw4MHx8bWFuJTIwZmFjZSUyMGNsb3NldXB8ZW58MHx8fHwxNzc4MDY1MDgyfDA&ixlib=rb-4.1.0&q=80&w=1080,REAL,Male,50+,True
1582,https://images.unsplash.com/photo-1610629390566-7bd6bfbb3203?crop=entropy&cs=tinysrgb&fit=max&fm=jpg&ixid=M3w5NDQwMTV8MHwxfHNlYXJjaHw1MDJ8fHdvbWFuJTIwZmFjZSUyMHBvcnRyYWl0fGVufDB8fHx8MTc3ODA2NTI3M3ww&ixlib=rb-4.1.0&q=80&w=1080,REAL,Unknown,18-25,True
891,https://images.unsplash.com/photo-1756475394041-53bd65722fac?crop=entropy&cs=tinysrgb&fit=max&fm=jpg&ixid=M3w5NDQwMTV8MHwxfHNlYXJjaHwzODF8fG1hbiUyMGZhY2UlMjBjbG9zZXVwfGVufDB8fHx8MTc3ODA2NTIyNHww&ixlib=rb-4.1.0&q=80&w=1080,REAL,Female,50+,True
3758,https://api.dicebear.com/7.x/personas/jpg?seed=user700&size=300,FAKE,Unknown,18-25,True
121,https://images.unsplash.com/photo-1580353836390-a4867846d63a?crop=entropy&cs=tinysrgb&fit=max&fm=jpg&ixid=M3w5NDQwMTV8MHwxfHNlYXJjaHwxMjF8fGh1bWFuJTIwZmFjZSUyMHBvcnRyYWl0fGVufDB8fHx8MTc3ODA2NDcyNXww&ixlib=rb-4.1.0&q=80&w=1080,REAL,Unknown,36-50,True
266,https://images.unsplash.com/photo-1612361210970-f978159c3be6?crop=entropy&cs=tinysrgb&fit=max&fm=jpg&ixid=M3w5NDQwMTV8MHwxfHNlYXJjaHwyOTZ8fGh1bWFuJTIwZmFjZSUyMHBvcnRyYWl0fGVufDB8fHx8MTc3ODA2NDkwMnww&ixlib=rb-4.1.0&q=80&w=1080,REAL,Male,26-35,True
4339,https://api.dicebear.com/7.x/personas/jpg?seed=user1281&size=300,FAKE,Unknown,36-50,True
5364,https://api.dicebear.com/7.x/personas/jpg?seed=user2306&size=300,FAKE,Unknown,26-35,True
4099,https://api.dicebear.com/7.x/personas/jpg?seed=user1041&size=300,FAKE,Unknown,18-25,True
3368,https://api.dicebear.com/7.x/personas/jpg?seed=user310&size=300,FAKE,Unknown,18-25,True
3909,https://api.dicebear.com/7.x/personas/jpg?seed=user851&size=300,FAKE,Unknown,36-50,True
2362,https://images.unsplash.com/photo-1726741697069-5fde865d3490?crop=entropy&cs=tinysrgb&fit=max&fm=jpg&ixid=M3w5NDQwMTV8MHwxfHNlYXJjaHwxNDJ8fGFkdWx0JTIwZmFjZSUyMHBob3RvfGVufDB8fHx8MTc3ODA2ODg0MHww&ixlib=rb-4.1.0&q=80&w=1080,REAL,Female,36-50,True
808,https://images.unsplash.com/photo-1612811861184-d156ea17be94?crop=entropy&cs=tinysrgb&fit=max&fm=jpg&ixid=M3w5NDQwMTV8MHwxfHNlYXJjaHwyOTh8fG1hbiUyMGZhY2UlMjBjbG9zZXVwfGVufDB8fHx8MTc3ODA2NTIxNnww&ixlib=rb-4.1.0&q=80&w=1080,REAL,Female,18-25,True
1556,https://images.unsplash.com/photo-1618167057384-9418bca2bcc4?crop=entropy&cs=tinysrgb&fit=max&fm=jpg&ixid=M3w5NDQwMTV8MHwxfHNlYXJjaHw0NzZ8fHdvbWFuJTIwZmFjZSUyMHBvcnRyYWl0fGVufDB8fHx8MTc3ODA2NTI3MXww&ixlib=rb-4.1.0&q=80&w=1080,REAL,Female,50+,True
5443,https://api.dicebear.com/7.x/personas/jpg?seed=user2385&size=300,FAKE,Unknown,26-35,True
4523,https://api.dicebear.com/7.x/personas/jpg?seed=user1465&size=300,FAKE,Unknown,36-50,True
4401,https://api.dicebear.com/7.x/personas/jpg?seed=user1343&size=300,FAKE,Unknown,18-25,True
2559,https://images.unsplash.com/photo-1609708993734-29d07306bdc7?crop=entropy&cs=tinysrgb&fit=max&fm=jpg&ixid=M3w5NDQwMTV8MHwxfHNlYXJjaHwzMzl8fGFkdWx0JTIwZmFjZSUyMHBob3RvfGVufDB8fHx8MTc3ODA2ODg1NXww&ixlib=rb-4.1.0&q=80&w=1080,REAL,Male,18-25,True
377,https://images.unsplash.com/photo-1600893991601-2ae282ba2822?crop=entropy&cs=tinysrgb&fit=max&fm=jpg&ixid=M3w5NDQwMTV8MHwxfHNlYXJjaHw0MDd8fGh1bWFuJTIwZmFjZSUyMHBvcnRyYWl0fGVufDB8fHx8MTc3ODA2NTAwMXww&ixlib=rb-4.1.0&q=80&w=1080,REAL,Male,26-35,True
818,https://images.unsplash.com/photo-1588377976590-b0f5d831444a?crop=entropy&cs=tinysrgb&fit=max&fm=jpg&ixid=M3w5NDQwMTV8MHwxfHNlYXJjaHwzMDh8fG1hbiUyMGZhY2UlMjBjbG9zZXVwfGVufDB8fHx8MTc3ODA2NTIxOHww&ixlib=rb-4.1.0&q=80&w=1080,REAL,Unknown,26-35,True
2926,https://randomuser.me/api/portraits/women/37.jpg,FAKE,Female,18-25,True
2919,https://randomuser.me/api/portraits/women/30.jpg,FAKE,Female,26-35,True
4520,https://api.dicebear.com/7.x/personas/jpg?seed=user1462&size=300,FAKE,Unknown,50+,True
3355,https://api.dicebear.com/7.x/personas/jpg?seed=user297&size=300,FAKE,Unknown,50+,True
3602,https://api.dicebear.com/7.x/personas/jpg?seed=user544&size=300,FAKE,Unknown,36-50,True
113,https://images.unsplash.com/photo-1661343809458-8a448545faa8?crop=entropy&cs=tinysrgb&fit=max&fm=jpg&ixid=M3w5NDQwMTV8MHwxfHNlYXJjaHwxMTN8fGh1bWFuJTIwZmFjZSUyMHBvcnRyYWl0fGVufDB8fHx8MTc3ODA2NDcyMXww&ixlib=rb-4.1.0&q=80&w=1080,REAL,Female,18-25,True
2340,https://images.unsplash.com/photo-1727414087229-5f9f649b7012?crop=entropy&cs=tinysrgb&fit=max&fm=jpg&ixid=M3w5NDQwMTV8MHwxfHNlYXJjaHwxMjB8fGFkdWx0JTIwZmFjZSUyMHBob3RvfGVufDB8fHx8MTc3ODA2ODgzOHww&ixlib=rb-4.1.0&q=80&w=1080,REAL,Unknown,18-25,True
131,https://images.unsplash.com/photo-1686464907521-a8855aa3a75c?crop=entropy&cs=tinysrgb&fit=max&fm=jpg&ixid=M3w5NDQwMTV8MHwxfHNlYXJjaHwxMzF8fGh1bWFuJTIwZmFjZSUyMHBvcnRyYWl0fGVufDB8fHx8MTc3ODA2NDcyNXww&ixlib=rb-4.1.0&q=80&w=1080,REAL,Unknown,50+,True
3660,https://api.dicebear.com/7.x/personas/jpg?seed=user602&size=300,FAKE,Unknown,36-50,True
2357,https://images.unsplash.com/photo-1726741697137-6f325587a9f1?crop=entropy&cs=tinysrgb&fit=max&fm=jpg&ixid=M3w5NDQwMTV8MHwxfHNlYXJjaHwxMzd8fGFkdWx0JTIwZmFjZSUyMHBob3RvfGVufDB8fHx8MTc3ODA2ODg0MHww&ixlib=rb-4.1.0&q=80&w=1080,REAL,Male,26-35,True
599,https://images.unsplash.com/photo-1589221139800-3bd4c3b5a5d5?crop=entropy&cs=tinysrgb&fit=max&fm=jpg&ixid=M3w5NDQwMTV8MHwxfHNlYXJjaHw1OXx8bWFuJTIwZmFjZSUyMGNsb3NldXB8ZW58MHx8fHwxNzc4MDY1MDc4fDA&ixlib=rb-4.1.0&q=80&w=1080,REAL,Female,26-35,True
1112,https://images.unsplash.com/photo-1683998215234-02fca98a3b54?crop=entropy&cs=tinysrgb&fit=max&fm=jpg&ixid=M3w5NDQwMTV8MHwxfHNlYXJjaHwzMnx8d29tYW4lMjBmYWNlJTIwcG9ydHJhaXR8ZW58MHx8fHwxNzc4MDY1MjQyfDA&ixlib=rb-4.1.0&q=80&w=1080,REAL,Female,26-35,True
2111,https://images.unsplash.com/photo-1611421466791-f1769faa1523?crop=entropy&cs=tinysrgb&fit=max&fm=jpg&ixid=M3w5NDQwMTV8MHwxfHNlYXJjaHw0NjF8fHBlcnNvbiUyMGZhY2UlMjBwaG90b3xlbnwwfHx8fDE3NzgwNjUzMTB8MA&ixlib=rb-4.1.0&q=80&w=1080,REAL,Female,36-50,True
1689,https://images.unsplash.com/photo-1635290454404-fcd183469f14?crop=entropy&cs=tinysrgb&fit=max&fm=jpg&ixid=M3w5NDQwMTV8MHwxfHNlYXJjaHwzOXx8cGVyc29uJTIwZmFjZSUyMHBob3RvfGVufDB8fHx8MTc3ODA2NTI4MHww&ixlib=rb-4.1.0&q=80&w=1080,REAL,Unknown,36-50,True
4629,https://api.dicebear.com/7.x/personas/jpg?seed=user1571&size=300,FAKE,Unknown,26-35,True
1698,https://images.unsplash.com/photo-1732562534798-9d7198f459d6?crop=entropy&cs=tinysrgb&fit=max&fm=jpg&ixid=M3w5NDQwMTV8MHwxfHNlYXJjaHw0OHx8cGVyc29uJTIwZmFjZSUyMHBob3RvfGVufDB8fHx8MTc3ODA2NTI4MHww&ixlib=rb-4.1.0&q=80&w=1080,REAL,Unknown,50+,True
5174,https://api.dicebear.com/7.x/personas/jpg?seed=user2116&size=300,FAKE,Unknown,18-25,True
1471,https://images.unsplash.com/photo-1678700266494-0444c182191e?crop=entropy&cs=tinysrgb&fit=max&fm=jpg&ixid=M3w5NDQwMTV8MHwxfHNlYXJjaHwzOTF8fHdvbWFuJTIwZmFjZSUyMHBvcnRyYWl0fGVufDB8fHx8MTc3ODA2NTI2N3ww&ixlib=rb-4.1.0&q=80&w=1080,REAL,Female,18-25,True
4246,https://api.dicebear.com/7.x/personas/jpg?seed=user1188&size=300,FAKE,Unknown,36-50,True
2627,https://images.unsplash.com/photo-1684598273417-2d07e1429a6c?crop=entropy&cs=tinysrgb&fit=max&fm=jpg&ixid=M3w5NDQwMTV8MHwxfHNlYXJjaHw0MDd8fGFkdWx0JTIwZmFjZSUyMHBob3RvfGVufDB8fHx8MTc3ODA2ODg2MXww&ixlib=rb-4.1.0&q=80&w=1080,REAL,Male,36-50,True
1051,https://images.unsplash.com/photo-1748572495890-4db7449a3699?crop=entropy&cs=tinysrgb&fit=max&fm=jpg&ixid=M3w5NDQwMTV8MHwxfHNlYXJjaHw1NDF8fG1hbiUyMGZhY2UlMjBjbG9zZXVwfGVufDB8fHx8MTc3ODA2NTIzNnww&ixlib=rb-4.1.0&q=80&w=1080,REAL,Female,36-50,True
3339,https://api.dicebear.com/7.x/personas/jpg?seed=user281&size=300,FAKE,Unknown,26-35,True
526,https://images.unsplash.com/photo-1656337789708-cdf37b07112d?crop=entropy&cs=tinysrgb&fit=max&fm=jpg&ixid=M3w5NDQwMTV8MHwxfHNlYXJjaHw1NTZ8fGh1bWFuJTIwZmFjZSUyMHBvcnRyYWl0fGVufDB8fHx8MTc3ODA2NTA1NXww&ixlib=rb-4.1.0&q=80&w=1080,REAL,Female,36-50,True
1884,https://images.unsplash.com/photo-1641252432722-da9bbe6235c7?crop=entropy&cs=tinysrgb&fit=max&fm=jpg&ixid=M3w5NDQwMTV8MHwxfHNlYXJjaHwyMzR8fHBlcnNvbiUyMGZhY2UlMjBwaG90b3xlbnwwfHx8fDE3NzgwNjUyOTJ8MA&ixlib=rb-4.1.0&q=80&w=1080,REAL,Female,18-25,True
3227,https://api.dicebear.com/7.x/personas/jpg?seed=user169&size=300,FAKE,Unknown,18-25,True
4952,https://api.dicebear.com/7.x/personas/jpg?seed=user1894&size=300,FAKE,Unknown,18-25,True
3130,https://api.dicebear.com/7.x/personas/jpg?seed=user72&size=300,FAKE,Unknown,18-25,True
3744,https://api.dicebear.com/7.x/personas/jpg?seed=user686&size=300,FAKE,Unknown,36-50,True
716,https://images.unsplash.com/photo-1552748062-9e1cb5534ef3?crop=entropy&cs=tinysrgb&fit=max&fm=jpg&ixid=M3w5NDQwMTV8MHwxfHNlYXJjaHwyMDZ8fG1hbiUyMGZhY2UlMjBjbG9zZXVwfGVufDB8fHx8MTc3ODA2NTIwOXww&ixlib=rb-4.1.0&q=80&w=1080,REAL,Unknown,36-50,True
429,https://images.unsplash.com/photo-1631700026971-36f60c985c36?crop=entropy&cs=tinysrgb&fit=max&fm=jpg&ixid=M3w5NDQwMTV8MHwxfHNlYXJjaHw0NTl8fGh1bWFuJTIwZmFjZSUyMHBvcnRyYWl0fGVufDB8fHx8MTc3ODA2NTAzM3ww&ixlib=rb-4.1.0&q=80&w=1080,REAL,Male,50+,True
1540,https://images.unsplash.com/photo-1577361498959-09c12819b105?crop=entropy&cs=tinysrgb&fit=max&fm=jpg&ixid=M3w5NDQwMTV8MHwxfHNlYXJjaHw0NjB8fHdvbWFuJTIwZmFjZSUyMHBvcnRyYWl0fGVufDB8fHx8MTc3ODA2NTI3MXww&ixlib=rb-4.1.0&q=80&w=1080,REAL,Male,18-25,True
4167,https://api.dicebear.com/7.x/personas/jpg?seed=user1109&size=300,FAKE,Unknown,18-25,True
4704,https://api.dicebear.com/7.x/personas/jpg?seed=user1646&size=300,FAKE,Unknown,36-50,True
5031,https://api.dicebear.com/7.x/personas/jpg?seed=user1973&size=300,FAKE,Unknown,26-35,True
1537,https://images.unsplash.com/photo-1694175454386-8bf459618c0a?crop=entropy&cs=tinysrgb&fit=max&fm=jpg&ixid=M3w5NDQwMTV8MHwxfHNlYXJjaHw0NTd8fHdvbWFuJTIwZmFjZSUyMHBvcnRyYWl0fGVufDB8fHx8MTc3ODA2NTI3MXww&ixlib=rb-4.1.0&q=80&w=1080,REAL,Unknown,26-35,True
1983,https://images.unsplash.com/photo-1730926113324-2ed98f695074?crop=entropy&cs=tinysrgb&fit=max&fm=jpg&ixid=M3w5NDQwMTV8MHwxfHNlYXJjaHwzMzN8fHBlcnNvbiUyMGZhY2UlMjBwaG90b3xlbnwwfHx8fDE3NzgwNjUzMDF8MA&ixlib=rb-4.1.0&q=80&w=1080,REAL,Female,26-35,True
2062,https://images.unsplash.com/photo-1619253690152-72349caa0108?crop=entropy&cs=tinysrgb&fit=max&fm=jpg&ixid=M3w5NDQwMTV8MHwxfHNlYXJjaHw0MTJ8fHBlcnNvbiUyMGZhY2UlMjBwaG90b3xlbnwwfHx8fDE3NzgwNjUzMDV8MA&ixlib=rb-4.1.0&q=80&w=1080,REAL,Unknown,18-25,True
4403,https://api.dicebear.com/7.x/personas/jpg?seed=user1345&size=300,FAKE,Unknown,36-50,True
4554,https://api.dicebear.com/7.x/personas/jpg?seed=user1496&size=300,FAKE,Unknown,26-35,True
4898,https://api.dicebear.com/7.x/personas/jpg?seed=user1840&size=300,FAKE,Unknown,26-35,True
5435,https://api.dicebear.com/7.x/personas/jpg?seed=user2377&size=300,FAKE,Unknown,18-25,True
4864,https://api.dicebear.com/7.x/personas/jpg?seed=user1806&size=300,FAKE,Unknown,18-25,True
2331,https://images.unsplash.com/photo-1726741696679-60aabd0a5f23?crop=entropy&cs=tinysrgb&fit=max&fm=jpg&ixid=M3w5NDQwMTV8MHwxfHNlYXJjaHwxMTF8fGFkdWx0JTIwZmFjZSUyMHBob3RvfGVufDB8fHx8MTc3ODA2ODgzOHww&ixlib=rb-4.1.0&q=80&w=1080,REAL,Male,50+,True
2130,https://images.unsplash.com/photo-1646342027944-7daa72d304d9?crop=entropy&cs=tinysrgb&fit=max&fm=jpg&ixid=M3w5NDQwMTV8MHwxfHNlYXJjaHw0ODB8fHBlcnNvbiUyMGZhY2UlMjBwaG90b3xlbnwwfHx8fDE3NzgwNjUzMTB8MA&ixlib=rb-4.1.0&q=80&w=1080,REAL,Male,18-25,True
4123,https://api.dicebear.com/7.x/personas/jpg?seed=user1065&size=300,FAKE,Unknown,18-25,True
3623,https://api.dicebear.com/7.x/personas/jpg?seed=user565&size=300,FAKE,Unknown,26-35,True
4464,https://api.dicebear.com/7.x/personas/jpg?seed=user1406&size=300,FAKE,Unknown,50+,True
3523,https://api.dicebear.com/7.x/personas/jpg?seed=user465&size=300,FAKE,Unknown,18-25,True
3637,https://api.dicebear.com/7.x/personas/jpg?seed=user579&size=300,FAKE,Unknown,36-50,True
4141,https://api.dicebear.com/7.x/personas/jpg?seed=user1083&size=300,FAKE,Unknown,36-50,True
4918,https://api.dicebear.com/7.x/personas/jpg?seed=user1860&size=300,FAKE,Unknown,18-25,True
2569,https://images.unsplash.com/photo-1608643281496-4393853df402?crop=entropy&cs=tinysrgb&fit=max&fm=jpg&ixid=M3w5NDQwMTV8MHwxfHNlYXJjaHwzNDl8fGFkdWx0JTIwZmFjZSUyMHBob3RvfGVufDB8fHx8MTc3ODA2ODg1NXww&ixlib=rb-4.1.0&q=80&w=1080,REAL,Male,50+,True
1943,https://images.unsplash.com/photo-1648484860027-4ee9323f2e5e?crop=entropy&cs=tinysrgb&fit=max&fm=jpg&ixid=M3w5NDQwMTV8MHwxfHNlYXJjaHwyOTN8fHBlcnNvbiUyMGZhY2UlMjBwaG90b3xlbnwwfHx8fDE3NzgwNjUyOTd8MA&ixlib=rb-4.1.0&q=80&w=1080,REAL,Female,18-25,True
1733,https://images.unsplash.com/photo-1643834776503-891726ed42c6?crop=entropy&cs=tinysrgb&fit=max&fm=jpg&ixid=M3w5NDQwMTV8MHwxfHNlYXJjaHw4M3x8cGVyc29uJTIwZmFjZSUyMHBob3RvfGVufDB8fHx8MTc3ODA2NTI4Mnww&ixlib=rb-4.1.0&q=80&w=1080,REAL,Female,36-50,True
240,https://images.unsplash.com/photo-1656338997878-279d71d48f6e?crop=entropy&cs=tinysrgb&fit=max&fm=jpg&ixid=M3w5NDQwMTV8MHwxfHNlYXJjaHwyNzB8fGh1bWFuJTIwZmFjZSUyMHBvcnRyYWl0fGVufDB8fHx8MTc3ODA2NDg3MHww&ixlib=rb-4.1.0&q=80&w=1080,REAL,Female,26-35,True
1233,https://images.unsplash.com/photo-1633355383520-c9f46d4d0289?crop=entropy&cs=tinysrgb&fit=max&fm=jpg&ixid=M3w5NDQwMTV8MHwxfHNlYXJjaHwxNTN8fHdvbWFuJTIwZmFjZSUyMHBvcnRyYWl0fGVufDB8fHx8MTc3ODA2NTI1MXww&ixlib=rb-4.1.0&q=80&w=1080,REAL,Female,36-50,True
1198,https://images.unsplash.com/photo-1647957866010-71fd5782726d?crop=entropy&cs=tinysrgb&fit=max&fm=jpg&ixid=M3w5NDQwMTV8MHwxfHNlYXJjaHwxMTh8fHdvbWFuJTIwZmFjZSUyMHBvcnRyYWl0fGVufDB8fHx8MTc3ODA2NTI0Nnww&ixlib=rb-4.1.0&q=80&w=1080,REAL,Unknown,36-50,True
5205,https://api.dicebear.com/7.x/personas/jpg?seed=user2147&size=300,FAKE,Unknown,36-50,True
5271,https://api.dicebear.com/7.x/personas/jpg?seed=user2213&size=300,FAKE,Unknown,36-50,True
480,https://images.unsplash.com/photo-1578302302942-10cfe0c4cf93?crop=entropy&cs=tinysrgb&fit=max&fm=jpg&ixid=M3w5NDQwMTV8MHwxfHNlYXJjaHw1MTB8fGh1bWFuJTIwZmFjZSUyMHBvcnRyYWl0fGVufDB8fHx8MTc3ODA2NTAzN3ww&ixlib=rb-4.1.0&q=80&w=1080,REAL,Female,26-35,True
4748,https://api.dicebear.com/7.x/personas/jpg?seed=user1690&size=300,FAKE,Unknown,36-50,True
631,https://images.unsplash.com/photo-1437011165434-0b8d687711aa?crop=entropy&cs=tinysrgb&fit=max&fm=jpg&ixid=M3w5NDQwMTV8MHwxfHNlYXJjaHw5MXx8bWFuJTIwZmFjZSUyMGNsb3NldXB8ZW58MHx8fHwxNzc4MDY1MDg0fDA&ixlib=rb-4.1.0&q=80&w=1080,REAL,Unknown,18-25,True
3534,https://api.dicebear.com/7.x/personas/jpg?seed=user476&size=300,FAKE,Unknown,36-50,True
1796,https://images.unsplash.com/photo-1697920915765-bf8c8758df2d?crop=entropy&cs=tinysrgb&fit=max&fm=jpg&ixid=M3w5NDQwMTV8MHwxfHNlYXJjaHwxNDZ8fHBlcnNvbiUyMGZhY2UlMjBwaG90b3xlbnwwfHx8fDE3NzgwNjUyODZ8MA&ixlib=rb-4.1.0&q=80&w=1080,REAL,Unknown,18-25,True
2229,https://images.unsplash.com/photo-1710886289695-4a7e2f214aaf?crop=entropy&cs=tinysrgb&fit=max&fm=jpg&ixid=M3w5NDQwMTV8MHwxfHNlYXJjaHw5fHxhZHVsdCUyMGZhY2UlMjBwaG90b3xlbnwwfHx8fDE3NzgwNjg4MzJ8MA&ixlib=rb-4.1.0&q=80&w=1080,REAL,Female,18-25,True
1283,https://images.unsplash.com/photo-1618469820371-3991fec57324?crop=entropy&cs=tinysrgb&fit=max&fm=jpg&ixid=M3w5NDQwMTV8MHwxfHNlYXJjaHwyMDN8fHdvbWFuJTIwZmFjZSUyMHBvcnRyYWl0fGVufDB8fHx8MTc3ODA2NTI1M3ww&ixlib=rb-4.1.0&q=80&w=1080,REAL,Unknown,18-25,True
3875,https://api.dicebear.com/7.x/personas/jpg?seed=user817&size=300,FAKE,Unknown,26-35,True
1736,https://images.unsplash.com/photo-1601526584389-48c50008701e?crop=entropy&cs=tinysrgb&fit=max&fm=jpg&ixid=M3w5NDQwMTV8MHwxfHNlYXJjaHw4Nnx8cGVyc29uJTIwZmFjZSUyMHBob3RvfGVufDB8fHx8MTc3ODA2NTI4Mnww&ixlib=rb-4.1.0&q=80&w=1080,REAL,Male,18-25,True
109,https://images.unsplash.com/photo-1694618221680-c294a88d86e5?crop=entropy&cs=tinysrgb&fit=max&fm=jpg&ixid=M3w5NDQwMTV8MHwxfHNlYXJjaHwxMDl8fGh1bWFuJTIwZmFjZSUyMHBvcnRyYWl0fGVufDB8fHx8MTc3ODA2NDcyMXww&ixlib=rb-4.1.0&q=80&w=1080,REAL,Unknown,18-25,True
2136,https://images.unsplash.com/photo-1700317440880-54edb57c99a7?crop=entropy&cs=tinysrgb&fit=max&fm=jpg&ixid=M3w5NDQwMTV8MHwxfHNlYXJjaHw0ODZ8fHBlcnNvbiUyMGZhY2UlMjBwaG90b3xlbnwwfHx8fDE3NzgwNjUzMTN8MA&ixlib=rb-4.1.0&q=80&w=1080,REAL,Female,36-50,True
1942,https://images.unsplash.com/photo-1648484859986-7bfa9b86b10e?crop=entropy&cs=tinysrgb&fit=max&fm=jpg&ixid=M3w5NDQwMTV8MHwxfHNlYXJjaHwyOTJ8fHBlcnNvbiUyMGZhY2UlMjBwaG90b3xlbnwwfHx8fDE3NzgwNjUyOTd8MA&ixlib=rb-4.1.0&q=80&w=1080,REAL,Male,36-50,True
299,https://images.unsplash.com/photo-1720521181253-17620a1f1a35?crop=entropy&cs=tinysrgb&fit=max&fm=jpg&ixid=M3w5NDQwMTV8MHwxfHNlYXJjaHwzMjl8fGh1bWFuJTIwZmFjZSUyMHBvcnRyYWl0fGVufDB8fHx8MTc3ODA2NDk4N3ww&ixlib=rb-4.1.0&q=80&w=1080,REAL,Male,36-50,True
2964,https://randomuser.me/api/portraits/women/75.jpg,FAKE,Female,26-35,True
642,https://images.unsplash.com/photo-1610767540785-96b4c65de306?crop=entropy&cs=tinysrgb&fit=max&fm=jpg&ixid=M3w5NDQwMTV8MHwxfHNlYXJjaHwxMDJ8fG1hbiUyMGZhY2UlMjBjbG9zZXVwfGVufDB8fHx8MTc3ODA2NTA4NHww&ixlib=rb-4.1.0&q=80&w=1080,REAL,Unknown,50+,True
3068,https://api.dicebear.com/7.x/personas/jpg?seed=user10&size=300,FAKE,Unknown,26-35,True
5418,https://api.dicebear.com/7.x/personas/jpg?seed=user2360&size=300,FAKE,Unknown,36-50,True
5186,https://api.dicebear.com/7.x/personas/jpg?seed=user2128&size=300,FAKE,Unknown,36-50,True
897,https://images.unsplash.com/photo-1613772885202-91574ae2a6a8?crop=entropy&cs=tinysrgb&fit=max&fm=jpg&ixid=M3w5NDQwMTV8MHwxfHNlYXJjaHwzODd8fG1hbiUyMGZhY2UlMjBjbG9zZXVwfGVufDB8fHx8MTc3ODA2NTIyNHww&ixlib=rb-4.1.0&q=80&w=1080,REAL,Female,36-50,True
4678,https://api.dicebear.com/7.x/personas/jpg?seed=user1620&size=300,FAKE,Unknown,26-35,True
5116,https://api.dicebear.com/7.x/personas/jpg?seed=user2058&size=300,FAKE,Unknown,26-35,True
1495,https://images.unsplash.com/photo-1648198722399-f1bcb8c1fd8d?crop=entropy&cs=tinysrgb&fit=max&fm=jpg&ixid=M3w5NDQwMTV8MHwxfHNlYXJjaHw0MTV8fHdvbWFuJTIwZmFjZSUyMHBvcnRyYWl0fGVufDB8fHx8MTc3ODA2NTI2N3ww&ixlib=rb-4.1.0&q=80&w=1080,REAL,Male,26-35,True
1205,https://images.unsplash.com/photo-1561917210-1c5ad65d3ce4?crop=entropy&cs=tinysrgb&fit=max&fm=jpg&ixid=M3w5NDQwMTV8MHwxfHNlYXJjaHwxMjV8fHdvbWFuJTIwZmFjZSUyMHBvcnRyYWl0fGVufDB8fHx8MTc3ODA2NTI0OHww&ixlib=rb-4.1.0&q=80&w=1080,REAL,Female,50+,True
4647,https://api.dicebear.com/7.x/personas/jpg?seed=user1589&size=300,FAKE,Unknown,18-25,True
502,https://images.unsplash.com/photo-1635953869014-072895df9786?crop=entropy&cs=tinysrgb&fit=max&fm=jpg&ixid=M3w5NDQwMTV8MHwxfHNlYXJjaHw1MzJ8fGh1bWFuJTIwZmFjZSUyMHBvcnRyYWl0fGVufDB8fHx8MTc3ODA2NTA0OXww&ixlib=rb-4.1.0&q=80&w=1080,REAL,Unknown,50+,True
4813,https://api.dicebear.com/7.x/personas/jpg?seed=user1755&size=300,FAKE,Unknown,50+,True
4561,https://api.dicebear.com/7.x/personas/jpg?seed=user1503&size=300,FAKE,Unknown,50+,True
1825,https://images.unsplash.com/photo-1641252525354-4026216c3916?crop=entropy&cs=tinysrgb&fit=max&fm=jpg&ixid=M3w5NDQwMTV8MHwxfHNlYXJjaHwxNzV8fHBlcnNvbiUyMGZhY2UlMjBwaG90b3xlbnwwfHx8fDE3NzgwNjUyODh8MA&ixlib=rb-4.1.0&q=80&w=1080,REAL,Male,26-35,True
3908,https://api.dicebear.com/7.x/personas/jpg?seed=user850&size=300,FAKE,Unknown,36-50,True
5099,https://api.dicebear.com/7.x/personas/jpg?seed=user2041&size=300,FAKE,Unknown,50+,True
5209,https://api.dicebear.com/7.x/personas/jpg?seed=user2151&size=300,FAKE,Unknown,36-50,True
4563,https://api.dicebear.com/7.x/personas/jpg?seed=user1505&size=300,FAKE,Unknown,36-50,True
3264,https://api.dicebear.com/7.x/personas/jpg?seed=user206&size=300,FAKE,Unknown,36-50,True
2537,https://images.unsplash.com/photo-1608144715586-b6ae0519ebda?crop=entropy&cs=tinysrgb&fit=max&fm=jpg&ixid=M3w5NDQwMTV8MHwxfHNlYXJjaHwzMTd8fGFkdWx0JTIwZmFjZSUyMHBob3RvfGVufDB8fHx8MTc3ODA2ODg1M3ww&ixlib=rb-4.1.0&q=80&w=1080,REAL,Male,36-50,True
654,https://images.unsplash.com/photo-1619995580784-1d99b6e9b692?crop=entropy&cs=tinysrgb&fit=max&fm=jpg&ixid=M3w5NDQwMTV8MHwxfHNlYXJjaHwxMTR8fG1hbiUyMGZhY2UlMjBjbG9zZXVwfGVufDB8fHx8MTc3ODA2NTA4NHww&ixlib=rb-4.1.0&q=80&w=1080,REAL,Male,50+,True
3025,https://i.pravatar.cc/300?img=37,FAKE,Unknown,18-25,True
3060,https://api.dicebear.com/7.x/personas/jpg?seed=user2&size=300,FAKE,Unknown,36-50,True
1138,https://images.unsplash.com/photo-1618757298976-df06ad9e6f01?crop=entropy&cs=tinysrgb&fit=max&fm=jpg&ixid=M3w5NDQwMTV8MHwxfHNlYXJjaHw1OHx8d29tYW4lMjBmYWNlJTIwcG9ydHJhaXR8ZW58MHx8fHwxNzc4MDY1MjQyfDA&ixlib=rb-4.1.0&q=80&w=1080,REAL,Unknown,50+,True
4995,https://api.dicebear.com/7.x/personas/jpg?seed=user1937&size=300,FAKE,Unknown,50+,True
1952,https://images.unsplash.com/photo-1648484859924-2ed487a66fbd?crop=entropy&cs=tinysrgb&fit=max&fm=jpg&ixid=M3w5NDQwMTV8MHwxfHNlYXJjaHwzMDJ8fHBlcnNvbiUyMGZhY2UlMjBwaG90b3xlbnwwfHx8fDE3NzgwNjUyOTl8MA&ixlib=rb-4.1.0&q=80&w=1080,REAL,Male,50+,True
1707,https://images.unsplash.com/photo-1646797151620-4f20c2d16944?crop=entropy&cs=tinysrgb&fit=max&fm=jpg&ixid=M3w5NDQwMTV8MHwxfHNlYXJjaHw1N3x8cGVyc29uJTIwZmFjZSUyMHBob3RvfGVufDB8fHx8MTc3ODA2NTI4MHww&ixlib=rb-4.1.0&q=80&w=1080,REAL,Male,50+,True
2345,https://images.unsplash.com/photo-1757348665310-0b68ed0ebc30?crop=entropy&cs=tinysrgb&fit=max&fm=jpg&ixid=M3w5NDQwMTV8MHwxfHNlYXJjaHwxMjV8fGFkdWx0JTIwZmFjZSUyMHBob3RvfGVufDB8fHx8MTc3ODA2ODg0MHww&ixlib=rb-4.1.0&q=80&w=1080,REAL,Unknown,50+,True
1327,https://images.unsplash.com/photo-1634595479162-d6237304a93a?crop=entropy&cs=tinysrgb&fit=max&fm=jpg&ixid=M3w5NDQwMTV8MHwxfHNlYXJjaHwyNDd8fHdvbWFuJTIwZmFjZSUyMHBvcnRyYWl0fGVufDB8fHx8MTc3ODA2NTI1N3ww&ixlib=rb-4.1.0&q=80&w=1080,REAL,Female,50+,True
1648,https://images.unsplash.com/photo-1674932668403-33398b81c92f?crop=entropy&cs=tinysrgb&fit=max&fm=jpg&ixid=M3w5NDQwMTV8MHwxfHNlYXJjaHw1Njh8fHdvbWFuJTIwZmFjZSUyMHBvcnRyYWl0fGVufDB8fHx8MTc3ODA2NTI3Nnww&ixlib=rb-4.1.0&q=80&w=1080,REAL,Female,50+,True
711,https://images.unsplash.com/photo-1594903834278-706bdd91fdaa?crop=entropy&cs=tinysrgb&fit=max&fm=jpg&ixid=M3w5NDQwMTV8MHwxfHNlYXJjaHwyMDF8fG1hbiUyMGZhY2UlMjBjbG9zZXVwfGVufDB8fHx8MTc3ODA2NTIwOXww&ixlib=rb-4.1.0&q=80&w=1080,REAL,Female,18-25,True
763,https://images.unsplash.com/photo-1545518557-10d868430452?crop=entropy&cs=tinysrgb&fit=max&fm=jpg&ixid=M3w5NDQwMTV8MHwxfHNlYXJjaHwyNTN8fG1hbiUyMGZhY2UlMjBjbG9zZXVwfGVufDB8fHx8MTc3ODA2NTIxM3ww&ixlib=rb-4.1.0&q=80&w=1080,REAL,Female,36-50,True
1562,https://images.unsplash.com/photo-1631377894831-46173f7af1f9?crop=entropy&cs=tinysrgb&fit=max&fm=jpg&ixid=M3w5NDQwMTV8MHwxfHNlYXJjaHw0ODJ8fHdvbWFuJTIwZmFjZSUyMHBvcnRyYWl0fGVufDB8fHx8MTc3ODA2NTI3M3ww&ixlib=rb-4.1.0&q=80&w=1080,REAL,Female,50+,True
4000,https://api.dicebear.com/7.x/personas/jpg?seed=user942&size=300,FAKE,Unknown,36-50,True
2744,https://images.unsplash.com/photo-1672661565216-9954a3bb5756?crop=entropy&cs=tinysrgb&fit=max&fm=jpg&ixid=M3w5NDQwMTV8MHwxfHNlYXJjaHw1MjR8fGFkdWx0JTIwZmFjZSUyMHBob3RvfGVufDB8fHx8MTc3ODA2ODg3NHww&ixlib=rb-4.1.0&q=80&w=1080,REAL,Male,26-35,True
1063,https://images.unsplash.com/photo-1633050745570-a30e4c178844?crop=entropy&cs=tinysrgb&fit=max&fm=jpg&ixid=M3w5NDQwMTV8MHwxfHNlYXJjaHw1NTN8fG1hbiUyMGZhY2UlMjBjbG9zZXVwfGVufDB8fHx8MTc3ODA2NTIzNnww&ixlib=rb-4.1.0&q=80&w=1080,REAL,Female,50+,True
1025,https://images.unsplash.com/photo-1644437687093-8a01d1721fae?crop=entropy&cs=tinysrgb&fit=max&fm=jpg&ixid=M3w5NDQwMTV8MHwxfHNlYXJjaHw1MTV8fG1hbiUyMGZhY2UlMjBjbG9zZXVwfGVufDB8fHx8MTc3ODA2NTIzNHww&ixlib=rb-4.1.0&q=80&w=1080,REAL,Unknown,50+,True
1745,https://images.unsplash.com/photo-1590244443259-0961bbb42e91?crop=entropy&cs=tinysrgb&fit=max&fm=jpg&ixid=M3w5NDQwMTV8MHwxfHNlYXJjaHw5NXx8cGVyc29uJTIwZmFjZSUyMHBob3RvfGVufDB8fHx8MTc3ODA2NTI4NHww&ixlib=rb-4.1.0&q=80&w=1080,REAL,Female,50+,True
769,https://images.unsplash.com/photo-1712744626380-1784362267a0?crop=entropy&cs=tinysrgb&fit=max&fm=jpg&ixid=M3w5NDQwMTV8MHwxfHNlYXJjaHwyNTl8fG1hbiUyMGZhY2UlMjBjbG9zZXVwfGVufDB8fHx8MTc3ODA2NTIxM3ww&ixlib=rb-4.1.0&q=80&w=1080,REAL,Female,26-35,True
5507,https://api.dicebear.com/7.x/personas/jpg?seed=user2449&size=300,FAKE,Unknown,18-25,True
3893,https://api.dicebear.com/7.x/personas/jpg?seed=user835&size=300,FAKE,Unknown,50+,True
2732,https://images.unsplash.com/photo-1566670544771-01d7826b2f07?crop=entropy&cs=tinysrgb&fit=max&fm=jpg&ixid=M3w5NDQwMTV8MHwxfHNlYXJjaHw1MTJ8fGFkdWx0JTIwZmFjZSUyMHBob3RvfGVufDB8fHx8MTc3ODA2ODg3NHww&ixlib=rb-4.1.0&q=80&w=1080,REAL,Unknown,36-50,True
114,https://images.unsplash.com/photo-1623410357547-e8b1b638b568?crop=entropy&cs=tinysrgb&fit=max&fm=jpg&ixid=M3w5NDQwMTV8MHwxfHNlYXJjaHwxMTR8fGh1bWFuJTIwZmFjZSUyMHBvcnRyYWl0fGVufDB8fHx8MTc3ODA2NDcyMXww&ixlib=rb-4.1.0&q=80&w=1080,REAL,Unknown,50+,True
5247,https://api.dicebear.com/7.x/personas/jpg?seed=user2189&size=300,FAKE,Unknown,18-25,True
417,https://images.unsplash.com/photo-1624948734603-fa79d6ad36d5?crop=entropy&cs=tinysrgb&fit=max&fm=jpg&ixid=M3w5NDQwMTV8MHwxfHNlYXJjaHw0NDd8fGh1bWFuJTIwZmFjZSUyMHBvcnRyYWl0fGVufDB8fHx8MTc3ODA2NTAyMXww&ixlib=rb-4.1.0&q=80&w=1080,REAL,Unknown,50+,True
4329,https://api.dicebear.com/7.x/personas/jpg?seed=user1271&size=300,FAKE,Unknown,36-50,True
89,https://images.unsplash.com/photo-1680184985388-34bd6d5694b4?crop=entropy&cs=tinysrgb&fit=max&fm=jpg&ixid=M3w5NDQwMTV8MHwxfHNlYXJjaHw4OXx8aHVtYW4lMjBmYWNlJTIwcG9ydHJhaXR8ZW58MHx8fHwxNzc4MDY0NzE3fDA&ixlib=rb-4.1.0&q=80&w=1080,REAL,Unknown,18-25,True
5452,https://api.dicebear.com/7.x/personas/jpg?seed=user2394&size=300,FAKE,Unknown,26-35,True
5193,https://api.dicebear.com/7.x/personas/jpg?seed=user2135&size=300,FAKE,Unknown,26-35,True
4043,https://api.dicebear.com/7.x/personas/jpg?seed=user985&size=300,FAKE,Unknown,50+,True
4247,https://api.dicebear.com/7.x/personas/jpg?seed=user1189&size=300,FAKE,Unknown,50+,True
2408,https://images.unsplash.com/photo-1742714014667-97e7a5c3ec2b?crop=entropy&cs=tinysrgb&fit=max&fm=jpg&ixid=M3w5NDQwMTV8MHwxfHNlYXJjaHwxODh8fGFkdWx0JTIwZmFjZSUyMHBob3RvfGVufDB8fHx8MTc3ODA2ODg0NHww&ixlib=rb-4.1.0&q=80&w=1080,REAL,Female,50+,True
4195,https://api.dicebear.com/7.x/personas/jpg?seed=user1137&size=300,FAKE,Unknown,36-50,True
3311,https://api.dicebear.com/7.x/personas/jpg?seed=user253&size=300,FAKE,Unknown,18-25,True
4877,https://api.dicebear.com/7.x/personas/jpg?seed=user1819&size=300,FAKE,Unknown,26-35,True
3468,https://api.dicebear.com/7.x/personas/jpg?seed=user410&size=300,FAKE,Unknown,18-25,True
3146,https://api.dicebear.com/7.x/personas/jpg?seed=user88&size=300,FAKE,Unknown,36-50,True
4178,https://api.dicebear.com/7.x/personas/jpg?seed=user1120&size=300,FAKE,Unknown,50+,True
4870,https://api.dicebear.com/7.x/personas/jpg?seed=user1812&size=300,FAKE,Unknown,50+,True
2887,https://randomuser.me/api/portraits/men/97.jpg,FAKE,Male,36-50,True
2149,https://images.unsplash.com/photo-1726741694530-67990f01adb6?crop=entropy&cs=tinysrgb&fit=max&fm=jpg&ixid=M3w5NDQwMTV8MHwxfHNlYXJjaHw0OTl8fHBlcnNvbiUyMGZhY2UlMjBwaG90b3xlbnwwfHx8fDE3NzgwNjUzMTN8MA&ixlib=rb-4.1.0&q=80&w=1080,REAL,Male,18-25,True
4104,https://api.dicebear.com/7.x/personas/jpg?seed=user1046&size=300,FAKE,Unknown,50+,True
3675,https://api.dicebear.com/7.x/personas/jpg?seed=user617&size=300,FAKE,Unknown,36-50,True
164,https://images.unsplash.com/photo-1600938401231-5519d1a9ab84?crop=entropy&cs=tinysrgb&fit=max&fm=jpg&ixid=M3w5NDQwMTV8MHwxfHNlYXJjaHwxNjR8fGh1bWFuJTIwZmFjZSUyMHBvcnRyYWl0fGVufDB8fHx8MTc3ODA2NDc0OXww&ixlib=rb-4.1.0&q=80&w=1080,REAL,Male,36-50,True
1965,https://images.unsplash.com/photo-1648484859895-bb273d9c7cf1?crop=entropy&cs=tinysrgb&fit=max&fm=jpg&ixid=M3w5NDQwMTV8MHwxfHNlYXJjaHwzMTV8fHBlcnNvbiUyMGZhY2UlMjBwaG90b3xlbnwwfHx8fDE3NzgwNjUyOTl8MA&ixlib=rb-4.1.0&q=80&w=1080,REAL,Unknown,18-25,True
5164,https://api.dicebear.com/7.x/personas/jpg?seed=user2106&size=300,FAKE,Unknown,26-35,True
1220,https://images.unsplash.com/photo-1640059561121-50aa4971e480?crop=entropy&cs=tinysrgb&fit=max&fm=jpg&ixid=M3w5NDQwMTV8MHwxfHNlYXJjaHwxNDB8fHdvbWFuJTIwZmFjZSUyMHBvcnRyYWl0fGVufDB8fHx8MTc3ODA2NTI0OHww&ixlib=rb-4.1.0&q=80&w=1080,REAL,Unknown,18-25,True
5306,https://api.dicebear.com/7.x/personas/jpg?seed=user2248&size=300,FAKE,Unknown,26-35,True
861,https://images.unsplash.com/photo-1564932436587-c6ea959a4053?crop=entropy&cs=tinysrgb&fit=max&fm=jpg&ixid=M3w5NDQwMTV8MHwxfHNlYXJjaHwzNTF8fG1hbiUyMGZhY2UlMjBjbG9zZXVwfGVufDB8fHx8MTc3ODA2NTIyM3ww&ixlib=rb-4.1.0&q=80&w=1080,REAL,Male,18-25,True
5121,https://api.dicebear.com/7.x/personas/jpg?seed=user2063&size=300,FAKE,Unknown,26-35,True
288,https://images.unsplash.com/photo-1642241184548-7a6aabbab769?crop=entropy&cs=tinysrgb&fit=max&fm=jpg&ixid=M3w5NDQwMTV8MHwxfHNlYXJjaHwzMTh8fGh1bWFuJTIwZmFjZSUyMHBvcnRyYWl0fGVufDB8fHx8MTc3ODA2NDk4N3ww&ixlib=rb-4.1.0&q=80&w=1080,REAL,Female,50+,True
497,https://images.unsplash.com/photo-1645528943905-cfe67ac3305a?crop=entropy&cs=tinysrgb&fit=max&fm=jpg&ixid=M3w5NDQwMTV8MHwxfHNlYXJjaHw1Mjd8fGh1bWFuJTIwZmFjZSUyMHBvcnRyYWl0fGVufDB8fHx8MTc3ODA2NTA0OXww&ixlib=rb-4.1.0&q=80&w=1080,REAL,Unknown,36-50,True
1276,https://images.unsplash.com/photo-1639351823493-9e451eca0b5b?crop=entropy&cs=tinysrgb&fit=max&fm=jpg&ixid=M3w5NDQwMTV8MHwxfHNlYXJjaHwxOTZ8fHdvbWFuJTIwZmFjZSUyMHBvcnRyYWl0fGVufDB8fHx8MTc3ODA2NTI1M3ww&ixlib=rb-4.1.0&q=80&w=1080,REAL,Male,36-50,True
5504,https://api.dicebear.com/7.x/personas/jpg?seed=user2446&size=300,FAKE,Unknown,26-35,True
5011,https://api.dicebear.com/7.x/personas/jpg?seed=user1953&size=300,FAKE,Unknown,26-35,True
2793,https://randomuser.me/api/portraits/men/3.jpg,FAKE,Male,26-35,True
4536,https://api.dicebear.com/7.x/personas/jpg?seed=user1478&size=300,FAKE,Unknown,36-50,True
4032,https://api.dicebear.com/7.x/personas/jpg?seed=user974&size=300,FAKE,Unknown,18-25,True
1483,https://images.unsplash.com/photo-1758598304245-cc8a2a00d653?crop=entropy&cs=tinysrgb&fit=max&fm=jpg&ixid=M3w5NDQwMTV8MHwxfHNlYXJjaHw0MDN8fHdvbWFuJTIwZmFjZSUyMHBvcnRyYWl0fGVufDB8fHx8MTc3ODA2NTI2N3ww&ixlib=rb-4.1.0&q=80&w=1080,REAL,Male,18-25,True
2533,https://images.unsplash.com/photo-1610767540471-dc35cf9d83cb?crop=entropy&cs=tinysrgb&fit=max&fm=jpg&ixid=M3w5NDQwMTV8MHwxfHNlYXJjaHwzMTN8fGFkdWx0JTIwZmFjZSUyMHBob3RvfGVufDB8fHx8MTc3ODA2ODg1M3ww&ixlib=rb-4.1.0&q=80&w=1080,REAL,Male,18-25,True
2624,https://images.unsplash.com/photo-1607639106901-28314a0a622e?crop=entropy&cs=tinysrgb&fit=max&fm=jpg&ixid=M3w5NDQwMTV8MHwxfHNlYXJjaHw0MDR8fGFkdWx0JTIwZmFjZSUyMHBob3RvfGVufDB8fHx8MTc3ODA2ODg2MXww&ixlib=rb-4.1.0&q=80&w=1080,REAL,Female,26-35,True
4605,https://api.dicebear.com/7.x/personas/jpg?seed=user1547&size=300,FAKE,Unknown,50+,True
3884,https://api.dicebear.com/7.x/personas/jpg?seed=user826&size=300,FAKE,Unknown,50+,True
3837,https://api.dicebear.com/7.x/personas/jpg?seed=user779&size=300,FAKE,Unknown,26-35,True
2399,https://images.unsplash.com/photo-1734953951277-bfcc2dd270c4?crop=entropy&cs=tinysrgb&fit=max&fm=jpg&ixid=M3w5NDQwMTV8MHwxfHNlYXJjaHwxNzl8fGFkdWx0JTIwZmFjZSUyMHBob3RvfGVufDB8fHx8MTc3ODA2ODg0Mnww&ixlib=rb-4.1.0&q=80&w=1080,REAL,Unknown,36-50,True
643,https://images.unsplash.com/photo-1591425455143-76176a53dbee?crop=entropy&cs=tinysrgb&fit=max&fm=jpg&ixid=M3w5NDQwMTV8MHwxfHNlYXJjaHwxMDN8fG1hbiUyMGZhY2UlMjBjbG9zZXVwfGVufDB8fHx8MTc3ODA2NTA4NHww&ixlib=rb-4.1.0&q=80&w=1080,REAL,Male,18-25,True
3507,https://api.dicebear.com/7.x/personas/jpg?seed=user449&size=300,FAKE,Unknown,36-50,True
1403,https://images.unsplash.com/photo-1748145210732-b75109742f14?crop=entropy&cs=tinysrgb&fit=max&fm=jpg&ixid=M3w5NDQwMTV8MHwxfHNlYXJjaHwzMjN8fHdvbWFuJTIwZmFjZSUyMHBvcnRyYWl0fGVufDB8fHx8MTc3ODA2NTI2MXww&ixlib=rb-4.1.0&q=80&w=1080,REAL,Unknown,36-50,True
5032,https://api.dicebear.com/7.x/personas/jpg?seed=user1974&size=300,FAKE,Unknown,26-35,True
212,https://images.unsplash.com/photo-1632957801446-d0a26e1b1302?crop=entropy&cs=tinysrgb&fit=max&fm=jpg&ixid=M3w5NDQwMTV8MHwxfHNlYXJjaHwyNDJ8fGh1bWFuJTIwZmFjZSUyMHBvcnRyYWl0fGVufDB8fHx8MTc3ODA2NDg3MHww&ixlib=rb-4.1.0&q=80&w=1080,REAL,Male,36-50,True
1862,https://images.unsplash.com/photo-1596801493225-c4737aee9026?crop=entropy&cs=tinysrgb&fit=max&fm=jpg&ixid=M3w5NDQwMTV8MHwxfHNlYXJjaHwyMTJ8fHBlcnNvbiUyMGZhY2UlMjBwaG90b3xlbnwwfHx8fDE3NzgwNjUyOTJ8MA&ixlib=rb-4.1.0&q=80&w=1080,REAL,Female,26-35,True
2914,https://randomuser.me/api/portraits/women/25.jpg,FAKE,Female,26-35,True
221,https://images.unsplash.com/photo-1698681296890-a772cdec87f8?crop=entropy&cs=tinysrgb&fit=max&fm=jpg&ixid=M3w5NDQwMTV8MHwxfHNlYXJjaHwyNTF8fGh1bWFuJTIwZmFjZSUyMHBvcnRyYWl0fGVufDB8fHx8MTc3ODA2NDg3MHww&ixlib=rb-4.1.0&q=80&w=1080,REAL,Unknown,18-25,True
2264,https://images.unsplash.com/photo-1733425264383-842e0cd98386?crop=entropy&cs=tinysrgb&fit=max&fm=jpg&ixid=M3w5NDQwMTV8MHwxfHNlYXJjaHw0NHx8YWR1bHQlMjBmYWNlJTIwcGhvdG98ZW58MHx8fHwxNzc4MDY4ODMzfDA&ixlib=rb-4.1.0&q=80&w=1080,REAL,Female,36-50,True
3847,https://api.dicebear.com/7.x/personas/jpg?seed=user789&size=300,FAKE,Unknown,50+,True
199,https://images.unsplash.com/photo-1633660038798-59a3a30335e8?crop=entropy&cs=tinysrgb&fit=max&fm=jpg&ixid=M3w5NDQwMTV8MHwxfHNlYXJjaHwxOTl8fGh1bWFuJTIwZmFjZSUyMHBvcnRyYWl0fGVufDB8fHx8MTc3ODA2NDc1M3ww&ixlib=rb-4.1.0&q=80&w=1080,REAL,Male,26-35,True
5191,https://api.dicebear.com/7.x/personas/jpg?seed=user2133&size=300,FAKE,Unknown,36-50,True
5053,https://api.dicebear.com/7.x/personas/jpg?seed=user1995&size=300,FAKE,Unknown,36-50,True
3256,https://api.dicebear.com/7.x/personas/jpg?seed=user198&size=300,FAKE,Unknown,50+,True
4557,https://api.dicebear.com/7.x/personas/jpg?seed=user1499&size=300,FAKE,Unknown,26-35,True
5190,https://api.dicebear.com/7.x/personas/jpg?seed=user2132&size=300,FAKE,Unknown,50+,True
4502,https://api.dicebear.com/7.x/personas/jpg?seed=user1444&size=300,FAKE,Unknown,36-50,True
3009,https://i.pravatar.cc/300?img=21,FAKE,Unknown,18-25,True
3010,https://i.pravatar.cc/300?img=22,FAKE,Unknown,26-35,True
3504,https://api.dicebear.com/7.x/personas/jpg?seed=user446&size=300,FAKE,Unknown,36-50,True
4290,https://api.dicebear.com/7.x/personas/jpg?seed=user1232&size=300,FAKE,Unknown,50+,True
3666,https://api.dicebear.com/7.x/personas/jpg?seed=user608&size=300,FAKE,Unknown,36-50,True
251,https://images.unsplash.com/photo-1720463671506-7da8ab4a7040?crop=entropy&cs=tinysrgb&fit=max&fm=jpg&ixid=M3w5NDQwMTV8MHwxfHNlYXJjaHwyODF8fGh1bWFuJTIwZmFjZSUyMHBvcnRyYWl0fGVufDB8fHx8MTc3ODA2NDkwMnww&ixlib=rb-4.1.0&q=80&w=1080,REAL,Male,26-35,True
1359,https://images.unsplash.com/photo-1650811321858-3374a02f7135?crop=entropy&cs=tinysrgb&fit=max&fm=jpg&ixid=M3w5NDQwMTV8MHwxfHNlYXJjaHwyNzl8fHdvbWFuJTIwZmFjZSUyMHBvcnRyYWl0fGVufDB8fHx8MTc3ODA2NTI1OXww&ixlib=rb-4.1.0&q=80&w=1080,REAL,Female,50+,True
1285,https://images.unsplash.com/photo-1567226028592-471d722e26ef?crop=entropy&cs=tinysrgb&fit=max&fm=jpg&ixid=M3w5NDQwMTV8MHwxfHNlYXJjaHwyMDV8fHdvbWFuJTIwZmFjZSUyMHBvcnRyYWl0fGVufDB8fHx8MTc3ODA2NTI1M3ww&ixlib=rb-4.1.0&q=80&w=1080,REAL,Unknown,18-25,True
4100,https://api.dicebear.com/7.x/personas/jpg?seed=user1042&size=300,FAKE,Unknown,26-35,True
92,https://images.unsplash.com/photo-1639479965001-1fb319382286?crop=entropy&cs=tinysrgb&fit=max&fm=jpg&ixid=M3w5NDQwMTV8MHwxfHNlYXJjaHw5Mnx8aHVtYW4lMjBmYWNlJTIwcG9ydHJhaXR8ZW58MHx8fHwxNzc4MDY0NzIxfDA&ixlib=rb-4.1.0&q=80&w=1080,REAL,Unknown,18-25,True
3374,https://api.dicebear.com/7.x/personas/jpg?seed=user316&size=300,FAKE,Unknown,50+,True
5473,https://api.dicebear.com/7.x/personas/jpg?seed=user2415&size=300,FAKE,Unknown,36-50,True
1084,https://images.unsplash.com/photo-1613626318799-be236cead44e?crop=entropy&cs=tinysrgb&fit=max&fm=jpg&ixid=M3w5NDQwMTV8MHwxfHNlYXJjaHw0fHx3b21hbiUyMGZhY2UlMjBwb3J0cmFpdHxlbnwwfHx8fDE3NzgwNjUyMzl8MA&ixlib=rb-4.1.0&q=80&w=1080,REAL,Male,50+,True
860,https://images.unsplash.com/photo-1687597875886-068a47dda648?crop=entropy&cs=tinysrgb&fit=max&fm=jpg&ixid=M3w5NDQwMTV8MHwxfHNlYXJjaHwzNTB8fG1hbiUyMGZhY2UlMjBjbG9zZXVwfGVufDB8fHx8MTc3ODA2NTIyM3ww&ixlib=rb-4.1.0&q=80&w=1080,REAL,Unknown,18-25,True
1197,https://images.unsplash.com/photo-1629896295306-4307148968cd?crop=entropy&cs=tinysrgb&fit=max&fm=jpg&ixid=M3w5NDQwMTV8MHwxfHNlYXJjaHwxMTd8fHdvbWFuJTIwZmFjZSUyMHBvcnRyYWl0fGVufDB8fHx8MTc3ODA2NTI0Nnww&ixlib=rb-4.1.0&q=80&w=1080,REAL,Male,50+,True
806,https://images.unsplash.com/photo-1569001536545-4a620acee25a?crop=entropy&cs=tinysrgb&fit=max&fm=jpg&ixid=M3w5NDQwMTV8MHwxfHNlYXJjaHwyOTZ8fG1hbiUyMGZhY2UlMjBjbG9zZXVwfGVufDB8fHx8MTc3ODA2NTIxNnww&ixlib=rb-4.1.0&q=80&w=1080,REAL,Unknown,36-50,True
2996,https://i.pravatar.cc/300?img=8,FAKE,Unknown,26-35,True
3768,https://api.dicebear.com/7.x/personas/jpg?seed=user710&size=300,FAKE,Unknown,50+,True
1981,https://images.unsplash.com/photo-1613499417341-56e0861c6320?crop=entropy&cs=tinysrgb&fit=max&fm=jpg&ixid=M3w5NDQwMTV8MHwxfHNlYXJjaHwzMzF8fHBlcnNvbiUyMGZhY2UlMjBwaG90b3xlbnwwfHx8fDE3NzgwNjUzMDF8MA&ixlib=rb-4.1.0&q=80&w=1080,REAL,Female,18-25,True
1920,https://images.unsplash.com/photo-1595942866260-fb479b66af71?crop=entropy&cs=tinysrgb&fit=max&fm=jpg&ixid=M3w5NDQwMTV8MHwxfHNlYXJjaHwyNzB8fHBlcnNvbiUyMGZhY2UlMjBwaG90b3xlbnwwfHx8fDE3NzgwNjUyOTV8MA&ixlib=rb-4.1.0&q=80&w=1080,REAL,Unknown,18-25,True
3015,https://i.pravatar.cc/300?img=27,FAKE,Unknown,26-35,True
2484,https://images.unsplash.com/photo-1738091441463-26f8f7e2d0dd?crop=entropy&cs=tinysrgb&fit=max&fm=jpg&ixid=M3w5NDQwMTV8MHwxfHNlYXJjaHwyNjR8fGFkdWx0JTIwZmFjZSUyMHBob3RvfGVufDB8fHx8MTc3ODA2ODg0OXww&ixlib=rb-4.1.0&q=80&w=1080,REAL,Unknown,50+,True
1342,https://images.unsplash.com/photo-1656473032148-03aa4cf9722c?crop=entropy&cs=tinysrgb&fit=max&fm=jpg&ixid=M3w5NDQwMTV8MHwxfHNlYXJjaHwyNjJ8fHdvbWFuJTIwZmFjZSUyMHBvcnRyYWl0fGVufDB8fHx8MTc3ODA2NTI1N3ww&ixlib=rb-4.1.0&q=80&w=1080,REAL,Female,36-50,True
4586,https://api.dicebear.com/7.x/personas/jpg?seed=user1528&size=300,FAKE,Unknown,26-35,True
1130,https://images.unsplash.com/photo-1641321813336-8b66b1d80996?crop=entropy&cs=tinysrgb&fit=max&fm=jpg&ixid=M3w5NDQwMTV8MHwxfHNlYXJjaHw1MHx8d29tYW4lMjBmYWNlJTIwcG9ydHJhaXR8ZW58MHx8fHwxNzc4MDY1MjQyfDA&ixlib=rb-4.1.0&q=80&w=1080,REAL,Female,36-50,True
1265,https://images.unsplash.com/photo-1763677594421-f58e50cce64d?crop=entropy&cs=tinysrgb&fit=max&fm=jpg&ixid=M3w5NDQwMTV8MHwxfHNlYXJjaHwxODV8fHdvbWFuJTIwZmFjZSUyMHBvcnRyYWl0fGVufDB8fHx8MTc3ODA2NTI1M3ww&ixlib=rb-4.1.0&q=80&w=1080,REAL,Female,26-35,True
5400,https://api.dicebear.com/7.x/personas/jpg?seed=user2342&size=300,FAKE,Unknown,18-25,True
996,https://images.unsplash.com/photo-1676439945755-a96669b89bac?crop=entropy&cs=tinysrgb&fit=max&fm=jpg&ixid=M3w5NDQwMTV8MHwxfHNlYXJjaHw0ODZ8fG1hbiUyMGZhY2UlMjBjbG9zZXVwfGVufDB8fHx8MTc3ODA2NTIzMnww&ixlib=rb-4.1.0&q=80&w=1080,REAL,Unknown,36-50,True
1411,https://images.unsplash.com/photo-1641351611696-33958c9e02a6?crop=entropy&cs=tinysrgb&fit=max&fm=jpg&ixid=M3w5NDQwMTV8MHwxfHNlYXJjaHwzMzF8fHdvbWFuJTIwZmFjZSUyMHBvcnRyYWl0fGVufDB8fHx8MTc3ODA2NTI2M3ww&ixlib=rb-4.1.0&q=80&w=1080,REAL,Female,26-35,True
4189,https://api.dicebear.com/7.x/personas/jpg?seed=user1131&size=300,FAKE,Unknown,50+,True
4122,https://api.dicebear.com/7.x/personas/jpg?seed=user1064&size=300,FAKE,Unknown,18-25,True
1293,https://images.unsplash.com/photo-1567226028592-471d722e26ef?crop=entropy&cs=tinysrgb&fit=max&fm=jpg&ixid=M3w5NDQwMTV8MHwxfHNlYXJjaHwyMTN8fHdvbWFuJTIwZmFjZSUyMHBvcnRyYWl0fGVufDB8fHx8MTc3ODA2NTI1NXww&ixlib=rb-4.1.0&q=80&w=1080,REAL,Female,26-35,True
838,https://images.unsplash.com/photo-1560787313-5dff3307e257?crop=entropy&cs=tinysrgb&fit=max&fm=jpg&ixid=M3w5NDQwMTV8MHwxfHNlYXJjaHwzMjh8fG1hbiUyMGZhY2UlMjBjbG9zZXVwfGVufDB8fHx8MTc3ODA2NTIxOHww&ixlib=rb-4.1.0&q=80&w=1080,REAL,Female,50+,True
682,https://images.unsplash.com/photo-1771380089194-cfd2877e93f2?crop=entropy&cs=tinysrgb&fit=max&fm=jpg&ixid=M3w5NDQwMTV8MHwxfHNlYXJjaHwxNDJ8fG1hbiUyMGZhY2UlMjBjbG9zZXVwfGVufDB8fHx8MTc3ODA2NTA4N3ww&ixlib=rb-4.1.0&q=80&w=1080,REAL,Female,18-25,True
1576,https://images.unsplash.com/photo-1678700266327-8959be9622fd?crop=entropy&cs=tinysrgb&fit=max&fm=jpg&ixid=M3w5NDQwMTV8MHwxfHNlYXJjaHw0OTZ8fHdvbWFuJTIwZmFjZSUyMHBvcnRyYWl0fGVufDB8fHx8MTc3ODA2NTI3M3ww&ixlib=rb-4.1.0&q=80&w=1080,REAL,Female,50+,True
3622,https://api.dicebear.com/7.x/personas/jpg?seed=user564&size=300,FAKE,Unknown,26-35,True
5491,https://api.dicebear.com/7.x/personas/jpg?seed=user2433&size=300,FAKE,Unknown,26-35,True
1661,https://images.unsplash.com/photo-1635763244406-3b82b6e62823?crop=entropy&cs=tinysrgb&fit=max&fm=jpg&ixid=M3w5NDQwMTV8MHwxfHNlYXJjaHwxMXx8cGVyc29uJTIwZmFjZSUyMHBob3RvfGVufDB8fHx8MTc3ODA2NTI3OHww&ixlib=rb-4.1.0&q=80&w=1080,REAL,Unknown,50+,True
4836,https://api.dicebear.com/7.x/personas/jpg?seed=user1778&size=300,FAKE,Unknown,36-50,True
4768,https://api.dicebear.com/7.x/personas/jpg?seed=user1710&size=300,FAKE,Unknown,26-35,True
410,https://images.unsplash.com/photo-1620688346934-759f085a00ae?crop=entropy&cs=tinysrgb&fit=max&fm=jpg&ixid=M3w5NDQwMTV8MHwxfHNlYXJjaHw0NDB8fGh1bWFuJTIwZmFjZSUyMHBvcnRyYWl0fGVufDB8fHx8MTc3ODA2NTAyMXww&ixlib=rb-4.1.0&q=80&w=1080,REAL,Unknown,36-50,True
1113,https://images.unsplash.com/photo-1723485466076-2f68d0451101?crop=entropy&cs=tinysrgb&fit=max&fm=jpg&ixid=M3w5NDQwMTV8MHwxfHNlYXJjaHwzM3x8d29tYW4lMjBmYWNlJTIwcG9ydHJhaXR8ZW58MHx8fHwxNzc4MDY1MjQyfDA&ixlib=rb-4.1.0&q=80&w=1080,REAL,Female,18-25,True
2645,https://images.unsplash.com/photo-1544221878-3173c853b28c?crop=entropy&cs=tinysrgb&fit=max&fm=jpg&ixid=M3w5NDQwMTV8MHwxfHNlYXJjaHw0MjV8fGFkdWx0JTIwZmFjZSUyMHBob3RvfGVufDB8fHx8MTc3ODA2ODg2NHww&ixlib=rb-4.1.0&q=80&w=1080,REAL,Female,18-25,True
3103,https://api.dicebear.com/7.x/personas/jpg?seed=user45&size=300,FAKE,Unknown,18-25,True
3632,https://api.dicebear.com/7.x/personas/jpg?seed=user574&size=300,FAKE,Unknown,26-35,True
4187,https://api.dicebear.com/7.x/personas/jpg?seed=user1129&size=300,FAKE,Unknown,36-50,True
3894,https://api.dicebear.com/7.x/personas/jpg?seed=user836&size=300,FAKE,Unknown,26-35,True
31,https://images.unsplash.com/photo-1652549752001-d908cab07207?crop=entropy&cs=tinysrgb&fit=max&fm=jpg&ixid=M3w5NDQwMTV8MHwxfHNlYXJjaHwzMXx8aHVtYW4lMjBmYWNlJTIwcG9ydHJhaXR8ZW58MHx8fHwxNzc4MDY0NzA2fDA&ixlib=rb-4.1.0&q=80&w=1080,REAL,Male,50+,True
3756,https://api.dicebear.com/7.x/personas/jpg?seed=user698&size=300,FAKE,Unknown,18-25,True
3846,https://api.dicebear.com/7.x/personas/jpg?seed=user788&size=300,FAKE,Unknown,26-35,True
2026,https://images.unsplash.com/photo-1656014570709-7437353f5907?crop=entropy&cs=tinysrgb&fit=max&fm=jpg&ixid=M3w5NDQwMTV8MHwxfHNlYXJjaHwzNzZ8fHBlcnNvbiUyMGZhY2UlMjBwaG90b3xlbnwwfHx8fDE3NzgwNjUzMDN8MA&ixlib=rb-4.1.0&q=80&w=1080,REAL,Female,50+,True
5519,https://api.dicebear.com/7.x/personas/jpg?seed=user2461&size=300,FAKE,Unknown,18-25,True
2146,https://images.unsplash.com/photo-1726741697137-6f325587a9f1?crop=entropy&cs=tinysrgb&fit=max&fm=jpg&ixid=M3w5NDQwMTV8MHwxfHNlYXJjaHw0OTZ8fHBlcnNvbiUyMGZhY2UlMjBwaG90b3xlbnwwfHx8fDE3NzgwNjUzMTN8MA&ixlib=rb-4.1.0&q=80&w=1080,REAL,Female,50+,True
4873,https://api.dicebear.com/7.x/personas/jpg?seed=user1815&size=300,FAKE,Unknown,26-35,True
1777,https://images.unsplash.com/photo-1640171342363-ca1d8b5d02cb?crop=entropy&cs=tinysrgb&fit=max&fm=jpg&ixid=M3w5NDQwMTV8MHwxfHNlYXJjaHwxMjd8fHBlcnNvbiUyMGZhY2UlMjBwaG90b3xlbnwwfHx8fDE3NzgwNjUyODZ8MA&ixlib=rb-4.1.0&q=80&w=1080,REAL,Male,26-35,True
437,https://images.unsplash.com/photo-1659344827896-ddde55316a4e?crop=entropy&cs=tinysrgb&fit=max&fm=jpg&ixid=M3w5NDQwMTV8MHwxfHNlYXJjaHw0Njd8fGh1bWFuJTIwZmFjZSUyMHBvcnRyYWl0fGVufDB8fHx8MTc3ODA2NTAzM3ww&ixlib=rb-4.1.0&q=80&w=1080,REAL,Male,50+,True
2753,https://images.unsplash.com/photo-1571893714939-85a8e97c329d?crop=entropy&cs=tinysrgb&fit=max&fm=jpg&ixid=M3w5NDQwMTV8MHwxfHNlYXJjaHw1MzN8fGFkdWx0JTIwZmFjZSUyMHBob3RvfGVufDB8fHx8MTc3ODA2ODg3NHww&ixlib=rb-4.1.0&q=80&w=1080,REAL,Female,18-25,True
879,https://images.unsplash.com/photo-1762344355741-75ace16e4515?crop=entropy&cs=tinysrgb&fit=max&fm=jpg&ixid=M3w5NDQwMTV8MHwxfHNlYXJjaHwzNjl8fG1hbiUyMGZhY2UlMjBjbG9zZXVwfGVufDB8fHx8MTc3ODA2NTIyNHww&ixlib=rb-4.1.0&q=80&w=1080,REAL,Female,36-50,True
4891,https://api.dicebear.com/7.x/personas/jpg?seed=user1833&size=300,FAKE,Unknown,18-25,True
2931,https://randomuser.me/api/portraits/women/42.jpg,FAKE,Female,26-35,True
5441,https://api.dicebear.com/7.x/personas/jpg?seed=user2383&size=300,FAKE,Unknown,18-25,True
3643,https://api.dicebear.com/7.x/personas/jpg?seed=user585&size=300,FAKE,Unknown,36-50,True
2196,https://images.unsplash.com/photo-1759873911653-de3160efde17?crop=entropy&cs=tinysrgb&fit=max&fm=jpg&ixid=M3w5NDQwMTV8MHwxfHNlYXJjaHw1NDZ8fHlvdW5nJTIwcGVyc29uJTIwZmFjZXxlbnwwfHx8fDE3NzgwNjg4MzB8MA&ixlib=rb-4.1.0&q=80&w=1080,REAL,Unknown,26-35,True
3995,https://api.dicebear.com/7.x/personas/jpg?seed=user937&size=300,FAKE,Unknown,18-25,True
357,https://images.unsplash.com/photo-1586425254904-66e1576a340a?crop=entropy&cs=tinysrgb&fit=max&fm=jpg&ixid=M3w5NDQwMTV8MHwxfHNlYXJjaHwzODd8fGh1bWFuJTIwZmFjZSUyMHBvcnRyYWl0fGVufDB8fHx8MTc3ODA2NDk5N3ww&ixlib=rb-4.1.0&q=80&w=1080,REAL,Male,50+,True
3404,https://api.dicebear.com/7.x/personas/jpg?seed=user346&size=300,FAKE,Unknown,36-50,True
2976,https://randomuser.me/api/portraits/women/87.jpg,FAKE,Female,18-25,True
4404,https://api.dicebear.com/7.x/personas/jpg?seed=user1346&size=300,FAKE,Unknown,50+,True
2391,https://images.unsplash.com/photo-1605284908561-5a0f53977d88?crop=entropy&cs=tinysrgb&fit=max&fm=jpg&ixid=M3w5NDQwMTV8MHwxfHNlYXJjaHwxNzF8fGFkdWx0JTIwZmFjZSUyMHBob3RvfGVufDB8fHx8MTc3ODA2ODg0Mnww&ixlib=rb-4.1.0&q=80&w=1080,REAL,Unknown,50+,True
4616,https://api.dicebear.com/7.x/personas/jpg?seed=user1558&size=300,FAKE,Unknown,36-50,True
2271,https://images.unsplash.com/photo-1748159997925-874b786e4014?crop=entropy&cs=tinysrgb&fit=max&fm=jpg&ixid=M3w5NDQwMTV8MHwxfHNlYXJjaHw1MXx8YWR1bHQlMjBmYWNlJTIwcGhvdG98ZW58MHx8fHwxNzc4MDY4ODMzfDA&ixlib=rb-4.1.0&q=80&w=1080,REAL,Unknown,26-35,True
3578,https://api.dicebear.com/7.x/personas/jpg?seed=user520&size=300,FAKE,Unknown,50+,True
4936,https://api.dicebear.com/7.x/personas/jpg?seed=user1878&size=300,FAKE,Unknown,18-25,True
1018,https://images.unsplash.com/photo-1663417140976-2c8696d0e27d?crop=entropy&cs=tinysrgb&fit=max&fm=jpg&ixid=M3w5NDQwMTV8MHwxfHNlYXJjaHw1MDh8fG1hbiUyMGZhY2UlMjBjbG9zZXVwfGVufDB8fHx8MTc3ODA2NTIzMnww&ixlib=rb-4.1.0&q=80&w=1080,REAL,Female,50+,True
2960,https://randomuser.me/api/portraits/women/71.jpg,FAKE,Female,26-35,True
2620,https://images.unsplash.com/photo-1604103713878-522425b132ca?crop=entropy&cs=tinysrgb&fit=max&fm=jpg&ixid=M3w5NDQwMTV8MHwxfHNlYXJjaHw0MDB8fGFkdWx0JTIwZmFjZSUyMHBob3RvfGVufDB8fHx8MTc3ODA2ODg2MXww&ixlib=rb-4.1.0&q=80&w=1080,REAL,Unknown,18-25,True
3933,https://api.dicebear.com/7.x/personas/jpg?seed=user875&size=300,FAKE,Unknown,18-25,True
4328,https://api.dicebear.com/7.x/personas/jpg?seed=user1270&size=300,FAKE,Unknown,26-35,True
1798,https://images.unsplash.com/photo-1710371563407-440f07163294?crop=entropy&cs=tinysrgb&fit=max&fm=jpg&ixid=M3w5NDQwMTV8MHwxfHNlYXJjaHwxNDh8fHBlcnNvbiUyMGZhY2UlMjBwaG90b3xlbnwwfHx8fDE3NzgwNjUyODZ8MA&ixlib=rb-4.1.0&q=80&w=1080,REAL,Unknown,36-50,True
3185,https://api.dicebear.com/7.x/personas/jpg?seed=user127&size=300,FAKE,Unknown,18-25,True
3996,https://api.dicebear.com/7.x/personas/jpg?seed=user938&size=300,FAKE,Unknown,18-25,True
4711,https://api.dicebear.com/7.x/personas/jpg?seed=user1653&size=300,FAKE,Unknown,26-35,True
1134,https://images.unsplash.com/photo-1675705445144-f906c90c350d?crop=entropy&cs=tinysrgb&fit=max&fm=jpg&ixid=M3w5NDQwMTV8MHwxfHNlYXJjaHw1NHx8d29tYW4lMjBmYWNlJTIwcG9ydHJhaXR8ZW58MHx8fHwxNzc4MDY1MjQyfDA&ixlib=rb-4.1.0&q=80&w=1080,REAL,Female,50+,True
1476,https://images.unsplash.com/photo-1653242411117-46473fa76535?crop=entropy&cs=tinysrgb&fit=max&fm=jpg&ixid=M3w5NDQwMTV8MHwxfHNlYXJjaHwzOTZ8fHdvbWFuJTIwZmFjZSUyMHBvcnRyYWl0fGVufDB8fHx8MTc3ODA2NTI2N3ww&ixlib=rb-4.1.0&q=80&w=1080,REAL,Male,36-50,True
342,https://images.unsplash.com/photo-1590794249657-4ef14206142e?crop=entropy&cs=tinysrgb&fit=max&fm=jpg&ixid=M3w5NDQwMTV8MHwxfHNlYXJjaHwzNzJ8fGh1bWFuJTIwZmFjZSUyMHBvcnRyYWl0fGVufDB8fHx8MTc3ODA2NDk5N3ww&ixlib=rb-4.1.0&q=80&w=1080,REAL,Unknown,50+,True
2277,https://images.unsplash.com/photo-1726168798432-7f765fa44653?crop=entropy&cs=tinysrgb&fit=max&fm=jpg&ixid=M3w5NDQwMTV8MHwxfHNlYXJjaHw1N3x8YWR1bHQlMjBmYWNlJTIwcGhvdG98ZW58MHx8fHwxNzc4MDY4ODMzfDA&ixlib=rb-4.1.0&q=80&w=1080,REAL,Male,18-25,True
1757,https://images.unsplash.com/photo-1710371549061-c751fc059565?crop=entropy&cs=tinysrgb&fit=max&fm=jpg&ixid=M3w5NDQwMTV8MHwxfHNlYXJjaHwxMDd8fHBlcnNvbiUyMGZhY2UlMjBwaG90b3xlbnwwfHx8fDE3NzgwNjUyODR8MA&ixlib=rb-4.1.0&q=80&w=1080,REAL,Unknown,36-50,True
4698,https://api.dicebear.com/7.x/personas/jpg?seed=user1640&size=300,FAKE,Unknown,18-25,True
3200,https://api.dicebear.com/7.x/personas/jpg?seed=user142&size=300,FAKE,Unknown,18-25,True
2640,https://images.unsplash.com/photo-1610767619432-4e743ac123cb?crop=entropy&cs=tinysrgb&fit=max&fm=jpg&ixid=M3w5NDQwMTV8MHwxfHNlYXJjaHw0MjB8fGFkdWx0JTIwZmFjZSUyMHBob3RvfGVufDB8fHx8MTc3ODA2ODg2MXww&ixlib=rb-4.1.0&q=80&w=1080,REAL,Male,26-35,True
1988,https://images.unsplash.com/photo-1648484859962-97fc288f3d53?crop=entropy&cs=tinysrgb&fit=max&fm=jpg&ixid=M3w5NDQwMTV8MHwxfHNlYXJjaHwzMzh8fHBlcnNvbiUyMGZhY2UlMjBwaG90b3xlbnwwfHx8fDE3NzgwNjUzMDF8MA&ixlib=rb-4.1.0&q=80&w=1080,REAL,Unknown,36-50,True
2703,https://images.unsplash.com/photo-1496091073051-280ef67ea854?crop=entropy&cs=tinysrgb&fit=max&fm=jpg&ixid=M3w5NDQwMTV8MHwxfHNlYXJjaHw0ODN8fGFkdWx0JTIwZmFjZSUyMHBob3RvfGVufDB8fHx8MTc3ODA2ODg3MXww&ixlib=rb-4.1.0&q=80&w=1080,REAL,Male,26-35,True
350,https://images.unsplash.com/photo-1600518077305-7e1d7b71d0f3?crop=entropy&cs=tinysrgb&fit=max&fm=jpg&ixid=M3w5NDQwMTV8MHwxfHNlYXJjaHwzODB8fGh1bWFuJTIwZmFjZSUyMHBvcnRyYWl0fGVufDB8fHx8MTc3ODA2NDk5N3ww&ixlib=rb-4.1.0&q=80&w=1080,REAL,Male,26-35,True
4260,https://api.dicebear.com/7.x/personas/jpg?seed=user1202&size=300,FAKE,Unknown,50+,True
5254,https://api.dicebear.com/7.x/personas/jpg?seed=user2196&size=300,FAKE,Unknown,50+,True
1423,https://images.unsplash.com/flagged/photo-1667329002631-dcfa0fea4b23?crop=entropy&cs=tinysrgb&fit=max&fm=jpg&ixid=M3w5NDQwMTV8MHwxfHNlYXJjaHwzNDN8fHdvbWFuJTIwZmFjZSUyMHBvcnRyYWl0fGVufDB8fHx8MTc3ODA2NTI2M3ww&ixlib=rb-4.1.0&q=80&w=1080,REAL,Unknown,18-25,True
1692,https://images.unsplash.com/photo-1588427949851-60099e293113?crop=entropy&cs=tinysrgb&fit=max&fm=jpg&ixid=M3w5NDQwMTV8MHwxfHNlYXJjaHw0Mnx8cGVyc29uJTIwZmFjZSUyMHBob3RvfGVufDB8fHx8MTc3ODA2NTI4MHww&ixlib=rb-4.1.0&q=80&w=1080,REAL,Male,36-50,True
2987,https://randomuser.me/api/portraits/women/98.jpg,FAKE,Female,36-50,True
3158,https://api.dicebear.com/7.x/personas/jpg?seed=user100&size=300,FAKE,Unknown,18-25,True
5476,https://api.dicebear.com/7.x/personas/jpg?seed=user2418&size=300,FAKE,Unknown,18-25,True
3871,https://api.dicebear.com/7.x/personas/jpg?seed=user813&size=300,FAKE,Unknown,36-50,True
1314,https://images.unsplash.com/photo-1661843235026-45c73ddfb1c3?crop=entropy&cs=tinysrgb&fit=max&fm=jpg&ixid=M3w5NDQwMTV8MHwxfHNlYXJjaHwyMzR8fHdvbWFuJTIwZmFjZSUyMHBvcnRyYWl0fGVufDB8fHx8MTc3ODA2NTI1NXww&ixlib=rb-4.1.0&q=80&w=1080,REAL,Unknown,50+,True
3524,https://api.dicebear.com/7.x/personas/jpg?seed=user466&size=300,FAKE,Unknown,26-35,True
4887,https://api.dicebear.com/7.x/personas/jpg?seed=user1829&size=300,FAKE,Unknown,26-35,True
3272,https://api.dicebear.com/7.x/personas/jpg?seed=user214&size=300,FAKE,Unknown,36-50,True
4144,https://api.dicebear.com/7.x/personas/jpg?seed=user1086&size=300,FAKE,Unknown,26-35,True
5411,https://api.dicebear.com/7.x/personas/jpg?seed=user2353&size=300,FAKE,Unknown,50+,True
2655,https://images.unsplash.com/photo-1611178204388-1deef70ec66a?crop=entropy&cs=tinysrgb&fit=max&fm=jpg&ixid=M3w5NDQwMTV8MHwxfHNlYXJjaHw0MzV8fGFkdWx0JTIwZmFjZSUyMHBob3RvfGVufDB8fHx8MTc3ODA2ODg2NHww&ixlib=rb-4.1.0&q=80&w=1080,REAL,Unknown,26-35,True
267,https://images.unsplash.com/photo-1587668223851-c157d8d353ab?crop=entropy&cs=tinysrgb&fit=max&fm=jpg&ixid=M3w5NDQwMTV8MHwxfHNlYXJjaHwyOTd8fGh1bWFuJTIwZmFjZSUyMHBvcnRyYWl0fGVufDB8fHx8MTc3ODA2NDkwMnww&ixlib=rb-4.1.0&q=80&w=1080,REAL,Unknown,26-35,True
3305,https://api.dicebear.com/7.x/personas/jpg?seed=user247&size=300,FAKE,Unknown,36-50,True
2590,https://images.unsplash.com/photo-1666615241303-8caf2451c249?crop=entropy&cs=tinysrgb&fit=max&fm=jpg&ixid=M3w5NDQwMTV8MHwxfHNlYXJjaHwzNzB8fGFkdWx0JTIwZmFjZSUyMHBob3RvfGVufDB8fHx8MTc3ODA2ODg1OHww&ixlib=rb-4.1.0&q=80&w=1080,REAL,Male,50+,True
2532,https://images.unsplash.com/photo-1601035242143-8fb58d787cd1?crop=entropy&cs=tinysrgb&fit=max&fm=jpg&ixid=M3w5NDQwMTV8MHwxfHNlYXJjaHwzMTJ8fGFkdWx0JTIwZmFjZSUyMHBob3RvfGVufDB8fHx8MTc3ODA2ODg1M3ww&ixlib=rb-4.1.0&q=80&w=1080,REAL,Unknown,50+,True
5286,https://api.dicebear.com/7.x/personas/jpg?seed=user2228&size=300,FAKE,Unknown,26-35,True
2226,https://images.unsplash.com/photo-1748159997943-968c9271a3a8?crop=entropy&cs=tinysrgb&fit=max&fm=jpg&ixid=M3w5NDQwMTV8MHwxfHNlYXJjaHw2fHxhZHVsdCUyMGZhY2UlMjBwaG90b3xlbnwwfHx8fDE3NzgwNjg4MzJ8MA&ixlib=rb-4.1.0&q=80&w=1080,REAL,Male,18-25,True
3026,https://i.pravatar.cc/300?img=38,FAKE,Unknown,18-25,True
2875,https://randomuser.me/api/portraits/men/85.jpg,FAKE,Male,36-50,True
2523,https://images.unsplash.com/photo-1581939511803-056d56b1d38b?crop=entropy&cs=tinysrgb&fit=max&fm=jpg&ixid=M3w5NDQwMTV8MHwxfHNlYXJjaHwzMDN8fGFkdWx0JTIwZmFjZSUyMHBob3RvfGVufDB8fHx8MTc3ODA2ODg1M3ww&ixlib=rb-4.1.0&q=80&w=1080,REAL,Unknown,18-25,True
626,https://images.unsplash.com/photo-1477953303822-af4aacc937ea?crop=entropy&cs=tinysrgb&fit=max&fm=jpg&ixid=M3w5NDQwMTV8MHwxfHNlYXJjaHw4Nnx8bWFuJTIwZmFjZSUyMGNsb3NldXB8ZW58MHx8fHwxNzc4MDY1MDgyfDA&ixlib=rb-4.1.0&q=80&w=1080,REAL,Unknown,36-50,True
3369,https://api.dicebear.com/7.x/personas/jpg?seed=user311&size=300,FAKE,Unknown,18-25,True
4776,https://api.dicebear.com/7.x/personas/jpg?seed=user1718&size=300,FAKE,Unknown,18-25,True
463,https://images.unsplash.com/photo-1572262131865-0e2bbdd5b779?crop=entropy&cs=tinysrgb&fit=max&fm=jpg&ixid=M3w5NDQwMTV8MHwxfHNlYXJjaHw0OTN8fGh1bWFuJTIwZmFjZSUyMHBvcnRyYWl0fGVufDB8fHx8MTc3ODA2NTAzN3ww&ixlib=rb-4.1.0&q=80&w=1080,REAL,Male,26-35,True
1020,https://images.unsplash.com/photo-1626376602887-abe90fc0985c?crop=entropy&cs=tinysrgb&fit=max&fm=jpg&ixid=M3w5NDQwMTV8MHwxfHNlYXJjaHw1MTB8fG1hbiUyMGZhY2UlMjBjbG9zZXVwfGVufDB8fHx8MTc3ODA2NTIzMnww&ixlib=rb-4.1.0&q=80&w=1080,REAL,Male,50+,True
5387,https://api.dicebear.com/7.x/personas/jpg?seed=user2329&size=300,FAKE,Unknown,18-25,True
3521,https://api.dicebear.com/7.x/personas/jpg?seed=user463&size=300,FAKE,Unknown,36-50,True
882,https://images.unsplash.com/photo-1654188904201-6577de5ccc10?crop=entropy&cs=tinysrgb&fit=max&fm=jpg&ixid=M3w5NDQwMTV8MHwxfHNlYXJjaHwzNzJ8fG1hbiUyMGZhY2UlMjBjbG9zZXVwfGVufDB8fHx8MTc3ODA2NTIyNHww&ixlib=rb-4.1.0&q=80&w=1080,REAL,Male,26-35,True
3757,https://api.dicebear.com/7.x/personas/jpg?seed=user699&size=300,FAKE,Unknown,18-25,True
1010,https://images.unsplash.com/photo-1636458319334-770cbb374c24?crop=entropy&cs=tinysrgb&fit=max&fm=jpg&ixid=M3w5NDQwMTV8MHwxfHNlYXJjaHw1MDB8fG1hbiUyMGZhY2UlMjBjbG9zZXVwfGVufDB8fHx8MTc3ODA2NTIzMnww&ixlib=rb-4.1.0&q=80&w=1080,REAL,Male,26-35,True
2024,https://images.unsplash.com/photo-1636721371881-c9707636e767?crop=entropy&cs=tinysrgb&fit=max&fm=jpg&ixid=M3w5NDQwMTV8MHwxfHNlYXJjaHwzNzR8fHBlcnNvbiUyMGZhY2UlMjBwaG90b3xlbnwwfHx8fDE3NzgwNjUzMDN8MA&ixlib=rb-4.1.0&q=80&w=1080,REAL,Male,18-25,True
2409,https://images.unsplash.com/photo-1704989974977-8f0983f9d681?crop=entropy&cs=tinysrgb&fit=max&fm=jpg&ixid=M3w5NDQwMTV8MHwxfHNlYXJjaHwxODl8fGFkdWx0JTIwZmFjZSUyMHBob3RvfGVufDB8fHx8MTc3ODA2ODg0NHww&ixlib=rb-4.1.0&q=80&w=1080,REAL,Male,26-35,True
576,https://images.unsplash.com/photo-1553774257-4d07e833aff1?crop=entropy&cs=tinysrgb&fit=max&fm=jpg&ixid=M3w5NDQwMTV8MHwxfHNlYXJjaHwzNnx8bWFuJTIwZmFjZSUyMGNsb3NldXB8ZW58MHx8fHwxNzc4MDY1MDc4fDA&ixlib=rb-4.1.0&q=80&w=1080,REAL,Female,36-50,True
3877,https://api.dicebear.com/7.x/personas/jpg?seed=user819&size=300,FAKE,Unknown,36-50,True
425,https://images.unsplash.com/photo-1589150348172-a1c6bdb1de00?crop=entropy&cs=tinysrgb&fit=max&fm=jpg&ixid=M3w5NDQwMTV8MHwxfHNlYXJjaHw0NTV8fGh1bWFuJTIwZmFjZSUyMHBvcnRyYWl0fGVufDB8fHx8MTc3ODA2NTAzM3ww&ixlib=rb-4.1.0&q=80&w=1080,REAL,Unknown,18-25,True
3203,https://api.dicebear.com/7.x/personas/jpg?seed=user145&size=300,FAKE,Unknown,50+,True
4131,https://api.dicebear.com/7.x/personas/jpg?seed=user1073&size=300,FAKE,Unknown,18-25,True
731,https://images.unsplash.com/photo-1610202961060-fcb8e5191edf?crop=entropy&cs=tinysrgb&fit=max&fm=jpg&ixid=M3w5NDQwMTV8MHwxfHNlYXJjaHwyMjF8fG1hbiUyMGZhY2UlMjBjbG9zZXVwfGVufDB8fHx8MTc3ODA2NTIxMXww&ixlib=rb-4.1.0&q=80&w=1080,REAL,Female,18-25,True
2822,https://randomuser.me/api/portraits/men/32.jpg,FAKE,Male,50+,True
4641,https://api.dicebear.com/7.x/personas/jpg?seed=user1583&size=300,FAKE,Unknown,26-35,True
1944,https://images.unsplash.com/photo-1648484859885-73ed7aeaab5b?crop=entropy&cs=tinysrgb&fit=max&fm=jpg&ixid=M3w5NDQwMTV8MHwxfHNlYXJjaHwyOTR8fHBlcnNvbiUyMGZhY2UlMjBwaG90b3xlbnwwfHx8fDE3NzgwNjUyOTd8MA&ixlib=rb-4.1.0&q=80&w=1080,REAL,Male,50+,True
3810,https://api.dicebear.com/7.x/personas/jpg?seed=user752&size=300,FAKE,Unknown,36-50,True
2304,https://images.unsplash.com/photo-1715622053361-4baf5ad2c51a?crop=entropy&cs=tinysrgb&fit=max&fm=jpg&ixid=M3w5NDQwMTV8MHwxfHNlYXJjaHw4NHx8YWR1bHQlMjBmYWNlJTIwcGhvdG98ZW58MHx8fHwxNzc4MDY4ODM1fDA&ixlib=rb-4.1.0&q=80&w=1080,REAL,Male,36-50,True
5073,https://api.dicebear.com/7.x/personas/jpg?seed=user2015&size=300,FAKE,Unknown,50+,True
3,https://images.unsplash.com/photo-1724225618348-636d316ef39b?crop=entropy&cs=tinysrgb&fit=max&fm=jpg&ixid=M3w5NDQwMTV8MHwxfHNlYXJjaHwzfHxodW1hbiUyMGZhY2UlMjBwb3J0cmFpdHxlbnwwfHx8fDE3NzgwNjQ2ODd8MA&ixlib=rb-4.1.0&q=80&w=1080,REAL,Female,36-50,True
4035,https://api.dicebear.com/7.x/personas/jpg?seed=user977&size=300,FAKE,Unknown,26-35,True
880,https://images.unsplash.com/photo-1557178180-7baf4e4e9735?crop=entropy&cs=tinysrgb&fit=max&fm=jpg&ixid=M3w5NDQwMTV8MHwxfHNlYXJjaHwzNzB8fG1hbiUyMGZhY2UlMjBjbG9zZXVwfGVufDB8fHx8MTc3ODA2NTIyNHww&ixlib=rb-4.1.0&q=80&w=1080,REAL,Unknown,18-25,True
3299,https://api.dicebear.com/7.x/personas/jpg?seed=user241&size=300,FAKE,Unknown,26-35,True
1194,https://images.unsplash.com/photo-1629896295191-6e107225a460?crop=entropy&cs=tinysrgb&fit=max&fm=jpg&ixid=M3w5NDQwMTV8MHwxfHNlYXJjaHwxMTR8fHdvbWFuJTIwZmFjZSUyMHBvcnRyYWl0fGVufDB8fHx8MTc3ODA2NTI0Nnww&ixlib=rb-4.1.0&q=80&w=1080,REAL,Male,26-35,True
668,https://images.unsplash.com/photo-1610767619216-94a37b9f3686?crop=entropy&cs=tinysrgb&fit=max&fm=jpg&ixid=M3w5NDQwMTV8MHwxfHNlYXJjaHwxMjh8fG1hbiUyMGZhY2UlMjBjbG9zZXVwfGVufDB8fHx8MTc3ODA2NTA4N3ww&ixlib=rb-4.1.0&q=80&w=1080,REAL,Female,50+,True
4820,https://api.dicebear.com/7.x/personas/jpg?seed=user1762&size=300,FAKE,Unknown,26-35,True
1223,https://images.unsplash.com/photo-1640059567352-aa684b7fcc67?crop=entropy&cs=tinysrgb&fit=max&fm=jpg&ixid=M3w5NDQwMTV8MHwxfHNlYXJjaHwxNDN8fHdvbWFuJTIwZmFjZSUyMHBvcnRyYWl0fGVufDB8fHx8MTc3ODA2NTI0OHww&ixlib=rb-4.1.0&q=80&w=1080,REAL,Unknown,36-50,True
3982,https://api.dicebear.com/7.x/personas/jpg?seed=user924&size=300,FAKE,Unknown,26-35,True
2341,https://images.unsplash.com/photo-1726741695254-d2049ba5022f?crop=entropy&cs=tinysrgb&fit=max&fm=jpg&ixid=M3w5NDQwMTV8MHwxfHNlYXJjaHwxMjF8fGFkdWx0JTIwZmFjZSUyMHBob3RvfGVufDB8fHx8MTc3ODA2ODg0MHww&ixlib=rb-4.1.0&q=80&w=1080,REAL,Unknown,36-50,True
4397,https://api.dicebear.com/7.x/personas/jpg?seed=user1339&size=300,FAKE,Unknown,26-35,True
3384,https://api.dicebear.com/7.x/personas/jpg?seed=user326&size=300,FAKE,Unknown,50+,True
4128,https://api.dicebear.com/7.x/personas/jpg?seed=user1070&size=300,FAKE,Unknown,50+,True
940,https://images.unsplash.com/photo-1625238075922-586613dc05e3?crop=entropy&cs=tinysrgb&fit=max&fm=jpg&ixid=M3w5NDQwMTV8MHwxfHNlYXJjaHw0MzB8fG1hbiUyMGZhY2UlMjBjbG9zZXVwfGVufDB8fHx8MTc3ODA2NTIyOHww&ixlib=rb-4.1.0&q=80&w=1080,REAL,Male,18-25,True
3581,https://api.dicebear.com/7.x/personas/jpg?seed=user523&size=300,FAKE,Unknown,26-35,True
2548,https://images.unsplash.com/photo-1678991012832-b23bb728ea91?crop=entropy&cs=tinysrgb&fit=max&fm=jpg&ixid=M3w5NDQwMTV8MHwxfHNlYXJjaHwzMjh8fGFkdWx0JTIwZmFjZSUyMHBob3RvfGVufDB8fHx8MTc3ODA2ODg1M3ww&ixlib=rb-4.1.0&q=80&w=1080,REAL,Female,36-50,True
4993,https://api.dicebear.com/7.x/personas/jpg?seed=user1935&size=300,FAKE,Unknown,50+,True
4385,https://api.dicebear.com/7.x/personas/jpg?seed=user1327&size=300,FAKE,Unknown,36-50,True
3978,https://api.dicebear.com/7.x/personas/jpg?seed=user920&size=300,FAKE,Unknown,36-50,True
4017,https://api.dicebear.com/7.x/personas/jpg?seed=user959&size=300,FAKE,Unknown,26-35,True
4342,https://api.dicebear.com/7.x/personas/jpg?seed=user1284&size=300,FAKE,Unknown,18-25,True
4356,https://api.dicebear.com/7.x/personas/jpg?seed=user1298&size=300,FAKE,Unknown,18-25,True
5232,https://api.dicebear.com/7.x/personas/jpg?seed=user2174&size=300,FAKE,Unknown,50+,True
807,https://images.unsplash.com/photo-1518809595274-1471d16319b7?crop=entropy&cs=tinysrgb&fit=max&fm=jpg&ixid=M3w5NDQwMTV8MHwxfHNlYXJjaHwyOTd8fG1hbiUyMGZhY2UlMjBjbG9zZXVwfGVufDB8fHx8MTc3ODA2NTIxNnww&ixlib=rb-4.1.0&q=80&w=1080,REAL,Female,36-50,True
925,https://images.unsplash.com/photo-1623297990356-3a644b1b15d9?crop=entropy&cs=tinysrgb&fit=max&fm=jpg&ixid=M3w5NDQwMTV8MHwxfHNlYXJjaHw0MTV8fG1hbiUyMGZhY2UlMjBjbG9zZXVwfGVufDB8fHx8MTc3ODA2NTIyNnww&ixlib=rb-4.1.0&q=80&w=1080,REAL,Female,36-50,True
4249,https://api.dicebear.com/7.x/personas/jpg?seed=user1191&size=300,FAKE,Unknown,26-35,True
35,https://images.unsplash.com/photo-1652549852897-7525dd07615c?crop=entropy&cs=tinysrgb&fit=max&fm=jpg&ixid=M3w5NDQwMTV8MHwxfHNlYXJjaHwzNXx8aHVtYW4lMjBmYWNlJTIwcG9ydHJhaXR8ZW58MHx8fHwxNzc4MDY0NzA2fDA&ixlib=rb-4.1.0&q=80&w=1080,REAL,Male,50+,True
3525,https://api.dicebear.com/7.x/personas/jpg?seed=user467&size=300,FAKE,Unknown,26-35,True
755,https://images.unsplash.com/photo-1625394606058-dadebd822447?crop=entropy&cs=tinysrgb&fit=max&fm=jpg&ixid=M3w5NDQwMTV8MHwxfHNlYXJjaHwyNDV8fG1hbiUyMGZhY2UlMjBjbG9zZXVwfGVufDB8fHx8MTc3ODA2NTIxM3ww&ixlib=rb-4.1.0&q=80&w=1080,REAL,Female,18-25,True
2411,https://images.unsplash.com/photo-1734953951277-bfcc2dd270c4?crop=entropy&cs=tinysrgb&fit=max&fm=jpg&ixid=M3w5NDQwMTV8MHwxfHNlYXJjaHwxOTF8fGFkdWx0JTIwZmFjZSUyMHBob3RvfGVufDB8fHx8MTc3ODA2ODg0NHww&ixlib=rb-4.1.0&q=80&w=1080,REAL,Female,26-35,True
448,https://images.unsplash.com/photo-1611780133619-f27d7b6ed77f?crop=entropy&cs=tinysrgb&fit=max&fm=jpg&ixid=M3w5NDQwMTV8MHwxfHNlYXJjaHw0Nzh8fGh1bWFuJTIwZmFjZSUyMHBvcnRyYWl0fGVufDB8fHx8MTc3ODA2NTAzM3ww&ixlib=rb-4.1.0&q=80&w=1080,REAL,Male,36-50,True
4875,https://api.dicebear.com/7.x/personas/jpg?seed=user1817&size=300,FAKE,Unknown,18-25,True
2088,https://images.unsplash.com/photo-1618822520386-93f2474aeeb1?crop=entropy&cs=tinysrgb&fit=max&fm=jpg&ixid=M3w5NDQwMTV8MHwxfHNlYXJjaHw0Mzh8fHBlcnNvbiUyMGZhY2UlMjBwaG90b3xlbnwwfHx8fDE3NzgwNjUzMDh8MA&ixlib=rb-4.1.0&q=80&w=1080,REAL,Male,50+,True
4007,https://api.dicebear.com/7.x/personas/jpg?seed=user949&size=300,FAKE,Unknown,26-35,True
4655,https://api.dicebear.com/7.x/personas/jpg?seed=user1597&size=300,FAKE,Unknown,26-35,True
1236,https://images.unsplash.com/photo-1633355363477-f73992bcf418?crop=entropy&cs=tinysrgb&fit=max&fm=jpg&ixid=M3w5NDQwMTV8MHwxfHNlYXJjaHwxNTZ8fHdvbWFuJTIwZmFjZSUyMHBvcnRyYWl0fGVufDB8fHx8MTc3ODA2NTI1MXww&ixlib=rb-4.1.0&q=80&w=1080,REAL,Unknown,36-50,True
148,https://images.unsplash.com/photo-1584965042035-8a330fe876df?crop=entropy&cs=tinysrgb&fit=max&fm=jpg&ixid=M3w5NDQwMTV8MHwxfHNlYXJjaHwxNDh8fGh1bWFuJTIwZmFjZSUyMHBvcnRyYWl0fGVufDB8fHx8MTc3ODA2NDcyNXww&ixlib=rb-4.1.0&q=80&w=1080,REAL,Unknown,36-50,True
5083,https://api.dicebear.com/7.x/personas/jpg?seed=user2025&size=300,FAKE,Unknown,36-50,True
5288,https://api.dicebear.com/7.x/personas/jpg?seed=user2230&size=300,FAKE,Unknown,26-35,True
3058,https://i.pravatar.cc/300?img=70,FAKE,Unknown,18-25,True
462,https://images.unsplash.com/photo-1621765694732-543cbae5325c?crop=entropy&cs=tinysrgb&fit=max&fm=jpg&ixid=M3w5NDQwMTV8MHwxfHNlYXJjaHw0OTJ8fGh1bWFuJTIwZmFjZSUyMHBvcnRyYWl0fGVufDB8fHx8MTc3ODA2NTAzN3ww&ixlib=rb-4.1.0&q=80&w=1080,REAL,Unknown,18-25,True
1941,https://images.unsplash.com/photo-1648484859360-1e4168a7bd39?crop=entropy&cs=tinysrgb&fit=max&fm=jpg&ixid=M3w5NDQwMTV8MHwxfHNlYXJjaHwyOTF8fHBlcnNvbiUyMGZhY2UlMjBwaG90b3xlbnwwfHx8fDE3NzgwNjUyOTd8MA&ixlib=rb-4.1.0&q=80&w=1080,REAL,Female,36-50,True
1781,https://images.unsplash.com/photo-1634402134815-cd41de10a46c?crop=entropy&cs=tinysrgb&fit=max&fm=jpg&ixid=M3w5NDQwMTV8MHwxfHNlYXJjaHwxMzF8fHBlcnNvbiUyMGZhY2UlMjBwaG90b3xlbnwwfHx8fDE3NzgwNjUyODZ8MA&ixlib=rb-4.1.0&q=80&w=1080,REAL,Male,26-35,True
2349,https://images.unsplash.com/photo-1726741695963-503d26b1d537?crop=entropy&cs=tinysrgb&fit=max&fm=jpg&ixid=M3w5NDQwMTV8MHwxfHNlYXJjaHwxMjl8fGFkdWx0JTIwZmFjZSUyMHBob3RvfGVufDB8fHx8MTc3ODA2ODg0MHww&ixlib=rb-4.1.0&q=80&w=1080,REAL,Male,36-50,True
3143,https://api.dicebear.com/7.x/personas/jpg?seed=user85&size=300,FAKE,Unknown,50+,True
2487,https://images.unsplash.com/photo-1552350023-2de660f3de07?crop=entropy&cs=tinysrgb&fit=max&fm=jpg&ixid=M3w5NDQwMTV8MHwxfHNlYXJjaHwyNjd8fGFkdWx0JTIwZmFjZSUyMHBob3RvfGVufDB8fHx8MTc3ODA2ODg0OXww&ixlib=rb-4.1.0&q=80&w=1080,REAL,Unknown,18-25,True
3815,https://api.dicebear.com/7.x/personas/jpg?seed=user757&size=300,FAKE,Unknown,36-50,True
5150,https://api.dicebear.com/7.x/personas/jpg?seed=user2092&size=300,FAKE,Unknown,26-35,True
1845,https://images.unsplash.com/photo-1645281365698-483a80514aa5?crop=entropy&cs=tinysrgb&fit=max&fm=jpg&ixid=M3w5NDQwMTV8MHwxfHNlYXJjaHwxOTV8fHBlcnNvbiUyMGZhY2UlMjBwaG90b3xlbnwwfHx8fDE3NzgwNjUyOTB8MA&ixlib=rb-4.1.0&q=80&w=1080,REAL,Unknown,18-25,True
2299,https://images.unsplash.com/photo-1755098452363-71404ec07171?crop=entropy&cs=tinysrgb&fit=max&fm=jpg&ixid=M3w5NDQwMTV8MHwxfHNlYXJjaHw3OXx8YWR1bHQlMjBmYWNlJTIwcGhvdG98ZW58MHx8fHwxNzc4MDY4ODM1fDA&ixlib=rb-4.1.0&q=80&w=1080,REAL,Male,18-25,True
558,https://images.unsplash.com/photo-1638290047807-4c9d389b9aa6?crop=entropy&cs=tinysrgb&fit=max&fm=jpg&ixid=M3w5NDQwMTV8MHwxfHNlYXJjaHwxOHx8bWFuJTIwZmFjZSUyMGNsb3NldXB8ZW58MHx8fHwxNzc4MDY1MDYzfDA&ixlib=rb-4.1.0&q=80&w=1080,REAL,Male,18-25,True
1778,https://images.unsplash.com/photo-1637520932019-d53127038bb5?crop=entropy&cs=tinysrgb&fit=max&fm=jpg&ixid=M3w5NDQwMTV8MHwxfHNlYXJjaHwxMjh8fHBlcnNvbiUyMGZhY2UlMjBwaG90b3xlbnwwfHx8fDE3NzgwNjUyODZ8MA&ixlib=rb-4.1.0&q=80&w=1080,REAL,Male,18-25,True
4323,https://api.dicebear.com/7.x/personas/jpg?seed=user1265&size=300,FAKE,Unknown,50+,True
4303,https://api.dicebear.com/7.x/personas/jpg?seed=user1245&size=300,FAKE,Unknown,36-50,True
5101,https://api.dicebear.com/7.x/personas/jpg?seed=user2043&size=300,FAKE,Unknown,36-50,True
4986,https://api.dicebear.com/7.x/personas/jpg?seed=user1928&size=300,FAKE,Unknown,26-35,True
2139,https://images.unsplash.com/photo-1624572898909-af83632e6f8b?crop=entropy&cs=tinysrgb&fit=max&fm=jpg&ixid=M3w5NDQwMTV8MHwxfHNlYXJjaHw0ODl8fHBlcnNvbiUyMGZhY2UlMjBwaG90b3xlbnwwfHx8fDE3NzgwNjUzMTN8MA&ixlib=rb-4.1.0&q=80&w=1080,REAL,Female,50+,True
4334,https://api.dicebear.com/7.x/personas/jpg?seed=user1276&size=300,FAKE,Unknown,26-35,True
3773,https://api.dicebear.com/7.x/personas/jpg?seed=user715&size=300,FAKE,Unknown,36-50,True
4843,https://api.dicebear.com/7.x/personas/jpg?seed=user1785&size=300,FAKE,Unknown,26-35,True
108,https://images.unsplash.com/photo-1662838496660-61af6ffa3788?crop=entropy&cs=tinysrgb&fit=max&fm=jpg&ixid=M3w5NDQwMTV8MHwxfHNlYXJjaHwxMDh8fGh1bWFuJTIwZmFjZSUyMHBvcnRyYWl0fGVufDB8fHx8MTc3ODA2NDcyMXww&ixlib=rb-4.1.0&q=80&w=1080,REAL,Male,50+,True
4479,https://api.dicebear.com/7.x/personas/jpg?seed=user1421&size=300,FAKE,Unknown,36-50,True
2433,https://images.unsplash.com/photo-1741900461082-1d070c42cd6c?crop=entropy&cs=tinysrgb&fit=max&fm=jpg&ixid=M3w5NDQwMTV8MHwxfHNlYXJjaHwyMTN8fGFkdWx0JTIwZmFjZSUyMHBob3RvfGVufDB8fHx8MTc3ODA2ODg0Nnww&ixlib=rb-4.1.0&q=80&w=1080,REAL,Male,26-35,True
799,https://images.unsplash.com/photo-1633077327944-11ec244dc9ca?crop=entropy&cs=tinysrgb&fit=max&fm=jpg&ixid=M3w5NDQwMTV8MHwxfHNlYXJjaHwyODl8fG1hbiUyMGZhY2UlMjBjbG9zZXVwfGVufDB8fHx8MTc3ODA2NTIxNnww&ixlib=rb-4.1.0&q=80&w=1080,REAL,Female,36-50,True
3406,https://api.dicebear.com/7.x/personas/jpg?seed=user348&size=300,FAKE,Unknown,26-35,True
4264,https://api.dicebear.com/7.x/personas/jpg?seed=user1206&size=300,FAKE,Unknown,36-50,True
3276,https://api.dicebear.com/7.x/personas/jpg?seed=user218&size=300,FAKE,Unknown,18-25,True
3159,https://api.dicebear.com/7.x/personas/jpg?seed=user101&size=300,FAKE,Unknown,26-35,True
1117,https://images.unsplash.com/photo-1677526182878-18290cc9e3ae?crop=entropy&cs=tinysrgb&fit=max&fm=jpg&ixid=M3w5NDQwMTV8MHwxfHNlYXJjaHwzN3x8d29tYW4lMjBmYWNlJTIwcG9ydHJhaXR8ZW58MHx8fHwxNzc4MDY1MjQyfDA&ixlib=rb-4.1.0&q=80&w=1080,REAL,Unknown,36-50,True
672,https://images.unsplash.com/photo-1588333779083-8ece1abf4547?crop=entropy&cs=tinysrgb&fit=max&fm=jpg&ixid=M3w5NDQwMTV8MHwxfHNlYXJjaHwxMzJ8fG1hbiUyMGZhY2UlMjBjbG9zZXVwfGVufDB8fHx8MTc3ODA2NTA4N3ww&ixlib=rb-4.1.0&q=80&w=1080,REAL,Female,26-35,True
1235,https://images.unsplash.com/photo-1620301131890-6d07e4048ffa?crop=entropy&cs=tinysrgb&fit=max&fm=jpg&ixid=M3w5NDQwMTV8MHwxfHNlYXJjaHwxNTV8fHdvbWFuJTIwZmFjZSUyMHBvcnRyYWl0fGVufDB8fHx8MTc3ODA2NTI1MXww&ixlib=rb-4.1.0&q=80&w=1080,REAL,Unknown,50+,True
2650,https://images.unsplash.com/photo-1581094360472-0e10ec8889c9?crop=entropy&cs=tinysrgb&fit=max&fm=jpg&ixid=M3w5NDQwMTV8MHwxfHNlYXJjaHw0MzB8fGFkdWx0JTIwZmFjZSUyMHBob3RvfGVufDB8fHx8MTc3ODA2ODg2NHww&ixlib=rb-4.1.0&q=80&w=1080,REAL,Unknown,36-50,True
2460,https://images.unsplash.com/photo-1559012993-1f67614fbd00?crop=entropy&cs=tinysrgb&fit=max&fm=jpg&ixid=M3w5NDQwMTV8MHwxfHNlYXJjaHwyNDB8fGFkdWx0JTIwZmFjZSUyMHBob3RvfGVufDB8fHx8MTc3ODA2ODg0Nnww&ixlib=rb-4.1.0&q=80&w=1080,REAL,Unknown,18-25,True
4322,https://api.dicebear.com/7.x/personas/jpg?seed=user1264&size=300,FAKE,Unknown,50+,True
1515,https://images.unsplash.com/photo-1557002665-2929901e4e65?crop=entropy&cs=tinysrgb&fit=max&fm=jpg&ixid=M3w5NDQwMTV8MHwxfHNlYXJjaHw0MzV8fHdvbWFuJTIwZmFjZSUyMHBvcnRyYWl0fGVufDB8fHx8MTc3ODA2NTI2OXww&ixlib=rb-4.1.0&q=80&w=1080,REAL,Female,50+,True
3373,https://api.dicebear.com/7.x/personas/jpg?seed=user315&size=300,FAKE,Unknown,18-25,True
4591,https://api.dicebear.com/7.x/personas/jpg?seed=user1533&size=300,FAKE,Unknown,36-50,True
5170,https://api.dicebear.com/7.x/personas/jpg?seed=user2112&size=300,FAKE,Unknown,36-50,True
4814,https://api.dicebear.com/7.x/personas/jpg?seed=user1756&size=300,FAKE,Unknown,18-25,True
2715,https://images.unsplash.com/photo-1665493014337-ada01670de89?crop=entropy&cs=tinysrgb&fit=max&fm=jpg&ixid=M3w5NDQwMTV8MHwxfHNlYXJjaHw0OTV8fGFkdWx0JTIwZmFjZSUyMHBob3RvfGVufDB8fHx8MTc3ODA2ODg3MXww&ixlib=rb-4.1.0&q=80&w=1080,REAL,Female,18-25,True
3199,https://api.dicebear.com/7.x/personas/jpg?seed=user141&size=300,FAKE,Unknown,50+,True
42,https://images.unsplash.com/photo-1669206053726-bfafe8d4537f?crop=entropy&cs=tinysrgb&fit=max&fm=jpg&ixid=M3w5NDQwMTV8MHwxfHNlYXJjaHw0Mnx8aHVtYW4lMjBmYWNlJTIwcG9ydHJhaXR8ZW58MHx8fHwxNzc4MDY0NzA2fDA&ixlib=rb-4.1.0&q=80&w=1080,REAL,Female,50+,True
4741,https://api.dicebear.com/7.x/personas/jpg?seed=user1683&size=300,FAKE,Unknown,36-50,True
2022,https://images.unsplash.com/photo-1648500128161-7964c8b9419d?crop=entropy&cs=tinysrgb&fit=max&fm=jpg&ixid=M3w5NDQwMTV8MHwxfHNlYXJjaHwzNzJ8fHBlcnNvbiUyMGZhY2UlMjBwaG90b3xlbnwwfHx8fDE3NzgwNjUzMDN8MA&ixlib=rb-4.1.0&q=80&w=1080,REAL,Female,36-50,True
2120,https://images.unsplash.com/photo-1723031840495-57a7154b191b?crop=entropy&cs=tinysrgb&fit=max&fm=jpg&ixid=M3w5NDQwMTV8MHwxfHNlYXJjaHw0NzB8fHBlcnNvbiUyMGZhY2UlMjBwaG90b3xlbnwwfHx8fDE3NzgwNjUzMTB8MA&ixlib=rb-4.1.0&q=80&w=1080,REAL,Female,18-25,True
3231,https://api.dicebear.com/7.x/personas/jpg?seed=user173&size=300,FAKE,Unknown,36-50,True
1641,https://images.unsplash.com/photo-1671741904756-de5691862eb3?crop=entropy&cs=tinysrgb&fit=max&fm=jpg&ixid=M3w5NDQwMTV8MHwxfHNlYXJjaHw1NjF8fHdvbWFuJTIwZmFjZSUyMHBvcnRyYWl0fGVufDB8fHx8MTc3ODA2NTI3Nnww&ixlib=rb-4.1.0&q=80&w=1080,REAL,Female,36-50,True
4367,https://api.dicebear.com/7.x/personas/jpg?seed=user1309&size=300,FAKE,Unknown,50+,True
2482,https://images.unsplash.com/photo-1629880603571-8239f469a695?crop=entropy&cs=tinysrgb&fit=max&fm=jpg&ixid=M3w5NDQwMTV8MHwxfHNlYXJjaHwyNjJ8fGFkdWx0JTIwZmFjZSUyMHBob3RvfGVufDB8fHx8MTc3ODA2ODg0OXww&ixlib=rb-4.1.0&q=80&w=1080,REAL,Female,18-25,True
2017,https://images.unsplash.com/photo-1648500128138-53b62cbb1cf8?crop=entropy&cs=tinysrgb&fit=max&fm=jpg&ixid=M3w5NDQwMTV8MHwxfHNlYXJjaHwzNjd8fHBlcnNvbiUyMGZhY2UlMjBwaG90b3xlbnwwfHx8fDE3NzgwNjUzMDN8MA&ixlib=rb-4.1.0&q=80&w=1080,REAL,Female,18-25,True
4308,https://api.dicebear.com/7.x/personas/jpg?seed=user1250&size=300,FAKE,Unknown,50+,True
2577,https://images.unsplash.com/photo-1605555579795-81a19ff0ad50?crop=entropy&cs=tinysrgb&fit=max&fm=jpg&ixid=M3w5NDQwMTV8MHwxfHNlYXJjaHwzNTd8fGFkdWx0JTIwZmFjZSUyMHBob3RvfGVufDB8fHx8MTc3ODA2ODg1NXww&ixlib=rb-4.1.0&q=80&w=1080,REAL,Male,36-50,True
823,https://images.unsplash.com/photo-1627520674140-3e9328ce0ace?crop=entropy&cs=tinysrgb&fit=max&fm=jpg&ixid=M3w5NDQwMTV8MHwxfHNlYXJjaHwzMTN8fG1hbiUyMGZhY2UlMjBjbG9zZXVwfGVufDB8fHx8MTc3ODA2NTIxOHww&ixlib=rb-4.1.0&q=80&w=1080,REAL,Male,36-50,True
5268,https://api.dicebear.com/7.x/personas/jpg?seed=user2210&size=300,FAKE,Unknown,18-25,True
552,https://images.unsplash.com/photo-1618593706014-06782cd3bb3b?crop=entropy&cs=tinysrgb&fit=max&fm=jpg&ixid=M3w5NDQwMTV8MHwxfHNlYXJjaHwxMnx8bWFuJTIwZmFjZSUyMGNsb3NldXB8ZW58MHx8fHwxNzc4MDY1MDYzfDA&ixlib=rb-4.1.0&q=80&w=1080,REAL,Male,50+,True
2328,https://images.unsplash.com/photo-1645968093389-704585a7359d?crop=entropy&cs=tinysrgb&fit=max&fm=jpg&ixid=M3w5NDQwMTV8MHwxfHNlYXJjaHwxMDh8fGFkdWx0JTIwZmFjZSUyMHBob3RvfGVufDB8fHx8MTc3ODA2ODgzOHww&ixlib=rb-4.1.0&q=80&w=1080,REAL,Female,50+,True
2642,https://images.unsplash.com/photo-1602202771635-edb19b307d19?crop=entropy&cs=tinysrgb&fit=max&fm=jpg&ixid=M3w5NDQwMTV8MHwxfHNlYXJjaHw0MjJ8fGFkdWx0JTIwZmFjZSUyMHBob3RvfGVufDB8fHx8MTc3ODA2ODg2NHww&ixlib=rb-4.1.0&q=80&w=1080,REAL,Unknown,18-25,True
2371,https://images.unsplash.com/photo-1718878961603-15c33d1a84f5?crop=entropy&cs=tinysrgb&fit=max&fm=jpg&ixid=M3w5NDQwMTV8MHwxfHNlYXJjaHwxNTF8fGFkdWx0JTIwZmFjZSUyMHBob3RvfGVufDB8fHx8MTc3ODA2ODg0Mnww&ixlib=rb-4.1.0&q=80&w=1080,REAL,Unknown,18-25,True
1957,https://images.unsplash.com/photo-1648500128137-5d4210c9fe34?crop=entropy&cs=tinysrgb&fit=max&fm=jpg&ixid=M3w5NDQwMTV8MHwxfHNlYXJjaHwzMDd8fHBlcnNvbiUyMGZhY2UlMjBwaG90b3xlbnwwfHx8fDE3NzgwNjUyOTl8MA&ixlib=rb-4.1.0&q=80&w=1080,REAL,Male,36-50,True
3552,https://api.dicebear.com/7.x/personas/jpg?seed=user494&size=300,FAKE,Unknown,26-35,True
1120,https://images.unsplash.com/photo-1635437410174-31b69b32e71e?crop=entropy&cs=tinysrgb&fit=max&fm=jpg&ixid=M3w5NDQwMTV8MHwxfHNlYXJjaHw0MHx8d29tYW4lMjBmYWNlJTIwcG9ydHJhaXR8ZW58MHx8fHwxNzc4MDY1MjQyfDA&ixlib=rb-4.1.0&q=80&w=1080,REAL,Female,50+,True
3184,https://api.dicebear.com/7.x/personas/jpg?seed=user126&size=300,FAKE,Unknown,18-25,True
5123,https://api.dicebear.com/7.x/personas/jpg?seed=user2065&size=300,FAKE,Unknown,26-35,True
428,https://images.unsplash.com/photo-1768131502495-225688569436?crop=entropy&cs=tinysrgb&fit=max&fm=jpg&ixid=M3w5NDQwMTV8MHwxfHNlYXJjaHw0NTh8fGh1bWFuJTIwZmFjZSUyMHBvcnRyYWl0fGVufDB8fHx8MTc3ODA2NTAzM3ww&ixlib=rb-4.1.0&q=80&w=1080,REAL,Unknown,36-50,True
4212,https://api.dicebear.com/7.x/personas/jpg?seed=user1154&size=300,FAKE,Unknown,18-25,True
2298,https://images.unsplash.com/photo-1755098453236-d6309adf0317?crop=entropy&cs=tinysrgb&fit=max&fm=jpg&ixid=M3w5NDQwMTV8MHwxfHNlYXJjaHw3OHx8YWR1bHQlMjBmYWNlJTIwcGhvdG98ZW58MHx8fHwxNzc4MDY4ODM1fDA&ixlib=rb-4.1.0&q=80&w=1080,REAL,Female,50+,True
1217,https://images.unsplash.com/photo-1559674850-47859f577fba?crop=entropy&cs=tinysrgb&fit=max&fm=jpg&ixid=M3w5NDQwMTV8MHwxfHNlYXJjaHwxMzd8fHdvbWFuJTIwZmFjZSUyMHBvcnRyYWl0fGVufDB8fHx8MTc3ODA2NTI0OHww&ixlib=rb-4.1.0&q=80&w=1080,REAL,Unknown,36-50,True
3288,https://api.dicebear.com/7.x/personas/jpg?seed=user230&size=300,FAKE,Unknown,36-50,True
2000,https://images.unsplash.com/photo-1740148641998-b406a7b0b306?crop=entropy&cs=tinysrgb&fit=max&fm=jpg&ixid=M3w5NDQwMTV8MHwxfHNlYXJjaHwzNTB8fHBlcnNvbiUyMGZhY2UlMjBwaG90b3xlbnwwfHx8fDE3NzgwNjUzMDF8MA&ixlib=rb-4.1.0&q=80&w=1080,REAL,Female,36-50,True
5207,https://api.dicebear.com/7.x/personas/jpg?seed=user2149&size=300,FAKE,Unknown,26-35,True
3192,https://api.dicebear.com/7.x/personas/jpg?seed=user134&size=300,FAKE,Unknown,50+,True
4630,https://api.dicebear.com/7.x/personas/jpg?seed=user1572&size=300,FAKE,Unknown,50+,True
5149,https://api.dicebear.com/7.x/personas/jpg?seed=user2091&size=300,FAKE,Unknown,36-50,True
3592,https://api.dicebear.com/7.x/personas/jpg?seed=user534&size=300,FAKE,Unknown,50+,True
3895,https://api.dicebear.com/7.x/personas/jpg?seed=user837&size=300,FAKE,Unknown,26-35,True
5517,https://api.dicebear.com/7.x/personas/jpg?seed=user2459&size=300,FAKE,Unknown,26-35,True
872,https://images.unsplash.com/photo-1708359607671-78f9f64afe97?crop=entropy&cs=tinysrgb&fit=max&fm=jpg&ixid=M3w5NDQwMTV8MHwxfHNlYXJjaHwzNjJ8fG1hbiUyMGZhY2UlMjBjbG9zZXVwfGVufDB8fHx8MTc3ODA2NTIyNHww&ixlib=rb-4.1.0&q=80&w=1080,REAL,Male,36-50,True
1910,https://images.unsplash.com/photo-1704286572919-6c86d11e5409?crop=entropy&cs=tinysrgb&fit=max&fm=jpg&ixid=M3w5NDQwMTV8MHwxfHNlYXJjaHwyNjB8fHBlcnNvbiUyMGZhY2UlMjBwaG90b3xlbnwwfHx8fDE3NzgwNjUyOTV8MA&ixlib=rb-4.1.0&q=80&w=1080,REAL,Female,26-35,True
5530,https://api.dicebear.com/7.x/personas/jpg?seed=user2472&size=300,FAKE,Unknown,36-50,True
2863,https://randomuser.me/api/portraits/men/73.jpg,FAKE,Male,36-50,True
2359,https://images.unsplash.com/photo-1755127761405-9bfee57dabcc?crop=entropy&cs=tinysrgb&fit=max&fm=jpg&ixid=M3w5NDQwMTV8MHwxfHNlYXJjaHwxMzl8fGFkdWx0JTIwZmFjZSUyMHBob3RvfGVufDB8fHx8MTc3ODA2ODg0MHww&ixlib=rb-4.1.0&q=80&w=1080,REAL,Female,50+,True
2672,https://images.unsplash.com/photo-1615943084761-50297383fe94?crop=entropy&cs=tinysrgb&fit=max&fm=jpg&ixid=M3w5NDQwMTV8MHwxfHNlYXJjaHw0NTJ8fGFkdWx0JTIwZmFjZSUyMHBob3RvfGVufDB8fHx8MTc3ODA2ODg2OHww&ixlib=rb-4.1.0&q=80&w=1080,REAL,Unknown,36-50,True
4180,https://api.dicebear.com/7.x/personas/jpg?seed=user1122&size=300,FAKE,Unknown,50+,True
1365,https://images.unsplash.com/photo-1637775888088-1da64b8fe926?crop=entropy&cs=tinysrgb&fit=max&fm=jpg&ixid=M3w5NDQwMTV8MHwxfHNlYXJjaHwyODV8fHdvbWFuJTIwZmFjZSUyMHBvcnRyYWl0fGVufDB8fHx8MTc3ODA2NTI1OXww&ixlib=rb-4.1.0&q=80&w=1080,REAL,Male,50+,True
1686,https://images.unsplash.com/photo-1633660038798-59a3a30335e8?crop=entropy&cs=tinysrgb&fit=max&fm=jpg&ixid=M3w5NDQwMTV8MHwxfHNlYXJjaHwzNnx8cGVyc29uJTIwZmFjZSUyMHBob3RvfGVufDB8fHx8MTc3ODA2NTI4MHww&ixlib=rb-4.1.0&q=80&w=1080,REAL,Male,26-35,True
2585,https://images.unsplash.com/photo-1560057303-32ab46595f1c?crop=entropy&cs=tinysrgb&fit=max&fm=jpg&ixid=M3w5NDQwMTV8MHwxfHNlYXJjaHwzNjV8fGFkdWx0JTIwZmFjZSUyMHBob3RvfGVufDB8fHx8MTc3ODA2ODg1OHww&ixlib=rb-4.1.0&q=80&w=1080,REAL,Female,18-25,True
2982,https://randomuser.me/api/portraits/women/93.jpg,FAKE,Female,18-25,True
535,https://images.unsplash.com/photo-1754671246394-9e8ce0175f3d?crop=entropy&cs=tinysrgb&fit=max&fm=jpg&ixid=M3w5NDQwMTV8MHwxfHNlYXJjaHw1NjV8fGh1bWFuJTIwZmFjZSUyMHBvcnRyYWl0fGVufDB8fHx8MTc3ODA2NTA1NXww&ixlib=rb-4.1.0&q=80&w=1080,REAL,Female,50+,True
4084,https://api.dicebear.com/7.x/personas/jpg?seed=user1026&size=300,FAKE,Unknown,26-35,True
5007,https://api.dicebear.com/7.x/personas/jpg?seed=user1949&size=300,FAKE,Unknown,18-25,True
4778,https://api.dicebear.com/7.x/personas/jpg?seed=user1720&size=300,FAKE,Unknown,26-35,True
991,https://images.unsplash.com/photo-1682537067451-a48aa6df6cd7?crop=entropy&cs=tinysrgb&fit=max&fm=jpg&ixid=M3w5NDQwMTV8MHwxfHNlYXJjaHw0ODF8fG1hbiUyMGZhY2UlMjBjbG9zZXVwfGVufDB8fHx8MTc3ODA2NTIzMnww&ixlib=rb-4.1.0&q=80&w=1080,REAL,Female,36-50,True
4966,https://api.dicebear.com/7.x/personas/jpg?seed=user1908&size=300,FAKE,Unknown,36-50,True
1185,https://images.unsplash.com/photo-1689237076035-da5c1365e6bc?crop=entropy&cs=tinysrgb&fit=max&fm=jpg&ixid=M3w5NDQwMTV8MHwxfHNlYXJjaHwxMDV8fHdvbWFuJTIwZmFjZSUyMHBvcnRyYWl0fGVufDB8fHx8MTc3ODA2NTI0Nnww&ixlib=rb-4.1.0&q=80&w=1080,REAL,Unknown,36-50,True
739,https://images.unsplash.com/photo-1515190962763-c7cd8b16b25c?crop=entropy&cs=tinysrgb&fit=max&fm=jpg&ixid=M3w5NDQwMTV8MHwxfHNlYXJjaHwyMjl8fG1hbiUyMGZhY2UlMjBjbG9zZXVwfGVufDB8fHx8MTc3ODA2NTIxMXww&ixlib=rb-4.1.0&q=80&w=1080,REAL,Female,50+,True
1037,https://images.unsplash.com/photo-1543984613-f55ca6a1ba35?crop=entropy&cs=tinysrgb&fit=max&fm=jpg&ixid=M3w5NDQwMTV8MHwxfHNlYXJjaHw1Mjd8fG1hbiUyMGZhY2UlMjBjbG9zZXVwfGVufDB8fHx8MTc3ODA2NTIzNHww&ixlib=rb-4.1.0&q=80&w=1080,REAL,Male,50+,True
850,https://images.unsplash.com/photo-1580781545646-895329a2c749?crop=entropy&cs=tinysrgb&fit=max&fm=jpg&ixid=M3w5NDQwMTV8MHwxfHNlYXJjaHwzNDB8fG1hbiUyMGZhY2UlMjBjbG9zZXVwfGVufDB8fHx8MTc3ODA2NTIyMnww&ixlib=rb-4.1.0&q=80&w=1080,REAL,Male,18-25,True
1422,https://images.unsplash.com/photo-1613274451563-07661becd6c3?crop=entropy&cs=tinysrgb&fit=max&fm=jpg&ixid=M3w5NDQwMTV8MHwxfHNlYXJjaHwzNDJ8fHdvbWFuJTIwZmFjZSUyMHBvcnRyYWl0fGVufDB8fHx8MTc3ODA2NTI2M3ww&ixlib=rb-4.1.0&q=80&w=1080,REAL,Male,18-25,True
3012,https://i.pravatar.cc/300?img=24,FAKE,Unknown,26-35,True
4962,https://api.dicebear.com/7.x/personas/jpg?seed=user1904&size=300,FAKE,Unknown,18-25,True
4031,https://api.dicebear.com/7.x/personas/jpg?seed=user973&size=300,FAKE,Unknown,36-50,True
1210,https://images.unsplash.com/photo-1619678879702-fca783eda053?crop=entropy&cs=tinysrgb&fit=max&fm=jpg&ixid=M3w5NDQwMTV8MHwxfHNlYXJjaHwxMzB8fHdvbWFuJTIwZmFjZSUyMHBvcnRyYWl0fGVufDB8fHx8MTc3ODA2NTI0OHww&ixlib=rb-4.1.0&q=80&w=1080,REAL,Female,26-35,True
4983,https://api.dicebear.com/7.x/personas/jpg?seed=user1925&size=300,FAKE,Unknown,26-35,True
4169,https://api.dicebear.com/7.x/personas/jpg?seed=user1111&size=300,FAKE,Unknown,36-50,True
2582,https://images.unsplash.com/photo-1650213235809-37ceda7b8b60?crop=entropy&cs=tinysrgb&fit=max&fm=jpg&ixid=M3w5NDQwMTV8MHwxfHNlYXJjaHwzNjJ8fGFkdWx0JTIwZmFjZSUyMHBob3RvfGVufDB8fHx8MTc3ODA2ODg1OHww&ixlib=rb-4.1.0&q=80&w=1080,REAL,Unknown,50+,True
3913,https://api.dicebear.com/7.x/personas/jpg?seed=user855&size=300,FAKE,Unknown,36-50,True
2790,https://images.unsplash.com/photo-1619890632764-87d5fc97840a?crop=entropy&cs=tinysrgb&fit=max&fm=jpg&ixid=M3w5NDQwMTV8MHwxfHNlYXJjaHw1NzB8fGFkdWx0JTIwZmFjZSUyMHBob3RvfGVufDB8fHx8MTc3ODA2ODg3Nnww&ixlib=rb-4.1.0&q=80&w=1080,REAL,Male,26-35,True
2170,https://images.unsplash.com/photo-1568047422922-ab797aeabfb9?crop=entropy&cs=tinysrgb&fit=max&fm=jpg&ixid=M3w5NDQwMTV8MHwxfHNlYXJjaHw1MjB8fHBlcnNvbiUyMGZhY2UlMjBwaG90b3xlbnwwfHx8fDE3NzgwNjUzMTZ8MA&ixlib=rb-4.1.0&q=80&w=1080,REAL,Unknown,18-25,True
4940,https://api.dicebear.com/7.x/personas/jpg?seed=user1882&size=300,FAKE,Unknown,50+,True
648,https://images.unsplash.com/photo-1545254644-a60835b8d36e?crop=entropy&cs=tinysrgb&fit=max&fm=jpg&ixid=M3w5NDQwMTV8MHwxfHNlYXJjaHwxMDh8fG1hbiUyMGZhY2UlMjBjbG9zZXVwfGVufDB8fHx8MTc3ODA2NTA4NHww&ixlib=rb-4.1.0&q=80&w=1080,REAL,Female,36-50,True
3134,https://api.dicebear.com/7.x/personas/jpg?seed=user76&size=300,FAKE,Unknown,26-35,True
2398,https://images.unsplash.com/photo-1727341555506-32c71857f7d2?crop=entropy&cs=tinysrgb&fit=max&fm=jpg&ixid=M3w5NDQwMTV8MHwxfHNlYXJjaHwxNzh8fGFkdWx0JTIwZmFjZSUyMHBob3RvfGVufDB8fHx8MTc3ODA2ODg0Mnww&ixlib=rb-4.1.0&q=80&w=1080,REAL,Unknown,18-25,True
2836,https://randomuser.me/api/portraits/men/46.jpg,FAKE,Male,26-35,True
2238,https://images.unsplash.com/photo-1734656633373-1f8e977a2a75?crop=entropy&cs=tinysrgb&fit=max&fm=jpg&ixid=M3w5NDQwMTV8MHwxfHNlYXJjaHwxOHx8YWR1bHQlMjBmYWNlJTIwcGhvdG98ZW58MHx8fHwxNzc4MDY4ODMyfDA&ixlib=rb-4.1.0&q=80&w=1080,REAL,Female,36-50,True
3483,https://api.dicebear.com/7.x/personas/jpg?seed=user425&size=300,FAKE,Unknown,50+,True
2554,https://images.unsplash.com/photo-1610767618947-90a057e488d8?crop=entropy&cs=tinysrgb&fit=max&fm=jpg&ixid=M3w5NDQwMTV8MHwxfHNlYXJjaHwzMzR8fGFkdWx0JTIwZmFjZSUyMHBob3RvfGVufDB8fHx8MTc3ODA2ODg1NXww&ixlib=rb-4.1.0&q=80&w=1080,REAL,Male,18-25,True
2159,https://images.unsplash.com/photo-1627085067881-02da06b73aa1?crop=entropy&cs=tinysrgb&fit=max&fm=jpg&ixid=M3w5NDQwMTV8MHwxfHNlYXJjaHw1MDl8fHBlcnNvbiUyMGZhY2UlMjBwaG90b3xlbnwwfHx8fDE3NzgwNjUzMTN8MA&ixlib=rb-4.1.0&q=80&w=1080,REAL,Unknown,36-50,True
2917,https://randomuser.me/api/portraits/women/28.jpg,FAKE,Female,50+,True
4522,https://api.dicebear.com/7.x/personas/jpg?seed=user1464&size=300,FAKE,Unknown,36-50,True
5373,https://api.dicebear.com/7.x/personas/jpg?seed=user2315&size=300,FAKE,Unknown,50+,True
4792,https://api.dicebear.com/7.x/personas/jpg?seed=user1734&size=300,FAKE,Unknown,50+,True
3962,https://api.dicebear.com/7.x/personas/jpg?seed=user904&size=300,FAKE,Unknown,26-35,True
3724,https://api.dicebear.com/7.x/personas/jpg?seed=user666&size=300,FAKE,Unknown,50+,True
4081,https://api.dicebear.com/7.x/personas/jpg?seed=user1023&size=300,FAKE,Unknown,18-25,True
4693,https://api.dicebear.com/7.x/personas/jpg?seed=user1635&size=300,FAKE,Unknown,18-25,True
2073,https://images.unsplash.com/photo-1689803753214-86d52624b838?crop=entropy&cs=tinysrgb&fit=max&fm=jpg&ixid=M3w5NDQwMTV8MHwxfHNlYXJjaHw0MjN8fHBlcnNvbiUyMGZhY2UlMjBwaG90b3xlbnwwfHx8fDE3NzgwNjUzMDh8MA&ixlib=rb-4.1.0&q=80&w=1080,REAL,Male,26-35,True
5255,https://api.dicebear.com/7.x/personas/jpg?seed=user2197&size=300,FAKE,Unknown,36-50,True
469,https://images.unsplash.com/photo-1595506951595-2d3de8d889c1?crop=entropy&cs=tinysrgb&fit=max&fm=jpg&ixid=M3w5NDQwMTV8MHwxfHNlYXJjaHw0OTl8fGh1bWFuJTIwZmFjZSUyMHBvcnRyYWl0fGVufDB8fHx8MTc3ODA2NTAzN3ww&ixlib=rb-4.1.0&q=80&w=1080,REAL,Female,50+,True
4083,https://api.dicebear.com/7.x/personas/jpg?seed=user1025&size=300,FAKE,Unknown,50+,True
5038,https://api.dicebear.com/7.x/personas/jpg?seed=user1980&size=300,FAKE,Unknown,18-25,True
3665,https://api.dicebear.com/7.x/personas/jpg?seed=user607&size=300,FAKE,Unknown,36-50,True
1883,https://images.unsplash.com/photo-1706732881978-153e118daf08?crop=entropy&cs=tinysrgb&fit=max&fm=jpg&ixid=M3w5NDQwMTV8MHwxfHNlYXJjaHwyMzN8fHBlcnNvbiUyMGZhY2UlMjBwaG90b3xlbnwwfHx8fDE3NzgwNjUyOTJ8MA&ixlib=rb-4.1.0&q=80&w=1080,REAL,Female,36-50,True
4358,https://api.dicebear.com/7.x/personas/jpg?seed=user1300&size=300,FAKE,Unknown,18-25,True
3401,https://api.dicebear.com/7.x/personas/jpg?seed=user343&size=300,FAKE,Unknown,18-25,True
2015,https://images.unsplash.com/photo-1602730207460-826fd46361d1?crop=entropy&cs=tinysrgb&fit=max&fm=jpg&ixid=M3w5NDQwMTV8MHwxfHNlYXJjaHwzNjV8fHBlcnNvbiUyMGZhY2UlMjBwaG90b3xlbnwwfHx8fDE3NzgwNjUzMDN8MA&ixlib=rb-4.1.0&q=80&w=1080,REAL,Female,26-35,True
2808,https://randomuser.me/api/portraits/men/18.jpg,FAKE,Male,50+,True
3398,https://api.dicebear.com/7.x/personas/jpg?seed=user340&size=300,FAKE,Unknown,26-35,True
4411,https://api.dicebear.com/7.x/personas/jpg?seed=user1353&size=300,FAKE,Unknown,18-25,True
3467,https://api.dicebear.com/7.x/personas/jpg?seed=user409&size=300,FAKE,Unknown,50+,True
1912,https://images.unsplash.com/photo-1577870083487-96990d067681?crop=entropy&cs=tinysrgb&fit=max&fm=jpg&ixid=M3w5NDQwMTV8MHwxfHNlYXJjaHwyNjJ8fHBlcnNvbiUyMGZhY2UlMjBwaG90b3xlbnwwfHx8fDE3NzgwNjUyOTV8MA&ixlib=rb-4.1.0&q=80&w=1080,REAL,Female,50+,True
444,https://images.unsplash.com/photo-1647437671948-8c5e7fd00bdc?crop=entropy&cs=tinysrgb&fit=max&fm=jpg&ixid=M3w5NDQwMTV8MHwxfHNlYXJjaHw0NzR8fGh1bWFuJTIwZmFjZSUyMHBvcnRyYWl0fGVufDB8fHx8MTc3ODA2NTAzM3ww&ixlib=rb-4.1.0&q=80&w=1080,REAL,Male,50+,True
4709,https://api.dicebear.com/7.x/personas/jpg?seed=user1651&size=300,FAKE,Unknown,36-50,True
1270,https://images.unsplash.com/photo-1611232658409-0d98127f237f?crop=entropy&cs=tinysrgb&fit=max&fm=jpg&ixid=M3w5NDQwMTV8MHwxfHNlYXJjaHwxOTB8fHdvbWFuJTIwZmFjZSUyMHBvcnRyYWl0fGVufDB8fHx8MTc3ODA2NTI1M3ww&ixlib=rb-4.1.0&q=80&w=1080,REAL,Unknown,26-35,True
4758,https://api.dicebear.com/7.x/personas/jpg?seed=user1700&size=300,FAKE,Unknown,36-50,True
1132,https://images.unsplash.com/photo-1653999022416-c210fcc75438?crop=entropy&cs=tinysrgb&fit=max&fm=jpg&ixid=M3w5NDQwMTV8MHwxfHNlYXJjaHw1Mnx8d29tYW4lMjBmYWNlJTIwcG9ydHJhaXR8ZW58MHx8fHwxNzc4MDY1MjQyfDA&ixlib=rb-4.1.0&q=80&w=1080,REAL,Unknown,26-35,True
3977,https://api.dicebear.com/7.x/personas/jpg?seed=user919&size=300,FAKE,Unknown,50+,True
1069,https://images.unsplash.com/photo-1611673594876-9f1201cba7a5?crop=entropy&cs=tinysrgb&fit=max&fm=jpg&ixid=M3w5NDQwMTV8MHwxfHNlYXJjaHw1NTl8fG1hbiUyMGZhY2UlMjBjbG9zZXVwfGVufDB8fHx8MTc3ODA2NTIzNnww&ixlib=rb-4.1.0&q=80&w=1080,REAL,Unknown,18-25,True
4667,https://api.dicebear.com/7.x/personas/jpg?seed=user1609&size=300,FAKE,Unknown,18-25,True
2117,https://images.unsplash.com/photo-1729517516217-e54db009b7f9?crop=entropy&cs=tinysrgb&fit=max&fm=jpg&ixid=M3w5NDQwMTV8MHwxfHNlYXJjaHw0Njd8fHBlcnNvbiUyMGZhY2UlMjBwaG90b3xlbnwwfHx8fDE3NzgwNjUzMTB8MA&ixlib=rb-4.1.0&q=80&w=1080,REAL,Female,36-50,True
3892,https://api.dicebear.com/7.x/personas/jpg?seed=user834&size=300,FAKE,Unknown,50+,True
2375,https://images.unsplash.com/photo-1730925465502-092bd083a79c?crop=entropy&cs=tinysrgb&fit=max&fm=jpg&ixid=M3w5NDQwMTV8MHwxfHNlYXJjaHwxNTV8fGFkdWx0JTIwZmFjZSUyMHBob3RvfGVufDB8fHx8MTc3ODA2ODg0Mnww&ixlib=rb-4.1.0&q=80&w=1080,REAL,Male,26-35,True
3532,https://api.dicebear.com/7.x/personas/jpg?seed=user474&size=300,FAKE,Unknown,18-25,True
353,https://images.unsplash.com/photo-1687699541092-3cf82e3f7112?crop=entropy&cs=tinysrgb&fit=max&fm=jpg&ixid=M3w5NDQwMTV8MHwxfHNlYXJjaHwzODN8fGh1bWFuJTIwZmFjZSUyMHBvcnRyYWl0fGVufDB8fHx8MTc3ODA2NDk5N3ww&ixlib=rb-4.1.0&q=80&w=1080,REAL,Male,18-25,True
2352,https://images.unsplash.com/photo-1751647670934-66f2dde5e3f9?crop=entropy&cs=tinysrgb&fit=max&fm=jpg&ixid=M3w5NDQwMTV8MHwxfHNlYXJjaHwxMzJ8fGFkdWx0JTIwZmFjZSUyMHBob3RvfGVufDB8fHx8MTc3ODA2ODg0MHww&ixlib=rb-4.1.0&q=80&w=1080,REAL,Male,50+,True
753,https://images.unsplash.com/photo-1730173728310-dc07a9374ced?crop=entropy&cs=tinysrgb&fit=max&fm=jpg&ixid=M3w5NDQwMTV8MHwxfHNlYXJjaHwyNDN8fG1hbiUyMGZhY2UlMjBjbG9zZXVwfGVufDB8fHx8MTc3ODA2NTIxM3ww&ixlib=rb-4.1.0&q=80&w=1080,REAL,Male,36-50,True
1528,https://images.unsplash.com/photo-1677059794444-e39a4cf11fdd?crop=entropy&cs=tinysrgb&fit=max&fm=jpg&ixid=M3w5NDQwMTV8MHwxfHNlYXJjaHw0NDh8fHdvbWFuJTIwZmFjZSUyMHBvcnRyYWl0fGVufDB8fHx8MTc3ODA2NTI2OXww&ixlib=rb-4.1.0&q=80&w=1080,REAL,Female,36-50,True
1950,https://images.unsplash.com/photo-1579883309454-9806b996d8e0?crop=entropy&cs=tinysrgb&fit=max&fm=jpg&ixid=M3w5NDQwMTV8MHwxfHNlYXJjaHwzMDB8fHBlcnNvbiUyMGZhY2UlMjBwaG90b3xlbnwwfHx8fDE3NzgwNjUyOTd8MA&ixlib=rb-4.1.0&q=80&w=1080,REAL,Female,50+,True
2169,https://images.unsplash.com/photo-1726741693479-92eff7dd99bd?crop=entropy&cs=tinysrgb&fit=max&fm=jpg&ixid=M3w5NDQwMTV8MHwxfHNlYXJjaHw1MTl8fHBlcnNvbiUyMGZhY2UlMjBwaG90b3xlbnwwfHx8fDE3NzgwNjUzMTZ8MA&ixlib=rb-4.1.0&q=80&w=1080,REAL,Female,18-25,True
1836,https://images.unsplash.com/photo-1694106192312-08d813b3d2ef?crop=entropy&cs=tinysrgb&fit=max&fm=jpg&ixid=M3w5NDQwMTV8MHwxfHNlYXJjaHwxODZ8fHBlcnNvbiUyMGZhY2UlMjBwaG90b3xlbnwwfHx8fDE3NzgwNjUyOTB8MA&ixlib=rb-4.1.0&q=80&w=1080,REAL,Unknown,50+,True
3708,https://api.dicebear.com/7.x/personas/jpg?seed=user650&size=300,FAKE,Unknown,18-25,True
5212,https://api.dicebear.com/7.x/personas/jpg?seed=user2154&size=300,FAKE,Unknown,50+,True
3827,https://api.dicebear.com/7.x/personas/jpg?seed=user769&size=300,FAKE,Unknown,36-50,True
492,https://images.unsplash.com/photo-1612587704555-22472e377776?crop=entropy&cs=tinysrgb&fit=max&fm=jpg&ixid=M3w5NDQwMTV8MHwxfHNlYXJjaHw1MjJ8fGh1bWFuJTIwZmFjZSUyMHBvcnRyYWl0fGVufDB8fHx8MTc3ODA2NTA0OXww&ixlib=rb-4.1.0&q=80&w=1080,REAL,Unknown,26-35,True
2507,https://images.unsplash.com/photo-1572707567502-90b57adeb97b?crop=entropy&cs=tinysrgb&fit=max&fm=jpg&ixid=M3w5NDQwMTV8MHwxfHNlYXJjaHwyODd8fGFkdWx0JTIwZmFjZSUyMHBob3RvfGVufDB8fHx8MTc3ODA2ODg1MXww&ixlib=rb-4.1.0&q=80&w=1080,REAL,Male,36-50,True
5030,https://api.dicebear.com/7.x/personas/jpg?seed=user1972&size=300,FAKE,Unknown,26-35,True
4012,https://api.dicebear.com/7.x/personas/jpg?seed=user954&size=300,FAKE,Unknown,50+,True
2956,https://randomuser.me/api/portraits/women/67.jpg,FAKE,Female,26-35,True
213,https://images.unsplash.com/photo-1558085771-2f289f56cccd?crop=entropy&cs=tinysrgb&fit=max&fm=jpg&ixid=M3w5NDQwMTV8MHwxfHNlYXJjaHwyNDN8fGh1bWFuJTIwZmFjZSUyMHBvcnRyYWl0fGVufDB8fHx8MTc3ODA2NDg3MHww&ixlib=rb-4.1.0&q=80&w=1080,REAL,Unknown,50+,True
243,https://images.unsplash.com/photo-1733227800842-dcc9d4cfeabc?crop=entropy&cs=tinysrgb&fit=max&fm=jpg&ixid=M3w5NDQwMTV8MHwxfHNlYXJjaHwyNzN8fGh1bWFuJTIwZmFjZSUyMHBvcnRyYWl0fGVufDB8fHx8MTc3ODA2NDkwMnww&ixlib=rb-4.1.0&q=80&w=1080,REAL,Male,50+,True
1226,https://images.unsplash.com/photo-1611367540679-d94566094025?crop=entropy&cs=tinysrgb&fit=max&fm=jpg&ixid=M3w5NDQwMTV8MHwxfHNlYXJjaHwxNDZ8fHdvbWFuJTIwZmFjZSUyMHBvcnRyYWl0fGVufDB8fHx8MTc3ODA2NTI0OHww&ixlib=rb-4.1.0&q=80&w=1080,REAL,Unknown,50+,True
1169,https://images.unsplash.com/photo-1662134866458-229317e51a96?crop=entropy&cs=tinysrgb&fit=max&fm=jpg&ixid=M3w5NDQwMTV8MHwxfHNlYXJjaHw4OXx8d29tYW4lMjBmYWNlJTIwcG9ydHJhaXR8ZW58MHx8fHwxNzc4MDY1MjQ0fDA&ixlib=rb-4.1.0&q=80&w=1080,REAL,Female,50+,True
2561,https://images.unsplash.com/photo-1510511293580-9d525c6d8913?crop=entropy&cs=tinysrgb&fit=max&fm=jpg&ixid=M3w5NDQwMTV8MHwxfHNlYXJjaHwzNDF8fGFkdWx0JTIwZmFjZSUyMHBob3RvfGVufDB8fHx8MTc3ODA2ODg1NXww&ixlib=rb-4.1.0&q=80&w=1080,REAL,Female,18-25,True
4568,https://api.dicebear.com/7.x/personas/jpg?seed=user1510&size=300,FAKE,Unknown,26-35,True
4831,https://api.dicebear.com/7.x/personas/jpg?seed=user1773&size=300,FAKE,Unknown,50+,True
889,https://images.unsplash.com/photo-1629573414638-3828984d9628?crop=entropy&cs=tinysrgb&fit=max&fm=jpg&ixid=M3w5NDQwMTV8MHwxfHNlYXJjaHwzNzl8fG1hbiUyMGZhY2UlMjBjbG9zZXVwfGVufDB8fHx8MTc3ODA2NTIyNHww&ixlib=rb-4.1.0&q=80&w=1080,REAL,Male,26-35,True
489,https://images.unsplash.com/photo-1617956697742-985ca8714403?crop=entropy&cs=tinysrgb&fit=max&fm=jpg&ixid=M3w5NDQwMTV8MHwxfHNlYXJjaHw1MTl8fGh1bWFuJTIwZmFjZSUyMHBvcnRyYWl0fGVufDB8fHx8MTc3ODA2NTA0OXww&ixlib=rb-4.1.0&q=80&w=1080,REAL,Male,36-50,True
4062,https://api.dicebear.com/7.x/personas/jpg?seed=user1004&size=300,FAKE,Unknown,26-35,True
4796,https://api.dicebear.com/7.x/personas/jpg?seed=user1738&size=300,FAKE,Unknown,50+,True
4407,https://api.dicebear.com/7.x/personas/jpg?seed=user1349&size=300,FAKE,Unknown,18-25,True
3528,https://api.dicebear.com/7.x/personas/jpg?seed=user470&size=300,FAKE,Unknown,18-25,True
2531,https://images.unsplash.com/photo-1647604466811-6a7b1e78892d?crop=entropy&cs=tinysrgb&fit=max&fm=jpg&ixid=M3w5NDQwMTV8MHwxfHNlYXJjaHwzMTF8fGFkdWx0JTIwZmFjZSUyMHBob3RvfGVufDB8fHx8MTc3ODA2ODg1M3ww&ixlib=rb-4.1.0&q=80&w=1080,REAL,Female,26-35,True
899,https://images.unsplash.com/photo-1608352247449-80201af5b320?crop=entropy&cs=tinysrgb&fit=max&fm=jpg&ixid=M3w5NDQwMTV8MHwxfHNlYXJjaHwzODl8fG1hbiUyMGZhY2UlMjBjbG9zZXVwfGVufDB8fHx8MTc3ODA2NTIyNHww&ixlib=rb-4.1.0&q=80&w=1080,REAL,Unknown,18-25,True
365,https://images.unsplash.com/photo-1596725576022-b04e58389b25?crop=entropy&cs=tinysrgb&fit=max&fm=jpg&ixid=M3w5NDQwMTV8MHwxfHNlYXJjaHwzOTV8fGh1bWFuJTIwZmFjZSUyMHBvcnRyYWl0fGVufDB8fHx8MTc3ODA2NTAwMXww&ixlib=rb-4.1.0&q=80&w=1080,REAL,Male,36-50,True
2500,https://images.unsplash.com/photo-1598207950594-0fd066748f22?crop=entropy&cs=tinysrgb&fit=max&fm=jpg&ixid=M3w5NDQwMTV8MHwxfHNlYXJjaHwyODB8fGFkdWx0JTIwZmFjZSUyMHBob3RvfGVufDB8fHx8MTc3ODA2ODg1MXww&ixlib=rb-4.1.0&q=80&w=1080,REAL,Male,18-25,True
3217,https://api.dicebear.com/7.x/personas/jpg?seed=user159&size=300,FAKE,Unknown,18-25,True
4671,https://api.dicebear.com/7.x/personas/jpg?seed=user1613&size=300,FAKE,Unknown,36-50,True
516,https://images.unsplash.com/photo-1664641560008-b66517f2f0cc?crop=entropy&cs=tinysrgb&fit=max&fm=jpg&ixid=M3w5NDQwMTV8MHwxfHNlYXJjaHw1NDZ8fGh1bWFuJTIwZmFjZSUyMHBvcnRyYWl0fGVufDB8fHx8MTc3ODA2NTA1NXww&ixlib=rb-4.1.0&q=80&w=1080,REAL,Unknown,50+,True
2799,https://randomuser.me/api/portraits/men/9.jpg,FAKE,Male,26-35,True
3037,https://i.pravatar.cc/300?img=49,FAKE,Unknown,36-50,True
1040,https://images.unsplash.com/photo-1581518873005-89be78a8b673?crop=entropy&cs=tinysrgb&fit=max&fm=jpg&ixid=M3w5NDQwMTV8MHwxfHNlYXJjaHw1MzB8fG1hbiUyMGZhY2UlMjBjbG9zZXVwfGVufDB8fHx8MTc3ODA2NTIzNHww&ixlib=rb-4.1.0&q=80&w=1080,REAL,Male,26-35,True
60,https://images.unsplash.com/photo-1658500170826-83333c343727?crop=entropy&cs=tinysrgb&fit=max&fm=jpg&ixid=M3w5NDQwMTV8MHwxfHNlYXJjaHw2MHx8aHVtYW4lMjBmYWNlJTIwcG9ydHJhaXR8ZW58MHx8fHwxNzc4MDY0NzA2fDA&ixlib=rb-4.1.0&q=80&w=1080,REAL,Male,36-50,True
2748,https://images.unsplash.com/photo-1650038132376-5bb0e549e19f?crop=entropy&cs=tinysrgb&fit=max&fm=jpg&ixid=M3w5NDQwMTV8MHwxfHNlYXJjaHw1Mjh8fGFkdWx0JTIwZmFjZSUyMHBob3RvfGVufDB8fHx8MTc3ODA2ODg3NHww&ixlib=rb-4.1.0&q=80&w=1080,REAL,Male,50+,True
5006,https://api.dicebear.com/7.x/personas/jpg?seed=user1948&size=300,FAKE,Unknown,50+,True
2688,https://images.unsplash.com/photo-1598042106434-988e37dfa88c?crop=entropy&cs=tinysrgb&fit=max&fm=jpg&ixid=M3w5NDQwMTV8MHwxfHNlYXJjaHw0Njh8fGFkdWx0JTIwZmFjZSUyMHBob3RvfGVufDB8fHx8MTc3ODA2ODg2OHww&ixlib=rb-4.1.0&q=80&w=1080,REAL,Unknown,36-50,True
2806,https://randomuser.me/api/portraits/men/16.jpg,FAKE,Male,18-25,True
853,https://images.unsplash.com/photo-1552766990-9c55313f926f?crop=entropy&cs=tinysrgb&fit=max&fm=jpg&ixid=M3w5NDQwMTV8MHwxfHNlYXJjaHwzNDN8fG1hbiUyMGZhY2UlMjBjbG9zZXVwfGVufDB8fHx8MTc3ODA2NTIyMnww&ixlib=rb-4.1.0&q=80&w=1080,REAL,Unknown,36-50,True
3210,https://api.dicebear.com/7.x/personas/jpg?seed=user152&size=300,FAKE,Unknown,50+,True
2730,https://images.unsplash.com/photo-1566670544771-01d7826b2f07?crop=entropy&cs=tinysrgb&fit=max&fm=jpg&ixid=M3w5NDQwMTV8MHwxfHNlYXJjaHw1MTB8fGFkdWx0JTIwZmFjZSUyMHBob3RvfGVufDB8fHx8MTc3ODA2ODg3MXww&ixlib=rb-4.1.0&q=80&w=1080,REAL,Unknown,18-25,True
1919,https://images.unsplash.com/photo-1642180284916-31e33d24a8d8?crop=entropy&cs=tinysrgb&fit=max&fm=jpg&ixid=M3w5NDQwMTV8MHwxfHNlYXJjaHwyNjl8fHBlcnNvbiUyMGZhY2UlMjBwaG90b3xlbnwwfHx8fDE3NzgwNjUyOTV8MA&ixlib=rb-4.1.0&q=80&w=1080,REAL,Female,18-25,True
1294,https://images.unsplash.com/photo-1623853589874-864b1dd4d922?crop=entropy&cs=tinysrgb&fit=max&fm=jpg&ixid=M3w5NDQwMTV8MHwxfHNlYXJjaHwyMTR8fHdvbWFuJTIwZmFjZSUyMHBvcnRyYWl0fGVufDB8fHx8MTc3ODA2NTI1NXww&ixlib=rb-4.1.0&q=80&w=1080,REAL,Female,50+,True
5100,https://api.dicebear.com/7.x/personas/jpg?seed=user2042&size=300,FAKE,Unknown,50+,True
3986,https://api.dicebear.com/7.x/personas/jpg?seed=user928&size=300,FAKE,Unknown,18-25,True
4052,https://api.dicebear.com/7.x/personas/jpg?seed=user994&size=300,FAKE,Unknown,50+,True
4008,https://api.dicebear.com/7.x/personas/jpg?seed=user950&size=300,FAKE,Unknown,36-50,True
4664,https://api.dicebear.com/7.x/personas/jpg?seed=user1606&size=300,FAKE,Unknown,26-35,True
3007,https://i.pravatar.cc/300?img=19,FAKE,Unknown,26-35,True
1465,https://images.unsplash.com/photo-1621184320743-d8e00ec696d3?crop=entropy&cs=tinysrgb&fit=max&fm=jpg&ixid=M3w5NDQwMTV8MHwxfHNlYXJjaHwzODV8fHdvbWFuJTIwZmFjZSUyMHBvcnRyYWl0fGVufDB8fHx8MTc3ODA2NTI2NXww&ixlib=rb-4.1.0&q=80&w=1080,REAL,Unknown,36-50,True
4462,https://api.dicebear.com/7.x/personas/jpg?seed=user1404&size=300,FAKE,Unknown,26-35,True
1162,https://images.unsplash.com/photo-1677059793996-9538baa5e79b?crop=entropy&cs=tinysrgb&fit=max&fm=jpg&ixid=M3w5NDQwMTV8MHwxfHNlYXJjaHw4Mnx8d29tYW4lMjBmYWNlJTIwcG9ydHJhaXR8ZW58MHx8fHwxNzc4MDY1MjQ0fDA&ixlib=rb-4.1.0&q=80&w=1080,REAL,Unknown,50+,True
2295,https://images.unsplash.com/photo-1748159997853-bc3a44da2445?crop=entropy&cs=tinysrgb&fit=max&fm=jpg&ixid=M3w5NDQwMTV8MHwxfHNlYXJjaHw3NXx8YWR1bHQlMjBmYWNlJTIwcGhvdG98ZW58MHx8fHwxNzc4MDY4ODM1fDA&ixlib=rb-4.1.0&q=80&w=1080,REAL,Unknown,36-50,True
2586,https://images.unsplash.com/photo-1607573209829-b7a560038763?crop=entropy&cs=tinysrgb&fit=max&fm=jpg&ixid=M3w5NDQwMTV8MHwxfHNlYXJjaHwzNjZ8fGFkdWx0JTIwZmFjZSUyMHBob3RvfGVufDB8fHx8MTc3ODA2ODg1OHww&ixlib=rb-4.1.0&q=80&w=1080,REAL,Male,36-50,True
4980,https://api.dicebear.com/7.x/personas/jpg?seed=user1922&size=300,FAKE,Unknown,36-50,True
3280,https://api.dicebear.com/7.x/personas/jpg?seed=user222&size=300,FAKE,Unknown,50+,True
1523,https://images.unsplash.com/photo-1683345644571-48aaa5d7ca04?crop=entropy&cs=tinysrgb&fit=max&fm=jpg&ixid=M3w5NDQwMTV8MHwxfHNlYXJjaHw0NDN8fHdvbWFuJTIwZmFjZSUyMHBvcnRyYWl0fGVufDB8fHx8MTc3ODA2NTI2OXww&ixlib=rb-4.1.0&q=80&w=1080,REAL,Female,26-35,True
1643,https://images.unsplash.com/photo-1671741877496-62ce6af1307b?crop=entropy&cs=tinysrgb&fit=max&fm=jpg&ixid=M3w5NDQwMTV8MHwxfHNlYXJjaHw1NjN8fHdvbWFuJTIwZmFjZSUyMHBvcnRyYWl0fGVufDB8fHx8MTc3ODA2NTI3Nnww&ixlib=rb-4.1.0&q=80&w=1080,REAL,Male,50+,True
4618,https://api.dicebear.com/7.x/personas/jpg?seed=user1560&size=300,FAKE,Unknown,26-35,True
4739,https://api.dicebear.com/7.x/personas/jpg?seed=user1681&size=300,FAKE,Unknown,50+,True
1690,https://images.unsplash.com/photo-1636721350694-f2acf4934b1a?crop=entropy&cs=tinysrgb&fit=max&fm=jpg&ixid=M3w5NDQwMTV8MHwxfHNlYXJjaHw0MHx8cGVyc29uJTIwZmFjZSUyMHBob3RvfGVufDB8fHx8MTc3ODA2NTI4MHww&ixlib=rb-4.1.0&q=80&w=1080,REAL,Unknown,36-50,True
4428,https://api.dicebear.com/7.x/personas/jpg?seed=user1370&size=300,FAKE,Unknown,50+,True
4985,https://api.dicebear.com/7.x/personas/jpg?seed=user1927&size=300,FAKE,Unknown,18-25,True
4333,https://api.dicebear.com/7.x/personas/jpg?seed=user1275&size=300,FAKE,Unknown,36-50,True
4705,https://api.dicebear.com/7.x/personas/jpg?seed=user1647&size=300,FAKE,Unknown,36-50,True
3732,https://api.dicebear.com/7.x/personas/jpg?seed=user674&size=300,FAKE,Unknown,36-50,True
911,https://images.unsplash.com/photo-1594763781886-8c0f1dc9cc1d?crop=entropy&cs=tinysrgb&fit=max&fm=jpg&ixid=M3w5NDQwMTV8MHwxfHNlYXJjaHw0MDF8fG1hbiUyMGZhY2UlMjBjbG9zZXVwfGVufDB8fHx8MTc3ODA2NTIyNnww&ixlib=rb-4.1.0&q=80&w=1080,REAL,Female,36-50,True
4027,https://api.dicebear.com/7.x/personas/jpg?seed=user969&size=300,FAKE,Unknown,18-25,True
53,https://images.unsplash.com/photo-1740855597684-719a84c8f2d3?crop=entropy&cs=tinysrgb&fit=max&fm=jpg&ixid=M3w5NDQwMTV8MHwxfHNlYXJjaHw1M3x8aHVtYW4lMjBmYWNlJTIwcG9ydHJhaXR8ZW58MHx8fHwxNzc4MDY0NzA2fDA&ixlib=rb-4.1.0&q=80&w=1080,REAL,Unknown,18-25,True
1608,https://images.unsplash.com/photo-1755332172378-c694a4fafe6a?crop=entropy&cs=tinysrgb&fit=max&fm=jpg&ixid=M3w5NDQwMTV8MHwxfHNlYXJjaHw1Mjh8fHdvbWFuJTIwZmFjZSUyMHBvcnRyYWl0fGVufDB8fHx8MTc3ODA2NTI3NHww&ixlib=rb-4.1.0&q=80&w=1080,REAL,Female,18-25,True
2553,https://images.unsplash.com/photo-1733889886752-f4599c954608?crop=entropy&cs=tinysrgb&fit=max&fm=jpg&ixid=M3w5NDQwMTV8MHwxfHNlYXJjaHwzMzN8fGFkdWx0JTIwZmFjZSUyMHBob3RvfGVufDB8fHx8MTc3ODA2ODg1NXww&ixlib=rb-4.1.0&q=80&w=1080,REAL,Male,18-25,True
2013,https://images.unsplash.com/photo-1576132420670-d370d1334b7d?crop=entropy&cs=tinysrgb&fit=max&fm=jpg&ixid=M3w5NDQwMTV8MHwxfHNlYXJjaHwzNjN8fHBlcnNvbiUyMGZhY2UlMjBwaG90b3xlbnwwfHx8fDE3NzgwNjUzMDN8MA&ixlib=rb-4.1.0&q=80&w=1080,REAL,Female,36-50,True
3115,https://api.dicebear.com/7.x/personas/jpg?seed=user57&size=300,FAKE,Unknown,26-35,True
3577,https://api.dicebear.com/7.x/personas/jpg?seed=user519&size=300,FAKE,Unknown,18-25,True
2817,https://randomuser.me/api/portraits/men/27.jpg,FAKE,Male,36-50,True
1604,https://images.unsplash.com/photo-1628269283240-b799ea2a772a?crop=entropy&cs=tinysrgb&fit=max&fm=jpg&ixid=M3w5NDQwMTV8MHwxfHNlYXJjaHw1MjR8fHdvbWFuJTIwZmFjZSUyMHBvcnRyYWl0fGVufDB8fHx8MTc3ODA2NTI3NHww&ixlib=rb-4.1.0&q=80&w=1080,REAL,Female,18-25,True
498,https://images.unsplash.com/photo-1707414038637-5059128cea85?crop=entropy&cs=tinysrgb&fit=max&fm=jpg&ixid=M3w5NDQwMTV8MHwxfHNlYXJjaHw1Mjh8fGh1bWFuJTIwZmFjZSUyMHBvcnRyYWl0fGVufDB8fHx8MTc3ODA2NTA0OXww&ixlib=rb-4.1.0&q=80&w=1080,REAL,Female,50+,True
828,https://images.unsplash.com/photo-1589225417472-8436b56647e0?crop=entropy&cs=tinysrgb&fit=max&fm=jpg&ixid=M3w5NDQwMTV8MHwxfHNlYXJjaHwzMTh8fG1hbiUyMGZhY2UlMjBjbG9zZXVwfGVufDB8fHx8MTc3ODA2NTIxOHww&ixlib=rb-4.1.0&q=80&w=1080,REAL,Unknown,36-50,True
4349,https://api.dicebear.com/7.x/personas/jpg?seed=user1291&size=300,FAKE,Unknown,36-50,True
3098,https://api.dicebear.com/7.x/personas/jpg?seed=user40&size=300,FAKE,Unknown,18-25,True
2381,https://images.unsplash.com/photo-1739671191251-508c25ec2593?crop=entropy&cs=tinysrgb&fit=max&fm=jpg&ixid=M3w5NDQwMTV8MHwxfHNlYXJjaHwxNjF8fGFkdWx0JTIwZmFjZSUyMHBob3RvfGVufDB8fHx8MTc3ODA2ODg0Mnww&ixlib=rb-4.1.0&q=80&w=1080,REAL,Female,36-50,True
27,https://images.unsplash.com/photo-1628152901512-e546b79b8768?crop=entropy&cs=tinysrgb&fit=max&fm=jpg&ixid=M3w5NDQwMTV8MHwxfHNlYXJjaHwyN3x8aHVtYW4lMjBmYWNlJTIwcG9ydHJhaXR8ZW58MHx8fHwxNzc4MDY0Njg3fDA&ixlib=rb-4.1.0&q=80&w=1080,REAL,Unknown,36-50,True
3448,https://api.dicebear.com/7.x/personas/jpg?seed=user390&size=300,FAKE,Unknown,26-35,True
2182,https://images.unsplash.com/photo-1767617959691-a7984e75de3b?crop=entropy&cs=tinysrgb&fit=max&fm=jpg&ixid=M3w5NDQwMTV8MHwxfHNlYXJjaHw1MzJ8fHBlcnNvbiUyMGZhY2UlMjBwaG90b3xlbnwwfHx8fDE3NzgwNjUzMTZ8MA&ixlib=rb-4.1.0&q=80&w=1080,REAL,Unknown,36-50,True
5110,https://api.dicebear.com/7.x/personas/jpg?seed=user2052&size=300,FAKE,Unknown,26-35,True
5417,https://api.dicebear.com/7.x/personas/jpg?seed=user2359&size=300,FAKE,Unknown,36-50,True
4825,https://api.dicebear.com/7.x/personas/jpg?seed=user1767&size=300,FAKE,Unknown,18-25,True
5048,https://api.dicebear.com/7.x/personas/jpg?seed=user1990&size=300,FAKE,Unknown,18-25,True
3891,https://api.dicebear.com/7.x/personas/jpg?seed=user833&size=300,FAKE,Unknown,50+,True
645,https://images.unsplash.com/photo-1582812929624-19b1391bf3b9?crop=entropy&cs=tinysrgb&fit=max&fm=jpg&ixid=M3w5NDQwMTV8MHwxfHNlYXJjaHwxMDV8fG1hbiUyMGZhY2UlMjBjbG9zZXVwfGVufDB8fHx8MTc3ODA2NTA4NHww&ixlib=rb-4.1.0&q=80&w=1080,REAL,Female,50+,True
3709,https://api.dicebear.com/7.x/personas/jpg?seed=user651&size=300,FAKE,Unknown,26-35,True
864,https://images.unsplash.com/photo-1579993323047-8407bd1f21f7?crop=entropy&cs=tinysrgb&fit=max&fm=jpg&ixid=M3w5NDQwMTV8MHwxfHNlYXJjaHwzNTR8fG1hbiUyMGZhY2UlMjBjbG9zZXVwfGVufDB8fHx8MTc3ODA2NTIyM3ww&ixlib=rb-4.1.0&q=80&w=1080,REAL,Male,50+,True
345,https://images.unsplash.com/flagged/photo-1595514191830-3e96a518989b?crop=entropy&cs=tinysrgb&fit=max&fm=jpg&ixid=M3w5NDQwMTV8MHwxfHNlYXJjaHwzNzV8fGh1bWFuJTIwZmFjZSUyMHBvcnRyYWl0fGVufDB8fHx8MTc3ODA2NDk5N3ww&ixlib=rb-4.1.0&q=80&w=1080,REAL,Male,36-50,True
3322,https://api.dicebear.com/7.x/personas/jpg?seed=user264&size=300,FAKE,Unknown,26-35,True
956,https://images.unsplash.com/photo-1508908324153-d1a219719814?crop=entropy&cs=tinysrgb&fit=max&fm=jpg&ixid=M3w5NDQwMTV8MHwxfHNlYXJjaHw0NDZ8fG1hbiUyMGZhY2UlMjBjbG9zZXVwfGVufDB8fHx8MTc3ODA2NTIyOXww&ixlib=rb-4.1.0&q=80&w=1080,REAL,Female,18-25,True
4968,https://api.dicebear.com/7.x/personas/jpg?seed=user1910&size=300,FAKE,Unknown,50+,True
4389,https://api.dicebear.com/7.x/personas/jpg?seed=user1331&size=300,FAKE,Unknown,50+,True
3116,https://api.dicebear.com/7.x/personas/jpg?seed=user58&size=300,FAKE,Unknown,26-35,True
311,https://images.unsplash.com/photo-1558470676-36712b8882ec?crop=entropy&cs=tinysrgb&fit=max&fm=jpg&ixid=M3w5NDQwMTV8MHwxfHNlYXJjaHwzNDF8fGh1bWFuJTIwZmFjZSUyMHBvcnRyYWl0fGVufDB8fHx8MTc3ODA2NDk5MHww&ixlib=rb-4.1.0&q=80&w=1080,REAL,Male,26-35,True
826,https://images.unsplash.com/photo-1571053047170-8897bf1e32db?crop=entropy&cs=tinysrgb&fit=max&fm=jpg&ixid=M3w5NDQwMTV8MHwxfHNlYXJjaHwzMTZ8fG1hbiUyMGZhY2UlMjBjbG9zZXVwfGVufDB8fHx8MTc3ODA2NTIxOHww&ixlib=rb-4.1.0&q=80&w=1080,REAL,Male,50+,True
4941,https://api.dicebear.com/7.x/personas/jpg?seed=user1883&size=300,FAKE,Unknown,26-35,True
5251,https://api.dicebear.com/7.x/personas/jpg?seed=user2193&size=300,FAKE,Unknown,18-25,True
5449,https://api.dicebear.com/7.x/personas/jpg?seed=user2391&size=300,FAKE,Unknown,50+,True
4092,https://api.dicebear.com/7.x/personas/jpg?seed=user1034&size=300,FAKE,Unknown,18-25,True
5355,https://api.dicebear.com/7.x/personas/jpg?seed=user2297&size=300,FAKE,Unknown,18-25,True
3441,https://api.dicebear.com/7.x/personas/jpg?seed=user383&size=300,FAKE,Unknown,36-50,True
4735,https://api.dicebear.com/7.x/personas/jpg?seed=user1677&size=300,FAKE,Unknown,50+,True
4188,https://api.dicebear.com/7.x/personas/jpg?seed=user1130&size=300,FAKE,Unknown,18-25,True
3972,https://api.dicebear.com/7.x/personas/jpg?seed=user914&size=300,FAKE,Unknown,18-25,True
2965,https://randomuser.me/api/portraits/women/76.jpg,FAKE,Female,26-35,True
4207,https://api.dicebear.com/7.x/personas/jpg?seed=user1149&size=300,FAKE,Unknown,18-25,True
794,https://images.unsplash.com/photo-1578579462176-d17ea4857c18?crop=entropy&cs=tinysrgb&fit=max&fm=jpg&ixid=M3w5NDQwMTV8MHwxfHNlYXJjaHwyODR8fG1hbiUyMGZhY2UlMjBjbG9zZXVwfGVufDB8fHx8MTc3ODA2NTIxNnww&ixlib=rb-4.1.0&q=80&w=1080,REAL,Male,18-25,True
107,https://images.unsplash.com/photo-1720604819305-e942adb200ce?crop=entropy&cs=tinysrgb&fit=max&fm=jpg&ixid=M3w5NDQwMTV8MHwxfHNlYXJjaHwxMDd8fGh1bWFuJTIwZmFjZSUyMHBvcnRyYWl0fGVufDB8fHx8MTc3ODA2NDcyMXww&ixlib=rb-4.1.0&q=80&w=1080,REAL,Unknown,26-35,True
4569,https://api.dicebear.com/7.x/personas/jpg?seed=user1511&size=300,FAKE,Unknown,18-25,True
1100,https://images.unsplash.com/photo-1645388195766-45d19288e2b3?crop=entropy&cs=tinysrgb&fit=max&fm=jpg&ixid=M3w5NDQwMTV8MHwxfHNlYXJjaHwyMHx8d29tYW4lMjBmYWNlJTIwcG9ydHJhaXR8ZW58MHx8fHwxNzc4MDY1MjM5fDA&ixlib=rb-4.1.0&q=80&w=1080,REAL,Male,26-35,True
3844,https://api.dicebear.com/7.x/personas/jpg?seed=user786&size=300,FAKE,Unknown,26-35,True
4340,https://api.dicebear.com/7.x/personas/jpg?seed=user1282&size=300,FAKE,Unknown,26-35,True
1189,https://images.unsplash.com/photo-1672454158574-5f978761d872?crop=entropy&cs=tinysrgb&fit=max&fm=jpg&ixid=M3w5NDQwMTV8MHwxfHNlYXJjaHwxMDl8fHdvbWFuJTIwZmFjZSUyMHBvcnRyYWl0fGVufDB8fHx8MTc3ODA2NTI0Nnww&ixlib=rb-4.1.0&q=80&w=1080,REAL,Male,18-25,True
4357,https://api.dicebear.com/7.x/personas/jpg?seed=user1299&size=300,FAKE,Unknown,50+,True
1331,https://images.unsplash.com/photo-1656473031945-0ae8ce423c90?crop=entropy&cs=tinysrgb&fit=max&fm=jpg&ixid=M3w5NDQwMTV8MHwxfHNlYXJjaHwyNTF8fHdvbWFuJTIwZmFjZSUyMHBvcnRyYWl0fGVufDB8fHx8MTc3ODA2NTI1N3ww&ixlib=rb-4.1.0&q=80&w=1080,REAL,Male,50+,True
3335,https://api.dicebear.com/7.x/personas/jpg?seed=user277&size=300,FAKE,Unknown,26-35,True
2115,https://images.unsplash.com/photo-1637844606284-48d093cba4e9?crop=entropy&cs=tinysrgb&fit=max&fm=jpg&ixid=M3w5NDQwMTV8MHwxfHNlYXJjaHw0NjV8fHBlcnNvbiUyMGZhY2UlMjBwaG90b3xlbnwwfHx8fDE3NzgwNjUzMTB8MA&ixlib=rb-4.1.0&q=80&w=1080,REAL,Male,50+,True
3568,https://api.dicebear.com/7.x/personas/jpg?seed=user510&size=300,FAKE,Unknown,18-25,True
4220,https://api.dicebear.com/7.x/personas/jpg?seed=user1162&size=300,FAKE,Unknown,18-25,True
4613,https://api.dicebear.com/7.x/personas/jpg?seed=user1555&size=300,FAKE,Unknown,50+,True
4472,https://api.dicebear.com/7.x/personas/jpg?seed=user1414&size=300,FAKE,Unknown,18-25,True
2595,https://images.unsplash.com/photo-1604958567041-fc955468b7ed?crop=entropy&cs=tinysrgb&fit=max&fm=jpg&ixid=M3w5NDQwMTV8MHwxfHNlYXJjaHwzNzV8fGFkdWx0JTIwZmFjZSUyMHBob3RvfGVufDB8fHx8MTc3ODA2ODg1OHww&ixlib=rb-4.1.0&q=80&w=1080,REAL,Female,50+,True
2269,https://images.unsplash.com/photo-1748159998082-075b29862fb2?crop=entropy&cs=tinysrgb&fit=max&fm=jpg&ixid=M3w5NDQwMTV8MHwxfHNlYXJjaHw0OXx8YWR1bHQlMjBmYWNlJTIwcGhvdG98ZW58MHx8fHwxNzc4MDY4ODMzfDA&ixlib=rb-4.1.0&q=80&w=1080,REAL,Female,18-25,True
1123,https://images.unsplash.com/photo-1605777085122-94f4938cbfb0?crop=entropy&cs=tinysrgb&fit=max&fm=jpg&ixid=M3w5NDQwMTV8MHwxfHNlYXJjaHw0M3x8d29tYW4lMjBmYWNlJTIwcG9ydHJhaXR8ZW58MHx8fHwxNzc4MDY1MjQyfDA&ixlib=rb-4.1.0&q=80&w=1080,REAL,Female,26-35,True
1416,https://images.unsplash.com/photo-1579205149708-f5b24c5a04e5?crop=entropy&cs=tinysrgb&fit=max&fm=jpg&ixid=M3w5NDQwMTV8MHwxfHNlYXJjaHwzMzZ8fHdvbWFuJTIwZmFjZSUyMHBvcnRyYWl0fGVufDB8fHx8MTc3ODA2NTI2M3ww&ixlib=rb-4.1.0&q=80&w=1080,REAL,Unknown,36-50,True
2415,https://images.unsplash.com/photo-1749074536771-a21868729dc8?crop=entropy&cs=tinysrgb&fit=max&fm=jpg&ixid=M3w5NDQwMTV8MHwxfHNlYXJjaHwxOTV8fGFkdWx0JTIwZmFjZSUyMHBob3RvfGVufDB8fHx8MTc3ODA2ODg0NHww&ixlib=rb-4.1.0&q=80&w=1080,REAL,Male,26-35,True
4781,https://api.dicebear.com/7.x/personas/jpg?seed=user1723&size=300,FAKE,Unknown,26-35,True
5071,https://api.dicebear.com/7.x/personas/jpg?seed=user2013&size=300,FAKE,Unknown,36-50,True
2236,https://images.unsplash.com/photo-1707915140945-bb040acfff54?crop=entropy&cs=tinysrgb&fit=max&fm=jpg&ixid=M3w5NDQwMTV8MHwxfHNlYXJjaHwxNnx8YWR1bHQlMjBmYWNlJTIwcGhvdG98ZW58MHx8fHwxNzc4MDY4ODMyfDA&ixlib=rb-4.1.0&q=80&w=1080,REAL,Unknown,18-25,True
4140,https://api.dicebear.com/7.x/personas/jpg?seed=user1082&size=300,FAKE,Unknown,26-35,True
4274,https://api.dicebear.com/7.x/personas/jpg?seed=user1216&size=300,FAKE,Unknown,36-50,True
2868,https://randomuser.me/api/portraits/men/78.jpg,FAKE,Male,50+,True
3770,https://api.dicebear.com/7.x/personas/jpg?seed=user712&size=300,FAKE,Unknown,26-35,True
178,https://images.unsplash.com/photo-1766603065074-d27834fd20b1?crop=entropy&cs=tinysrgb&fit=max&fm=jpg&ixid=M3w5NDQwMTV8MHwxfHNlYXJjaHwxNzh8fGh1bWFuJTIwZmFjZSUyMHBvcnRyYWl0fGVufDB8fHx8MTc3ODA2NDc0OXww&ixlib=rb-4.1.0&q=80&w=1080,REAL,Male,18-25,True
2041,https://images.unsplash.com/photo-1731005446956-2851a5e79534?crop=entropy&cs=tinysrgb&fit=max&fm=jpg&ixid=M3w5NDQwMTV8MHwxfHNlYXJjaHwzOTF8fHBlcnNvbiUyMGZhY2UlMjBwaG90b3xlbnwwfHx8fDE3NzgwNjUzMDV8MA&ixlib=rb-4.1.0&q=80&w=1080,REAL,Female,18-25,True
1064,https://images.unsplash.com/photo-1569943514245-df02f62cecf2?crop=entropy&cs=tinysrgb&fit=max&fm=jpg&ixid=M3w5NDQwMTV8MHwxfHNlYXJjaHw1NTR8fG1hbiUyMGZhY2UlMjBjbG9zZXVwfGVufDB8fHx8MTc3ODA2NTIzNnww&ixlib=rb-4.1.0&q=80&w=1080,REAL,Unknown,36-50,True
3463,https://api.dicebear.com/7.x/personas/jpg?seed=user405&size=300,FAKE,Unknown,36-50,True
3558,https://api.dicebear.com/7.x/personas/jpg?seed=user500&size=300,FAKE,Unknown,26-35,True
525,https://images.unsplash.com/photo-1572883475077-fb5aca766ace?crop=entropy&cs=tinysrgb&fit=max&fm=jpg&ixid=M3w5NDQwMTV8MHwxfHNlYXJjaHw1NTV8fGh1bWFuJTIwZmFjZSUyMHBvcnRyYWl0fGVufDB8fHx8MTc3ODA2NTA1NXww&ixlib=rb-4.1.0&q=80&w=1080,REAL,Unknown,18-25,True
3631,https://api.dicebear.com/7.x/personas/jpg?seed=user573&size=300,FAKE,Unknown,50+,True
5153,https://api.dicebear.com/7.x/personas/jpg?seed=user2095&size=300,FAKE,Unknown,18-25,True
2529,https://images.unsplash.com/photo-1653682386262-b11e3faf8a11?crop=entropy&cs=tinysrgb&fit=max&fm=jpg&ixid=M3w5NDQwMTV8MHwxfHNlYXJjaHwzMDl8fGFkdWx0JTIwZmFjZSUyMHBob3RvfGVufDB8fHx8MTc3ODA2ODg1M3ww&ixlib=rb-4.1.0&q=80&w=1080,REAL,Male,50+,True
5225,https://api.dicebear.com/7.x/personas/jpg?seed=user2167&size=300,FAKE,Unknown,26-35,True
4459,https://api.dicebear.com/7.x/personas/jpg?seed=user1401&size=300,FAKE,Unknown,26-35,True
796,https://images.unsplash.com/photo-1714118657863-2843a622718b?crop=entropy&cs=tinysrgb&fit=max&fm=jpg&ixid=M3w5NDQwMTV8MHwxfHNlYXJjaHwyODZ8fG1hbiUyMGZhY2UlMjBjbG9zZXVwfGVufDB8fHx8MTc3ODA2NTIxNnww&ixlib=rb-4.1.0&q=80&w=1080,REAL,Unknown,50+,True
2707,https://images.unsplash.com/photo-1709621404595-9b3dda23b728?crop=entropy&cs=tinysrgb&fit=max&fm=jpg&ixid=M3w5NDQwMTV8MHwxfHNlYXJjaHw0ODd8fGFkdWx0JTIwZmFjZSUyMHBob3RvfGVufDB8fHx8MTc3ODA2ODg3MXww&ixlib=rb-4.1.0&q=80&w=1080,REAL,Unknown,50+,True
3793,https://api.dicebear.com/7.x/personas/jpg?seed=user735&size=300,FAKE,Unknown,50+,True
3081,https://api.dicebear.com/7.x/personas/jpg?seed=user23&size=300,FAKE,Unknown,26-35,True
491,https://images.unsplash.com/photo-1579610520129-963c74781ffb?crop=entropy&cs=tinysrgb&fit=max&fm=jpg&ixid=M3w5NDQwMTV8MHwxfHNlYXJjaHw1MjF8fGh1bWFuJTIwZmFjZSUyMHBvcnRyYWl0fGVufDB8fHx8MTc3ODA2NTA0OXww&ixlib=rb-4.1.0&q=80&w=1080,REAL,Unknown,50+,True
1723,https://images.unsplash.com/photo-1612585409010-b8e079e68a86?crop=entropy&cs=tinysrgb&fit=max&fm=jpg&ixid=M3w5NDQwMTV8MHwxfHNlYXJjaHw3M3x8cGVyc29uJTIwZmFjZSUyMHBob3RvfGVufDB8fHx8MTc3ODA2NTI4Mnww&ixlib=rb-4.1.0&q=80&w=1080,REAL,Male,36-50,True
1246,https://images.unsplash.com/photo-1639689413026-68b7f99a0920?crop=entropy&cs=tinysrgb&fit=max&fm=jpg&ixid=M3w5NDQwMTV8MHwxfHNlYXJjaHwxNjZ8fHdvbWFuJTIwZmFjZSUyMHBvcnRyYWl0fGVufDB8fHx8MTc3ODA2NTI1MXww&ixlib=rb-4.1.0&q=80&w=1080,REAL,Unknown,18-25,True
2606,https://images.unsplash.com/photo-1522724709546-19901cb1818a?crop=entropy&cs=tinysrgb&fit=max&fm=jpg&ixid=M3w5NDQwMTV8MHwxfHNlYXJjaHwzODZ8fGFkdWx0JTIwZmFjZSUyMHBob3RvfGVufDB8fHx8MTc3ODA2ODg1OHww&ixlib=rb-4.1.0&q=80&w=1080,REAL,Unknown,26-35,True
5129,https://api.dicebear.com/7.x/personas/jpg?seed=user2071&size=300,FAKE,Unknown,36-50,True
2955,https://randomuser.me/api/portraits/women/66.jpg,FAKE,Female,26-35,True
3533,https://api.dicebear.com/7.x/personas/jpg?seed=user475&size=300,FAKE,Unknown,36-50,True
4435,https://api.dicebear.com/7.x/personas/jpg?seed=user1377&size=300,FAKE,Unknown,50+,True
2809,https://randomuser.me/api/portraits/men/19.jpg,FAKE,Male,50+,True
5512,https://api.dicebear.com/7.x/personas/jpg?seed=user2454&size=300,FAKE,Unknown,18-25,True
4442,https://api.dicebear.com/7.x/personas/jpg?seed=user1384&size=300,FAKE,Unknown,50+,True
5419,https://api.dicebear.com/7.x/personas/jpg?seed=user2361&size=300,FAKE,Unknown,50+,True
2466,https://images.unsplash.com/photo-1534954553104-88cb75be7648?crop=entropy&cs=tinysrgb&fit=max&fm=jpg&ixid=M3w5NDQwMTV8MHwxfHNlYXJjaHwyNDZ8fGFkdWx0JTIwZmFjZSUyMHBob3RvfGVufDB8fHx8MTc3ODA2ODg0OXww&ixlib=rb-4.1.0&q=80&w=1080,REAL,Unknown,26-35,True
1259,https://images.unsplash.com/photo-1552445009-5f785a9fbf9b?crop=entropy&cs=tinysrgb&fit=max&fm=jpg&ixid=M3w5NDQwMTV8MHwxfHNlYXJjaHwxNzl8fHdvbWFuJTIwZmFjZSUyMHBvcnRyYWl0fGVufDB8fHx8MTc3ODA2NTI1MXww&ixlib=rb-4.1.0&q=80&w=1080,REAL,Unknown,18-25,True
2223,https://images.unsplash.com/photo-1748159997915-91b355f1f08c?crop=entropy&cs=tinysrgb&fit=max&fm=jpg&ixid=M3w5NDQwMTV8MHwxfHNlYXJjaHwzfHxhZHVsdCUyMGZhY2UlMjBwaG90b3xlbnwwfHx8fDE3NzgwNjg4MzJ8MA&ixlib=rb-4.1.0&q=80&w=1080,REAL,Male,50+,True
2167,https://images.unsplash.com/photo-1678531730566-e4fa1a8a3c42?crop=entropy&cs=tinysrgb&fit=max&fm=jpg&ixid=M3w5NDQwMTV8MHwxfHNlYXJjaHw1MTd8fHBlcnNvbiUyMGZhY2UlMjBwaG90b3xlbnwwfHx8fDE3NzgwNjUzMTZ8MA&ixlib=rb-4.1.0&q=80&w=1080,REAL,Unknown,50+,True
2416,https://images.unsplash.com/photo-1723113029545-d99f29bbbc5e?crop=entropy&cs=tinysrgb&fit=max&fm=jpg&ixid=M3w5NDQwMTV8MHwxfHNlYXJjaHwxOTZ8fGFkdWx0JTIwZmFjZSUyMHBob3RvfGVufDB8fHx8MTc3ODA2ODg0NHww&ixlib=rb-4.1.0&q=80&w=1080,REAL,Female,50+,True
4639,https://api.dicebear.com/7.x/personas/jpg?seed=user1581&size=300,FAKE,Unknown,18-25,True
1109,https://images.unsplash.com/photo-1646101641345-a1abad136276?crop=entropy&cs=tinysrgb&fit=max&fm=jpg&ixid=M3w5NDQwMTV8MHwxfHNlYXJjaHwyOXx8d29tYW4lMjBmYWNlJTIwcG9ydHJhaXR8ZW58MHx8fHwxNzc4MDY1MjM5fDA&ixlib=rb-4.1.0&q=80&w=1080,REAL,Unknown,36-50,True
2721,https://images.unsplash.com/photo-1615592018519-6c5c8c3f4c8e?crop=entropy&cs=tinysrgb&fit=max&fm=jpg&ixid=M3w5NDQwMTV8MHwxfHNlYXJjaHw1MDF8fGFkdWx0JTIwZmFjZSUyMHBob3RvfGVufDB8fHx8MTc3ODA2ODg3MXww&ixlib=rb-4.1.0&q=80&w=1080,REAL,Unknown,36-50,True
3916,https://api.dicebear.com/7.x/personas/jpg?seed=user858&size=300,FAKE,Unknown,50+,True
1452,https://images.unsplash.com/photo-1678855904567-d9e73fa2e01d?crop=entropy&cs=tinysrgb&fit=max&fm=jpg&ixid=M3w5NDQwMTV8MHwxfHNlYXJjaHwzNzJ8fHdvbWFuJTIwZmFjZSUyMHBvcnRyYWl0fGVufDB8fHx8MTc3ODA2NTI2NXww&ixlib=rb-4.1.0&q=80&w=1080,REAL,Male,18-25,True
2813,https://randomuser.me/api/portraits/men/23.jpg,FAKE,Male,18-25,True
678,https://images.unsplash.com/photo-1769328524873-21200aa09dd2?crop=entropy&cs=tinysrgb&fit=max&fm=jpg&ixid=M3w5NDQwMTV8MHwxfHNlYXJjaHwxMzh8fG1hbiUyMGZhY2UlMjBjbG9zZXVwfGVufDB8fHx8MTc3ODA2NTA4N3ww&ixlib=rb-4.1.0&q=80&w=1080,REAL,Female,36-50,True
628,https://images.unsplash.com/photo-1594311009695-8d4304224a57?crop=entropy&cs=tinysrgb&fit=max&fm=jpg&ixid=M3w5NDQwMTV8MHwxfHNlYXJjaHw4OHx8bWFuJTIwZmFjZSUyMGNsb3NldXB8ZW58MHx8fHwxNzc4MDY1MDgyfDA&ixlib=rb-4.1.0&q=80&w=1080,REAL,Female,50+,True
2192,https://images.unsplash.com/photo-1758598497192-15ffa411c3de?crop=entropy&cs=tinysrgb&fit=max&fm=jpg&ixid=M3w5NDQwMTV8MHwxfHNlYXJjaHw1NDJ8fHlvdW5nJTIwcGVyc29uJTIwZmFjZXxlbnwwfHx8fDE3NzgwNjg4MzB8MA&ixlib=rb-4.1.0&q=80&w=1080,REAL,Unknown,26-35,True
90,https://images.unsplash.com/photo-1680104072294-e9e15e26c5cc?crop=entropy&cs=tinysrgb&fit=max&fm=jpg&ixid=M3w5NDQwMTV8MHwxfHNlYXJjaHw5MHx8aHVtYW4lMjBmYWNlJTIwcG9ydHJhaXR8ZW58MHx8fHwxNzc4MDY0NzE3fDA&ixlib=rb-4.1.0&q=80&w=1080,REAL,Female,26-35,True
5194,https://api.dicebear.com/7.x/personas/jpg?seed=user2136&size=300,FAKE,Unknown,36-50,True
487,https://images.unsplash.com/photo-1588582519635-1c3817210bd3?crop=entropy&cs=tinysrgb&fit=max&fm=jpg&ixid=M3w5NDQwMTV8MHwxfHNlYXJjaHw1MTd8fGh1bWFuJTIwZmFjZSUyMHBvcnRyYWl0fGVufDB8fHx8MTc3ODA2NTA0OXww&ixlib=rb-4.1.0&q=80&w=1080,REAL,Female,18-25,True
4668,https://api.dicebear.com/7.x/personas/jpg?seed=user1610&size=300,FAKE,Unknown,50+,True
4231,https://api.dicebear.com/7.x/personas/jpg?seed=user1173&size=300,FAKE,Unknown,50+,True
3600,https://api.dicebear.com/7.x/personas/jpg?seed=user542&size=300,FAKE,Unknown,26-35,True
1087,https://images.unsplash.com/photo-1689237076071-2403d4123cee?crop=entropy&cs=tinysrgb&fit=max&fm=jpg&ixid=M3w5NDQwMTV8MHwxfHNlYXJjaHw3fHx3b21hbiUyMGZhY2UlMjBwb3J0cmFpdHxlbnwwfHx8fDE3NzgwNjUyMzl8MA&ixlib=rb-4.1.0&q=80&w=1080,REAL,Female,50+,True
3020,https://i.pravatar.cc/300?img=32,FAKE,Unknown,26-35,True
5354,https://api.dicebear.com/7.x/personas/jpg?seed=user2296&size=300,FAKE,Unknown,36-50,True
2113,https://images.unsplash.com/photo-1702576820994-d74249d3468f?crop=entropy&cs=tinysrgb&fit=max&fm=jpg&ixid=M3w5NDQwMTV8MHwxfHNlYXJjaHw0NjN8fHBlcnNvbiUyMGZhY2UlMjBwaG90b3xlbnwwfHx8fDE3NzgwNjUzMTB8MA&ixlib=rb-4.1.0&q=80&w=1080,REAL,Unknown,26-35,True
4519,https://api.dicebear.com/7.x/personas/jpg?seed=user1461&size=300,FAKE,Unknown,50+,True
1760,https://images.unsplash.com/photo-1710371683371-b55516473b46?crop=entropy&cs=tinysrgb&fit=max&fm=jpg&ixid=M3w5NDQwMTV8MHwxfHNlYXJjaHwxMTB8fHBlcnNvbiUyMGZhY2UlMjBwaG90b3xlbnwwfHx8fDE3NzgwNjUyODR8MA&ixlib=rb-4.1.0&q=80&w=1080,REAL,Unknown,26-35,True
5269,https://api.dicebear.com/7.x/personas/jpg?seed=user2211&size=300,FAKE,Unknown,26-35,True
681,https://images.unsplash.com/photo-1551735084-c0cb3f65bcf3?crop=entropy&cs=tinysrgb&fit=max&fm=jpg&ixid=M3w5NDQwMTV8MHwxfHNlYXJjaHwxNDF8fG1hbiUyMGZhY2UlMjBjbG9zZXVwfGVufDB8fHx8MTc3ODA2NTA4N3ww&ixlib=rb-4.1.0&q=80&w=1080,REAL,Female,26-35,True
3023,https://i.pravatar.cc/300?img=35,FAKE,Unknown,36-50,True
36,https://images.unsplash.com/photo-1705940372495-ab4ed45d3102?crop=entropy&cs=tinysrgb&fit=max&fm=jpg&ixid=M3w5NDQwMTV8MHwxfHNlYXJjaHwzNnx8aHVtYW4lMjBmYWNlJTIwcG9ydHJhaXR8ZW58MHx8fHwxNzc4MDY0NzA2fDA&ixlib=rb-4.1.0&q=80&w=1080,REAL,Female,26-35,True
4656,https://api.dicebear.com/7.x/personas/jpg?seed=user1598&size=300,FAKE,Unknown,36-50,True
1795,https://images.unsplash.com/photo-1739671191234-1772df1d1b7e?crop=entropy&cs=tinysrgb&fit=max&fm=jpg&ixid=M3w5NDQwMTV8MHwxfHNlYXJjaHwxNDV8fHBlcnNvbiUyMGZhY2UlMjBwaG90b3xlbnwwfHx8fDE3NzgwNjUyODZ8MA&ixlib=rb-4.1.0&q=80&w=1080,REAL,Female,26-35,True
1928,https://images.unsplash.com/photo-1648484859923-3da237daa9fd?crop=entropy&cs=tinysrgb&fit=max&fm=jpg&ixid=M3w5NDQwMTV8MHwxfHNlYXJjaHwyNzh8fHBlcnNvbiUyMGZhY2UlMjBwaG90b3xlbnwwfHx8fDE3NzgwNjUyOTd8MA&ixlib=rb-4.1.0&q=80&w=1080,REAL,Female,18-25,True
3482,https://api.dicebear.com/7.x/personas/jpg?seed=user424&size=300,FAKE,Unknown,26-35,True
2093,https://images.unsplash.com/photo-1689803760979-fbe3c80c5062?crop=entropy&cs=tinysrgb&fit=max&fm=jpg&ixid=M3w5NDQwMTV8MHwxfHNlYXJjaHw0NDN8fHBlcnNvbiUyMGZhY2UlMjBwaG90b3xlbnwwfHx8fDE3NzgwNjUzMDh8MA&ixlib=rb-4.1.0&q=80&w=1080,REAL,Female,50+,True
3462,https://api.dicebear.com/7.x/personas/jpg?seed=user404&size=300,FAKE,Unknown,26-35,True
2429,https://images.unsplash.com/photo-1728599980532-838c05729e6a?crop=entropy&cs=tinysrgb&fit=max&fm=jpg&ixid=M3w5NDQwMTV8MHwxfHNlYXJjaHwyMDl8fGFkdWx0JTIwZmFjZSUyMHBob3RvfGVufDB8fHx8MTc3ODA2ODg0NHww&ixlib=rb-4.1.0&q=80&w=1080,REAL,Male,26-35,True
632,https://images.unsplash.com/photo-1605741467414-dc32bf225e0a?crop=entropy&cs=tinysrgb&fit=max&fm=jpg&ixid=M3w5NDQwMTV8MHwxfHNlYXJjaHw5Mnx8bWFuJTIwZmFjZSUyMGNsb3NldXB8ZW58MHx8fHwxNzc4MDY1MDg0fDA&ixlib=rb-4.1.0&q=80&w=1080,REAL,Unknown,18-25,True
3153,https://api.dicebear.com/7.x/personas/jpg?seed=user95&size=300,FAKE,Unknown,26-35,True
2690,https://images.unsplash.com/photo-1506720432985-fa1fd9047c46?crop=entropy&cs=tinysrgb&fit=max&fm=jpg&ixid=M3w5NDQwMTV8MHwxfHNlYXJjaHw0NzB8fGFkdWx0JTIwZmFjZSUyMHBob3RvfGVufDB8fHx8MTc3ODA2ODg2OHww&ixlib=rb-4.1.0&q=80&w=1080,REAL,Unknown,26-35,True
1124,https://images.unsplash.com/photo-1613685145840-912da378de9c?crop=entropy&cs=tinysrgb&fit=max&fm=jpg&ixid=M3w5NDQwMTV8MHwxfHNlYXJjaHw0NHx8d29tYW4lMjBmYWNlJTIwcG9ydHJhaXR8ZW58MHx8fHwxNzc4MDY1MjQyfDA&ixlib=rb-4.1.0&q=80&w=1080,REAL,Unknown,36-50,True
3792,https://api.dicebear.com/7.x/personas/jpg?seed=user734&size=300,FAKE,Unknown,18-25,True
522,https://images.unsplash.com/photo-1622842182823-28bfbfba47e3?crop=entropy&cs=tinysrgb&fit=max&fm=jpg&ixid=M3w5NDQwMTV8MHwxfHNlYXJjaHw1NTJ8fGh1bWFuJTIwZmFjZSUyMHBvcnRyYWl0fGVufDB8fHx8MTc3ODA2NTA1NXww&ixlib=rb-4.1.0&q=80&w=1080,REAL,Unknown,18-25,True
1907,https://images.unsplash.com/photo-1730925355309-cb9e4af73ebb?crop=entropy&cs=tinysrgb&fit=max&fm=jpg&ixid=M3w5NDQwMTV8MHwxfHNlYXJjaHwyNTd8fHBlcnNvbiUyMGZhY2UlMjBwaG90b3xlbnwwfHx8fDE3NzgwNjUyOTV8MA&ixlib=rb-4.1.0&q=80&w=1080,REAL,Female,36-50,True
1266,https://images.unsplash.com/photo-1656428561691-492ac0b1ca0d?crop=entropy&cs=tinysrgb&fit=max&fm=jpg&ixid=M3w5NDQwMTV8MHwxfHNlYXJjaHwxODZ8fHdvbWFuJTIwZmFjZSUyMHBvcnRyYWl0fGVufDB8fHx8MTc3ODA2NTI1M3ww&ixlib=rb-4.1.0&q=80&w=1080,REAL,Male,50+,True
4755,https://api.dicebear.com/7.x/personas/jpg?seed=user1697&size=300,FAKE,Unknown,36-50,True
3139,https://api.dicebear.com/7.x/personas/jpg?seed=user81&size=300,FAKE,Unknown,26-35,True
2613,https://images.unsplash.com/photo-1676732619792-7d468a350aa7?crop=entropy&cs=tinysrgb&fit=max&fm=jpg&ixid=M3w5NDQwMTV8MHwxfHNlYXJjaHwzOTN8fGFkdWx0JTIwZmFjZSUyMHBob3RvfGVufDB8fHx8MTc3ODA2ODg2MXww&ixlib=rb-4.1.0&q=80&w=1080,REAL,Male,50+,True
995,https://images.unsplash.com/photo-1768144163883-039c271e96a5?crop=entropy&cs=tinysrgb&fit=max&fm=jpg&ixid=M3w5NDQwMTV8MHwxfHNlYXJjaHw0ODV8fG1hbiUyMGZhY2UlMjBjbG9zZXVwfGVufDB8fHx8MTc3ODA2NTIzMnww&ixlib=rb-4.1.0&q=80&w=1080,REAL,Unknown,18-25,True
3022,https://i.pravatar.cc/300?img=34,FAKE,Unknown,36-50,True
5397,https://api.dicebear.com/7.x/personas/jpg?seed=user2339&size=300,FAKE,Unknown,36-50,True
5430,https://api.dicebear.com/7.x/personas/jpg?seed=user2372&size=300,FAKE,Unknown,50+,True
2657,https://images.unsplash.com/photo-1589723710821-989cddda124d?crop=entropy&cs=tinysrgb&fit=max&fm=jpg&ixid=M3w5NDQwMTV8MHwxfHNlYXJjaHw0Mzd8fGFkdWx0JTIwZmFjZSUyMHBob3RvfGVufDB8fHx8MTc3ODA2ODg2NHww&ixlib=rb-4.1.0&q=80&w=1080,REAL,Unknown,26-35,True
3593,https://api.dicebear.com/7.x/personas/jpg?seed=user535&size=300,FAKE,Unknown,50+,True
3740,https://api.dicebear.com/7.x/personas/jpg?seed=user682&size=300,FAKE,Unknown,36-50,True
4974,https://api.dicebear.com/7.x/personas/jpg?seed=user1916&size=300,FAKE,Unknown,26-35,True
1316,https://images.unsplash.com/photo-1634595479858-79dc301eea85?crop=entropy&cs=tinysrgb&fit=max&fm=jpg&ixid=M3w5NDQwMTV8MHwxfHNlYXJjaHwyMzZ8fHdvbWFuJTIwZmFjZSUyMHBvcnRyYWl0fGVufDB8fHx8MTc3ODA2NTI1NXww&ixlib=rb-4.1.0&q=80&w=1080,REAL,Unknown,18-25,True
4963,https://api.dicebear.com/7.x/personas/jpg?seed=user1905&size=300,FAKE,Unknown,50+,True
3294,https://api.dicebear.com/7.x/personas/jpg?seed=user236&size=300,FAKE,Unknown,18-25,True
2967,https://randomuser.me/api/portraits/women/78.jpg,FAKE,Female,36-50,True
3831,https://api.dicebear.com/7.x/personas/jpg?seed=user773&size=300,FAKE,Unknown,36-50,True
663,https://images.unsplash.com/photo-1676663111342-ca23e4efb425?crop=entropy&cs=tinysrgb&fit=max&fm=jpg&ixid=M3w5NDQwMTV8MHwxfHNlYXJjaHwxMjN8fG1hbiUyMGZhY2UlMjBjbG9zZXVwfGVufDB8fHx8MTc3ODA2NTA4N3ww&ixlib=rb-4.1.0&q=80&w=1080,REAL,Unknown,26-35,True
3175,https://api.dicebear.com/7.x/personas/jpg?seed=user117&size=300,FAKE,Unknown,18-25,True
2545,https://images.unsplash.com/photo-1518725522904-4b3939358342?crop=entropy&cs=tinysrgb&fit=max&fm=jpg&ixid=M3w5NDQwMTV8MHwxfHNlYXJjaHwzMjV8fGFkdWx0JTIwZmFjZSUyMHBob3RvfGVufDB8fHx8MTc3ODA2ODg1M3ww&ixlib=rb-4.1.0&q=80&w=1080,REAL,Unknown,36-50,True
4177,https://api.dicebear.com/7.x/personas/jpg?seed=user1119&size=300,FAKE,Unknown,36-50,True
3540,https://api.dicebear.com/7.x/personas/jpg?seed=user482&size=300,FAKE,Unknown,26-35,True
1601,https://images.unsplash.com/photo-1617329763497-a77e1dccda5c?crop=entropy&cs=tinysrgb&fit=max&fm=jpg&ixid=M3w5NDQwMTV8MHwxfHNlYXJjaHw1MjF8fHdvbWFuJTIwZmFjZSUyMHBvcnRyYWl0fGVufDB8fHx8MTc3ODA2NTI3NHww&ixlib=rb-4.1.0&q=80&w=1080,REAL,Male,18-25,True
3655,https://api.dicebear.com/7.x/personas/jpg?seed=user597&size=300,FAKE,Unknown,36-50,True
5065,https://api.dicebear.com/7.x/personas/jpg?seed=user2007&size=300,FAKE,Unknown,50+,True
3150,https://api.dicebear.com/7.x/personas/jpg?seed=user92&size=300,FAKE,Unknown,36-50,True
2631,https://images.unsplash.com/photo-1743936701449-461649a4d44b?crop=entropy&cs=tinysrgb&fit=max&fm=jpg&ixid=M3w5NDQwMTV8MHwxfHNlYXJjaHw0MTF8fGFkdWx0JTIwZmFjZSUyMHBob3RvfGVufDB8fHx8MTc3ODA2ODg2MXww&ixlib=rb-4.1.0&q=80&w=1080,REAL,Unknown,26-35,True
347,https://images.unsplash.com/photo-1698681375999-8faa3e824cd9?crop=entropy&cs=tinysrgb&fit=max&fm=jpg&ixid=M3w5NDQwMTV8MHwxfHNlYXJjaHwzNzd8fGh1bWFuJTIwZmFjZSUyMHBvcnRyYWl0fGVufDB8fHx8MTc3ODA2NDk5N3ww&ixlib=rb-4.1.0&q=80&w=1080,REAL,Female,36-50,True
1440,https://images.unsplash.com/photo-1650750587998-d524e8bca874?crop=entropy&cs=tinysrgb&fit=max&fm=jpg&ixid=M3w5NDQwMTV8MHwxfHNlYXJjaHwzNjB8fHdvbWFuJTIwZmFjZSUyMHBvcnRyYWl0fGVufDB8fHx8MTc3ODA2NTI2M3ww&ixlib=rb-4.1.0&q=80&w=1080,REAL,Unknown,18-25,True
3520,https://api.dicebear.com/7.x/personas/jpg?seed=user462&size=300,FAKE,Unknown,50+,True
927,https://images.unsplash.com/photo-1626427484525-2c19aa906a79?crop=entropy&cs=tinysrgb&fit=max&fm=jpg&ixid=M3w5NDQwMTV8MHwxfHNlYXJjaHw0MTd8fG1hbiUyMGZhY2UlMjBjbG9zZXVwfGVufDB8fHx8MTc3ODA2NTIyNnww&ixlib=rb-4.1.0&q=80&w=1080,REAL,Female,36-50,True
67,https://images.unsplash.com/photo-1653198020531-4a15524333e9?crop=entropy&cs=tinysrgb&fit=max&fm=jpg&ixid=M3w5NDQwMTV8MHwxfHNlYXJjaHw2N3x8aHVtYW4lMjBmYWNlJTIwcG9ydHJhaXR8ZW58MHx8fHwxNzc4MDY0NzE3fDA&ixlib=rb-4.1.0&q=80&w=1080,REAL,Unknown,50+,True
1879,https://images.unsplash.com/photo-1593051274853-f51f80af84ed?crop=entropy&cs=tinysrgb&fit=max&fm=jpg&ixid=M3w5NDQwMTV8MHwxfHNlYXJjaHwyMjl8fHBlcnNvbiUyMGZhY2UlMjBwaG90b3xlbnwwfHx8fDE3NzgwNjUyOTJ8MA&ixlib=rb-4.1.0&q=80&w=1080,REAL,Unknown,36-50,True
180,https://images.unsplash.com/photo-1769636930451-e8df6d839e4d?crop=entropy&cs=tinysrgb&fit=max&fm=jpg&ixid=M3w5NDQwMTV8MHwxfHNlYXJjaHwxODB8fGh1bWFuJTIwZmFjZSUyMHBvcnRyYWl0fGVufDB8fHx8MTc3ODA2NDc0OXww&ixlib=rb-4.1.0&q=80&w=1080,REAL,Male,36-50,True
3067,https://api.dicebear.com/7.x/personas/jpg?seed=user9&size=300,FAKE,Unknown,36-50,True
658,https://images.unsplash.com/photo-1599987404533-8a977a40cfe4?crop=entropy&cs=tinysrgb&fit=max&fm=jpg&ixid=M3w5NDQwMTV8MHwxfHNlYXJjaHwxMTh8fG1hbiUyMGZhY2UlMjBjbG9zZXVwfGVufDB8fHx8MTc3ODA2NTA4NHww&ixlib=rb-4.1.0&q=80&w=1080,REAL,Female,26-35,True
948,https://images.unsplash.com/photo-1605878570004-8d75418a2390?crop=entropy&cs=tinysrgb&fit=max&fm=jpg&ixid=M3w5NDQwMTV8MHwxfHNlYXJjaHw0Mzh8fG1hbiUyMGZhY2UlMjBjbG9zZXVwfGVufDB8fHx8MTc3ODA2NTIyOHww&ixlib=rb-4.1.0&q=80&w=1080,REAL,Female,36-50,True
4588,https://api.dicebear.com/7.x/personas/jpg?seed=user1530&size=300,FAKE,Unknown,18-25,True
145,https://images.unsplash.com/photo-1727535579880-5d64c86a096d?crop=entropy&cs=tinysrgb&fit=max&fm=jpg&ixid=M3w5NDQwMTV8MHwxfHNlYXJjaHwxNDV8fGh1bWFuJTIwZmFjZSUyMHBvcnRyYWl0fGVufDB8fHx8MTc3ODA2NDcyNXww&ixlib=rb-4.1.0&q=80&w=1080,REAL,Unknown,18-25,True
4132,https://api.dicebear.com/7.x/personas/jpg?seed=user1074&size=300,FAKE,Unknown,50+,True
5488,https://api.dicebear.com/7.x/personas/jpg?seed=user2430&size=300,FAKE,Unknown,36-50,True
329,https://images.unsplash.com/photo-1579830341203-ab32d752ecaf?crop=entropy&cs=tinysrgb&fit=max&fm=jpg&ixid=M3w5NDQwMTV8MHwxfHNlYXJjaHwzNTl8fGh1bWFuJTIwZmFjZSUyMHBvcnRyYWl0fGVufDB8fHx8MTc3ODA2NDk5MHww&ixlib=rb-4.1.0&q=80&w=1080,REAL,Male,36-50,True
3574,https://api.dicebear.com/7.x/personas/jpg?seed=user516&size=300,FAKE,Unknown,50+,True
3392,https://api.dicebear.com/7.x/personas/jpg?seed=user334&size=300,FAKE,Unknown,36-50,True
1286,https://images.unsplash.com/photo-1615046999952-cdbe5cd06773?crop=entropy&cs=tinysrgb&fit=max&fm=jpg&ixid=M3w5NDQwMTV8MHwxfHNlYXJjaHwyMDZ8fHdvbWFuJTIwZmFjZSUyMHBvcnRyYWl0fGVufDB8fHx8MTc3ODA2NTI1M3ww&ixlib=rb-4.1.0&q=80&w=1080,REAL,Male,26-35,True
3461,https://api.dicebear.com/7.x/personas/jpg?seed=user403&size=300,FAKE,Unknown,36-50,True
458,https://images.unsplash.com/photo-1754671246332-c1735faffbe1?crop=entropy&cs=tinysrgb&fit=max&fm=jpg&ixid=M3w5NDQwMTV8MHwxfHNlYXJjaHw0ODh8fGh1bWFuJTIwZmFjZSUyMHBvcnRyYWl0fGVufDB8fHx8MTc3ODA2NTAzN3ww&ixlib=rb-4.1.0&q=80&w=1080,REAL,Female,50+,True
4080,https://api.dicebear.com/7.x/personas/jpg?seed=user1022&size=300,FAKE,Unknown,50+,True
2028,https://images.unsplash.com/photo-1640677875583-7470bbf4749d?crop=entropy&cs=tinysrgb&fit=max&fm=jpg&ixid=M3w5NDQwMTV8MHwxfHNlYXJjaHwzNzh8fHBlcnNvbiUyMGZhY2UlMjBwaG90b3xlbnwwfHx8fDE3NzgwNjUzMDN8MA&ixlib=rb-4.1.0&q=80&w=1080,REAL,Male,36-50,True
4959,https://api.dicebear.com/7.x/personas/jpg?seed=user1901&size=300,FAKE,Unknown,50+,True
2322,https://images.unsplash.com/photo-1726741697303-a93d16351451?crop=entropy&cs=tinysrgb&fit=max&fm=jpg&ixid=M3w5NDQwMTV8MHwxfHNlYXJjaHwxMDJ8fGFkdWx0JTIwZmFjZSUyMHBob3RvfGVufDB8fHx8MTc3ODA2ODgzOHww&ixlib=rb-4.1.0&q=80&w=1080,REAL,Male,26-35,True
3164,https://api.dicebear.com/7.x/personas/jpg?seed=user106&size=300,FAKE,Unknown,50+,True
1469,https://images.unsplash.com/photo-1631510087518-1466b8acd20b?crop=entropy&cs=tinysrgb&fit=max&fm=jpg&ixid=M3w5NDQwMTV8MHwxfHNlYXJjaHwzODl8fHdvbWFuJTIwZmFjZSUyMHBvcnRyYWl0fGVufDB8fHx8MTc3ODA2NTI2NXww&ixlib=rb-4.1.0&q=80&w=1080,REAL,Unknown,18-25,True
3717,https://api.dicebear.com/7.x/personas/jpg?seed=user659&size=300,FAKE,Unknown,18-25,True
1260,https://images.unsplash.com/photo-1744580843112-11be71d0756d?crop=entropy&cs=tinysrgb&fit=max&fm=jpg&ixid=M3w5NDQwMTV8MHwxfHNlYXJjaHwxODB8fHdvbWFuJTIwZmFjZSUyMHBvcnRyYWl0fGVufDB8fHx8MTc3ODA2NTI1MXww&ixlib=rb-4.1.0&q=80&w=1080,REAL,Male,18-25,True
3323,https://api.dicebear.com/7.x/personas/jpg?seed=user265&size=300,FAKE,Unknown,50+,True
2536,https://images.unsplash.com/photo-1535959762618-82a0762b02f9?crop=entropy&cs=tinysrgb&fit=max&fm=jpg&ixid=M3w5NDQwMTV8MHwxfHNlYXJjaHwzMTZ8fGFkdWx0JTIwZmFjZSUyMHBob3RvfGVufDB8fHx8MTc3ODA2ODg1M3ww&ixlib=rb-4.1.0&q=80&w=1080,REAL,Female,36-50,True
524,https://images.unsplash.com/photo-1746116572307-f0a44493613f?crop=entropy&cs=tinysrgb&fit=max&fm=jpg&ixid=M3w5NDQwMTV8MHwxfHNlYXJjaHw1NTR8fGh1bWFuJTIwZmFjZSUyMHBvcnRyYWl0fGVufDB8fHx8MTc3ODA2NTA1NXww&ixlib=rb-4.1.0&q=80&w=1080,REAL,Unknown,26-35,True
556,https://images.unsplash.com/photo-1542652410-b02b18ef97ee?crop=entropy&cs=tinysrgb&fit=max&fm=jpg&ixid=M3w5NDQwMTV8MHwxfHNlYXJjaHwxNnx8bWFuJTIwZmFjZSUyMGNsb3NldXB8ZW58MHx8fHwxNzc4MDY1MDYzfDA&ixlib=rb-4.1.0&q=80&w=1080,REAL,Female,36-50,True
3338,https://api.dicebear.com/7.x/personas/jpg?seed=user280&size=300,FAKE,Unknown,18-25,True
3262,https://api.dicebear.com/7.x/personas/jpg?seed=user204&size=300,FAKE,Unknown,26-35,True
1766,https://images.unsplash.com/photo-1633540460862-5df3b2a640a2?crop=entropy&cs=tinysrgb&fit=max&fm=jpg&ixid=M3w5NDQwMTV8MHwxfHNlYXJjaHwxMTZ8fHBlcnNvbiUyMGZhY2UlMjBwaG90b3xlbnwwfHx8fDE3NzgwNjUyODR8MA&ixlib=rb-4.1.0&q=80&w=1080,REAL,Unknown,18-25,True
5244,https://api.dicebear.com/7.x/personas/jpg?seed=user2186&size=300,FAKE,Unknown,36-50,True
790,https://images.unsplash.com/photo-1646734035877-4230056cea09?crop=entropy&cs=tinysrgb&fit=max&fm=jpg&ixid=M3w5NDQwMTV8MHwxfHNlYXJjaHwyODB8fG1hbiUyMGZhY2UlMjBjbG9zZXVwfGVufDB8fHx8MTc3ODA2NTIxNnww&ixlib=rb-4.1.0&q=80&w=1080,REAL,Unknown,18-25,True
128,https://images.unsplash.com/photo-1606926528684-f4a1470401c2?crop=entropy&cs=tinysrgb&fit=max&fm=jpg&ixid=M3w5NDQwMTV8MHwxfHNlYXJjaHwxMjh8fGh1bWFuJTIwZmFjZSUyMHBvcnRyYWl0fGVufDB8fHx8MTc3ODA2NDcyNXww&ixlib=rb-4.1.0&q=80&w=1080,REAL,Male,50+,True
290,https://images.unsplash.com/photo-1646161143800-fcdbec5d7738?crop=entropy&cs=tinysrgb&fit=max&fm=jpg&ixid=M3w5NDQwMTV8MHwxfHNlYXJjaHwzMjB8fGh1bWFuJTIwZmFjZSUyMHBvcnRyYWl0fGVufDB8fHx8MTc3ODA2NDk4N3ww&ixlib=rb-4.1.0&q=80&w=1080,REAL,Male,36-50,True
4657,https://api.dicebear.com/7.x/personas/jpg?seed=user1599&size=300,FAKE,Unknown,18-25,True
4278,https://api.dicebear.com/7.x/personas/jpg?seed=user1220&size=300,FAKE,Unknown,18-25,True
5544,https://api.dicebear.com/7.x/personas/jpg?seed=user2486&size=300,FAKE,Unknown,26-35,True
3107,https://api.dicebear.com/7.x/personas/jpg?seed=user49&size=300,FAKE,Unknown,50+,True
1605,https://images.unsplash.com/photo-1653242411111-272c44764e18?crop=entropy&cs=tinysrgb&fit=max&fm=jpg&ixid=M3w5NDQwMTV8MHwxfHNlYXJjaHw1MjV8fHdvbWFuJTIwZmFjZSUyMHBvcnRyYWl0fGVufDB8fHx8MTc3ODA2NTI3NHww&ixlib=rb-4.1.0&q=80&w=1080,REAL,Male,26-35,True
1375,https://images.unsplash.com/photo-1625161321461-3fdfdd8efcc2?crop=entropy&cs=tinysrgb&fit=max&fm=jpg&ixid=M3w5NDQwMTV8MHwxfHNlYXJjaHwyOTV8fHdvbWFuJTIwZmFjZSUyMHBvcnRyYWl0fGVufDB8fHx8MTc3ODA2NTI1OXww&ixlib=rb-4.1.0&q=80&w=1080,REAL,Female,36-50,True
4121,https://api.dicebear.com/7.x/personas/jpg?seed=user1063&size=300,FAKE,Unknown,50+,True
2476,https://images.unsplash.com/photo-1746410848329-c2b035f49228?crop=entropy&cs=tinysrgb&fit=max&fm=jpg&ixid=M3w5NDQwMTV8MHwxfHNlYXJjaHwyNTZ8fGFkdWx0JTIwZmFjZSUyMHBob3RvfGVufDB8fHx8MTc3ODA2ODg0OXww&ixlib=rb-4.1.0&q=80&w=1080,REAL,Female,18-25,True
993,https://images.unsplash.com/photo-1596633816484-10da10b748e4?crop=entropy&cs=tinysrgb&fit=max&fm=jpg&ixid=M3w5NDQwMTV8MHwxfHNlYXJjaHw0ODN8fG1hbiUyMGZhY2UlMjBjbG9zZXVwfGVufDB8fHx8MTc3ODA2NTIzMnww&ixlib=rb-4.1.0&q=80&w=1080,REAL,Unknown,18-25,True
1070,https://images.unsplash.com/photo-1565271566087-877592ce7874?crop=entropy&cs=tinysrgb&fit=max&fm=jpg&ixid=M3w5NDQwMTV8MHwxfHNlYXJjaHw1NjB8fG1hbiUyMGZhY2UlMjBjbG9zZXVwfGVufDB8fHx8MTc3ODA2NTIzNnww&ixlib=rb-4.1.0&q=80&w=1080,REAL,Unknown,36-50,True
449,https://images.unsplash.com/photo-1732195636370-fed44c34d6ef?crop=entropy&cs=tinysrgb&fit=max&fm=jpg&ixid=M3w5NDQwMTV8MHwxfHNlYXJjaHw0Nzl8fGh1bWFuJTIwZmFjZSUyMHBvcnRyYWl0fGVufDB8fHx8MTc3ODA2NTAzM3ww&ixlib=rb-4.1.0&q=80&w=1080,REAL,Unknown,18-25,True
1019,https://images.unsplash.com/photo-1608352247409-dd9edd0e9ce2?crop=entropy&cs=tinysrgb&fit=max&fm=jpg&ixid=M3w5NDQwMTV8MHwxfHNlYXJjaHw1MDl8fG1hbiUyMGZhY2UlMjBjbG9zZXVwfGVufDB8fHx8MTc3ODA2NTIzMnww&ixlib=rb-4.1.0&q=80&w=1080,REAL,Female,36-50,True
1640,https://images.unsplash.com/photo-1671741928841-f93422a51e6c?crop=entropy&cs=tinysrgb&fit=max&fm=jpg&ixid=M3w5NDQwMTV8MHwxfHNlYXJjaHw1NjB8fHdvbWFuJTIwZmFjZSUyMHBvcnRyYWl0fGVufDB8fHx8MTc3ODA2NTI3Nnww&ixlib=rb-4.1.0&q=80&w=1080,REAL,Female,18-25,True
1837,https://images.unsplash.com/photo-1695830042175-af833fd6d982?crop=entropy&cs=tinysrgb&fit=max&fm=jpg&ixid=M3w5NDQwMTV8MHwxfHNlYXJjaHwxODd8fHBlcnNvbiUyMGZhY2UlMjBwaG90b3xlbnwwfHx8fDE3NzgwNjUyOTB8MA&ixlib=rb-4.1.0&q=80&w=1080,REAL,Unknown,50+,True
4956,https://api.dicebear.com/7.x/personas/jpg?seed=user1898&size=300,FAKE,Unknown,36-50,True
4463,https://api.dicebear.com/7.x/personas/jpg?seed=user1405&size=300,FAKE,Unknown,50+,True
918,https://images.unsplash.com/photo-1680730591140-7a8845ebd9b7?crop=entropy&cs=tinysrgb&fit=max&fm=jpg&ixid=M3w5NDQwMTV8MHwxfHNlYXJjaHw0MDh8fG1hbiUyMGZhY2UlMjBjbG9zZXVwfGVufDB8fHx8MTc3ODA2NTIyNnww&ixlib=rb-4.1.0&q=80&w=1080,REAL,Unknown,50+,True
2589,https://images.unsplash.com/photo-1590505695083-a6ceb62cc40e?crop=entropy&cs=tinysrgb&fit=max&fm=jpg&ixid=M3w5NDQwMTV8MHwxfHNlYXJjaHwzNjl8fGFkdWx0JTIwZmFjZSUyMHBob3RvfGVufDB8fHx8MTc3ODA2ODg1OHww&ixlib=rb-4.1.0&q=80&w=1080,REAL,Female,26-35,True
3791,https://api.dicebear.com/7.x/personas/jpg?seed=user733&size=300,FAKE,Unknown,50+,True
836,https://images.unsplash.com/photo-1559100292-aeb5a95cc6ae?crop=entropy&cs=tinysrgb&fit=max&fm=jpg&ixid=M3w5NDQwMTV8MHwxfHNlYXJjaHwzMjZ8fG1hbiUyMGZhY2UlMjBjbG9zZXVwfGVufDB8fHx8MTc3ODA2NTIxOHww&ixlib=rb-4.1.0&q=80&w=1080,REAL,Unknown,50+,True
1913,https://images.unsplash.com/photo-1704286810508-cadbd7202bb0?crop=entropy&cs=tinysrgb&fit=max&fm=jpg&ixid=M3w5NDQwMTV8MHwxfHNlYXJjaHwyNjN8fHBlcnNvbiUyMGZhY2UlMjBwaG90b3xlbnwwfHx8fDE3NzgwNjUyOTV8MA&ixlib=rb-4.1.0&q=80&w=1080,REAL,Female,26-35,True
3126,https://api.dicebear.com/7.x/personas/jpg?seed=user68&size=300,FAKE,Unknown,36-50,True
2963,https://randomuser.me/api/portraits/women/74.jpg,FAKE,Female,18-25,True
1882,https://images.unsplash.com/photo-1717563601066-d4b876b7df1e?crop=entropy&cs=tinysrgb&fit=max&fm=jpg&ixid=M3w5NDQwMTV8MHwxfHNlYXJjaHwyMzJ8fHBlcnNvbiUyMGZhY2UlMjBwaG90b3xlbnwwfHx8fDE3NzgwNjUyOTJ8MA&ixlib=rb-4.1.0&q=80&w=1080,REAL,Unknown,36-50,True
812,https://images.unsplash.com/photo-1754304966901-98004688fb05?crop=entropy&cs=tinysrgb&fit=max&fm=jpg&ixid=M3w5NDQwMTV8MHwxfHNlYXJjaHwzMDJ8fG1hbiUyMGZhY2UlMjBjbG9zZXVwfGVufDB8fHx8MTc3ODA2NTIxOHww&ixlib=rb-4.1.0&q=80&w=1080,REAL,Female,36-50,True
2722,https://images.unsplash.com/photo-1671278017637-1d55f6a4a88e?crop=entropy&cs=tinysrgb&fit=max&fm=jpg&ixid=M3w5NDQwMTV8MHwxfHNlYXJjaHw1MDJ8fGFkdWx0JTIwZmFjZSUyMHBob3RvfGVufDB8fHx8MTc3ODA2ODg3MXww&ixlib=rb-4.1.0&q=80&w=1080,REAL,Unknown,26-35,True
3808,https://api.dicebear.com/7.x/personas/jpg?seed=user750&size=300,FAKE,Unknown,18-25,True
3648,https://api.dicebear.com/7.x/personas/jpg?seed=user590&size=300,FAKE,Unknown,26-35,True
3609,https://api.dicebear.com/7.x/personas/jpg?seed=user551&size=300,FAKE,Unknown,50+,True
2494,https://images.unsplash.com/photo-1533387912059-6044599bc4c5?crop=entropy&cs=tinysrgb&fit=max&fm=jpg&ixid=M3w5NDQwMTV8MHwxfHNlYXJjaHwyNzR8fGFkdWx0JTIwZmFjZSUyMHBob3RvfGVufDB8fHx8MTc3ODA2ODg1MXww&ixlib=rb-4.1.0&q=80&w=1080,REAL,Female,36-50,True
59,https://images.unsplash.com/photo-1685564179811-acb4ede4f228?crop=entropy&cs=tinysrgb&fit=max&fm=jpg&ixid=M3w5NDQwMTV8MHwxfHNlYXJjaHw1OXx8aHVtYW4lMjBmYWNlJTIwcG9ydHJhaXR8ZW58MHx8fHwxNzc4MDY0NzA2fDA&ixlib=rb-4.1.0&q=80&w=1080,REAL,Unknown,26-35,True
1797,https://images.unsplash.com/photo-1585835582181-6b1accea23e0?crop=entropy&cs=tinysrgb&fit=max&fm=jpg&ixid=M3w5NDQwMTV8MHwxfHNlYXJjaHwxNDd8fHBlcnNvbiUyMGZhY2UlMjBwaG90b3xlbnwwfHx8fDE3NzgwNjUyODZ8MA&ixlib=rb-4.1.0&q=80&w=1080,REAL,Unknown,26-35,True
650,https://images.unsplash.com/photo-1617860341099-29cbce4ecdf3?crop=entropy&cs=tinysrgb&fit=max&fm=jpg&ixid=M3w5NDQwMTV8MHwxfHNlYXJjaHwxMTB8fG1hbiUyMGZhY2UlMjBjbG9zZXVwfGVufDB8fHx8MTc3ODA2NTA4NHww&ixlib=rb-4.1.0&q=80&w=1080,REAL,Unknown,26-35,True
470,https://images.unsplash.com/photo-1623853434105-8e7a72898180?crop=entropy&cs=tinysrgb&fit=max&fm=jpg&ixid=M3w5NDQwMTV8MHwxfHNlYXJjaHw1MDB8fGh1bWFuJTIwZmFjZSUyMHBvcnRyYWl0fGVufDB8fHx8MTc3ODA2NTAzN3ww&ixlib=rb-4.1.0&q=80&w=1080,REAL,Unknown,18-25,True
1358,https://images.unsplash.com/photo-1647618403867-0899631484c6?crop=entropy&cs=tinysrgb&fit=max&fm=jpg&ixid=M3w5NDQwMTV8MHwxfHNlYXJjaHwyNzh8fHdvbWFuJTIwZmFjZSUyMHBvcnRyYWl0fGVufDB8fHx8MTc3ODA2NTI1OXww&ixlib=rb-4.1.0&q=80&w=1080,REAL,Unknown,18-25,True
5104,https://api.dicebear.com/7.x/personas/jpg?seed=user2046&size=300,FAKE,Unknown,36-50,True
110,https://images.unsplash.com/photo-1662838497180-d03e1f61e954?crop=entropy&cs=tinysrgb&fit=max&fm=jpg&ixid=M3w5NDQwMTV8MHwxfHNlYXJjaHwxMTB8fGh1bWFuJTIwZmFjZSUyMHBvcnRyYWl0fGVufDB8fHx8MTc3ODA2NDcyMXww&ixlib=rb-4.1.0&q=80&w=1080,REAL,Male,50+,True
3817,https://api.dicebear.com/7.x/personas/jpg?seed=user759&size=300,FAKE,Unknown,26-35,True
3233,https://api.dicebear.com/7.x/personas/jpg?seed=user175&size=300,FAKE,Unknown,18-25,True
273,https://images.unsplash.com/photo-1698681199606-3af85c3e1f26?crop=entropy&cs=tinysrgb&fit=max&fm=jpg&ixid=M3w5NDQwMTV8MHwxfHNlYXJjaHwzMDN8fGh1bWFuJTIwZmFjZSUyMHBvcnRyYWl0fGVufDB8fHx8MTc3ODA2NDk4N3ww&ixlib=rb-4.1.0&q=80&w=1080,REAL,Male,18-25,True
4719,https://api.dicebear.com/7.x/personas/jpg?seed=user1661&size=300,FAKE,Unknown,36-50,True
1204,https://images.unsplash.com/photo-1619678879686-e37e1b251e54?crop=entropy&cs=tinysrgb&fit=max&fm=jpg&ixid=M3w5NDQwMTV8MHwxfHNlYXJjaHwxMjR8fHdvbWFuJTIwZmFjZSUyMHBvcnRyYWl0fGVufDB8fHx8MTc3ODA2NTI0OHww&ixlib=rb-4.1.0&q=80&w=1080,REAL,Unknown,18-25,True
3455,https://api.dicebear.com/7.x/personas/jpg?seed=user397&size=300,FAKE,Unknown,36-50,True
1833,https://images.unsplash.com/photo-1605972508994-a29759038123?crop=entropy&cs=tinysrgb&fit=max&fm=jpg&ixid=M3w5NDQwMTV8MHwxfHNlYXJjaHwxODN8fHBlcnNvbiUyMGZhY2UlMjBwaG90b3xlbnwwfHx8fDE3NzgwNjUyOTB8MA&ixlib=rb-4.1.0&q=80&w=1080,REAL,Female,36-50,True
390,https://images.unsplash.com/photo-1555442377-b4e6db530485?crop=entropy&cs=tinysrgb&fit=max&fm=jpg&ixid=M3w5NDQwMTV8MHwxfHNlYXJjaHw0MjB8fGh1bWFuJTIwZmFjZSUyMHBvcnRyYWl0fGVufDB8fHx8MTc3ODA2NTAwMXww&ixlib=rb-4.1.0&q=80&w=1080,REAL,Unknown,36-50,True
2861,https://randomuser.me/api/portraits/men/71.jpg,FAKE,Male,26-35,True
1410,https://images.unsplash.com/photo-1662552974926-5184b55c24d9?crop=entropy&cs=tinysrgb&fit=max&fm=jpg&ixid=M3w5NDQwMTV8MHwxfHNlYXJjaHwzMzB8fHdvbWFuJTIwZmFjZSUyMHBvcnRyYWl0fGVufDB8fHx8MTc3ODA2NTI2MXww&ixlib=rb-4.1.0&q=80&w=1080,REAL,Male,26-35,True
1563,https://images.unsplash.com/photo-1631377894840-af533852bf25?crop=entropy&cs=tinysrgb&fit=max&fm=jpg&ixid=M3w5NDQwMTV8MHwxfHNlYXJjaHw0ODN8fHdvbWFuJTIwZmFjZSUyMHBvcnRyYWl0fGVufDB8fHx8MTc3ODA2NTI3M3ww&ixlib=rb-4.1.0&q=80&w=1080,REAL,Unknown,36-50,True
3043,https://i.pravatar.cc/300?img=55,FAKE,Unknown,26-35,True
12,https://images.unsplash.com/photo-1724225618062-b1f26758f9f5?crop=entropy&cs=tinysrgb&fit=max&fm=jpg&ixid=M3w5NDQwMTV8MHwxfHNlYXJjaHwxMnx8aHVtYW4lMjBmYWNlJTIwcG9ydHJhaXR8ZW58MHx8fHwxNzc4MDY0Njg3fDA&ixlib=rb-4.1.0&q=80&w=1080,REAL,Unknown,26-35,True
4194,https://api.dicebear.com/7.x/personas/jpg?seed=user1136&size=300,FAKE,Unknown,50+,True
99,https://images.unsplash.com/photo-1590702841774-45166f031529?crop=entropy&cs=tinysrgb&fit=max&fm=jpg&ixid=M3w5NDQwMTV8MHwxfHNlYXJjaHw5OXx8aHVtYW4lMjBmYWNlJTIwcG9ydHJhaXR8ZW58MHx8fHwxNzc4MDY0NzIxfDA&ixlib=rb-4.1.0&q=80&w=1080,REAL,Female,18-25,True
2689,https://images.unsplash.com/photo-1512503868941-bd9fa9c6b569?crop=entropy&cs=tinysrgb&fit=max&fm=jpg&ixid=M3w5NDQwMTV8MHwxfHNlYXJjaHw0Njl8fGFkdWx0JTIwZmFjZSUyMHBob3RvfGVufDB8fHx8MTc3ODA2ODg2OHww&ixlib=rb-4.1.0&q=80&w=1080,REAL,Male,26-35,True
3966,https://api.dicebear.com/7.x/personas/jpg?seed=user908&size=300,FAKE,Unknown,50+,True
2255,https://images.unsplash.com/photo-1754671246394-9e8ce0175f3d?crop=entropy&cs=tinysrgb&fit=max&fm=jpg&ixid=M3w5NDQwMTV8MHwxfHNlYXJjaHwzNXx8YWR1bHQlMjBmYWNlJTIwcGhvdG98ZW58MHx8fHwxNzc4MDY4ODMzfDA&ixlib=rb-4.1.0&q=80&w=1080,REAL,Female,50+,True
2656,https://images.unsplash.com/photo-1676663111342-ca23e4efb425?crop=entropy&cs=tinysrgb&fit=max&fm=jpg&ixid=M3w5NDQwMTV8MHwxfHNlYXJjaHw0MzZ8fGFkdWx0JTIwZmFjZSUyMHBob3RvfGVufDB8fHx8MTc3ODA2ODg2NHww&ixlib=rb-4.1.0&q=80&w=1080,REAL,Unknown,26-35,True
3663,https://api.dicebear.com/7.x/personas/jpg?seed=user605&size=300,FAKE,Unknown,50+,True
2681,https://images.unsplash.com/photo-1647058517574-27dddbe12afc?crop=entropy&cs=tinysrgb&fit=max&fm=jpg&ixid=M3w5NDQwMTV8MHwxfHNlYXJjaHw0NjF8fGFkdWx0JTIwZmFjZSUyMHBob3RvfGVufDB8fHx8MTc3ODA2ODg2OHww&ixlib=rb-4.1.0&q=80&w=1080,REAL,Male,18-25,True
4182,https://api.dicebear.com/7.x/personas/jpg?seed=user1124&size=300,FAKE,Unknown,36-50,True
334,https://images.unsplash.com/photo-1585584004599-1927cb291903?crop=entropy&cs=tinysrgb&fit=max&fm=jpg&ixid=M3w5NDQwMTV8MHwxfHNlYXJjaHwzNjR8fGh1bWFuJTIwZmFjZSUyMHBvcnRyYWl0fGVufDB8fHx8MTc3ODA2NDk5N3ww&ixlib=rb-4.1.0&q=80&w=1080,REAL,Female,36-50,True
4659,https://api.dicebear.com/7.x/personas/jpg?seed=user1601&size=300,FAKE,Unknown,18-25,True
3936,https://api.dicebear.com/7.x/personas/jpg?seed=user878&size=300,FAKE,Unknown,18-25,True
858,https://images.unsplash.com/photo-1739567995024-f63b6ad2b7d7?crop=entropy&cs=tinysrgb&fit=max&fm=jpg&ixid=M3w5NDQwMTV8MHwxfHNlYXJjaHwzNDh8fG1hbiUyMGZhY2UlMjBjbG9zZXVwfGVufDB8fHx8MTc3ODA2NTIyM3ww&ixlib=rb-4.1.0&q=80&w=1080,REAL,Female,18-25,True
951,https://images.unsplash.com/photo-1657427462662-03968d4f3a4a?crop=entropy&cs=tinysrgb&fit=max&fm=jpg&ixid=M3w5NDQwMTV8MHwxfHNlYXJjaHw0NDF8fG1hbiUyMGZhY2UlMjBjbG9zZXVwfGVufDB8fHx8MTc3ODA2NTIyOHww&ixlib=rb-4.1.0&q=80&w=1080,REAL,Female,26-35,True
4917,https://api.dicebear.com/7.x/personas/jpg?seed=user1859&size=300,FAKE,Unknown,50+,True
4658,https://api.dicebear.com/7.x/personas/jpg?seed=user1600&size=300,FAKE,Unknown,26-35,True
1014,https://images.unsplash.com/photo-1625486062401-5cb67f70b56d?crop=entropy&cs=tinysrgb&fit=max&fm=jpg&ixid=M3w5NDQwMTV8MHwxfHNlYXJjaHw1MDR8fG1hbiUyMGZhY2UlMjBjbG9zZXVwfGVufDB8fHx8MTc3ODA2NTIzMnww&ixlib=rb-4.1.0&q=80&w=1080,REAL,Unknown,18-25,True
5204,https://api.dicebear.com/7.x/personas/jpg?seed=user2146&size=300,FAKE,Unknown,36-50,True
2966,https://randomuser.me/api/portraits/women/77.jpg,FAKE,Female,50+,True
2776,https://images.unsplash.com/photo-1563686937955-59ba9c1e718d?crop=entropy&cs=tinysrgb&fit=max&fm=jpg&ixid=M3w5NDQwMTV8MHwxfHNlYXJjaHw1NTZ8fGFkdWx0JTIwZmFjZSUyMHBob3RvfGVufDB8fHx8MTc3ODA2ODg3Nnww&ixlib=rb-4.1.0&q=80&w=1080,REAL,Unknown,50+,True
3213,https://api.dicebear.com/7.x/personas/jpg?seed=user155&size=300,FAKE,Unknown,18-25,True
4906,https://api.dicebear.com/7.x/personas/jpg?seed=user1848&size=300,FAKE,Unknown,26-35,True
4901,https://api.dicebear.com/7.x/personas/jpg?seed=user1843&size=300,FAKE,Unknown,36-50,True
369,https://images.unsplash.com/photo-1590244443259-0961bbb42e91?crop=entropy&cs=tinysrgb&fit=max&fm=jpg&ixid=M3w5NDQwMTV8MHwxfHNlYXJjaHwzOTl8fGh1bWFuJTIwZmFjZSUyMHBvcnRyYWl0fGVufDB8fHx8MTc3ODA2NTAwMXww&ixlib=rb-4.1.0&q=80&w=1080,REAL,Male,50+,True
4379,https://api.dicebear.com/7.x/personas/jpg?seed=user1321&size=300,FAKE,Unknown,36-50,True
5178,https://api.dicebear.com/7.x/personas/jpg?seed=user2120&size=300,FAKE,Unknown,18-25,True
5381,https://api.dicebear.com/7.x/personas/jpg?seed=user2323&size=300,FAKE,Unknown,36-50,True
3390,https://api.dicebear.com/7.x/personas/jpg?seed=user332&size=300,FAKE,Unknown,50+,True
744,https://images.unsplash.com/photo-1627338852279-b81867ac4b72?crop=entropy&cs=tinysrgb&fit=max&fm=jpg&ixid=M3w5NDQwMTV8MHwxfHNlYXJjaHwyMzR8fG1hbiUyMGZhY2UlMjBjbG9zZXVwfGVufDB8fHx8MTc3ODA2NTIxMXww&ixlib=rb-4.1.0&q=80&w=1080,REAL,Male,18-25,True
1915,https://images.unsplash.com/photo-1583437953730-f6db7685c585?crop=entropy&cs=tinysrgb&fit=max&fm=jpg&ixid=M3w5NDQwMTV8MHwxfHNlYXJjaHwyNjV8fHBlcnNvbiUyMGZhY2UlMjBwaG90b3xlbnwwfHx8fDE3NzgwNjUyOTV8MA&ixlib=rb-4.1.0&q=80&w=1080,REAL,Female,26-35,True
2763,https://images.unsplash.com/photo-1601824130389-2ce39c517842?crop=entropy&cs=tinysrgb&fit=max&fm=jpg&ixid=M3w5NDQwMTV8MHwxfHNlYXJjaHw1NDN8fGFkdWx0JTIwZmFjZSUyMHBob3RvfGVufDB8fHx8MTc3ODA2ODg3Nnww&ixlib=rb-4.1.0&q=80&w=1080,REAL,Male,50+,True
3038,https://i.pravatar.cc/300?img=50,FAKE,Unknown,36-50,True
4782,https://api.dicebear.com/7.x/personas/jpg?seed=user1724&size=300,FAKE,Unknown,18-25,True
557,https://images.unsplash.com/photo-1572702907968-e4399eb6016b?crop=entropy&cs=tinysrgb&fit=max&fm=jpg&ixid=M3w5NDQwMTV8MHwxfHNlYXJjaHwxN3x8bWFuJTIwZmFjZSUyMGNsb3NldXB8ZW58MHx8fHwxNzc4MDY1MDYzfDA&ixlib=rb-4.1.0&q=80&w=1080,REAL,Unknown,26-35,True
3779,https://api.dicebear.com/7.x/personas/jpg?seed=user721&size=300,FAKE,Unknown,26-35,True
3961,https://api.dicebear.com/7.x/personas/jpg?seed=user903&size=300,FAKE,Unknown,50+,True
4353,https://api.dicebear.com/7.x/personas/jpg?seed=user1295&size=300,FAKE,Unknown,18-25,True
702,https://images.unsplash.com/photo-1762344348799-537e616ba202?crop=entropy&cs=tinysrgb&fit=max&fm=jpg&ixid=M3w5NDQwMTV8MHwxfHNlYXJjaHwxOTJ8fG1hbiUyMGZhY2UlMjBjbG9zZXVwfGVufDB8fHx8MTc3ODA2NTIwOXww&ixlib=rb-4.1.0&q=80&w=1080,REAL,Male,26-35,True
2353,https://images.unsplash.com/photo-1703420294575-801fe57ce544?crop=entropy&cs=tinysrgb&fit=max&fm=jpg&ixid=M3w5NDQwMTV8MHwxfHNlYXJjaHwxMzN8fGFkdWx0JTIwZmFjZSUyMHBob3RvfGVufDB8fHx8MTc3ODA2ODg0MHww&ixlib=rb-4.1.0&q=80&w=1080,REAL,Male,36-50,True
3517,https://api.dicebear.com/7.x/personas/jpg?seed=user459&size=300,FAKE,Unknown,50+,True
2558,https://images.unsplash.com/photo-1545450659-1050c4cdd765?crop=entropy&cs=tinysrgb&fit=max&fm=jpg&ixid=M3w5NDQwMTV8MHwxfHNlYXJjaHwzMzh8fGFkdWx0JTIwZmFjZSUyMHBob3RvfGVufDB8fHx8MTc3ODA2ODg1NXww&ixlib=rb-4.1.0&q=80&w=1080,REAL,Unknown,26-35,True
747,https://images.unsplash.com/photo-1775219589116-f94b0ef68888?crop=entropy&cs=tinysrgb&fit=max&fm=jpg&ixid=M3w5NDQwMTV8MHwxfHNlYXJjaHwyMzd8fG1hbiUyMGZhY2UlMjBjbG9zZXVwfGVufDB8fHx8MTc3ODA2NTIxMXww&ixlib=rb-4.1.0&q=80&w=1080,REAL,Unknown,26-35,True
323,https://images.unsplash.com/photo-1588028223998-d0332f67341d?crop=entropy&cs=tinysrgb&fit=max&fm=jpg&ixid=M3w5NDQwMTV8MHwxfHNlYXJjaHwzNTN8fGh1bWFuJTIwZmFjZSUyMHBvcnRyYWl0fGVufDB8fHx8MTc3ODA2NDk5MHww&ixlib=rb-4.1.0&q=80&w=1080,REAL,Unknown,50+,True
4309,https://api.dicebear.com/7.x/personas/jpg?seed=user1251&size=300,FAKE,Unknown,36-50,True
1984,https://images.unsplash.com/photo-1661911148708-8f38b98f191b?crop=entropy&cs=tinysrgb&fit=max&fm=jpg&ixid=M3w5NDQwMTV8MHwxfHNlYXJjaHwzMzR8fHBlcnNvbiUyMGZhY2UlMjBwaG90b3xlbnwwfHx8fDE3NzgwNjUzMDF8MA&ixlib=rb-4.1.0&q=80&w=1080,REAL,Male,36-50,True
3535,https://api.dicebear.com/7.x/personas/jpg?seed=user477&size=300,FAKE,Unknown,50+,True
3254,https://api.dicebear.com/7.x/personas/jpg?seed=user196&size=300,FAKE,Unknown,50+,True
367,https://images.unsplash.com/photo-1586425256112-540157de33f8?crop=entropy&cs=tinysrgb&fit=max&fm=jpg&ixid=M3w5NDQwMTV8MHwxfHNlYXJjaHwzOTd8fGh1bWFuJTIwZmFjZSUyMHBvcnRyYWl0fGVufDB8fHx8MTc3ODA2NTAwMXww&ixlib=rb-4.1.0&q=80&w=1080,REAL,Unknown,18-25,True
3664,https://api.dicebear.com/7.x/personas/jpg?seed=user606&size=300,FAKE,Unknown,26-35,True
5451,https://api.dicebear.com/7.x/personas/jpg?seed=user2393&size=300,FAKE,Unknown,26-35,True
2853,https://randomuser.me/api/portraits/men/63.jpg,FAKE,Male,36-50,True
4405,https://api.dicebear.com/7.x/personas/jpg?seed=user1347&size=300,FAKE,Unknown,26-35,True
5189,https://api.dicebear.com/7.x/personas/jpg?seed=user2131&size=300,FAKE,Unknown,50+,True
5543,https://api.dicebear.com/7.x/personas/jpg?seed=user2485&size=300,FAKE,Unknown,26-35,True
3673,https://api.dicebear.com/7.x/personas/jpg?seed=user615&size=300,FAKE,Unknown,26-35,True
1392,https://images.unsplash.com/photo-1664165263990-35a91b0f2ee1?crop=entropy&cs=tinysrgb&fit=max&fm=jpg&ixid=M3w5NDQwMTV8MHwxfHNlYXJjaHwzMTJ8fHdvbWFuJTIwZmFjZSUyMHBvcnRyYWl0fGVufDB8fHx8MTc3ODA2NTI2MXww&ixlib=rb-4.1.0&q=80&w=1080,REAL,Unknown,36-50,True
3466,https://api.dicebear.com/7.x/personas/jpg?seed=user408&size=300,FAKE,Unknown,36-50,True
3775,https://api.dicebear.com/7.x/personas/jpg?seed=user717&size=300,FAKE,Unknown,36-50,True
4624,https://api.dicebear.com/7.x/personas/jpg?seed=user1566&size=300,FAKE,Unknown,50+,True
2413,https://images.unsplash.com/photo-1727341555506-32c71857f7d2?crop=entropy&cs=tinysrgb&fit=max&fm=jpg&ixid=M3w5NDQwMTV8MHwxfHNlYXJjaHwxOTN8fGFkdWx0JTIwZmFjZSUyMHBob3RvfGVufDB8fHx8MTc3ODA2ODg0NHww&ixlib=rb-4.1.0&q=80&w=1080,REAL,Male,18-25,True
3225,https://api.dicebear.com/7.x/personas/jpg?seed=user167&size=300,FAKE,Unknown,36-50,True
521,https://images.unsplash.com/photo-1641252525354-4026216c3916?crop=entropy&cs=tinysrgb&fit=max&fm=jpg&ixid=M3w5NDQwMTV8MHwxfHNlYXJjaHw1NTF8fGh1bWFuJTIwZmFjZSUyMHBvcnRyYWl0fGVufDB8fHx8MTc3ODA2NTA1NXww&ixlib=rb-4.1.0&q=80&w=1080,REAL,Female,18-25,True
2478,https://images.unsplash.com/photo-1740801505683-9391efb89106?crop=entropy&cs=tinysrgb&fit=max&fm=jpg&ixid=M3w5NDQwMTV8MHwxfHNlYXJjaHwyNTh8fGFkdWx0JTIwZmFjZSUyMHBob3RvfGVufDB8fHx8MTc3ODA2ODg0OXww&ixlib=rb-4.1.0&q=80&w=1080,REAL,Unknown,50+,True
3737,https://api.dicebear.com/7.x/personas/jpg?seed=user679&size=300,FAKE,Unknown,36-50,True
28,https://images.unsplash.com/photo-1652549751873-169b963ee4a2?crop=entropy&cs=tinysrgb&fit=max&fm=jpg&ixid=M3w5NDQwMTV8MHwxfHNlYXJjaHwyOHx8aHVtYW4lMjBmYWNlJTIwcG9ydHJhaXR8ZW58MHx8fHwxNzc4MDY0Njg3fDA&ixlib=rb-4.1.0&q=80&w=1080,REAL,Male,26-35,True
1364,https://images.unsplash.com/photo-1611810797746-b3c29b994271?crop=entropy&cs=tinysrgb&fit=max&fm=jpg&ixid=M3w5NDQwMTV8MHwxfHNlYXJjaHwyODR8fHdvbWFuJTIwZmFjZSUyMHBvcnRyYWl0fGVufDB8fHx8MTc3ODA2NTI1OXww&ixlib=rb-4.1.0&q=80&w=1080,REAL,Female,18-25,True
2125,https://images.unsplash.com/photo-1633208320095-cfa052f7d4ed?crop=entropy&cs=tinysrgb&fit=max&fm=jpg&ixid=M3w5NDQwMTV8MHwxfHNlYXJjaHw0NzV8fHBlcnNvbiUyMGZhY2UlMjBwaG90b3xlbnwwfHx8fDE3NzgwNjUzMTB8MA&ixlib=rb-4.1.0&q=80&w=1080,REAL,Female,18-25,True
3947,https://api.dicebear.com/7.x/personas/jpg?seed=user889&size=300,FAKE,Unknown,18-25,True
3402,https://api.dicebear.com/7.x/personas/jpg?seed=user344&size=300,FAKE,Unknown,26-35,True
2530,https://images.unsplash.com/photo-1596140001136-1b661070fa4d?crop=entropy&cs=tinysrgb&fit=max&fm=jpg&ixid=M3w5NDQwMTV8MHwxfHNlYXJjaHwzMTB8fGFkdWx0JTIwZmFjZSUyMHBob3RvfGVufDB8fHx8MTc3ODA2ODg1M3ww&ixlib=rb-4.1.0&q=80&w=1080,REAL,Female,50+,True
3924,https://api.dicebear.com/7.x/personas/jpg?seed=user866&size=300,FAKE,Unknown,50+,True
4761,https://api.dicebear.com/7.x/personas/jpg?seed=user1703&size=300,FAKE,Unknown,26-35,True
2030,https://images.unsplash.com/photo-1611198824090-f6fcdbd5b54f?crop=entropy&cs=tinysrgb&fit=max&fm=jpg&ixid=M3w5NDQwMTV8MHwxfHNlYXJjaHwzODB8fHBlcnNvbiUyMGZhY2UlMjBwaG90b3xlbnwwfHx8fDE3NzgwNjUzMDN8MA&ixlib=rb-4.1.0&q=80&w=1080,REAL,Female,36-50,True
754,https://images.unsplash.com/photo-1617925357862-706bccbcf0bd?crop=entropy&cs=tinysrgb&fit=max&fm=jpg&ixid=M3w5NDQwMTV8MHwxfHNlYXJjaHwyNDR8fG1hbiUyMGZhY2UlMjBjbG9zZXVwfGVufDB8fHx8MTc3ODA2NTIxM3ww&ixlib=rb-4.1.0&q=80&w=1080,REAL,Male,50+,True
2334,https://images.unsplash.com/photo-1726741697211-585ded8287fa?crop=entropy&cs=tinysrgb&fit=max&fm=jpg&ixid=M3w5NDQwMTV8MHwxfHNlYXJjaHwxMTR8fGFkdWx0JTIwZmFjZSUyMHBob3RvfGVufDB8fHx8MTc3ODA2ODgzOHww&ixlib=rb-4.1.0&q=80&w=1080,REAL,Female,50+,True
3386,https://api.dicebear.com/7.x/personas/jpg?seed=user328&size=300,FAKE,Unknown,36-50,True
4362,https://api.dicebear.com/7.x/personas/jpg?seed=user1304&size=300,FAKE,Unknown,26-35,True
1352,https://images.unsplash.com/photo-1646795202164-128b9f0cb107?crop=entropy&cs=tinysrgb&fit=max&fm=jpg&ixid=M3w5NDQwMTV8MHwxfHNlYXJjaHwyNzJ8fHdvbWFuJTIwZmFjZSUyMHBvcnRyYWl0fGVufDB8fHx8MTc3ODA2NTI1OXww&ixlib=rb-4.1.0&q=80&w=1080,REAL,Unknown,36-50,True
5303,https://api.dicebear.com/7.x/personas/jpg?seed=user2245&size=300,FAKE,Unknown,18-25,True
3636,https://api.dicebear.com/7.x/personas/jpg?seed=user578&size=300,FAKE,Unknown,26-35,True
1098,https://images.unsplash.com/photo-1633355415101-5e8fe59a85ee?crop=entropy&cs=tinysrgb&fit=max&fm=jpg&ixid=M3w5NDQwMTV8MHwxfHNlYXJjaHwxOHx8d29tYW4lMjBmYWNlJTIwcG9ydHJhaXR8ZW58MHx8fHwxNzc4MDY1MjM5fDA&ixlib=rb-4.1.0&q=80&w=1080,REAL,Male,18-25,True
3865,https://api.dicebear.com/7.x/personas/jpg?seed=user807&size=300,FAKE,Unknown,36-50,True
1463,https://images.unsplash.com/photo-1606388279631-abe112ffcf69?crop=entropy&cs=tinysrgb&fit=max&fm=jpg&ixid=M3w5NDQwMTV8MHwxfHNlYXJjaHwzODN8fHdvbWFuJTIwZmFjZSUyMHBvcnRyYWl0fGVufDB8fHx8MTc3ODA2NTI2NXww&ixlib=rb-4.1.0&q=80&w=1080,REAL,Male,26-35,True
2215,https://images.unsplash.com/photo-1758600588038-fe270aac2d09?crop=entropy&cs=tinysrgb&fit=max&fm=jpg&ixid=M3w5NDQwMTV8MHwxfHNlYXJjaHw1NjV8fHlvdW5nJTIwcGVyc29uJTIwZmFjZXxlbnwwfHx8fDE3NzgwNjg4MzB8MA&ixlib=rb-4.1.0&q=80&w=1080,REAL,Female,50+,True
537,https://images.unsplash.com/photo-1696082599666-f8bcac01b4e0?crop=entropy&cs=tinysrgb&fit=max&fm=jpg&ixid=M3w5NDQwMTV8MHwxfHNlYXJjaHw1Njd8fGh1bWFuJTIwZmFjZSUyMHBvcnRyYWl0fGVufDB8fHx8MTc3ODA2NTA1NXww&ixlib=rb-4.1.0&q=80&w=1080,REAL,Unknown,50+,True
3788,https://api.dicebear.com/7.x/personas/jpg?seed=user730&size=300,FAKE,Unknown,26-35,True
3543,https://api.dicebear.com/7.x/personas/jpg?seed=user485&size=300,FAKE,Unknown,50+,True
894,https://images.unsplash.com/photo-1578254090783-31fa81462b73?crop=entropy&cs=tinysrgb&fit=max&fm=jpg&ixid=M3w5NDQwMTV8MHwxfHNlYXJjaHwzODR8fG1hbiUyMGZhY2UlMjBjbG9zZXVwfGVufDB8fHx8MTc3ODA2NTIyNHww&ixlib=rb-4.1.0&q=80&w=1080,REAL,Unknown,36-50,True
923,https://images.unsplash.com/photo-1684651411498-fa6677c75063?crop=entropy&cs=tinysrgb&fit=max&fm=jpg&ixid=M3w5NDQwMTV8MHwxfHNlYXJjaHw0MTN8fG1hbiUyMGZhY2UlMjBjbG9zZXVwfGVufDB8fHx8MTc3ODA2NTIyNnww&ixlib=rb-4.1.0&q=80&w=1080,REAL,Male,26-35,True
2998,https://i.pravatar.cc/300?img=10,FAKE,Unknown,18-25,True
4164,https://api.dicebear.com/7.x/personas/jpg?seed=user1106&size=300,FAKE,Unknown,18-25,True
3031,https://i.pravatar.cc/300?img=43,FAKE,Unknown,26-35,True
255,https://images.unsplash.com/photo-1586447804843-672a67e1de3b?crop=entropy&cs=tinysrgb&fit=max&fm=jpg&ixid=M3w5NDQwMTV8MHwxfHNlYXJjaHwyODV8fGh1bWFuJTIwZmFjZSUyMHBvcnRyYWl0fGVufDB8fHx8MTc3ODA2NDkwMnww&ixlib=rb-4.1.0&q=80&w=1080,REAL,Male,50+,True
4402,https://api.dicebear.com/7.x/personas/jpg?seed=user1344&size=300,FAKE,Unknown,50+,True
1567,https://images.unsplash.com/photo-1646321568846-31e97ad5b433?crop=entropy&cs=tinysrgb&fit=max&fm=jpg&ixid=M3w5NDQwMTV8MHwxfHNlYXJjaHw0ODd8fHdvbWFuJTIwZmFjZSUyMHBvcnRyYWl0fGVufDB8fHx8MTc3ODA2NTI3M3ww&ixlib=rb-4.1.0&q=80&w=1080,REAL,Unknown,50+,True
4815,https://api.dicebear.com/7.x/personas/jpg?seed=user1757&size=300,FAKE,Unknown,50+,True
713,https://images.unsplash.com/photo-1770210982109-04330651c310?crop=entropy&cs=tinysrgb&fit=max&fm=jpg&ixid=M3w5NDQwMTV8MHwxfHNlYXJjaHwyMDN8fG1hbiUyMGZhY2UlMjBjbG9zZXVwfGVufDB8fHx8MTc3ODA2NTIwOXww&ixlib=rb-4.1.0&q=80&w=1080,REAL,Female,36-50,True
2593,https://images.unsplash.com/photo-1727386245205-2112b722af99?crop=entropy&cs=tinysrgb&fit=max&fm=jpg&ixid=M3w5NDQwMTV8MHwxfHNlYXJjaHwzNzN8fGFkdWx0JTIwZmFjZSUyMHBob3RvfGVufDB8fHx8MTc3ODA2ODg1OHww&ixlib=rb-4.1.0&q=80&w=1080,REAL,Male,50+,True
999,https://images.unsplash.com/photo-1747303866103-b885f7b00397?crop=entropy&cs=tinysrgb&fit=max&fm=jpg&ixid=M3w5NDQwMTV8MHwxfHNlYXJjaHw0ODl8fG1hbiUyMGZhY2UlMjBjbG9zZXVwfGVufDB8fHx8MTc3ODA2NTIzMnww&ixlib=rb-4.1.0&q=80&w=1080,REAL,Female,36-50,True
1142,https://images.unsplash.com/photo-1618756897390-bd1c2eae9a51?crop=entropy&cs=tinysrgb&fit=max&fm=jpg&ixid=M3w5NDQwMTV8MHwxfHNlYXJjaHw2Mnx8d29tYW4lMjBmYWNlJTIwcG9ydHJhaXR8ZW58MHx8fHwxNzc4MDY1MjQ0fDA&ixlib=rb-4.1.0&q=80&w=1080,REAL,Female,36-50,True
4885,https://api.dicebear.com/7.x/personas/jpg?seed=user1827&size=300,FAKE,Unknown,26-35,True
2110,https://images.unsplash.com/photo-1726741695561-41c6722e6f88?crop=entropy&cs=tinysrgb&fit=max&fm=jpg&ixid=M3w5NDQwMTV8MHwxfHNlYXJjaHw0NjB8fHBlcnNvbiUyMGZhY2UlMjBwaG90b3xlbnwwfHx8fDE3NzgwNjUzMTB8MA&ixlib=rb-4.1.0&q=80&w=1080,REAL,Female,26-35,True
4769,https://api.dicebear.com/7.x/personas/jpg?seed=user1711&size=300,FAKE,Unknown,18-25,True
967,https://images.unsplash.com/photo-1739619285912-d34c8c707208?crop=entropy&cs=tinysrgb&fit=max&fm=jpg&ixid=M3w5NDQwMTV8MHwxfHNlYXJjaHw0NTd8fG1hbiUyMGZhY2UlMjBjbG9zZXVwfGVufDB8fHx8MTc3ODA2NTIzMHww&ixlib=rb-4.1.0&q=80&w=1080,REAL,Unknown,50+,True
1072,https://images.unsplash.com/photo-1645036915593-b4ed7e016b65?crop=entropy&cs=tinysrgb&fit=max&fm=jpg&ixid=M3w5NDQwMTV8MHwxfHNlYXJjaHw1NjJ8fG1hbiUyMGZhY2UlMjBjbG9zZXVwfGVufDB8fHx8MTc3ODA2NTIzNnww&ixlib=rb-4.1.0&q=80&w=1080,REAL,Female,18-25,True
4935,https://api.dicebear.com/7.x/personas/jpg?seed=user1877&size=300,FAKE,Unknown,18-25,True
2311,https://images.unsplash.com/photo-1749406196983-fba985c697cd?crop=entropy&cs=tinysrgb&fit=max&fm=jpg&ixid=M3w5NDQwMTV8MHwxfHNlYXJjaHw5MXx8YWR1bHQlMjBmYWNlJTIwcGhvdG98ZW58MHx8fHwxNzc4MDY4ODM4fDA&ixlib=rb-4.1.0&q=80&w=1080,REAL,Female,36-50,True
810,https://images.unsplash.com/photo-1585950689374-86d54b0efd6c?crop=entropy&cs=tinysrgb&fit=max&fm=jpg&ixid=M3w5NDQwMTV8MHwxfHNlYXJjaHwzMDB8fG1hbiUyMGZhY2UlMjBjbG9zZXVwfGVufDB8fHx8MTc3ODA2NTIxNnww&ixlib=rb-4.1.0&q=80&w=1080,REAL,Unknown,50+,True
1771,https://images.unsplash.com/photo-1741981961804-825227c06782?crop=entropy&cs=tinysrgb&fit=max&fm=jpg&ixid=M3w5NDQwMTV8MHwxfHNlYXJjaHwxMjF8fHBlcnNvbiUyMGZhY2UlMjBwaG90b3xlbnwwfHx8fDE3NzgwNjUyODZ8MA&ixlib=rb-4.1.0&q=80&w=1080,REAL,Unknown,36-50,True
3859,https://api.dicebear.com/7.x/personas/jpg?seed=user801&size=300,FAKE,Unknown,50+,True
4919,https://api.dicebear.com/7.x/personas/jpg?seed=user1861&size=300,FAKE,Unknown,18-25,True
578,https://images.unsplash.com/photo-1638957360822-ab455d8300d0?crop=entropy&cs=tinysrgb&fit=max&fm=jpg&ixid=M3w5NDQwMTV8MHwxfHNlYXJjaHwzOHx8bWFuJTIwZmFjZSUyMGNsb3NldXB8ZW58MHx8fHwxNzc4MDY1MDc4fDA&ixlib=rb-4.1.0&q=80&w=1080,REAL,Female,18-25,True
3274,https://api.dicebear.com/7.x/personas/jpg?seed=user216&size=300,FAKE,Unknown,26-35,True
2337,https://images.unsplash.com/photo-1726741696397-41927b5f8f13?crop=entropy&cs=tinysrgb&fit=max&fm=jpg&ixid=M3w5NDQwMTV8MHwxfHNlYXJjaHwxMTd8fGFkdWx0JTIwZmFjZSUyMHBob3RvfGVufDB8fHx8MTc3ODA2ODgzOHww&ixlib=rb-4.1.0&q=80&w=1080,REAL,Unknown,18-25,True
534,https://images.unsplash.com/photo-1732490451492-a05ed556deb8?crop=entropy&cs=tinysrgb&fit=max&fm=jpg&ixid=M3w5NDQwMTV8MHwxfHNlYXJjaHw1NjR8fGh1bWFuJTIwZmFjZSUyMHBvcnRyYWl0fGVufDB8fHx8MTc3ODA2NTA1NXww&ixlib=rb-4.1.0&q=80&w=1080,REAL,Male,18-25,True
1973,https://images.unsplash.com/photo-1648484859962-97fc288f3d53?crop=entropy&cs=tinysrgb&fit=max&fm=jpg&ixid=M3w5NDQwMTV8MHwxfHNlYXJjaHwzMjN8fHBlcnNvbiUyMGZhY2UlMjBwaG90b3xlbnwwfHx8fDE3NzgwNjUyOTl8MA&ixlib=rb-4.1.0&q=80&w=1080,REAL,Unknown,18-25,True
2798,https://randomuser.me/api/portraits/men/8.jpg,FAKE,Male,26-35,True
3211,https://api.dicebear.com/7.x/personas/jpg?seed=user153&size=300,FAKE,Unknown,50+,True
1533,https://images.unsplash.com/photo-1567425601800-c084c6cd374e?crop=entropy&cs=tinysrgb&fit=max&fm=jpg&ixid=M3w5NDQwMTV8MHwxfHNlYXJjaHw0NTN8fHdvbWFuJTIwZmFjZSUyMHBvcnRyYWl0fGVufDB8fHx8MTc3ODA2NTI3MXww&ixlib=rb-4.1.0&q=80&w=1080,REAL,Male,26-35,True
1817,https://images.unsplash.com/photo-1622022170039-5c3342a288ad?crop=entropy&cs=tinysrgb&fit=max&fm=jpg&ixid=M3w5NDQwMTV8MHwxfHNlYXJjaHwxNjd8fHBlcnNvbiUyMGZhY2UlMjBwaG90b3xlbnwwfHx8fDE3NzgwNjUyODh8MA&ixlib=rb-4.1.0&q=80&w=1080,REAL,Female,36-50,True
3912,https://api.dicebear.com/7.x/personas/jpg?seed=user854&size=300,FAKE,Unknown,26-35,True
518,https://images.unsplash.com/photo-1623677271918-cbb0745702c8?crop=entropy&cs=tinysrgb&fit=max&fm=jpg&ixid=M3w5NDQwMTV8MHwxfHNlYXJjaHw1NDh8fGh1bWFuJTIwZmFjZSUyMHBvcnRyYWl0fGVufDB8fHx8MTc3ODA2NTA1NXww&ixlib=rb-4.1.0&q=80&w=1080,REAL,Female,18-25,True
1737,https://images.unsplash.com/photo-1584622244945-ae5b042565aa?crop=entropy&cs=tinysrgb&fit=max&fm=jpg&ixid=M3w5NDQwMTV8MHwxfHNlYXJjaHw4N3x8cGVyc29uJTIwZmFjZSUyMHBob3RvfGVufDB8fHx8MTc3ODA2NTI4Mnww&ixlib=rb-4.1.0&q=80&w=1080,REAL,Unknown,36-50,True
438,https://images.unsplash.com/photo-1732195636236-c28e6852de3a?crop=entropy&cs=tinysrgb&fit=max&fm=jpg&ixid=M3w5NDQwMTV8MHwxfHNlYXJjaHw0Njh8fGh1bWFuJTIwZmFjZSUyMHBvcnRyYWl0fGVufDB8fHx8MTc3ODA2NTAzM3ww&ixlib=rb-4.1.0&q=80&w=1080,REAL,Female,18-25,True
69,https://images.unsplash.com/photo-1735063456221-91dcb101285b?crop=entropy&cs=tinysrgb&fit=max&fm=jpg&ixid=M3w5NDQwMTV8MHwxfHNlYXJjaHw2OXx8aHVtYW4lMjBmYWNlJTIwcG9ydHJhaXR8ZW58MHx8fHwxNzc4MDY0NzE3fDA&ixlib=rb-4.1.0&q=80&w=1080,REAL,Male,36-50,True
1927,https://images.unsplash.com/photo-1659303388083-d5f1d41d795b?crop=entropy&cs=tinysrgb&fit=max&fm=jpg&ixid=M3w5NDQwMTV8MHwxfHNlYXJjaHwyNzd8fHBlcnNvbiUyMGZhY2UlMjBwaG90b3xlbnwwfHx8fDE3NzgwNjUyOTd8MA&ixlib=rb-4.1.0&q=80&w=1080,REAL,Male,18-25,True
4899,https://api.dicebear.com/7.x/personas/jpg?seed=user1841&size=300,FAKE,Unknown,50+,True
294,https://images.unsplash.com/photo-1590860053579-2d11ce0adbd9?crop=entropy&cs=tinysrgb&fit=max&fm=jpg&ixid=M3w5NDQwMTV8MHwxfHNlYXJjaHwzMjR8fGh1bWFuJTIwZmFjZSUyMHBvcnRyYWl0fGVufDB8fHx8MTc3ODA2NDk4N3ww&ixlib=rb-4.1.0&q=80&w=1080,REAL,Unknown,36-50,True
4972,https://api.dicebear.com/7.x/personas/jpg?seed=user1914&size=300,FAKE,Unknown,26-35,True
159,https://images.unsplash.com/photo-1646795203148-e509e1f27c9d?crop=entropy&cs=tinysrgb&fit=max&fm=jpg&ixid=M3w5NDQwMTV8MHwxfHNlYXJjaHwxNTl8fGh1bWFuJTIwZmFjZSUyMHBvcnRyYWl0fGVufDB8fHx8MTc3ODA2NDc0OXww&ixlib=rb-4.1.0&q=80&w=1080,REAL,Unknown,26-35,True
1632,https://images.unsplash.com/photo-1615222873471-525d7f4f9b76?crop=entropy&cs=tinysrgb&fit=max&fm=jpg&ixid=M3w5NDQwMTV8MHwxfHNlYXJjaHw1NTJ8fHdvbWFuJTIwZmFjZSUyMHBvcnRyYWl0fGVufDB8fHx8MTc3ODA2NTI3Nnww&ixlib=rb-4.1.0&q=80&w=1080,REAL,Unknown,26-35,True
2702,https://images.unsplash.com/photo-1634974025667-566c144edbbe?crop=entropy&cs=tinysrgb&fit=max&fm=jpg&ixid=M3w5NDQwMTV8MHwxfHNlYXJjaHw0ODJ8fGFkdWx0JTIwZmFjZSUyMHBob3RvfGVufDB8fHx8MTc3ODA2ODg3MXww&ixlib=rb-4.1.0&q=80&w=1080,REAL,Male,36-50,True
5551,https://api.dicebear.com/7.x/personas/jpg?seed=user2493&size=300,FAKE,Unknown,18-25,True
3208,https://api.dicebear.com/7.x/personas/jpg?seed=user150&size=300,FAKE,Unknown,18-25,True
5125,https://api.dicebear.com/7.x/personas/jpg?seed=user2067&size=300,FAKE,Unknown,26-35,True
2217,https://images.unsplash.com/photo-1777694541714-946710a272ed?crop=entropy&cs=tinysrgb&fit=max&fm=jpg&ixid=M3w5NDQwMTV8MHwxfHNlYXJjaHw1Njd8fHlvdW5nJTIwcGVyc29uJTIwZmFjZXxlbnwwfHx8fDE3NzgwNjg4MzB8MA&ixlib=rb-4.1.0&q=80&w=1080,REAL,Female,26-35,True
2055,https://images.unsplash.com/photo-1632333526241-210e13726987?crop=entropy&cs=tinysrgb&fit=max&fm=jpg&ixid=M3w5NDQwMTV8MHwxfHNlYXJjaHw0MDV8fHBlcnNvbiUyMGZhY2UlMjBwaG90b3xlbnwwfHx8fDE3NzgwNjUzMDV8MA&ixlib=rb-4.1.0&q=80&w=1080,REAL,Male,50+,True
50,https://images.unsplash.com/photo-1717850654944-b6d2d5c3a910?crop=entropy&cs=tinysrgb&fit=max&fm=jpg&ixid=M3w5NDQwMTV8MHwxfHNlYXJjaHw1MHx8aHVtYW4lMjBmYWNlJTIwcG9ydHJhaXR8ZW58MHx8fHwxNzc4MDY0NzA2fDA&ixlib=rb-4.1.0&q=80&w=1080,REAL,Female,50+,True
5284,https://api.dicebear.com/7.x/personas/jpg?seed=user2226&size=300,FAKE,Unknown,36-50,True
2870,https://randomuser.me/api/portraits/men/80.jpg,FAKE,Male,26-35,True
3685,https://api.dicebear.com/7.x/personas/jpg?seed=user627&size=300,FAKE,Unknown,36-50,True
2493,https://images.unsplash.com/photo-1626362337699-9b020ec8e716?crop=entropy&cs=tinysrgb&fit=max&fm=jpg&ixid=M3w5NDQwMTV8MHwxfHNlYXJjaHwyNzN8fGFkdWx0JTIwZmFjZSUyMHBob3RvfGVufDB8fHx8MTc3ODA2ODg1MXww&ixlib=rb-4.1.0&q=80&w=1080,REAL,Unknown,50+,True
1506,https://images.unsplash.com/photo-1574842537689-5407308d37bb?crop=entropy&cs=tinysrgb&fit=max&fm=jpg&ixid=M3w5NDQwMTV8MHwxfHNlYXJjaHw0MjZ8fHdvbWFuJTIwZmFjZSUyMHBvcnRyYWl0fGVufDB8fHx8MTc3ODA2NTI2OXww&ixlib=rb-4.1.0&q=80&w=1080,REAL,Female,18-25,True
3684,https://api.dicebear.com/7.x/personas/jpg?seed=user626&size=300,FAKE,Unknown,26-35,True
2230,https://images.unsplash.com/photo-1710886317108-0a36c6b22818?crop=entropy&cs=tinysrgb&fit=max&fm=jpg&ixid=M3w5NDQwMTV8MHwxfHNlYXJjaHwxMHx8YWR1bHQlMjBmYWNlJTIwcGhvdG98ZW58MHx8fHwxNzc4MDY4ODMyfDA&ixlib=rb-4.1.0&q=80&w=1080,REAL,Unknown,36-50,True
3511,https://api.dicebear.com/7.x/personas/jpg?seed=user453&size=300,FAKE,Unknown,36-50,True
1061,https://images.unsplash.com/photo-1761401647431-0566e94c8b6e?crop=entropy&cs=tinysrgb&fit=max&fm=jpg&ixid=M3w5NDQwMTV8MHwxfHNlYXJjaHw1NTF8fG1hbiUyMGZhY2UlMjBjbG9zZXVwfGVufDB8fHx8MTc3ODA2NTIzNnww&ixlib=rb-4.1.0&q=80&w=1080,REAL,Female,26-35,True
683,https://images.unsplash.com/photo-1754648909591-1834fd577a4a?crop=entropy&cs=tinysrgb&fit=max&fm=jpg&ixid=M3w5NDQwMTV8MHwxfHNlYXJjaHwxNDN8fG1hbiUyMGZhY2UlMjBjbG9zZXVwfGVufDB8fHx8MTc3ODA2NTA4N3ww&ixlib=rb-4.1.0&q=80&w=1080,REAL,Male,18-25,True
3915,https://api.dicebear.com/7.x/personas/jpg?seed=user857&size=300,FAKE,Unknown,36-50,True
1617,https://images.unsplash.com/photo-1617457204897-91034442a08c?crop=entropy&cs=tinysrgb&fit=max&fm=jpg&ixid=M3w5NDQwMTV8MHwxfHNlYXJjaHw1Mzd8fHdvbWFuJTIwZmFjZSUyMHBvcnRyYWl0fGVufDB8fHx8MTc3ODA2NTI3NHww&ixlib=rb-4.1.0&q=80&w=1080,REAL,Male,50+,True
1624,https://images.unsplash.com/photo-1700317440755-75d1fddcd219?crop=entropy&cs=tinysrgb&fit=max&fm=jpg&ixid=M3w5NDQwMTV8MHwxfHNlYXJjaHw1NDR8fHdvbWFuJTIwZmFjZSUyMHBvcnRyYWl0fGVufDB8fHx8MTc3ODA2NTI3Nnww&ixlib=rb-4.1.0&q=80&w=1080,REAL,Male,36-50,True
3925,https://api.dicebear.com/7.x/personas/jpg?seed=user867&size=300,FAKE,Unknown,18-25,True
3195,https://api.dicebear.com/7.x/personas/jpg?seed=user137&size=300,FAKE,Unknown,18-25,True
1081,https://images.unsplash.com/photo-1705940372495-ab4ed45d3102?crop=entropy&cs=tinysrgb&fit=max&fm=jpg&ixid=M3w5NDQwMTV8MHwxfHNlYXJjaHwxfHx3b21hbiUyMGZhY2UlMjBwb3J0cmFpdHxlbnwwfHx8fDE3NzgwNjUyMzl8MA&ixlib=rb-4.1.0&q=80&w=1080,REAL,Male,26-35,True
4351,https://api.dicebear.com/7.x/personas/jpg?seed=user1293&size=300,FAKE,Unknown,18-25,True
1878,https://images.unsplash.com/photo-1738000033806-bef61bcd7465?crop=entropy&cs=tinysrgb&fit=max&fm=jpg&ixid=M3w5NDQwMTV8MHwxfHNlYXJjaHwyMjh8fHBlcnNvbiUyMGZhY2UlMjBwaG90b3xlbnwwfHx8fDE3NzgwNjUyOTJ8MA&ixlib=rb-4.1.0&q=80&w=1080,REAL,Male,26-35,True
3204,https://api.dicebear.com/7.x/personas/jpg?seed=user146&size=300,FAKE,Unknown,36-50,True
4728,https://api.dicebear.com/7.x/personas/jpg?seed=user1670&size=300,FAKE,Unknown,18-25,True
2467,https://images.unsplash.com/photo-1659373634409-5a6c1c116352?crop=entropy&cs=tinysrgb&fit=max&fm=jpg&ixid=M3w5NDQwMTV8MHwxfHNlYXJjaHwyNDd8fGFkdWx0JTIwZmFjZSUyMHBob3RvfGVufDB8fHx8MTc3ODA2ODg0OXww&ixlib=rb-4.1.0&q=80&w=1080,REAL,Male,18-25,True
1872,https://images.unsplash.com/photo-1629164169770-b0ae2327aa1f?crop=entropy&cs=tinysrgb&fit=max&fm=jpg&ixid=M3w5NDQwMTV8MHwxfHNlYXJjaHwyMjJ8fHBlcnNvbiUyMGZhY2UlMjBwaG90b3xlbnwwfHx8fDE3NzgwNjUyOTJ8MA&ixlib=rb-4.1.0&q=80&w=1080,REAL,Male,36-50,True
2519,https://images.unsplash.com/photo-1617746652974-0be48cd984d1?crop=entropy&cs=tinysrgb&fit=max&fm=jpg&ixid=M3w5NDQwMTV8MHwxfHNlYXJjaHwyOTl8fGFkdWx0JTIwZmFjZSUyMHBob3RvfGVufDB8fHx8MTc3ODA2ODg1MXww&ixlib=rb-4.1.0&q=80&w=1080,REAL,Male,26-35,True
4355,https://api.dicebear.com/7.x/personas/jpg?seed=user1297&size=300,FAKE,Unknown,26-35,True
4040,https://api.dicebear.com/7.x/personas/jpg?seed=user982&size=300,FAKE,Unknown,18-25,True
120,https://images.unsplash.com/photo-1601118448652-9d5dd675fa96?crop=entropy&cs=tinysrgb&fit=max&fm=jpg&ixid=M3w5NDQwMTV8MHwxfHNlYXJjaHwxMjB8fGh1bWFuJTIwZmFjZSUyMHBvcnRyYWl0fGVufDB8fHx8MTc3ODA2NDcyMXww&ixlib=rb-4.1.0&q=80&w=1080,REAL,Female,36-50,True
3594,https://api.dicebear.com/7.x/personas/jpg?seed=user536&size=300,FAKE,Unknown,36-50,True
4545,https://api.dicebear.com/7.x/personas/jpg?seed=user1487&size=300,FAKE,Unknown,26-35,True
3114,https://api.dicebear.com/7.x/personas/jpg?seed=user56&size=300,FAKE,Unknown,50+,True
5429,https://api.dicebear.com/7.x/personas/jpg?seed=user2371&size=300,FAKE,Unknown,36-50,True
2096,https://images.unsplash.com/photo-1704139135855-06cef49f5771?crop=entropy&cs=tinysrgb&fit=max&fm=jpg&ixid=M3w5NDQwMTV8MHwxfHNlYXJjaHw0NDZ8fHBlcnNvbiUyMGZhY2UlMjBwaG90b3xlbnwwfHx8fDE3NzgwNjUzMDh8MA&ixlib=rb-4.1.0&q=80&w=1080,REAL,Female,50+,True
2720,https://images.unsplash.com/photo-1624718080073-d9d48d4c709e?crop=entropy&cs=tinysrgb&fit=max&fm=jpg&ixid=M3w5NDQwMTV8MHwxfHNlYXJjaHw1MDB8fGFkdWx0JTIwZmFjZSUyMHBob3RvfGVufDB8fHx8MTc3ODA2ODg3MXww&ixlib=rb-4.1.0&q=80&w=1080,REAL,Unknown,26-35,True
4067,https://api.dicebear.com/7.x/personas/jpg?seed=user1009&size=300,FAKE,Unknown,26-35,True
4867,https://api.dicebear.com/7.x/personas/jpg?seed=user1809&size=300,FAKE,Unknown,26-35,True
1230,https://images.unsplash.com/photo-1557296387-5358ad7997bb?crop=entropy&cs=tinysrgb&fit=max&fm=jpg&ixid=M3w5NDQwMTV8MHwxfHNlYXJjaHwxNTB8fHdvbWFuJTIwZmFjZSUyMHBvcnRyYWl0fGVufDB8fHx8MTc3ODA2NTI0OHww&ixlib=rb-4.1.0&q=80&w=1080,REAL,Unknown,50+,True
1238,https://images.unsplash.com/photo-1634595705439-93ddc4909c9e?crop=entropy&cs=tinysrgb&fit=max&fm=jpg&ixid=M3w5NDQwMTV8MHwxfHNlYXJjaHwxNTh8fHdvbWFuJTIwZmFjZSUyMHBvcnRyYWl0fGVufDB8fHx8MTc3ODA2NTI1MXww&ixlib=rb-4.1.0&q=80&w=1080,REAL,Male,18-25,True
3561,https://api.dicebear.com/7.x/personas/jpg?seed=user503&size=300,FAKE,Unknown,50+,True
3603,https://api.dicebear.com/7.x/personas/jpg?seed=user545&size=300,FAKE,Unknown,26-35,True
768,https://images.unsplash.com/photo-1609231443127-7e1e4c672ece?crop=entropy&cs=tinysrgb&fit=max&fm=jpg&ixid=M3w5NDQwMTV8MHwxfHNlYXJjaHwyNTh8fG1hbiUyMGZhY2UlMjBjbG9zZXVwfGVufDB8fHx8MTc3ODA2NTIxM3ww&ixlib=rb-4.1.0&q=80&w=1080,REAL,Unknown,18-25,True
886,https://images.unsplash.com/photo-1613566160929-7d728d49cc8c?crop=entropy&cs=tinysrgb&fit=max&fm=jpg&ixid=M3w5NDQwMTV8MHwxfHNlYXJjaHwzNzZ8fG1hbiUyMGZhY2UlMjBjbG9zZXVwfGVufDB8fHx8MTc3ODA2NTIyNHww&ixlib=rb-4.1.0&q=80&w=1080,REAL,Unknown,36-50,True
4224,https://api.dicebear.com/7.x/personas/jpg?seed=user1166&size=300,FAKE,Unknown,50+,True
5308,https://api.dicebear.com/7.x/personas/jpg?seed=user2250&size=300,FAKE,Unknown,50+,True
1816,https://images.unsplash.com/photo-1727341553976-8456538f2009?crop=entropy&cs=tinysrgb&fit=max&fm=jpg&ixid=M3w5NDQwMTV8MHwxfHNlYXJjaHwxNjZ8fHBlcnNvbiUyMGZhY2UlMjBwaG90b3xlbnwwfHx8fDE3NzgwNjUyODh8MA&ixlib=rb-4.1.0&q=80&w=1080,REAL,Unknown,18-25,True
877,https://images.unsplash.com/photo-1540676257420-3d9a8a1ee6c2?crop=entropy&cs=tinysrgb&fit=max&fm=jpg&ixid=M3w5NDQwMTV8MHwxfHNlYXJjaHwzNjd8fG1hbiUyMGZhY2UlMjBjbG9zZXVwfGVufDB8fHx8MTc3ODA2NTIyNHww&ixlib=rb-4.1.0&q=80&w=1080,REAL,Unknown,26-35,True
1154,https://images.unsplash.com/photo-1647740356567-1864382324e9?crop=entropy&cs=tinysrgb&fit=max&fm=jpg&ixid=M3w5NDQwMTV8MHwxfHNlYXJjaHw3NHx8d29tYW4lMjBmYWNlJTIwcG9ydHJhaXR8ZW58MHx8fHwxNzc4MDY1MjQ0fDA&ixlib=rb-4.1.0&q=80&w=1080,REAL,Female,50+,True
847,https://images.unsplash.com/photo-1762344356535-39b6eb0aba00?crop=entropy&cs=tinysrgb&fit=max&fm=jpg&ixid=M3w5NDQwMTV8MHwxfHNlYXJjaHwzMzd8fG1hbiUyMGZhY2UlMjBjbG9zZXVwfGVufDB8fHx8MTc3ODA2NTIyMnww&ixlib=rb-4.1.0&q=80&w=1080,REAL,Female,18-25,True
1319,https://images.unsplash.com/photo-1652270430489-0ea0f45344f3?crop=entropy&cs=tinysrgb&fit=max&fm=jpg&ixid=M3w5NDQwMTV8MHwxfHNlYXJjaHwyMzl8fHdvbWFuJTIwZmFjZSUyMHBvcnRyYWl0fGVufDB8fHx8MTc3ODA2NTI1NXww&ixlib=rb-4.1.0&q=80&w=1080,REAL,Male,50+,True
4791,https://api.dicebear.com/7.x/personas/jpg?seed=user1733&size=300,FAKE,Unknown,26-35,True
5481,https://api.dicebear.com/7.x/personas/jpg?seed=user2423&size=300,FAKE,Unknown,18-25,True
2363,https://images.unsplash.com/photo-1726741693479-92eff7dd99bd?crop=entropy&cs=tinysrgb&fit=max&fm=jpg&ixid=M3w5NDQwMTV8MHwxfHNlYXJjaHwxNDN8fGFkdWx0JTIwZmFjZSUyMHBob3RvfGVufDB8fHx8MTc3ODA2ODg0MHww&ixlib=rb-4.1.0&q=80&w=1080,REAL,Female,36-50,True
737,https://images.unsplash.com/photo-1643129370086-66990584902d?crop=entropy&cs=tinysrgb&fit=max&fm=jpg&ixid=M3w5NDQwMTV8MHwxfHNlYXJjaHwyMjd8fG1hbiUyMGZhY2UlMjBjbG9zZXVwfGVufDB8fHx8MTc3ODA2NTIxMXww&ixlib=rb-4.1.0&q=80&w=1080,REAL,Female,18-25,True
133,https://images.unsplash.com/photo-1686464905831-4474889501f3?crop=entropy&cs=tinysrgb&fit=max&fm=jpg&ixid=M3w5NDQwMTV8MHwxfHNlYXJjaHwxMzN8fGh1bWFuJTIwZmFjZSUyMHBvcnRyYWl0fGVufDB8fHx8MTc3ODA2NDcyNXww&ixlib=rb-4.1.0&q=80&w=1080,REAL,Unknown,18-25,True
254,https://images.unsplash.com/photo-1656339504243-2df4c5ebf1c0?crop=entropy&cs=tinysrgb&fit=max&fm=jpg&ixid=M3w5NDQwMTV8MHwxfHNlYXJjaHwyODR8fGh1bWFuJTIwZmFjZSUyMHBvcnRyYWl0fGVufDB8fHx8MTc3ODA2NDkwMnww&ixlib=rb-4.1.0&q=80&w=1080,REAL,Unknown,36-50,True
3769,https://api.dicebear.com/7.x/personas/jpg?seed=user711&size=300,FAKE,Unknown,26-35,True
615,https://images.unsplash.com/photo-1610767618929-0db1b797cbc6?crop=entropy&cs=tinysrgb&fit=max&fm=jpg&ixid=M3w5NDQwMTV8MHwxfHNlYXJjaHw3NXx8bWFuJTIwZmFjZSUyMGNsb3NldXB8ZW58MHx8fHwxNzc4MDY1MDgyfDA&ixlib=rb-4.1.0&q=80&w=1080,REAL,Unknown,50+,True
4688,https://api.dicebear.com/7.x/personas/jpg?seed=user1630&size=300,FAKE,Unknown,26-35,True
1659,https://images.unsplash.com/photo-1635902549184-cf89a051e463?crop=entropy&cs=tinysrgb&fit=max&fm=jpg&ixid=M3w5NDQwMTV8MHwxfHNlYXJjaHw5fHxwZXJzb24lMjBmYWNlJTIwcGhvdG98ZW58MHx8fHwxNzc4MDY1Mjc4fDA&ixlib=rb-4.1.0&q=80&w=1080,REAL,Female,36-50,True
4977,https://api.dicebear.com/7.x/personas/jpg?seed=user1919&size=300,FAKE,Unknown,50+,True
625,https://images.unsplash.com/photo-1617860341208-ff96b6b3264c?crop=entropy&cs=tinysrgb&fit=max&fm=jpg&ixid=M3w5NDQwMTV8MHwxfHNlYXJjaHw4NXx8bWFuJTIwZmFjZSUyMGNsb3NldXB8ZW58MHx8fHwxNzc4MDY1MDgyfDA&ixlib=rb-4.1.0&q=80&w=1080,REAL,Unknown,36-50,True
4263,https://api.dicebear.com/7.x/personas/jpg?seed=user1205&size=300,FAKE,Unknown,36-50,True
4857,https://api.dicebear.com/7.x/personas/jpg?seed=user1799&size=300,FAKE,Unknown,50+,True
5493,https://api.dicebear.com/7.x/personas/jpg?seed=user2435&size=300,FAKE,Unknown,26-35,True
2745,https://images.unsplash.com/photo-1620230448873-ffc56039c789?crop=entropy&cs=tinysrgb&fit=max&fm=jpg&ixid=M3w5NDQwMTV8MHwxfHNlYXJjaHw1MjV8fGFkdWx0JTIwZmFjZSUyMHBob3RvfGVufDB8fHx8MTc3ODA2ODg3NHww&ixlib=rb-4.1.0&q=80&w=1080,REAL,Female,36-50,True
3289,https://api.dicebear.com/7.x/personas/jpg?seed=user231&size=300,FAKE,Unknown,26-35,True
1924,https://images.unsplash.com/photo-1617228257257-8764266e4caa?crop=entropy&cs=tinysrgb&fit=max&fm=jpg&ixid=M3w5NDQwMTV8MHwxfHNlYXJjaHwyNzR8fHBlcnNvbiUyMGZhY2UlMjBwaG90b3xlbnwwfHx8fDE3NzgwNjUyOTd8MA&ixlib=rb-4.1.0&q=80&w=1080,REAL,Unknown,18-25,True
3326,https://api.dicebear.com/7.x/personas/jpg?seed=user268&size=300,FAKE,Unknown,50+,True
1199,https://images.unsplash.com/photo-1561917210-1c5ad65d3ce4?crop=entropy&cs=tinysrgb&fit=max&fm=jpg&ixid=M3w5NDQwMTV8MHwxfHNlYXJjaHwxMTl8fHdvbWFuJTIwZmFjZSUyMHBvcnRyYWl0fGVufDB8fHx8MTc3ODA2NTI0Nnww&ixlib=rb-4.1.0&q=80&w=1080,REAL,Female,18-25,True
1345,https://images.unsplash.com/photo-1656473031947-0e19d272e3cc?crop=entropy&cs=tinysrgb&fit=max&fm=jpg&ixid=M3w5NDQwMTV8MHwxfHNlYXJjaHwyNjV8fHdvbWFuJTIwZmFjZSUyMHBvcnRyYWl0fGVufDB8fHx8MTc3ODA2NTI1N3ww&ixlib=rb-4.1.0&q=80&w=1080,REAL,Female,50+,True
2174,https://images.unsplash.com/photo-1726741696458-136916da091b?crop=entropy&cs=tinysrgb&fit=max&fm=jpg&ixid=M3w5NDQwMTV8MHwxfHNlYXJjaHw1MjR8fHBlcnNvbiUyMGZhY2UlMjBwaG90b3xlbnwwfHx8fDE3NzgwNjUzMTZ8MA&ixlib=rb-4.1.0&q=80&w=1080,REAL,Female,18-25,True
4449,https://api.dicebear.com/7.x/personas/jpg?seed=user1391&size=300,FAKE,Unknown,18-25,True
920,https://images.unsplash.com/photo-1615838399843-944be570b91c?crop=entropy&cs=tinysrgb&fit=max&fm=jpg&ixid=M3w5NDQwMTV8MHwxfHNlYXJjaHw0MTB8fG1hbiUyMGZhY2UlMjBjbG9zZXVwfGVufDB8fHx8MTc3ODA2NTIyNnww&ixlib=rb-4.1.0&q=80&w=1080,REAL,Male,50+,True
4805,https://api.dicebear.com/7.x/personas/jpg?seed=user1747&size=300,FAKE,Unknown,26-35,True
3123,https://api.dicebear.com/7.x/personas/jpg?seed=user65&size=300,FAKE,Unknown,50+,True
619,https://images.unsplash.com/photo-1545996124-0501ebae84d0?crop=entropy&cs=tinysrgb&fit=max&fm=jpg&ixid=M3w5NDQwMTV8MHwxfHNlYXJjaHw3OXx8bWFuJTIwZmFjZSUyMGNsb3NldXB8ZW58MHx8fHwxNzc4MDY1MDgyfDA&ixlib=rb-4.1.0&q=80&w=1080,REAL,Male,50+,True
3030,https://i.pravatar.cc/300?img=42,FAKE,Unknown,36-50,True
58,https://images.unsplash.com/photo-1555474488-63096355d324?crop=entropy&cs=tinysrgb&fit=max&fm=jpg&ixid=M3w5NDQwMTV8MHwxfHNlYXJjaHw1OHx8aHVtYW4lMjBmYWNlJTIwcG9ydHJhaXR8ZW58MHx8fHwxNzc4MDY0NzA2fDA&ixlib=rb-4.1.0&q=80&w=1080,REAL,Female,26-35,True
2285,https://images.unsplash.com/photo-1748159997943-968c9271a3a8?crop=entropy&cs=tinysrgb&fit=max&fm=jpg&ixid=M3w5NDQwMTV8MHwxfHNlYXJjaHw2NXx8YWR1bHQlMjBmYWNlJTIwcGhvdG98ZW58MHx8fHwxNzc4MDY4ODM1fDA&ixlib=rb-4.1.0&q=80&w=1080,REAL,Female,26-35,True
4694,https://api.dicebear.com/7.x/personas/jpg?seed=user1636&size=300,FAKE,Unknown,18-25,True
4595,https://api.dicebear.com/7.x/personas/jpg?seed=user1537&size=300,FAKE,Unknown,26-35,True
2178,https://images.unsplash.com/photo-1726741695822-8abfeb691be9?crop=entropy&cs=tinysrgb&fit=max&fm=jpg&ixid=M3w5NDQwMTV8MHwxfHNlYXJjaHw1Mjh8fHBlcnNvbiUyMGZhY2UlMjBwaG90b3xlbnwwfHx8fDE3NzgwNjUzMTZ8MA&ixlib=rb-4.1.0&q=80&w=1080,REAL,Unknown,36-50,True
2248,https://images.unsplash.com/photo-1727341554128-3a73b53f0a8c?crop=entropy&cs=tinysrgb&fit=max&fm=jpg&ixid=M3w5NDQwMTV8MHwxfHNlYXJjaHwyOHx8YWR1bHQlMjBmYWNlJTIwcGhvdG98ZW58MHx8fHwxNzc4MDY4ODMyfDA&ixlib=rb-4.1.0&q=80&w=1080,REAL,Male,50+,True
4912,https://api.dicebear.com/7.x/personas/jpg?seed=user1854&size=300,FAKE,Unknown,26-35,True
684,https://images.unsplash.com/photo-1566837180312-3113a1ca8e17?crop=entropy&cs=tinysrgb&fit=max&fm=jpg&ixid=M3w5NDQwMTV8MHwxfHNlYXJjaHwxNDR8fG1hbiUyMGZhY2UlMjBjbG9zZXVwfGVufDB8fHx8MTc3ODA2NTA4N3ww&ixlib=rb-4.1.0&q=80&w=1080,REAL,Female,50+,True
1489,https://images.unsplash.com/photo-1699623889006-4f6266b39a7d?crop=entropy&cs=tinysrgb&fit=max&fm=jpg&ixid=M3w5NDQwMTV8MHwxfHNlYXJjaHw0MDl8fHdvbWFuJTIwZmFjZSUyMHBvcnRyYWl0fGVufDB8fHx8MTc3ODA2NTI2N3ww&ixlib=rb-4.1.0&q=80&w=1080,REAL,Unknown,26-35,True
1896,https://images.unsplash.com/photo-1628277097324-e0cd3071dae3?crop=entropy&cs=tinysrgb&fit=max&fm=jpg&ixid=M3w5NDQwMTV8MHwxfHNlYXJjaHwyNDZ8fHBlcnNvbiUyMGZhY2UlMjBwaG90b3xlbnwwfHx8fDE3NzgwNjUyOTV8MA&ixlib=rb-4.1.0&q=80&w=1080,REAL,Male,18-25,True
4947,https://api.dicebear.com/7.x/personas/jpg?seed=user1889&size=300,FAKE,Unknown,50+,True
5072,https://api.dicebear.com/7.x/personas/jpg?seed=user2014&size=300,FAKE,Unknown,36-50,True
4896,https://api.dicebear.com/7.x/personas/jpg?seed=user1838&size=300,FAKE,Unknown,18-25,True
5156,https://api.dicebear.com/7.x/personas/jpg?seed=user2098&size=300,FAKE,Unknown,26-35,True
4787,https://api.dicebear.com/7.x/personas/jpg?seed=user1729&size=300,FAKE,Unknown,36-50,True
572,https://images.unsplash.com/photo-1638957361099-daf55b345543?crop=entropy&cs=tinysrgb&fit=max&fm=jpg&ixid=M3w5NDQwMTV8MHwxfHNlYXJjaHwzMnx8bWFuJTIwZmFjZSUyMGNsb3NldXB8ZW58MHx8fHwxNzc4MDY1MDc4fDA&ixlib=rb-4.1.0&q=80&w=1080,REAL,Unknown,18-25,True
2691,https://images.unsplash.com/photo-1566302737512-7a9df54f0ddd?crop=entropy&cs=tinysrgb&fit=max&fm=jpg&ixid=M3w5NDQwMTV8MHwxfHNlYXJjaHw0NzF8fGFkdWx0JTIwZmFjZSUyMHBob3RvfGVufDB8fHx8MTc3ODA2ODg2OHww&ixlib=rb-4.1.0&q=80&w=1080,REAL,Unknown,50+,True
3317,https://api.dicebear.com/7.x/personas/jpg?seed=user259&size=300,FAKE,Unknown,50+,True
2067,https://images.unsplash.com/photo-1689803767849-55c78ed5dfc1?crop=entropy&cs=tinysrgb&fit=max&fm=jpg&ixid=M3w5NDQwMTV8MHwxfHNlYXJjaHw0MTd8fHBlcnNvbiUyMGZhY2UlMjBwaG90b3xlbnwwfHx8fDE3NzgwNjUzMDV8MA&ixlib=rb-4.1.0&q=80&w=1080,REAL,Unknown,18-25,True
4863,https://api.dicebear.com/7.x/personas/jpg?seed=user1805&size=300,FAKE,Unknown,50+,True
3973,https://api.dicebear.com/7.x/personas/jpg?seed=user915&size=300,FAKE,Unknown,36-50,True
4740,https://api.dicebear.com/7.x/personas/jpg?seed=user1682&size=300,FAKE,Unknown,50+,True
4055,https://api.dicebear.com/7.x/personas/jpg?seed=user997&size=300,FAKE,Unknown,18-25,True
4346,https://api.dicebear.com/7.x/personas/jpg?seed=user1288&size=300,FAKE,Unknown,36-50,True
2050,https://images.unsplash.com/photo-1726741695142-2c3300e9d9bb?crop=entropy&cs=tinysrgb&fit=max&fm=jpg&ixid=M3w5NDQwMTV8MHwxfHNlYXJjaHw0MDB8fHBlcnNvbiUyMGZhY2UlMjBwaG90b3xlbnwwfHx8fDE3NzgwNjUzMDV8MA&ixlib=rb-4.1.0&q=80&w=1080,REAL,Female,18-25,True
2737,https://images.unsplash.com/photo-1651878109225-dd91c1c80277?crop=entropy&cs=tinysrgb&fit=max&fm=jpg&ixid=M3w5NDQwMTV8MHwxfHNlYXJjaHw1MTd8fGFkdWx0JTIwZmFjZSUyMHBob3RvfGVufDB8fHx8MTc3ODA2ODg3NHww&ixlib=rb-4.1.0&q=80&w=1080,REAL,Unknown,26-35,True
2588,https://images.unsplash.com/photo-1600603406200-5b2a104684ac?crop=entropy&cs=tinysrgb&fit=max&fm=jpg&ixid=M3w5NDQwMTV8MHwxfHNlYXJjaHwzNjh8fGFkdWx0JTIwZmFjZSUyMHBob3RvfGVufDB8fHx8MTc3ODA2ODg1OHww&ixlib=rb-4.1.0&q=80&w=1080,REAL,Female,36-50,True
4266,https://api.dicebear.com/7.x/personas/jpg?seed=user1208&size=300,FAKE,Unknown,36-50,True
1421,https://images.unsplash.com/photo-1653512488965-c8a5b10427a4?crop=entropy&cs=tinysrgb&fit=max&fm=jpg&ixid=M3w5NDQwMTV8MHwxfHNlYXJjaHwzNDF8fHdvbWFuJTIwZmFjZSUyMHBvcnRyYWl0fGVufDB8fHx8MTc3ODA2NTI2M3ww&ixlib=rb-4.1.0&q=80&w=1080,REAL,Female,50+,True
4839,https://api.dicebear.com/7.x/personas/jpg?seed=user1781&size=300,FAKE,Unknown,26-35,True
2683,https://images.unsplash.com/photo-1645777902659-74d393df3d83?crop=entropy&cs=tinysrgb&fit=max&fm=jpg&ixid=M3w5NDQwMTV8MHwxfHNlYXJjaHw0NjN8fGFkdWx0JTIwZmFjZSUyMHBob3RvfGVufDB8fHx8MTc3ODA2ODg2OHww&ixlib=rb-4.1.0&q=80&w=1080,REAL,Male,50+,True
5312,https://api.dicebear.com/7.x/personas/jpg?seed=user2254&size=300,FAKE,Unknown,36-50,True
2701,https://images.unsplash.com/photo-1730173728310-dc07a9374ced?crop=entropy&cs=tinysrgb&fit=max&fm=jpg&ixid=M3w5NDQwMTV8MHwxfHNlYXJjaHw0ODF8fGFkdWx0JTIwZmFjZSUyMHBob3RvfGVufDB8fHx8MTc3ODA2ODg3MXww&ixlib=rb-4.1.0&q=80&w=1080,REAL,Unknown,18-25,True
2648,https://images.unsplash.com/photo-1591545358481-f3c83a036e43?crop=entropy&cs=tinysrgb&fit=max&fm=jpg&ixid=M3w5NDQwMTV8MHwxfHNlYXJjaHw0Mjh8fGFkdWx0JTIwZmFjZSUyMHBob3RvfGVufDB8fHx8MTc3ODA2ODg2NHww&ixlib=rb-4.1.0&q=80&w=1080,REAL,Unknown,50+,True
3741,https://api.dicebear.com/7.x/personas/jpg?seed=user683&size=300,FAKE,Unknown,18-25,True
2692,https://images.unsplash.com/photo-1770584848339-d4481a48f778?crop=entropy&cs=tinysrgb&fit=max&fm=jpg&ixid=M3w5NDQwMTV8MHwxfHNlYXJjaHw0NzJ8fGFkdWx0JTIwZmFjZSUyMHBob3RvfGVufDB8fHx8MTc3ODA2ODg2OHww&ixlib=rb-4.1.0&q=80&w=1080,REAL,Unknown,26-35,True
5008,https://api.dicebear.com/7.x/personas/jpg?seed=user1950&size=300,FAKE,Unknown,26-35,True
4096,https://api.dicebear.com/7.x/personas/jpg?seed=user1038&size=300,FAKE,Unknown,50+,True
5434,https://api.dicebear.com/7.x/personas/jpg?seed=user2376&size=300,FAKE,Unknown,26-35,True
3320,https://api.dicebear.com/7.x/personas/jpg?seed=user262&size=300,FAKE,Unknown,18-25,True
277,https://images.unsplash.com/photo-1734188571985-452a7288907c?crop=entropy&cs=tinysrgb&fit=max&fm=jpg&ixid=M3w5NDQwMTV8MHwxfHNlYXJjaHwzMDd8fGh1bWFuJTIwZmFjZSUyMHBvcnRyYWl0fGVufDB8fHx8MTc3ODA2NDk4N3ww&ixlib=rb-4.1.0&q=80&w=1080,REAL,Unknown,18-25,True
1034,https://images.unsplash.com/photo-1468218457742-ee484fe2fe4c?crop=entropy&cs=tinysrgb&fit=max&fm=jpg&ixid=M3w5NDQwMTV8MHwxfHNlYXJjaHw1MjR8fG1hbiUyMGZhY2UlMjBjbG9zZXVwfGVufDB8fHx8MTc3ODA2NTIzNHww&ixlib=rb-4.1.0&q=80&w=1080,REAL,Unknown,26-35,True
1739,https://images.unsplash.com/photo-1611455159106-ef9acece52f4?crop=entropy&cs=tinysrgb&fit=max&fm=jpg&ixid=M3w5NDQwMTV8MHwxfHNlYXJjaHw4OXx8cGVyc29uJTIwZmFjZSUyMHBob3RvfGVufDB8fHx8MTc3ODA2NTI4Mnww&ixlib=rb-4.1.0&q=80&w=1080,REAL,Unknown,50+,True
994,https://images.unsplash.com/photo-1629810392168-e840a91e4d7d?crop=entropy&cs=tinysrgb&fit=max&fm=jpg&ixid=M3w5NDQwMTV8MHwxfHNlYXJjaHw0ODR8fG1hbiUyMGZhY2UlMjBjbG9zZXVwfGVufDB8fHx8MTc3ODA2NTIzMnww&ixlib=rb-4.1.0&q=80&w=1080,REAL,Unknown,50+,True
2605,https://images.unsplash.com/photo-1617746652908-91e66c07499a?crop=entropy&cs=tinysrgb&fit=max&fm=jpg&ixid=M3w5NDQwMTV8MHwxfHNlYXJjaHwzODV8fGFkdWx0JTIwZmFjZSUyMHBob3RvfGVufDB8fHx8MTc3ODA2ODg1OHww&ixlib=rb-4.1.0&q=80&w=1080,REAL,Unknown,26-35,True
2468,https://images.unsplash.com/photo-1585950689374-86d54b0efd6c?crop=entropy&cs=tinysrgb&fit=max&fm=jpg&ixid=M3w5NDQwMTV8MHwxfHNlYXJjaHwyNDh8fGFkdWx0JTIwZmFjZSUyMHBob3RvfGVufDB8fHx8MTc3ODA2ODg0OXww&ixlib=rb-4.1.0&q=80&w=1080,REAL,Male,36-50,True
495,https://images.unsplash.com/photo-1732562793918-7b7816cfa1e4?crop=entropy&cs=tinysrgb&fit=max&fm=jpg&ixid=M3w5NDQwMTV8MHwxfHNlYXJjaHw1MjV8fGh1bWFuJTIwZmFjZSUyMHBvcnRyYWl0fGVufDB8fHx8MTc3ODA2NTA0OXww&ixlib=rb-4.1.0&q=80&w=1080,REAL,Female,36-50,True
4124,https://api.dicebear.com/7.x/personas/jpg?seed=user1066&size=300,FAKE,Unknown,50+,True
3702,https://api.dicebear.com/7.x/personas/jpg?seed=user644&size=300,FAKE,Unknown,50+,True
2671,https://images.unsplash.com/photo-1680330386370-ed8c6e04db9d?crop=entropy&cs=tinysrgb&fit=max&fm=jpg&ixid=M3w5NDQwMTV8MHwxfHNlYXJjaHw0NTF8fGFkdWx0JTIwZmFjZSUyMHBob3RvfGVufDB8fHx8MTc3ODA2ODg2OHww&ixlib=rb-4.1.0&q=80&w=1080,REAL,Male,18-25,True
2189,https://images.unsplash.com/photo-1608255780689-c4ace9fe5798?crop=entropy&cs=tinysrgb&fit=max&fm=jpg&ixid=M3w5NDQwMTV8MHwxfHNlYXJjaHw1Mzl8fHBlcnNvbiUyMGZhY2UlMjBwaG90b3xlbnwwfHx8fDE3NzgwNjUzMTZ8MA&ixlib=rb-4.1.0&q=80&w=1080,REAL,Female,18-25,True
4679,https://api.dicebear.com/7.x/personas/jpg?seed=user1621&size=300,FAKE,Unknown,36-50,True
1116,https://images.unsplash.com/photo-1557132223-b700d9d6a698?crop=entropy&cs=tinysrgb&fit=max&fm=jpg&ixid=M3w5NDQwMTV8MHwxfHNlYXJjaHwzNnx8d29tYW4lMjBmYWNlJTIwcG9ydHJhaXR8ZW58MHx8fHwxNzc4MDY1MjQyfDA&ixlib=rb-4.1.0&q=80&w=1080,REAL,Male,50+,True
97,https://images.unsplash.com/photo-1580046868072-debd27601ae2?crop=entropy&cs=tinysrgb&fit=max&fm=jpg&ixid=M3w5NDQwMTV8MHwxfHNlYXJjaHw5N3x8aHVtYW4lMjBmYWNlJTIwcG9ydHJhaXR8ZW58MHx8fHwxNzc4MDY0NzIxfDA&ixlib=rb-4.1.0&q=80&w=1080,REAL,Unknown,26-35,True
4943,https://api.dicebear.com/7.x/personas/jpg?seed=user1885&size=300,FAKE,Unknown,18-25,True
3089,https://api.dicebear.com/7.x/personas/jpg?seed=user31&size=300,FAKE,Unknown,50+,True
5000,https://api.dicebear.com/7.x/personas/jpg?seed=user1942&size=300,FAKE,Unknown,36-50,True
5233,https://api.dicebear.com/7.x/personas/jpg?seed=user2175&size=300,FAKE,Unknown,50+,True
4481,https://api.dicebear.com/7.x/personas/jpg?seed=user1423&size=300,FAKE,Unknown,36-50,True
1687,https://images.unsplash.com/photo-1711913379515-22eb558372c6?crop=entropy&cs=tinysrgb&fit=max&fm=jpg&ixid=M3w5NDQwMTV8MHwxfHNlYXJjaHwzN3x8cGVyc29uJTIwZmFjZSUyMHBob3RvfGVufDB8fHx8MTc3ODA2NTI4MHww&ixlib=rb-4.1.0&q=80&w=1080,REAL,Unknown,18-25,True
5064,https://api.dicebear.com/7.x/personas/jpg?seed=user2006&size=300,FAKE,Unknown,26-35,True
3167,https://api.dicebear.com/7.x/personas/jpg?seed=user109&size=300,FAKE,Unknown,36-50,True
3834,https://api.dicebear.com/7.x/personas/jpg?seed=user776&size=300,FAKE,Unknown,18-25,True
3777,https://api.dicebear.com/7.x/personas/jpg?seed=user719&size=300,FAKE,Unknown,26-35,True
1990,https://images.unsplash.com/photo-1648484860045-f7fdac111d3f?crop=entropy&cs=tinysrgb&fit=max&fm=jpg&ixid=M3w5NDQwMTV8MHwxfHNlYXJjaHwzNDB8fHBlcnNvbiUyMGZhY2UlMjBwaG90b3xlbnwwfHx8fDE3NzgwNjUzMDF8MA&ixlib=rb-4.1.0&q=80&w=1080,REAL,Unknown,26-35,True
3635,https://api.dicebear.com/7.x/personas/jpg?seed=user577&size=300,FAKE,Unknown,36-50,True
455,https://images.unsplash.com/photo-1581041309171-6e4bf1ee5781?crop=entropy&cs=tinysrgb&fit=max&fm=jpg&ixid=M3w5NDQwMTV8MHwxfHNlYXJjaHw0ODV8fGh1bWFuJTIwZmFjZSUyMHBvcnRyYWl0fGVufDB8fHx8MTc3ODA2NTAzN3ww&ixlib=rb-4.1.0&q=80&w=1080,REAL,Unknown,18-25,True
4900,https://api.dicebear.com/7.x/personas/jpg?seed=user1842&size=300,FAKE,Unknown,18-25,True
3085,https://api.dicebear.com/7.x/personas/jpg?seed=user27&size=300,FAKE,Unknown,18-25,True
1047,https://images.unsplash.com/photo-1652171874512-b524dcffb261?crop=entropy&cs=tinysrgb&fit=max&fm=jpg&ixid=M3w5NDQwMTV8MHwxfHNlYXJjaHw1Mzd8fG1hbiUyMGZhY2UlMjBjbG9zZXVwfGVufDB8fHx8MTc3ODA2NTIzNHww&ixlib=rb-4.1.0&q=80&w=1080,REAL,Unknown,18-25,True
4633,https://api.dicebear.com/7.x/personas/jpg?seed=user1575&size=300,FAKE,Unknown,50+,True
3501,https://api.dicebear.com/7.x/personas/jpg?seed=user443&size=300,FAKE,Unknown,18-25,True
921,https://images.unsplash.com/photo-1670253305331-428aa19db4b7?crop=entropy&cs=tinysrgb&fit=max&fm=jpg&ixid=M3w5NDQwMTV8MHwxfHNlYXJjaHw0MTF8fG1hbiUyMGZhY2UlMjBjbG9zZXVwfGVufDB8fHx8MTc3ODA2NTIyNnww&ixlib=rb-4.1.0&q=80&w=1080,REAL,Female,36-50,True
5424,https://api.dicebear.com/7.x/personas/jpg?seed=user2366&size=300,FAKE,Unknown,26-35,True
2276,https://images.unsplash.com/photo-1738000033806-bef61bcd7465?crop=entropy&cs=tinysrgb&fit=max&fm=jpg&ixid=M3w5NDQwMTV8MHwxfHNlYXJjaHw1Nnx8YWR1bHQlMjBmYWNlJTIwcGhvdG98ZW58MHx8fHwxNzc4MDY4ODMzfDA&ixlib=rb-4.1.0&q=80&w=1080,REAL,Male,18-25,True
3585,https://api.dicebear.com/7.x/personas/jpg?seed=user527&size=300,FAKE,Unknown,26-35,True
4223,https://api.dicebear.com/7.x/personas/jpg?seed=user1165&size=300,FAKE,Unknown,50+,True
1513,https://images.unsplash.com/photo-1560190062-33abf09d361a?crop=entropy&cs=tinysrgb&fit=max&fm=jpg&ixid=M3w5NDQwMTV8MHwxfHNlYXJjaHw0MzN8fHdvbWFuJTIwZmFjZSUyMHBvcnRyYWl0fGVufDB8fHx8MTc3ODA2NTI2OXww&ixlib=rb-4.1.0&q=80&w=1080,REAL,Unknown,50+,True
3375,https://api.dicebear.com/7.x/personas/jpg?seed=user317&size=300,FAKE,Unknown,26-35,True
2695,https://images.unsplash.com/photo-1597570889034-08f6e1b9baa5?crop=entropy&cs=tinysrgb&fit=max&fm=jpg&ixid=M3w5NDQwMTV8MHwxfHNlYXJjaHw0NzV8fGFkdWx0JTIwZmFjZSUyMHBob3RvfGVufDB8fHx8MTc3ODA2ODg2OHww&ixlib=rb-4.1.0&q=80&w=1080,REAL,Male,18-25,True
1101,https://images.unsplash.com/photo-1630600340122-701f39e19a5f?crop=entropy&cs=tinysrgb&fit=max&fm=jpg&ixid=M3w5NDQwMTV8MHwxfHNlYXJjaHwyMXx8d29tYW4lMjBmYWNlJTIwcG9ydHJhaXR8ZW58MHx8fHwxNzc4MDY1MjM5fDA&ixlib=rb-4.1.0&q=80&w=1080,REAL,Unknown,50+,True
5010,https://api.dicebear.com/7.x/personas/jpg?seed=user1952&size=300,FAKE,Unknown,18-25,True
4823,https://api.dicebear.com/7.x/personas/jpg?seed=user1765&size=300,FAKE,Unknown,26-35,True
5023,https://api.dicebear.com/7.x/personas/jpg?seed=user1965&size=300,FAKE,Unknown,50+,True
3163,https://api.dicebear.com/7.x/personas/jpg?seed=user105&size=300,FAKE,Unknown,36-50,True
2077,https://images.unsplash.com/photo-1635423894263-a3589dad4a7e?crop=entropy&cs=tinysrgb&fit=max&fm=jpg&ixid=M3w5NDQwMTV8MHwxfHNlYXJjaHw0Mjd8fHBlcnNvbiUyMGZhY2UlMjBwaG90b3xlbnwwfHx8fDE3NzgwNjUzMDh8MA&ixlib=rb-4.1.0&q=80&w=1080,REAL,Female,26-35,True
1597,https://images.unsplash.com/photo-1635788020504-8d1185f4daa1?crop=entropy&cs=tinysrgb&fit=max&fm=jpg&ixid=M3w5NDQwMTV8MHwxfHNlYXJjaHw1MTd8fHdvbWFuJTIwZmFjZSUyMHBvcnRyYWl0fGVufDB8fHx8MTc3ODA2NTI3NHww&ixlib=rb-4.1.0&q=80&w=1080,REAL,Male,26-35,True
4392,https://api.dicebear.com/7.x/personas/jpg?seed=user1334&size=300,FAKE,Unknown,18-25,True
1301,https://images.unsplash.com/photo-1607195154396-abce3f65c3ff?crop=entropy&cs=tinysrgb&fit=max&fm=jpg&ixid=M3w5NDQwMTV8MHwxfHNlYXJjaHwyMjF8fHdvbWFuJTIwZmFjZSUyMHBvcnRyYWl0fGVufDB8fHx8MTc3ODA2NTI1NXww&ixlib=rb-4.1.0&q=80&w=1080,REAL,Unknown,50+,True
4889,https://api.dicebear.com/7.x/personas/jpg?seed=user1831&size=300,FAKE,Unknown,26-35,True
3340,https://api.dicebear.com/7.x/personas/jpg?seed=user282&size=300,FAKE,Unknown,36-50,True
1889,https://images.unsplash.com/photo-1655841769348-fb2f0ead0216?crop=entropy&cs=tinysrgb&fit=max&fm=jpg&ixid=M3w5NDQwMTV8MHwxfHNlYXJjaHwyMzl8fHBlcnNvbiUyMGZhY2UlMjBwaG90b3xlbnwwfHx8fDE3NzgwNjUyOTJ8MA&ixlib=rb-4.1.0&q=80&w=1080,REAL,Female,50+,True
2942,https://randomuser.me/api/portraits/women/53.jpg,FAKE,Female,18-25,True
4051,https://api.dicebear.com/7.x/personas/jpg?seed=user993&size=300,FAKE,Unknown,50+,True
4093,https://api.dicebear.com/7.x/personas/jpg?seed=user1035&size=300,FAKE,Unknown,50+,True
1183,https://images.unsplash.com/photo-1689237076658-3100f6a218f5?crop=entropy&cs=tinysrgb&fit=max&fm=jpg&ixid=M3w5NDQwMTV8MHwxfHNlYXJjaHwxMDN8fHdvbWFuJTIwZmFjZSUyMHBvcnRyYWl0fGVufDB8fHx8MTc3ODA2NTI0Nnww&ixlib=rb-4.1.0&q=80&w=1080,REAL,Female,50+,True
4474,https://api.dicebear.com/7.x/personas/jpg?seed=user1416&size=300,FAKE,Unknown,18-25,True
1701,https://images.unsplash.com/photo-1638905590060-fb6672a6b293?crop=entropy&cs=tinysrgb&fit=max&fm=jpg&ixid=M3w5NDQwMTV8MHwxfHNlYXJjaHw1MXx8cGVyc29uJTIwZmFjZSUyMHBob3RvfGVufDB8fHx8MTc3ODA2NTI4MHww&ixlib=rb-4.1.0&q=80&w=1080,REAL,Unknown,50+,True
2305,https://images.unsplash.com/photo-1755127761410-0c00c398c308?crop=entropy&cs=tinysrgb&fit=max&fm=jpg&ixid=M3w5NDQwMTV8MHwxfHNlYXJjaHw4NXx8YWR1bHQlMjBmYWNlJTIwcGhvdG98ZW58MHx8fHwxNzc4MDY4ODM1fDA&ixlib=rb-4.1.0&q=80&w=1080,REAL,Unknown,18-25,True
391,https://images.unsplash.com/photo-1585583931931-cf08fad02dd1?crop=entropy&cs=tinysrgb&fit=max&fm=jpg&ixid=M3w5NDQwMTV8MHwxfHNlYXJjaHw0MjF8fGh1bWFuJTIwZmFjZSUyMHBvcnRyYWl0fGVufDB8fHx8MTc3ODA2NTAyMXww&ixlib=rb-4.1.0&q=80&w=1080,REAL,Female,50+,True
2116,https://images.unsplash.com/photo-1592473879899-522b55c6adb1?crop=entropy&cs=tinysrgb&fit=max&fm=jpg&ixid=M3w5NDQwMTV8MHwxfHNlYXJjaHw0NjZ8fHBlcnNvbiUyMGZhY2UlMjBwaG90b3xlbnwwfHx8fDE3NzgwNjUzMTB8MA&ixlib=rb-4.1.0&q=80&w=1080,REAL,Female,18-25,True
785,https://images.unsplash.com/photo-1636031479085-e7e34e7ad857?crop=entropy&cs=tinysrgb&fit=max&fm=jpg&ixid=M3w5NDQwMTV8MHwxfHNlYXJjaHwyNzV8fG1hbiUyMGZhY2UlMjBjbG9zZXVwfGVufDB8fHx8MTc3ODA2NTIxNnww&ixlib=rb-4.1.0&q=80&w=1080,REAL,Unknown,18-25,True
2750,https://images.unsplash.com/photo-1684253661238-5c8d1adf75cd?crop=entropy&cs=tinysrgb&fit=max&fm=jpg&ixid=M3w5NDQwMTV8MHwxfHNlYXJjaHw1MzB8fGFkdWx0JTIwZmFjZSUyMHBob3RvfGVufDB8fHx8MTc3ODA2ODg3NHww&ixlib=rb-4.1.0&q=80&w=1080,REAL,Male,26-35,True
1819,https://images.unsplash.com/photo-1727341557531-343cd4364501?crop=entropy&cs=tinysrgb&fit=max&fm=jpg&ixid=M3w5NDQwMTV8MHwxfHNlYXJjaHwxNjl8fHBlcnNvbiUyMGZhY2UlMjBwaG90b3xlbnwwfHx8fDE3NzgwNjUyODh8MA&ixlib=rb-4.1.0&q=80&w=1080,REAL,Unknown,18-25,True
770,https://images.unsplash.com/photo-1761397681665-71d443325886?crop=entropy&cs=tinysrgb&fit=max&fm=jpg&ixid=M3w5NDQwMTV8MHwxfHNlYXJjaHwyNjB8fG1hbiUyMGZhY2UlMjBjbG9zZXVwfGVufDB8fHx8MTc3ODA2NTIxM3ww&ixlib=rb-4.1.0&q=80&w=1080,REAL,Unknown,50+,True
2418,https://images.unsplash.com/photo-1750267681848-90ac2dbcf43a?crop=entropy&cs=tinysrgb&fit=max&fm=jpg&ixid=M3w5NDQwMTV8MHwxfHNlYXJjaHwxOTh8fGFkdWx0JTIwZmFjZSUyMHBob3RvfGVufDB8fHx8MTc3ODA2ODg0NHww&ixlib=rb-4.1.0&q=80&w=1080,REAL,Female,18-25,True
165,https://images.unsplash.com/photo-1645005898494-cd57181f3adc?crop=entropy&cs=tinysrgb&fit=max&fm=jpg&ixid=M3w5NDQwMTV8MHwxfHNlYXJjaHwxNjV8fGh1bWFuJTIwZmFjZSUyMHBvcnRyYWl0fGVufDB8fHx8MTc3ODA2NDc0OXww&ixlib=rb-4.1.0&q=80&w=1080,REAL,Unknown,18-25,True
1510,https://images.unsplash.com/photo-1631361760077-687f32d930da?crop=entropy&cs=tinysrgb&fit=max&fm=jpg&ixid=M3w5NDQwMTV8MHwxfHNlYXJjaHw0MzB8fHdvbWFuJTIwZmFjZSUyMHBvcnRyYWl0fGVufDB8fHx8MTc3ODA2NTI2OXww&ixlib=rb-4.1.0&q=80&w=1080,REAL,Male,36-50,True
2596,https://images.unsplash.com/photo-1596852374825-7e3103094303?crop=entropy&cs=tinysrgb&fit=max&fm=jpg&ixid=M3w5NDQwMTV8MHwxfHNlYXJjaHwzNzZ8fGFkdWx0JTIwZmFjZSUyMHBob3RvfGVufDB8fHx8MTc3ODA2ODg1OHww&ixlib=rb-4.1.0&q=80&w=1080,REAL,Unknown,36-50,True
1559,https://images.unsplash.com/photo-1639591304226-5cd00ca7c225?crop=entropy&cs=tinysrgb&fit=max&fm=jpg&ixid=M3w5NDQwMTV8MHwxfHNlYXJjaHw0Nzl8fHdvbWFuJTIwZmFjZSUyMHBvcnRyYWl0fGVufDB8fHx8MTc3ODA2NTI3MXww&ixlib=rb-4.1.0&q=80&w=1080,REAL,Male,50+,True
4509,https://api.dicebear.com/7.x/personas/jpg?seed=user1451&size=300,FAKE,Unknown,26-35,True
1374,https://images.unsplash.com/photo-1697094657249-d3bc92c1d2cd?crop=entropy&cs=tinysrgb&fit=max&fm=jpg&ixid=M3w5NDQwMTV8MHwxfHNlYXJjaHwyOTR8fHdvbWFuJTIwZmFjZSUyMHBvcnRyYWl0fGVufDB8fHx8MTc3ODA2NTI1OXww&ixlib=rb-4.1.0&q=80&w=1080,REAL,Female,36-50,True
2446,https://images.unsplash.com/photo-1717415111598-343adeb7824b?crop=entropy&cs=tinysrgb&fit=max&fm=jpg&ixid=M3w5NDQwMTV8MHwxfHNlYXJjaHwyMjZ8fGFkdWx0JTIwZmFjZSUyMHBob3RvfGVufDB8fHx8MTc3ODA2ODg0Nnww&ixlib=rb-4.1.0&q=80&w=1080,REAL,Unknown,36-50,True
5263,https://api.dicebear.com/7.x/personas/jpg?seed=user2205&size=300,FAKE,Unknown,26-35,True
2562,https://images.unsplash.com/photo-1678312918656-77a438632392?crop=entropy&cs=tinysrgb&fit=max&fm=jpg&ixid=M3w5NDQwMTV8MHwxfHNlYXJjaHwzNDJ8fGFkdWx0JTIwZmFjZSUyMHBob3RvfGVufDB8fHx8MTc3ODA2ODg1NXww&ixlib=rb-4.1.0&q=80&w=1080,REAL,Male,36-50,True
3197,https://api.dicebear.com/7.x/personas/jpg?seed=user139&size=300,FAKE,Unknown,50+,True
676,https://images.unsplash.com/photo-1608680674308-0563a7693047?crop=entropy&cs=tinysrgb&fit=max&fm=jpg&ixid=M3w5NDQwMTV8MHwxfHNlYXJjaHwxMzZ8fG1hbiUyMGZhY2UlMjBjbG9zZXVwfGVufDB8fHx8MTc3ODA2NTA4N3ww&ixlib=rb-4.1.0&q=80&w=1080,REAL,Unknown,36-50,True
4271,https://api.dicebear.com/7.x/personas/jpg?seed=user1213&size=300,FAKE,Unknown,36-50,True
335,https://images.unsplash.com/photo-1587366802383-2e3e3e07aaf5?crop=entropy&cs=tinysrgb&fit=max&fm=jpg&ixid=M3w5NDQwMTV8MHwxfHNlYXJjaHwzNjV8fGh1bWFuJTIwZmFjZSUyMHBvcnRyYWl0fGVufDB8fHx8MTc3ODA2NDk5N3ww&ixlib=rb-4.1.0&q=80&w=1080,REAL,Male,50+,True
5004,https://api.dicebear.com/7.x/personas/jpg?seed=user1946&size=300,FAKE,Unknown,36-50,True
589,https://images.unsplash.com/photo-1758726948996-c2390f716d70?crop=entropy&cs=tinysrgb&fit=max&fm=jpg&ixid=M3w5NDQwMTV8MHwxfHNlYXJjaHw0OXx8bWFuJTIwZmFjZSUyMGNsb3NldXB8ZW58MHx8fHwxNzc4MDY1MDc4fDA&ixlib=rb-4.1.0&q=80&w=1080,REAL,Unknown,36-50,True
4116,https://api.dicebear.com/7.x/personas/jpg?seed=user1058&size=300,FAKE,Unknown,36-50,True
204,https://images.unsplash.com/photo-1595831539686-095b2be9c9c9?crop=entropy&cs=tinysrgb&fit=max&fm=jpg&ixid=M3w5NDQwMTV8MHwxfHNlYXJjaHwyMDR8fGh1bWFuJTIwZmFjZSUyMHBvcnRyYWl0fGVufDB8fHx8MTc3ODA2NDc1M3ww&ixlib=rb-4.1.0&q=80&w=1080,REAL,Male,50+,True
2163,https://images.unsplash.com/photo-1667557241482-01913211109b?crop=entropy&cs=tinysrgb&fit=max&fm=jpg&ixid=M3w5NDQwMTV8MHwxfHNlYXJjaHw1MTN8fHBlcnNvbiUyMGZhY2UlMjBwaG90b3xlbnwwfHx8fDE3NzgwNjUzMTZ8MA&ixlib=rb-4.1.0&q=80&w=1080,REAL,Male,36-50,True
4883,https://api.dicebear.com/7.x/personas/jpg?seed=user1825&size=300,FAKE,Unknown,26-35,True
4398,https://api.dicebear.com/7.x/personas/jpg?seed=user1340&size=300,FAKE,Unknown,36-50,True
843,https://images.unsplash.com/photo-1708144824610-f078a8cc926f?crop=entropy&cs=tinysrgb&fit=max&fm=jpg&ixid=M3w5NDQwMTV8MHwxfHNlYXJjaHwzMzN8fG1hbiUyMGZhY2UlMjBjbG9zZXVwfGVufDB8fHx8MTc3ODA2NTIyMnww&ixlib=rb-4.1.0&q=80&w=1080,REAL,Female,36-50,True
5259,https://api.dicebear.com/7.x/personas/jpg?seed=user2201&size=300,FAKE,Unknown,36-50,True
1572,https://images.unsplash.com/photo-1631377307530-392c36687eb7?crop=entropy&cs=tinysrgb&fit=max&fm=jpg&ixid=M3w5NDQwMTV8MHwxfHNlYXJjaHw0OTJ8fHdvbWFuJTIwZmFjZSUyMHBvcnRyYWl0fGVufDB8fHx8MTc3ODA2NTI3M3ww&ixlib=rb-4.1.0&q=80&w=1080,REAL,Male,50+,True
1324,https://images.unsplash.com/photo-1610055601805-a52c528c52e9?crop=entropy&cs=tinysrgb&fit=max&fm=jpg&ixid=M3w5NDQwMTV8MHwxfHNlYXJjaHwyNDR8fHdvbWFuJTIwZmFjZSUyMHBvcnRyYWl0fGVufDB8fHx8MTc3ODA2NTI1N3ww&ixlib=rb-4.1.0&q=80&w=1080,REAL,Female,36-50,True
4625,https://api.dicebear.com/7.x/personas/jpg?seed=user1567&size=300,FAKE,Unknown,50+,True
496,https://images.unsplash.com/photo-1652002039648-8e2026e099cb?crop=entropy&cs=tinysrgb&fit=max&fm=jpg&ixid=M3w5NDQwMTV8MHwxfHNlYXJjaHw1MjZ8fGh1bWFuJTIwZmFjZSUyMHBvcnRyYWl0fGVufDB8fHx8MTc3ODA2NTA0OXww&ixlib=rb-4.1.0&q=80&w=1080,REAL,Male,50+,True
2522,https://images.unsplash.com/photo-1626691318072-6f6e0ae5e799?crop=entropy&cs=tinysrgb&fit=max&fm=jpg&ixid=M3w5NDQwMTV8MHwxfHNlYXJjaHwzMDJ8fGFkdWx0JTIwZmFjZSUyMHBob3RvfGVufDB8fHx8MTc3ODA2ODg1M3ww&ixlib=rb-4.1.0&q=80&w=1080,REAL,Female,50+,True
4424,https://api.dicebear.com/7.x/personas/jpg?seed=user1366&size=300,FAKE,Unknown,26-35,True
315,https://images.unsplash.com/photo-1620781443478-e64b816a1398?crop=entropy&cs=tinysrgb&fit=max&fm=jpg&ixid=M3w5NDQwMTV8MHwxfHNlYXJjaHwzNDV8fGh1bWFuJTIwZmFjZSUyMHBvcnRyYWl0fGVufDB8fHx8MTc3ODA2NDk5MHww&ixlib=rb-4.1.0&q=80&w=1080,REAL,Female,50+,True
4142,https://api.dicebear.com/7.x/personas/jpg?seed=user1084&size=300,FAKE,Unknown,26-35,True
4933,https://api.dicebear.com/7.x/personas/jpg?seed=user1875&size=300,FAKE,Unknown,50+,True
1104,https://images.unsplash.com/photo-1689006743440-2202a135e25d?crop=entropy&cs=tinysrgb&fit=max&fm=jpg&ixid=M3w5NDQwMTV8MHwxfHNlYXJjaHwyNHx8d29tYW4lMjBmYWNlJTIwcG9ydHJhaXR8ZW58MHx8fHwxNzc4MDY1MjM5fDA&ixlib=rb-4.1.0&q=80&w=1080,REAL,Male,50+,True
939,https://images.unsplash.com/photo-1542974242-cde14af34396?crop=entropy&cs=tinysrgb&fit=max&fm=jpg&ixid=M3w5NDQwMTV8MHwxfHNlYXJjaHw0Mjl8fG1hbiUyMGZhY2UlMjBjbG9zZXVwfGVufDB8fHx8MTc3ODA2NTIyOHww&ixlib=rb-4.1.0&q=80&w=1080,REAL,Male,26-35,True
3800,https://api.dicebear.com/7.x/personas/jpg?seed=user742&size=300,FAKE,Unknown,36-50,True
1409,https://images.unsplash.com/photo-1566537597227-606335a1154e?crop=entropy&cs=tinysrgb&fit=max&fm=jpg&ixid=M3w5NDQwMTV8MHwxfHNlYXJjaHwzMjl8fHdvbWFuJTIwZmFjZSUyMHBvcnRyYWl0fGVufDB8fHx8MTc3ODA2NTI2MXww&ixlib=rb-4.1.0&q=80&w=1080,REAL,Male,36-50,True
3425,https://api.dicebear.com/7.x/personas/jpg?seed=user367&size=300,FAKE,Unknown,36-50,True
1001,https://images.unsplash.com/photo-1632328153416-ba25c37d9226?crop=entropy&cs=tinysrgb&fit=max&fm=jpg&ixid=M3w5NDQwMTV8MHwxfHNlYXJjaHw0OTF8fG1hbiUyMGZhY2UlMjBjbG9zZXVwfGVufDB8fHx8MTc3ODA2NTIzMnww&ixlib=rb-4.1.0&q=80&w=1080,REAL,Male,26-35,True
1922,https://images.unsplash.com/photo-1623040594022-bc570093fbcd?crop=entropy&cs=tinysrgb&fit=max&fm=jpg&ixid=M3w5NDQwMTV8MHwxfHNlYXJjaHwyNzJ8fHBlcnNvbiUyMGZhY2UlMjBwaG90b3xlbnwwfHx8fDE3NzgwNjUyOTd8MA&ixlib=rb-4.1.0&q=80&w=1080,REAL,Unknown,18-25,True
80,https://images.unsplash.com/photo-1707050644833-5d1b934fb6c3?crop=entropy&cs=tinysrgb&fit=max&fm=jpg&ixid=M3w5NDQwMTV8MHwxfHNlYXJjaHw4MHx8aHVtYW4lMjBmYWNlJTIwcG9ydHJhaXR8ZW58MHx8fHwxNzc4MDY0NzE3fDA&ixlib=rb-4.1.0&q=80&w=1080,REAL,Male,26-35,True
4391,https://api.dicebear.com/7.x/personas/jpg?seed=user1333&size=300,FAKE,Unknown,50+,True
4324,https://api.dicebear.com/7.x/personas/jpg?seed=user1266&size=300,FAKE,Unknown,50+,True
1224,https://images.unsplash.com/photo-1640059563499-4d4ea256be5e?crop=entropy&cs=tinysrgb&fit=max&fm=jpg&ixid=M3w5NDQwMTV8MHwxfHNlYXJjaHwxNDR8fHdvbWFuJTIwZmFjZSUyMHBvcnRyYWl0fGVufDB8fHx8MTc3ODA2NTI0OHww&ixlib=rb-4.1.0&q=80&w=1080,REAL,Female,18-25,True
5001,https://api.dicebear.com/7.x/personas/jpg?seed=user1943&size=300,FAKE,Unknown,26-35,True
3869,https://api.dicebear.com/7.x/personas/jpg?seed=user811&size=300,FAKE,Unknown,26-35,True
3641,https://api.dicebear.com/7.x/personas/jpg?seed=user583&size=300,FAKE,Unknown,50+,True
419,https://images.unsplash.com/photo-1766139887733-da3886cc6908?crop=entropy&cs=tinysrgb&fit=max&fm=jpg&ixid=M3w5NDQwMTV8MHwxfHNlYXJjaHw0NDl8fGh1bWFuJTIwZmFjZSUyMHBvcnRyYWl0fGVufDB8fHx8MTc3ODA2NTAyMXww&ixlib=rb-4.1.0&q=80&w=1080,REAL,Female,18-25,True
1438,https://images.unsplash.com/photo-1635437408844-986e3fb5fb49?crop=entropy&cs=tinysrgb&fit=max&fm=jpg&ixid=M3w5NDQwMTV8MHwxfHNlYXJjaHwzNTh8fHdvbWFuJTIwZmFjZSUyMHBvcnRyYWl0fGVufDB8fHx8MTc3ODA2NTI2M3ww&ixlib=rb-4.1.0&q=80&w=1080,REAL,Unknown,36-50,True
4254,https://api.dicebear.com/7.x/personas/jpg?seed=user1196&size=300,FAKE,Unknown,18-25,True
1963,https://images.unsplash.com/photo-1648484859963-35328055100e?crop=entropy&cs=tinysrgb&fit=max&fm=jpg&ixid=M3w5NDQwMTV8MHwxfHNlYXJjaHwzMTN8fHBlcnNvbiUyMGZhY2UlMjBwaG90b3xlbnwwfHx8fDE3NzgwNjUyOTl8MA&ixlib=rb-4.1.0&q=80&w=1080,REAL,Female,18-25,True
5248,https://api.dicebear.com/7.x/personas/jpg?seed=user2190&size=300,FAKE,Unknown,26-35,True
3491,https://api.dicebear.com/7.x/personas/jpg?seed=user433&size=300,FAKE,Unknown,26-35,True
671,https://images.unsplash.com/photo-1709621404595-9b3dda23b728?crop=entropy&cs=tinysrgb&fit=max&fm=jpg&ixid=M3w5NDQwMTV8MHwxfHNlYXJjaHwxMzF8fG1hbiUyMGZhY2UlMjBjbG9zZXVwfGVufDB8fHx8MTc3ODA2NTA4N3ww&ixlib=rb-4.1.0&q=80&w=1080,REAL,Male,18-25,True
2168,https://images.unsplash.com/photo-1726741691592-f2821115d4a9?crop=entropy&cs=tinysrgb&fit=max&fm=jpg&ixid=M3w5NDQwMTV8MHwxfHNlYXJjaHw1MTh8fHBlcnNvbiUyMGZhY2UlMjBwaG90b3xlbnwwfHx8fDE3NzgwNjUzMTZ8MA&ixlib=rb-4.1.0&q=80&w=1080,REAL,Female,36-50,True
5202,https://api.dicebear.com/7.x/personas/jpg?seed=user2144&size=300,FAKE,Unknown,36-50,True
5321,https://api.dicebear.com/7.x/personas/jpg?seed=user2263&size=300,FAKE,Unknown,26-35,True
5433,https://api.dicebear.com/7.x/personas/jpg?seed=user2375&size=300,FAKE,Unknown,50+,True
5289,https://api.dicebear.com/7.x/personas/jpg?seed=user2231&size=300,FAKE,Unknown,18-25,True
1850,https://images.unsplash.com/photo-1647007419554-d56279abd62e?crop=entropy&cs=tinysrgb&fit=max&fm=jpg&ixid=M3w5NDQwMTV8MHwxfHNlYXJjaHwyMDB8fHBlcnNvbiUyMGZhY2UlMjBwaG90b3xlbnwwfHx8fDE3NzgwNjUyOTB8MA&ixlib=rb-4.1.0&q=80&w=1080,REAL,Unknown,18-25,True
3230,https://api.dicebear.com/7.x/personas/jpg?seed=user172&size=300,FAKE,Unknown,36-50,True
2557,https://images.unsplash.com/photo-1748163055046-092959503fe0?crop=entropy&cs=tinysrgb&fit=max&fm=jpg&ixid=M3w5NDQwMTV8MHwxfHNlYXJjaHwzMzd8fGFkdWx0JTIwZmFjZSUyMHBob3RvfGVufDB8fHx8MTc3ODA2ODg1NXww&ixlib=rb-4.1.0&q=80&w=1080,REAL,Female,50+,True
1786,https://images.unsplash.com/photo-1588717158677-4a5c8decbcd2?crop=entropy&cs=tinysrgb&fit=max&fm=jpg&ixid=M3w5NDQwMTV8MHwxfHNlYXJjaHwxMzZ8fHBlcnNvbiUyMGZhY2UlMjBwaG90b3xlbnwwfHx8fDE3NzgwNjUyODZ8MA&ixlib=rb-4.1.0&q=80&w=1080,REAL,Female,26-35,True
2225,https://images.unsplash.com/photo-1745426358430-7d88183c1b90?crop=entropy&cs=tinysrgb&fit=max&fm=jpg&ixid=M3w5NDQwMTV8MHwxfHNlYXJjaHw1fHxhZHVsdCUyMGZhY2UlMjBwaG90b3xlbnwwfHx8fDE3NzgwNjg4MzJ8MA&ixlib=rb-4.1.0&q=80&w=1080,REAL,Male,26-35,True
5088,https://api.dicebear.com/7.x/personas/jpg?seed=user2030&size=300,FAKE,Unknown,36-50,True
1769,https://images.unsplash.com/photo-1643563278887-3e3d80664397?crop=entropy&cs=tinysrgb&fit=max&fm=jpg&ixid=M3w5NDQwMTV8MHwxfHNlYXJjaHwxMTl8fHBlcnNvbiUyMGZhY2UlMjBwaG90b3xlbnwwfHx8fDE3NzgwNjUyODR8MA&ixlib=rb-4.1.0&q=80&w=1080,REAL,Male,26-35,True
3171,https://api.dicebear.com/7.x/personas/jpg?seed=user113&size=300,FAKE,Unknown,26-35,True
866,https://images.unsplash.com/photo-1756748371410-e4cd19a9ed23?crop=entropy&cs=tinysrgb&fit=max&fm=jpg&ixid=M3w5NDQwMTV8MHwxfHNlYXJjaHwzNTZ8fG1hbiUyMGZhY2UlMjBjbG9zZXVwfGVufDB8fHx8MTc3ODA2NTIyM3ww&ixlib=rb-4.1.0&q=80&w=1080,REAL,Male,36-50,True
4911,https://api.dicebear.com/7.x/personas/jpg?seed=user1853&size=300,FAKE,Unknown,50+,True
1996,https://images.unsplash.com/photo-1648484860075-b3b1f2fe0de8?crop=entropy&cs=tinysrgb&fit=max&fm=jpg&ixid=M3w5NDQwMTV8MHwxfHNlYXJjaHwzNDZ8fHBlcnNvbiUyMGZhY2UlMjBwaG90b3xlbnwwfHx8fDE3NzgwNjUzMDF8MA&ixlib=rb-4.1.0&q=80&w=1080,REAL,Female,36-50,True
4749,https://api.dicebear.com/7.x/personas/jpg?seed=user1691&size=300,FAKE,Unknown,50+,True
219,https://images.unsplash.com/photo-1714510380386-df1dc3111533?crop=entropy&cs=tinysrgb&fit=max&fm=jpg&ixid=M3w5NDQwMTV8MHwxfHNlYXJjaHwyNDl8fGh1bWFuJTIwZmFjZSUyMHBvcnRyYWl0fGVufDB8fHx8MTc3ODA2NDg3MHww&ixlib=rb-4.1.0&q=80&w=1080,REAL,Unknown,36-50,True
3805,https://api.dicebear.com/7.x/personas/jpg?seed=user747&size=300,FAKE,Unknown,26-35,True
3537,https://api.dicebear.com/7.x/personas/jpg?seed=user479&size=300,FAKE,Unknown,50+,True
3551,https://api.dicebear.com/7.x/personas/jpg?seed=user493&size=300,FAKE,Unknown,18-25,True
5448,https://api.dicebear.com/7.x/personas/jpg?seed=user2390&size=300,FAKE,Unknown,26-35,True
3848,https://api.dicebear.com/7.x/personas/jpg?seed=user790&size=300,FAKE,Unknown,26-35,True
3366,https://api.dicebear.com/7.x/personas/jpg?seed=user308&size=300,FAKE,Unknown,50+,True
3180,https://api.dicebear.com/7.x/personas/jpg?seed=user122&size=300,FAKE,Unknown,36-50,True
141,https://images.unsplash.com/photo-1732562793918-7b7816cfa1e4?crop=entropy&cs=tinysrgb&fit=max&fm=jpg&ixid=M3w5NDQwMTV8MHwxfHNlYXJjaHwxNDF8fGh1bWFuJTIwZmFjZSUyMHBvcnRyYWl0fGVufDB8fHx8MTc3ODA2NDcyNXww&ixlib=rb-4.1.0&q=80&w=1080,REAL,Unknown,50+,True
361,https://images.unsplash.com/photo-1624948736182-7841d1cf2441?crop=entropy&cs=tinysrgb&fit=max&fm=jpg&ixid=M3w5NDQwMTV8MHwxfHNlYXJjaHwzOTF8fGh1bWFuJTIwZmFjZSUyMHBvcnRyYWl0fGVufDB8fHx8MTc3ODA2NTAwMXww&ixlib=rb-4.1.0&q=80&w=1080,REAL,Male,36-50,True
863,https://images.unsplash.com/photo-1568729745879-8fc48f697441?crop=entropy&cs=tinysrgb&fit=max&fm=jpg&ixid=M3w5NDQwMTV8MHwxfHNlYXJjaHwzNTN8fG1hbiUyMGZhY2UlMjBjbG9zZXVwfGVufDB8fHx8MTc3ODA2NTIyM3ww&ixlib=rb-4.1.0&q=80&w=1080,REAL,Female,36-50,True
815,https://images.unsplash.com/photo-1771896768694-27a086335458?crop=entropy&cs=tinysrgb&fit=max&fm=jpg&ixid=M3w5NDQwMTV8MHwxfHNlYXJjaHwzMDV8fG1hbiUyMGZhY2UlMjBjbG9zZXVwfGVufDB8fHx8MTc3ODA2NTIxOHww&ixlib=rb-4.1.0&q=80&w=1080,REAL,Female,36-50,True
4399,https://api.dicebear.com/7.x/personas/jpg?seed=user1341&size=300,FAKE,Unknown,26-35,True
2685,https://images.unsplash.com/photo-1632266911008-331d3e81e322?crop=entropy&cs=tinysrgb&fit=max&fm=jpg&ixid=M3w5NDQwMTV8MHwxfHNlYXJjaHw0NjV8fGFkdWx0JTIwZmFjZSUyMHBob3RvfGVufDB8fHx8MTc3ODA2ODg2OHww&ixlib=rb-4.1.0&q=80&w=1080,REAL,Female,36-50,True
1184,https://images.unsplash.com/photo-1689237076599-9b27312ecf49?crop=entropy&cs=tinysrgb&fit=max&fm=jpg&ixid=M3w5NDQwMTV8MHwxfHNlYXJjaHwxMDR8fHdvbWFuJTIwZmFjZSUyMHBvcnRyYWl0fGVufDB8fHx8MTc3ODA2NTI0Nnww&ixlib=rb-4.1.0&q=80&w=1080,REAL,Male,36-50,True
452,https://images.unsplash.com/photo-1746116572316-fde4373f0700?crop=entropy&cs=tinysrgb&fit=max&fm=jpg&ixid=M3w5NDQwMTV8MHwxfHNlYXJjaHw0ODJ8fGh1bWFuJTIwZmFjZSUyMHBvcnRyYWl0fGVufDB8fHx8MTc3ODA2NTAzN3ww&ixlib=rb-4.1.0&q=80&w=1080,REAL,Male,50+,True
2859,https://randomuser.me/api/portraits/men/69.jpg,FAKE,Male,36-50,True
5513,https://api.dicebear.com/7.x/personas/jpg?seed=user2455&size=300,FAKE,Unknown,36-50,True
5549,https://api.dicebear.com/7.x/personas/jpg?seed=user2491&size=300,FAKE,Unknown,18-25,True
244,https://images.unsplash.com/photo-1732968158464-ac12038326d3?crop=entropy&cs=tinysrgb&fit=max&fm=jpg&ixid=M3w5NDQwMTV8MHwxfHNlYXJjaHwyNzR8fGh1bWFuJTIwZmFjZSUyMHBvcnRyYWl0fGVufDB8fHx8MTc3ODA2NDkwMnww&ixlib=rb-4.1.0&q=80&w=1080,REAL,Male,18-25,True
5505,https://api.dicebear.com/7.x/personas/jpg?seed=user2447&size=300,FAKE,Unknown,50+,True
4465,https://api.dicebear.com/7.x/personas/jpg?seed=user1407&size=300,FAKE,Unknown,50+,True
2488,https://images.unsplash.com/photo-1574526787396-da66a83b83fc?crop=entropy&cs=tinysrgb&fit=max&fm=jpg&ixid=M3w5NDQwMTV8MHwxfHNlYXJjaHwyNjh8fGFkdWx0JTIwZmFjZSUyMHBob3RvfGVufDB8fHx8MTc3ODA2ODg0OXww&ixlib=rb-4.1.0&q=80&w=1080,REAL,Unknown,18-25,True
3781,https://api.dicebear.com/7.x/personas/jpg?seed=user723&size=300,FAKE,Unknown,26-35,True
2246,https://images.unsplash.com/photo-1702449269565-8bbe32972f65?crop=entropy&cs=tinysrgb&fit=max&fm=jpg&ixid=M3w5NDQwMTV8MHwxfHNlYXJjaHwyNnx8YWR1bHQlMjBmYWNlJTIwcGhvdG98ZW58MHx8fHwxNzc4MDY4ODMyfDA&ixlib=rb-4.1.0&q=80&w=1080,REAL,Female,18-25,True
1379,https://images.unsplash.com/photo-1678713100530-0bd62614afe8?crop=entropy&cs=tinysrgb&fit=max&fm=jpg&ixid=M3w5NDQwMTV8MHwxfHNlYXJjaHwyOTl8fHdvbWFuJTIwZmFjZSUyMHBvcnRyYWl0fGVufDB8fHx8MTc3ODA2NTI1OXww&ixlib=rb-4.1.0&q=80&w=1080,REAL,Male,26-35,True
798,https://images.unsplash.com/photo-1641479567742-89b589c2db8d?crop=entropy&cs=tinysrgb&fit=max&fm=jpg&ixid=M3w5NDQwMTV8MHwxfHNlYXJjaHwyODh8fG1hbiUyMGZhY2UlMjBjbG9zZXVwfGVufDB8fHx8MTc3ODA2NTIxNnww&ixlib=rb-4.1.0&q=80&w=1080,REAL,Unknown,36-50,True
1371,https://images.unsplash.com/photo-1559842376-c0eb5b516cfb?crop=entropy&cs=tinysrgb&fit=max&fm=jpg&ixid=M3w5NDQwMTV8MHwxfHNlYXJjaHwyOTF8fHdvbWFuJTIwZmFjZSUyMHBvcnRyYWl0fGVufDB8fHx8MTc3ODA2NTI1OXww&ixlib=rb-4.1.0&q=80&w=1080,REAL,Female,36-50,True
4946,https://api.dicebear.com/7.x/personas/jpg?seed=user1888&size=300,FAKE,Unknown,26-35,True
5139,https://api.dicebear.com/7.x/personas/jpg?seed=user2081&size=300,FAKE,Unknown,18-25,True
2544,https://images.unsplash.com/photo-1680444602159-cd8b9abe4698?crop=entropy&cs=tinysrgb&fit=max&fm=jpg&ixid=M3w5NDQwMTV8MHwxfHNlYXJjaHwzMjR8fGFkdWx0JTIwZmFjZSUyMHBob3RvfGVufDB8fHx8MTc3ODA2ODg1M3ww&ixlib=rb-4.1.0&q=80&w=1080,REAL,Female,18-25,True
4500,https://api.dicebear.com/7.x/personas/jpg?seed=user1442&size=300,FAKE,Unknown,18-25,True
5074,https://api.dicebear.com/7.x/personas/jpg?seed=user2016&size=300,FAKE,Unknown,36-50,True
1544,https://images.unsplash.com/photo-1636393915614-60fc2f0634f3?crop=entropy&cs=tinysrgb&fit=max&fm=jpg&ixid=M3w5NDQwMTV8MHwxfHNlYXJjaHw0NjR8fHdvbWFuJTIwZmFjZSUyMHBvcnRyYWl0fGVufDB8fHx8MTc3ODA2NTI3MXww&ixlib=rb-4.1.0&q=80&w=1080,REAL,Unknown,36-50,True
2257,https://images.unsplash.com/photo-1727341557531-343cd4364501?crop=entropy&cs=tinysrgb&fit=max&fm=jpg&ixid=M3w5NDQwMTV8MHwxfHNlYXJjaHwzN3x8YWR1bHQlMjBmYWNlJTIwcGhvdG98ZW58MHx8fHwxNzc4MDY4ODMzfDA&ixlib=rb-4.1.0&q=80&w=1080,REAL,Male,50+,True
5428,https://api.dicebear.com/7.x/personas/jpg?seed=user2370&size=300,FAKE,Unknown,18-25,True
5257,https://api.dicebear.com/7.x/personas/jpg?seed=user2199&size=300,FAKE,Unknown,36-50,True
2563,https://images.unsplash.com/photo-1558873036-967156c494dd?crop=entropy&cs=tinysrgb&fit=max&fm=jpg&ixid=M3w5NDQwMTV8MHwxfHNlYXJjaHwzNDN8fGFkdWx0JTIwZmFjZSUyMHBob3RvfGVufDB8fHx8MTc3ODA2ODg1NXww&ixlib=rb-4.1.0&q=80&w=1080,REAL,Male,36-50,True
4337,https://api.dicebear.com/7.x/personas/jpg?seed=user1279&size=300,FAKE,Unknown,26-35,True
5367,https://api.dicebear.com/7.x/personas/jpg?seed=user2309&size=300,FAKE,Unknown,26-35,True
1646,https://images.unsplash.com/photo-1761026970013-63406f84ed03?crop=entropy&cs=tinysrgb&fit=max&fm=jpg&ixid=M3w5NDQwMTV8MHwxfHNlYXJjaHw1NjZ8fHdvbWFuJTIwZmFjZSUyMHBvcnRyYWl0fGVufDB8fHx8MTc3ODA2NTI3Nnww&ixlib=rb-4.1.0&q=80&w=1080,REAL,Unknown,18-25,True
4742,https://api.dicebear.com/7.x/personas/jpg?seed=user1684&size=300,FAKE,Unknown,18-25,True
4903,https://api.dicebear.com/7.x/personas/jpg?seed=user1845&size=300,FAKE,Unknown,18-25,True
1666,https://images.unsplash.com/photo-1586822339087-80cc375ac083?crop=entropy&cs=tinysrgb&fit=max&fm=jpg&ixid=M3w5NDQwMTV8MHwxfHNlYXJjaHwxNnx8cGVyc29uJTIwZmFjZSUyMHBob3RvfGVufDB8fHx8MTc3ODA2NTI3OHww&ixlib=rb-4.1.0&q=80&w=1080,REAL,Unknown,26-35,True
65,https://images.unsplash.com/photo-1731569120301-6dbd8eaf7cca?crop=entropy&cs=tinysrgb&fit=max&fm=jpg&ixid=M3w5NDQwMTV8MHwxfHNlYXJjaHw2NXx8aHVtYW4lMjBmYWNlJTIwcG9ydHJhaXR8ZW58MHx8fHwxNzc4MDY0NzE3fDA&ixlib=rb-4.1.0&q=80&w=1080,REAL,Female,36-50,True
1680,https://images.unsplash.com/photo-1733431281551-9eadf123bd86?crop=entropy&cs=tinysrgb&fit=max&fm=jpg&ixid=M3w5NDQwMTV8MHwxfHNlYXJjaHwzMHx8cGVyc29uJTIwZmFjZSUyMHBob3RvfGVufDB8fHx8MTc3ODA2NTI3OHww&ixlib=rb-4.1.0&q=80&w=1080,REAL,Female,18-25,True
5059,https://api.dicebear.com/7.x/personas/jpg?seed=user2001&size=300,FAKE,Unknown,26-35,True
457,https://images.unsplash.com/photo-1732195636321-3b83cb00669f?crop=entropy&cs=tinysrgb&fit=max&fm=jpg&ixid=M3w5NDQwMTV8MHwxfHNlYXJjaHw0ODd8fGh1bWFuJTIwZmFjZSUyMHBvcnRyYWl0fGVufDB8fHx8MTc3ODA2NTAzN3ww&ixlib=rb-4.1.0&q=80&w=1080,REAL,Female,36-50,True
2392,https://images.unsplash.com/photo-1735205012251-f01d6eacf5b9?crop=entropy&cs=tinysrgb&fit=max&fm=jpg&ixid=M3w5NDQwMTV8MHwxfHNlYXJjaHwxNzJ8fGFkdWx0JTIwZmFjZSUyMHBob3RvfGVufDB8fHx8MTc3ODA2ODg0Mnww&ixlib=rb-4.1.0&q=80&w=1080,REAL,Female,36-50,True
2075,https://images.unsplash.com/photo-1597069170894-eb727a7a7b3c?crop=entropy&cs=tinysrgb&fit=max&fm=jpg&ixid=M3w5NDQwMTV8MHwxfHNlYXJjaHw0MjV8fHBlcnNvbiUyMGZhY2UlMjBwaG90b3xlbnwwfHx8fDE3NzgwNjUzMDh8MA&ixlib=rb-4.1.0&q=80&w=1080,REAL,Male,18-25,True
1877,https://images.unsplash.com/photo-1739671191236-867608fec5e7?crop=entropy&cs=tinysrgb&fit=max&fm=jpg&ixid=M3w5NDQwMTV8MHwxfHNlYXJjaHwyMjd8fHBlcnNvbiUyMGZhY2UlMjBwaG90b3xlbnwwfHx8fDE3NzgwNjUyOTJ8MA&ixlib=rb-4.1.0&q=80&w=1080,REAL,Unknown,26-35,True
3901,https://api.dicebear.com/7.x/personas/jpg?seed=user843&size=300,FAKE,Unknown,18-25,True
2250,https://images.unsplash.com/photo-1727341552055-8dfafb909bf8?crop=entropy&cs=tinysrgb&fit=max&fm=jpg&ixid=M3w5NDQwMTV8MHwxfHNlYXJjaHwzMHx8YWR1bHQlMjBmYWNlJTIwcGhvdG98ZW58MHx8fHwxNzc4MDY4ODMyfDA&ixlib=rb-4.1.0&q=80&w=1080,REAL,Unknown,36-50,True
547,https://images.unsplash.com/photo-1702034651937-3c3443e6a851?crop=entropy&cs=tinysrgb&fit=max&fm=jpg&ixid=M3w5NDQwMTV8MHwxfHNlYXJjaHw3fHxtYW4lMjBmYWNlJTIwY2xvc2V1cHxlbnwwfHx8fDE3NzgwNjUwNjN8MA&ixlib=rb-4.1.0&q=80&w=1080,REAL,Male,26-35,True
3460,https://api.dicebear.com/7.x/personas/jpg?seed=user402&size=300,FAKE,Unknown,26-35,True
5291,https://api.dicebear.com/7.x/personas/jpg?seed=user2233&size=300,FAKE,Unknown,26-35,True
3065,https://api.dicebear.com/7.x/personas/jpg?seed=user7&size=300,FAKE,Unknown,36-50,True
3034,https://i.pravatar.cc/300?img=46,FAKE,Unknown,18-25,True
3427,https://api.dicebear.com/7.x/personas/jpg?seed=user369&size=300,FAKE,Unknown,50+,True
200,https://images.unsplash.com/photo-1711913379515-22eb558372c6?crop=entropy&cs=tinysrgb&fit=max&fm=jpg&ixid=M3w5NDQwMTV8MHwxfHNlYXJjaHwyMDB8fGh1bWFuJTIwZmFjZSUyMHBvcnRyYWl0fGVufDB8fHx8MTc3ODA2NDc1M3ww&ixlib=rb-4.1.0&q=80&w=1080,REAL,Female,18-25,True
2001,https://images.unsplash.com/photo-1701284356734-9b6cda0c9d77?crop=entropy&cs=tinysrgb&fit=max&fm=jpg&ixid=M3w5NDQwMTV8MHwxfHNlYXJjaHwzNTF8fHBlcnNvbiUyMGZhY2UlMjBwaG90b3xlbnwwfHx8fDE3NzgwNjUzMDF8MA&ixlib=rb-4.1.0&q=80&w=1080,REAL,Female,50+,True
3110,https://api.dicebear.com/7.x/personas/jpg?seed=user52&size=300,FAKE,Unknown,26-35,True
5086,https://api.dicebear.com/7.x/personas/jpg?seed=user2028&size=300,FAKE,Unknown,26-35,True
1802,https://images.unsplash.com/photo-1611780133619-f27d7b6ed77f?crop=entropy&cs=tinysrgb&fit=max&fm=jpg&ixid=M3w5NDQwMTV8MHwxfHNlYXJjaHwxNTJ8fHBlcnNvbiUyMGZhY2UlMjBwaG90b3xlbnwwfHx8fDE3NzgwNjUyODh8MA&ixlib=rb-4.1.0&q=80&w=1080,REAL,Male,18-25,True
196,https://images.unsplash.com/photo-1758598497219-45e77afc5b53?crop=entropy&cs=tinysrgb&fit=max&fm=jpg&ixid=M3w5NDQwMTV8MHwxfHNlYXJjaHwxOTZ8fGh1bWFuJTIwZmFjZSUyMHBvcnRyYWl0fGVufDB8fHx8MTc3ODA2NDc1M3ww&ixlib=rb-4.1.0&q=80&w=1080,REAL,Unknown,26-35,True
1412,https://images.unsplash.com/photo-1625558186630-5e03e15f3a87?crop=entropy&cs=tinysrgb&fit=max&fm=jpg&ixid=M3w5NDQwMTV8MHwxfHNlYXJjaHwzMzJ8fHdvbWFuJTIwZmFjZSUyMHBvcnRyYWl0fGVufDB8fHx8MTc3ODA2NTI2M3ww&ixlib=rb-4.1.0&q=80&w=1080,REAL,Male,50+,True
1271,https://images.unsplash.com/photo-1612638714844-ffd4cdf655c6?crop=entropy&cs=tinysrgb&fit=max&fm=jpg&ixid=M3w5NDQwMTV8MHwxfHNlYXJjaHwxOTF8fHdvbWFuJTIwZmFjZSUyMHBvcnRyYWl0fGVufDB8fHx8MTc3ODA2NTI1M3ww&ixlib=rb-4.1.0&q=80&w=1080,REAL,Unknown,50+,True
1102,https://images.unsplash.com/photo-1567959951004-487b3d6342a4?crop=entropy&cs=tinysrgb&fit=max&fm=jpg&ixid=M3w5NDQwMTV8MHwxfHNlYXJjaHwyMnx8d29tYW4lMjBmYWNlJTIwcG9ydHJhaXR8ZW58MHx8fHwxNzc4MDY1MjM5fDA&ixlib=rb-4.1.0&q=80&w=1080,REAL,Unknown,26-35,True
4441,https://api.dicebear.com/7.x/personas/jpg?seed=user1383&size=300,FAKE,Unknown,18-25,True
4419,https://api.dicebear.com/7.x/personas/jpg?seed=user1361&size=300,FAKE,Unknown,26-35,True
1644,https://images.unsplash.com/photo-1671741940005-1200800ca5fd?crop=entropy&cs=tinysrgb&fit=max&fm=jpg&ixid=M3w5NDQwMTV8MHwxfHNlYXJjaHw1NjR8fHdvbWFuJTIwZmFjZSUyMHBvcnRyYWl0fGVufDB8fHx8MTc3ODA2NTI3Nnww&ixlib=rb-4.1.0&q=80&w=1080,REAL,Male,50+,True
1308,https://images.unsplash.com/photo-1665485825675-b774e599e6fd?crop=entropy&cs=tinysrgb&fit=max&fm=jpg&ixid=M3w5NDQwMTV8MHwxfHNlYXJjaHwyMjh8fHdvbWFuJTIwZmFjZSUyMHBvcnRyYWl0fGVufDB8fHx8MTc3ODA2NTI1NXww&ixlib=rb-4.1.0&q=80&w=1080,REAL,Unknown,26-35,True
2314,https://images.unsplash.com/photo-1730926113324-2ed98f695074?crop=entropy&cs=tinysrgb&fit=max&fm=jpg&ixid=M3w5NDQwMTV8MHwxfHNlYXJjaHw5NHx8YWR1bHQlMjBmYWNlJTIwcGhvdG98ZW58MHx8fHwxNzc4MDY4ODM4fDA&ixlib=rb-4.1.0&q=80&w=1080,REAL,Unknown,36-50,True
85,https://images.unsplash.com/photo-1680104072375-92c7fa04cd0e?crop=entropy&cs=tinysrgb&fit=max&fm=jpg&ixid=M3w5NDQwMTV8MHwxfHNlYXJjaHw4NXx8aHVtYW4lMjBmYWNlJTIwcG9ydHJhaXR8ZW58MHx8fHwxNzc4MDY0NzE3fDA&ixlib=rb-4.1.0&q=80&w=1080,REAL,Female,18-25,True
4871,https://api.dicebear.com/7.x/personas/jpg?seed=user1813&size=300,FAKE,Unknown,50+,True
4546,https://api.dicebear.com/7.x/personas/jpg?seed=user1488&size=300,FAKE,Unknown,50+,True
4806,https://api.dicebear.com/7.x/personas/jpg?seed=user1748&size=300,FAKE,Unknown,36-50,True
5340,https://api.dicebear.com/7.x/personas/jpg?seed=user2282&size=300,FAKE,Unknown,26-35,True
1180,https://images.unsplash.com/photo-1642069569416-33d7cd19b4e5?crop=entropy&cs=tinysrgb&fit=max&fm=jpg&ixid=M3w5NDQwMTV8MHwxfHNlYXJjaHwxMDB8fHdvbWFuJTIwZmFjZSUyMHBvcnRyYWl0fGVufDB8fHx8MTc3ODA2NTI0Nnww&ixlib=rb-4.1.0&q=80&w=1080,REAL,Male,18-25,True
3950,https://api.dicebear.com/7.x/personas/jpg?seed=user892&size=300,FAKE,Unknown,36-50,True
5545,https://api.dicebear.com/7.x/personas/jpg?seed=user2487&size=300,FAKE,Unknown,50+,True
947,https://images.unsplash.com/photo-1527071352540-0dbc965c2ac0?crop=entropy&cs=tinysrgb&fit=max&fm=jpg&ixid=M3w5NDQwMTV8MHwxfHNlYXJjaHw0Mzd8fG1hbiUyMGZhY2UlMjBjbG9zZXVwfGVufDB8fHx8MTc3ODA2NTIyOHww&ixlib=rb-4.1.0&q=80&w=1080,REAL,Unknown,26-35,True
1062,https://images.unsplash.com/photo-1547757555-8b9048aa4369?crop=entropy&cs=tinysrgb&fit=max&fm=jpg&ixid=M3w5NDQwMTV8MHwxfHNlYXJjaHw1NTJ8fG1hbiUyMGZhY2UlMjBjbG9zZXVwfGVufDB8fHx8MTc3ODA2NTIzNnww&ixlib=rb-4.1.0&q=80&w=1080,REAL,Unknown,50+,True
4400,https://api.dicebear.com/7.x/personas/jpg?seed=user1342&size=300,FAKE,Unknown,50+,True
4447,https://api.dicebear.com/7.x/personas/jpg?seed=user1389&size=300,FAKE,Unknown,36-50,True
4127,https://api.dicebear.com/7.x/personas/jpg?seed=user1069&size=300,FAKE,Unknown,50+,True
3457,https://api.dicebear.com/7.x/personas/jpg?seed=user399&size=300,FAKE,Unknown,18-25,True
1449,https://images.unsplash.com/photo-1626277149792-65d168fcadf1?crop=entropy&cs=tinysrgb&fit=max&fm=jpg&ixid=M3w5NDQwMTV8MHwxfHNlYXJjaHwzNjl8fHdvbWFuJTIwZmFjZSUyMHBvcnRyYWl0fGVufDB8fHx8MTc3ODA2NTI2NXww&ixlib=rb-4.1.0&q=80&w=1080,REAL,Unknown,36-50,True
2546,https://images.unsplash.com/photo-1610767619216-94a37b9f3686?crop=entropy&cs=tinysrgb&fit=max&fm=jpg&ixid=M3w5NDQwMTV8MHwxfHNlYXJjaHwzMjZ8fGFkdWx0JTIwZmFjZSUyMHBob3RvfGVufDB8fHx8MTc3ODA2ODg1M3ww&ixlib=rb-4.1.0&q=80&w=1080,REAL,Male,50+,True
450,https://images.unsplash.com/photo-1590838855320-43fe04e3c29c?crop=entropy&cs=tinysrgb&fit=max&fm=jpg&ixid=M3w5NDQwMTV8MHwxfHNlYXJjaHw0ODB8fGh1bWFuJTIwZmFjZSUyMHBvcnRyYWl0fGVufDB8fHx8MTc3ODA2NTAzM3ww&ixlib=rb-4.1.0&q=80&w=1080,REAL,Male,26-35,True
3691,https://api.dicebear.com/7.x/personas/jpg?seed=user633&size=300,FAKE,Unknown,50+,True
5009,https://api.dicebear.com/7.x/personas/jpg?seed=user1951&size=300,FAKE,Unknown,36-50,True
137,https://images.unsplash.com/photo-1579610520129-963c74781ffb?crop=entropy&cs=tinysrgb&fit=max&fm=jpg&ixid=M3w5NDQwMTV8MHwxfHNlYXJjaHwxMzd8fGh1bWFuJTIwZmFjZSUyMHBvcnRyYWl0fGVufDB8fHx8MTc3ODA2NDcyNXww&ixlib=rb-4.1.0&q=80&w=1080,REAL,Male,18-25,True
3055,https://i.pravatar.cc/300?img=67,FAKE,Unknown,50+,True
3980,https://api.dicebear.com/7.x/personas/jpg?seed=user922&size=300,FAKE,Unknown,50+,True
1731,https://images.unsplash.com/photo-1565934267499-93bdf927ae90?crop=entropy&cs=tinysrgb&fit=max&fm=jpg&ixid=M3w5NDQwMTV8MHwxfHNlYXJjaHw4MXx8cGVyc29uJTIwZmFjZSUyMHBob3RvfGVufDB8fHx8MTc3ODA2NTI4Mnww&ixlib=rb-4.1.0&q=80&w=1080,REAL,Male,50+,True
160,https://images.unsplash.com/photo-1602485787735-afe240df59f5?crop=entropy&cs=tinysrgb&fit=max&fm=jpg&ixid=M3w5NDQwMTV8MHwxfHNlYXJjaHwxNjB8fGh1bWFuJTIwZmFjZSUyMHBvcnRyYWl0fGVufDB8fHx8MTc3ODA2NDc0OXww&ixlib=rb-4.1.0&q=80&w=1080,REAL,Male,26-35,True
2895,https://randomuser.me/api/portraits/women/6.jpg,FAKE,Female,50+,True
3220,https://api.dicebear.com/7.x/personas/jpg?seed=user162&size=300,FAKE,Unknown,50+,True
1203,https://images.unsplash.com/photo-1647957866343-87662a2daaad?crop=entropy&cs=tinysrgb&fit=max&fm=jpg&ixid=M3w5NDQwMTV8MHwxfHNlYXJjaHwxMjN8fHdvbWFuJTIwZmFjZSUyMHBvcnRyYWl0fGVufDB8fHx8MTc3ODA2NTI0OHww&ixlib=rb-4.1.0&q=80&w=1080,REAL,Female,36-50,True
5051,https://api.dicebear.com/7.x/personas/jpg?seed=user1993&size=300,FAKE,Unknown,18-25,True
4256,https://api.dicebear.com/7.x/personas/jpg?seed=user1198&size=300,FAKE,Unknown,26-35,True
4691,https://api.dicebear.com/7.x/personas/jpg?seed=user1633&size=300,FAKE,Unknown,18-25,True
78,https://images.unsplash.com/photo-1563235453-a57d94b5a552?crop=entropy&cs=tinysrgb&fit=max&fm=jpg&ixid=M3w5NDQwMTV8MHwxfHNlYXJjaHw3OHx8aHVtYW4lMjBmYWNlJTIwcG9ydHJhaXR8ZW58MHx8fHwxNzc4MDY0NzE3fDA&ixlib=rb-4.1.0&q=80&w=1080,REAL,Female,18-25,True
1974,https://images.unsplash.com/photo-1648484860045-f7fdac111d3f?crop=entropy&cs=tinysrgb&fit=max&fm=jpg&ixid=M3w5NDQwMTV8MHwxfHNlYXJjaHwzMjR8fHBlcnNvbiUyMGZhY2UlMjBwaG90b3xlbnwwfHx8fDE3NzgwNjUyOTl8MA&ixlib=rb-4.1.0&q=80&w=1080,REAL,Unknown,18-25,True
2857,https://randomuser.me/api/portraits/men/67.jpg,FAKE,Male,26-35,True
3785,https://api.dicebear.com/7.x/personas/jpg?seed=user727&size=300,FAKE,Unknown,50+,True
168,https://images.unsplash.com/photo-1567227278042-f78c52fafae7?crop=entropy&cs=tinysrgb&fit=max&fm=jpg&ixid=M3w5NDQwMTV8MHwxfHNlYXJjaHwxNjh8fGh1bWFuJTIwZmFjZSUyMHBvcnRyYWl0fGVufDB8fHx8MTc3ODA2NDc0OXww&ixlib=rb-4.1.0&q=80&w=1080,REAL,Female,18-25,True
2059,https://images.unsplash.com/photo-1744670111338-095a8f846cf3?crop=entropy&cs=tinysrgb&fit=max&fm=jpg&ixid=M3w5NDQwMTV8MHwxfHNlYXJjaHw0MDl8fHBlcnNvbiUyMGZhY2UlMjBwaG90b3xlbnwwfHx8fDE3NzgwNjUzMDV8MA&ixlib=rb-4.1.0&q=80&w=1080,REAL,Male,50+,True
1496,https://images.unsplash.com/photo-1611232658769-eefa314723f7?crop=entropy&cs=tinysrgb&fit=max&fm=jpg&ixid=M3w5NDQwMTV8MHwxfHNlYXJjaHw0MTZ8fHdvbWFuJTIwZmFjZSUyMHBvcnRyYWl0fGVufDB8fHx8MTc3ODA2NTI2N3ww&ixlib=rb-4.1.0&q=80&w=1080,REAL,Unknown,50+,True
3642,https://api.dicebear.com/7.x/personas/jpg?seed=user584&size=300,FAKE,Unknown,26-35,True
4110,https://api.dicebear.com/7.x/personas/jpg?seed=user1052&size=300,FAKE,Unknown,18-25,True
1401,https://images.unsplash.com/photo-1640557434255-70fc9a5f23b2?crop=entropy&cs=tinysrgb&fit=max&fm=jpg&ixid=M3w5NDQwMTV8MHwxfHNlYXJjaHwzMjF8fHdvbWFuJTIwZmFjZSUyMHBvcnRyYWl0fGVufDB8fHx8MTc3ODA2NTI2MXww&ixlib=rb-4.1.0&q=80&w=1080,REAL,Male,36-50,True
3141,https://api.dicebear.com/7.x/personas/jpg?seed=user83&size=300,FAKE,Unknown,36-50,True
5406,https://api.dicebear.com/7.x/personas/jpg?seed=user2348&size=300,FAKE,Unknown,26-35,True
38,https://images.unsplash.com/photo-1620772161696-e2e920ac31d3?crop=entropy&cs=tinysrgb&fit=max&fm=jpg&ixid=M3w5NDQwMTV8MHwxfHNlYXJjaHwzOHx8aHVtYW4lMjBmYWNlJTIwcG9ydHJhaXR8ZW58MHx8fHwxNzc4MDY0NzA2fDA&ixlib=rb-4.1.0&q=80&w=1080,REAL,Female,18-25,True
1492,https://images.unsplash.com/photo-1622551445161-bab5bcb90ff4?crop=entropy&cs=tinysrgb&fit=max&fm=jpg&ixid=M3w5NDQwMTV8MHwxfHNlYXJjaHw0MTJ8fHdvbWFuJTIwZmFjZSUyMHBvcnRyYWl0fGVufDB8fHx8MTc3ODA2NTI2N3ww&ixlib=rb-4.1.0&q=80&w=1080,REAL,Male,18-25,True
3152,https://api.dicebear.com/7.x/personas/jpg?seed=user94&size=300,FAKE,Unknown,50+,True
2054,https://images.unsplash.com/photo-1635763229860-482a9dface3b?crop=entropy&cs=tinysrgb&fit=max&fm=jpg&ixid=M3w5NDQwMTV8MHwxfHNlYXJjaHw0MDR8fHBlcnNvbiUyMGZhY2UlMjBwaG90b3xlbnwwfHx8fDE3NzgwNjUzMDV8MA&ixlib=rb-4.1.0&q=80&w=1080,REAL,Female,50+,True
3903,https://api.dicebear.com/7.x/personas/jpg?seed=user845&size=300,FAKE,Unknown,26-35,True
3066,https://api.dicebear.com/7.x/personas/jpg?seed=user8&size=300,FAKE,Unknown,36-50,True
285,https://images.unsplash.com/photo-1593529772620-47f36b5bf724?crop=entropy&cs=tinysrgb&fit=max&fm=jpg&ixid=M3w5NDQwMTV8MHwxfHNlYXJjaHwzMTV8fGh1bWFuJTIwZmFjZSUyMHBvcnRyYWl0fGVufDB8fHx8MTc3ODA2NDk4N3ww&ixlib=rb-4.1.0&q=80&w=1080,REAL,Female,36-50,True
4056,https://api.dicebear.com/7.x/personas/jpg?seed=user998&size=300,FAKE,Unknown,36-50,True
3429,https://api.dicebear.com/7.x/personas/jpg?seed=user371&size=300,FAKE,Unknown,18-25,True
3291,https://api.dicebear.com/7.x/personas/jpg?seed=user233&size=300,FAKE,Unknown,18-25,True
2256,https://images.unsplash.com/photo-1727341556787-7292f7515aec?crop=entropy&cs=tinysrgb&fit=max&fm=jpg&ixid=M3w5NDQwMTV8MHwxfHNlYXJjaHwzNnx8YWR1bHQlMjBmYWNlJTIwcGhvdG98ZW58MHx8fHwxNzc4MDY4ODMzfDA&ixlib=rb-4.1.0&q=80&w=1080,REAL,Female,50+,True
2766,https://images.unsplash.com/photo-1746410848551-ca40cdb57674?crop=entropy&cs=tinysrgb&fit=max&fm=jpg&ixid=M3w5NDQwMTV8MHwxfHNlYXJjaHw1NDZ8fGFkdWx0JTIwZmFjZSUyMHBob3RvfGVufDB8fHx8MTc3ODA2ODg3Nnww&ixlib=rb-4.1.0&q=80&w=1080,REAL,Female,26-35,True
274,https://images.unsplash.com/photo-1683411830860-3d131ffa2a59?crop=entropy&cs=tinysrgb&fit=max&fm=jpg&ixid=M3w5NDQwMTV8MHwxfHNlYXJjaHwzMDR8fGh1bWFuJTIwZmFjZSUyMHBvcnRyYWl0fGVufDB8fHx8MTc3ODA2NDk4N3ww&ixlib=rb-4.1.0&q=80&w=1080,REAL,Unknown,26-35,True
1008,https://images.unsplash.com/photo-1649018831890-35a142de2210?crop=entropy&cs=tinysrgb&fit=max&fm=jpg&ixid=M3w5NDQwMTV8MHwxfHNlYXJjaHw0OTh8fG1hbiUyMGZhY2UlMjBjbG9zZXVwfGVufDB8fHx8MTc3ODA2NTIzMnww&ixlib=rb-4.1.0&q=80&w=1080,REAL,Unknown,50+,True
3481,https://api.dicebear.com/7.x/personas/jpg?seed=user423&size=300,FAKE,Unknown,18-25,True
1053,https://images.unsplash.com/photo-1649934081525-8373c5e8dfea?crop=entropy&cs=tinysrgb&fit=max&fm=jpg&ixid=M3w5NDQwMTV8MHwxfHNlYXJjaHw1NDN8fG1hbiUyMGZhY2UlMjBjbG9zZXVwfGVufDB8fHx8MTc3ODA2NTIzNnww&ixlib=rb-4.1.0&q=80&w=1080,REAL,Female,26-35,True
1190,https://images.unsplash.com/photo-1544221878-3173c853b28c?crop=entropy&cs=tinysrgb&fit=max&fm=jpg&ixid=M3w5NDQwMTV8MHwxfHNlYXJjaHwxMTB8fHdvbWFuJTIwZmFjZSUyMHBvcnRyYWl0fGVufDB8fHx8MTc3ODA2NTI0Nnww&ixlib=rb-4.1.0&q=80&w=1080,REAL,Male,36-50,True
4070,https://api.dicebear.com/7.x/personas/jpg?seed=user1012&size=300,FAKE,Unknown,18-25,True
2172,https://images.unsplash.com/photo-1631884103917-1371e8994ca9?crop=entropy&cs=tinysrgb&fit=max&fm=jpg&ixid=M3w5NDQwMTV8MHwxfHNlYXJjaHw1MjJ8fHBlcnNvbiUyMGZhY2UlMjBwaG90b3xlbnwwfHx8fDE3NzgwNjUzMTZ8MA&ixlib=rb-4.1.0&q=80&w=1080,REAL,Unknown,26-35,True
3759,https://api.dicebear.com/7.x/personas/jpg?seed=user701&size=300,FAKE,Unknown,50+,True
1600,https://images.unsplash.com/photo-1642737491423-f45d826d0965?crop=entropy&cs=tinysrgb&fit=max&fm=jpg&ixid=M3w5NDQwMTV8MHwxfHNlYXJjaHw1MjB8fHdvbWFuJTIwZmFjZSUyMHBvcnRyYWl0fGVufDB8fHx8MTc3ODA2NTI3NHww&ixlib=rb-4.1.0&q=80&w=1080,REAL,Unknown,36-50,True
472,https://images.unsplash.com/photo-1578910985276-6cd1a7bc6dd4?crop=entropy&cs=tinysrgb&fit=max&fm=jpg&ixid=M3w5NDQwMTV8MHwxfHNlYXJjaHw1MDJ8fGh1bWFuJTIwZmFjZSUyMHBvcnRyYWl0fGVufDB8fHx8MTc3ODA2NTAzN3ww&ixlib=rb-4.1.0&q=80&w=1080,REAL,Male,18-25,True
2483,https://images.unsplash.com/photo-1544806722-0bf6ffad1844?crop=entropy&cs=tinysrgb&fit=max&fm=jpg&ixid=M3w5NDQwMTV8MHwxfHNlYXJjaHwyNjN8fGFkdWx0JTIwZmFjZSUyMHBob3RvfGVufDB8fHx8MTc3ODA2ODg0OXww&ixlib=rb-4.1.0&q=80&w=1080,REAL,Unknown,50+,True
394,https://images.unsplash.com/photo-1612191160114-d5778e665595?crop=entropy&cs=tinysrgb&fit=max&fm=jpg&ixid=M3w5NDQwMTV8MHwxfHNlYXJjaHw0MjR8fGh1bWFuJTIwZmFjZSUyMHBvcnRyYWl0fGVufDB8fHx8MTc3ODA2NTAyMXww&ixlib=rb-4.1.0&q=80&w=1080,REAL,Female,18-25,True
1993,https://images.unsplash.com/photo-1648484859317-0c20c0ef989a?crop=entropy&cs=tinysrgb&fit=max&fm=jpg&ixid=M3w5NDQwMTV8MHwxfHNlYXJjaHwzNDN8fHBlcnNvbiUyMGZhY2UlMjBwaG90b3xlbnwwfHx8fDE3NzgwNjUzMDF8MA&ixlib=rb-4.1.0&q=80&w=1080,REAL,Unknown,26-35,True
2587,https://images.unsplash.com/photo-1610767540785-96b4c65de306?crop=entropy&cs=tinysrgb&fit=max&fm=jpg&ixid=M3w5NDQwMTV8MHwxfHNlYXJjaHwzNjd8fGFkdWx0JTIwZmFjZSUyMHBob3RvfGVufDB8fHx8MTc3ODA2ODg1OHww&ixlib=rb-4.1.0&q=80&w=1080,REAL,Unknown,18-25,True
913,https://images.unsplash.com/photo-1563686937955-59ba9c1e718d?crop=entropy&cs=tinysrgb&fit=max&fm=jpg&ixid=M3w5NDQwMTV8MHwxfHNlYXJjaHw0MDN8fG1hbiUyMGZhY2UlMjBjbG9zZXVwfGVufDB8fHx8MTc3ODA2NTIyNnww&ixlib=rb-4.1.0&q=80&w=1080,REAL,Male,18-25,True
143,https://images.unsplash.com/photo-1658845489483-6d54f6d5a766?crop=entropy&cs=tinysrgb&fit=max&fm=jpg&ixid=M3w5NDQwMTV8MHwxfHNlYXJjaHwxNDN8fGh1bWFuJTIwZmFjZSUyMHBvcnRyYWl0fGVufDB8fHx8MTc3ODA2NDcyNXww&ixlib=rb-4.1.0&q=80&w=1080,REAL,Unknown,18-25,True
414,https://images.unsplash.com/photo-1476101751557-bbe4d57684e9?crop=entropy&cs=tinysrgb&fit=max&fm=jpg&ixid=M3w5NDQwMTV8MHwxfHNlYXJjaHw0NDR8fGh1bWFuJTIwZmFjZSUyMHBvcnRyYWl0fGVufDB8fHx8MTc3ODA2NTAyMXww&ixlib=rb-4.1.0&q=80&w=1080,REAL,Female,36-50,True
1341,https://images.unsplash.com/photo-1656473031961-9d5d9ee19f40?crop=entropy&cs=tinysrgb&fit=max&fm=jpg&ixid=M3w5NDQwMTV8MHwxfHNlYXJjaHwyNjF8fHdvbWFuJTIwZmFjZSUyMHBvcnRyYWl0fGVufDB8fHx8MTc3ODA2NTI1N3ww&ixlib=rb-4.1.0&q=80&w=1080,REAL,Female,50+,True
2979,https://randomuser.me/api/portraits/women/90.jpg,FAKE,Female,50+,True
3864,https://api.dicebear.com/7.x/personas/jpg?seed=user806&size=300,FAKE,Unknown,50+,True
1960,https://images.unsplash.com/photo-1648484859921-85585451161e?crop=entropy&cs=tinysrgb&fit=max&fm=jpg&ixid=M3w5NDQwMTV8MHwxfHNlYXJjaHwzMTB8fHBlcnNvbiUyMGZhY2UlMjBwaG90b3xlbnwwfHx8fDE3NzgwNjUyOTl8MA&ixlib=rb-4.1.0&q=80&w=1080,REAL,Male,26-35,True
3308,https://api.dicebear.com/7.x/personas/jpg?seed=user250&size=300,FAKE,Unknown,26-35,True
2186,https://images.unsplash.com/photo-1730925585695-d1e5d8ee53f2?crop=entropy&cs=tinysrgb&fit=max&fm=jpg&ixid=M3w5NDQwMTV8MHwxfHNlYXJjaHw1MzZ8fHBlcnNvbiUyMGZhY2UlMjBwaG90b3xlbnwwfHx8fDE3NzgwNjUzMTZ8MA&ixlib=rb-4.1.0&q=80&w=1080,REAL,Female,26-35,True
4285,https://api.dicebear.com/7.x/personas/jpg?seed=user1227&size=300,FAKE,Unknown,50+,True
3310,https://api.dicebear.com/7.x/personas/jpg?seed=user252&size=300,FAKE,Unknown,50+,True
1887,https://images.unsplash.com/photo-1655847001912-20a783d10888?crop=entropy&cs=tinysrgb&fit=max&fm=jpg&ixid=M3w5NDQwMTV8MHwxfHNlYXJjaHwyMzd8fHBlcnNvbiUyMGZhY2UlMjBwaG90b3xlbnwwfHx8fDE3NzgwNjUyOTJ8MA&ixlib=rb-4.1.0&q=80&w=1080,REAL,Male,18-25,True
3522,https://api.dicebear.com/7.x/personas/jpg?seed=user464&size=300,FAKE,Unknown,50+,True
2601,https://images.unsplash.com/photo-1610820987535-f248a85be4f7?crop=entropy&cs=tinysrgb&fit=max&fm=jpg&ixid=M3w5NDQwMTV8MHwxfHNlYXJjaHwzODF8fGFkdWx0JTIwZmFjZSUyMHBob3RvfGVufDB8fHx8MTc3ODA2ODg1OHww&ixlib=rb-4.1.0&q=80&w=1080,REAL,Male,50+,True
2145,https://images.unsplash.com/photo-1624562153115-cbfb4fa92046?crop=entropy&cs=tinysrgb&fit=max&fm=jpg&ixid=M3w5NDQwMTV8MHwxfHNlYXJjaHw0OTV8fHBlcnNvbiUyMGZhY2UlMjBwaG90b3xlbnwwfHx8fDE3NzgwNjUzMTN8MA&ixlib=rb-4.1.0&q=80&w=1080,REAL,Female,36-50,True
3232,https://api.dicebear.com/7.x/personas/jpg?seed=user174&size=300,FAKE,Unknown,18-25,True
181,https://images.unsplash.com/photo-1566916863707-1fd693023479?crop=entropy&cs=tinysrgb&fit=max&fm=jpg&ixid=M3w5NDQwMTV8MHwxfHNlYXJjaHwxODF8fGh1bWFuJTIwZmFjZSUyMHBvcnRyYWl0fGVufDB8fHx8MTc3ODA2NDc1M3ww&ixlib=rb-4.1.0&q=80&w=1080,REAL,Unknown,36-50,True
1685,https://images.unsplash.com/photo-1584339812296-7b56393a7131?crop=entropy&cs=tinysrgb&fit=max&fm=jpg&ixid=M3w5NDQwMTV8MHwxfHNlYXJjaHwzNXx8cGVyc29uJTIwZmFjZSUyMHBob3RvfGVufDB8fHx8MTc3ODA2NTI4MHww&ixlib=rb-4.1.0&q=80&w=1080,REAL,Male,18-25,True
5486,https://api.dicebear.com/7.x/personas/jpg?seed=user2428&size=300,FAKE,Unknown,50+,True
2231,https://images.unsplash.com/photo-1710886292307-76cba12b74a4?crop=entropy&cs=tinysrgb&fit=max&fm=jpg&ixid=M3w5NDQwMTV8MHwxfHNlYXJjaHwxMXx8YWR1bHQlMjBmYWNlJTIwcGhvdG98ZW58MHx8fHwxNzc4MDY4ODMyfDA&ixlib=rb-4.1.0&q=80&w=1080,REAL,Male,26-35,True
4981,https://api.dicebear.com/7.x/personas/jpg?seed=user1923&size=300,FAKE,Unknown,18-25,True
5265,https://api.dicebear.com/7.x/personas/jpg?seed=user2207&size=300,FAKE,Unknown,18-25,True
2892,https://randomuser.me/api/portraits/women/3.jpg,FAKE,Female,18-25,True
5243,https://api.dicebear.com/7.x/personas/jpg?seed=user2185&size=300,FAKE,Unknown,26-35,True
3796,https://api.dicebear.com/7.x/personas/jpg?seed=user738&size=300,FAKE,Unknown,36-50,True
922,https://images.unsplash.com/photo-1601972653460-fe3048709178?crop=entropy&cs=tinysrgb&fit=max&fm=jpg&ixid=M3w5NDQwMTV8MHwxfHNlYXJjaHw0MTJ8fG1hbiUyMGZhY2UlMjBjbG9zZXVwfGVufDB8fHx8MTc3ODA2NTIyNnww&ixlib=rb-4.1.0&q=80&w=1080,REAL,Male,18-25,True
1568,https://images.unsplash.com/photo-1638548097124-be72715e1e87?crop=entropy&cs=tinysrgb&fit=max&fm=jpg&ixid=M3w5NDQwMTV8MHwxfHNlYXJjaHw0ODh8fHdvbWFuJTIwZmFjZSUyMHBvcnRyYWl0fGVufDB8fHx8MTc3ODA2NTI3M3ww&ixlib=rb-4.1.0&q=80&w=1080,REAL,Male,50+,True
4547,https://api.dicebear.com/7.x/personas/jpg?seed=user1489&size=300,FAKE,Unknown,36-50,True
5183,https://api.dicebear.com/7.x/personas/jpg?seed=user2125&size=300,FAKE,Unknown,50+,True
2576,https://images.unsplash.com/photo-1680130418740-d82c42980697?crop=entropy&cs=tinysrgb&fit=max&fm=jpg&ixid=M3w5NDQwMTV8MHwxfHNlYXJjaHwzNTZ8fGFkdWx0JTIwZmFjZSUyMHBob3RvfGVufDB8fHx8MTc3ODA2ODg1NXww&ixlib=rb-4.1.0&q=80&w=1080,REAL,Unknown,18-25,True
63,https://images.unsplash.com/photo-1555101863-4af4500fbc08?crop=entropy&cs=tinysrgb&fit=max&fm=jpg&ixid=M3w5NDQwMTV8MHwxfHNlYXJjaHw2M3x8aHVtYW4lMjBmYWNlJTIwcG9ydHJhaXR8ZW58MHx8fHwxNzc4MDY0NzE3fDA&ixlib=rb-4.1.0&q=80&w=1080,REAL,Unknown,36-50,True
1268,https://images.unsplash.com/photo-1644860704763-9dc2fd707b55?crop=entropy&cs=tinysrgb&fit=max&fm=jpg&ixid=M3w5NDQwMTV8MHwxfHNlYXJjaHwxODh8fHdvbWFuJTIwZmFjZSUyMHBvcnRyYWl0fGVufDB8fHx8MTc3ODA2NTI1M3ww&ixlib=rb-4.1.0&q=80&w=1080,REAL,Female,26-35,True
2630,https://images.unsplash.com/photo-1601180834006-6f236cbc5b14?crop=entropy&cs=tinysrgb&fit=max&fm=jpg&ixid=M3w5NDQwMTV8MHwxfHNlYXJjaHw0MTB8fGFkdWx0JTIwZmFjZSUyMHBob3RvfGVufDB8fHx8MTc3ODA2ODg2MXww&ixlib=rb-4.1.0&q=80&w=1080,REAL,Unknown,50+,True
4800,https://api.dicebear.com/7.x/personas/jpg?seed=user1742&size=300,FAKE,Unknown,18-25,True
3992,https://api.dicebear.com/7.x/personas/jpg?seed=user934&size=300,FAKE,Unknown,18-25,True
79,https://images.unsplash.com/photo-1675908910500-2dcef146f9cf?crop=entropy&cs=tinysrgb&fit=max&fm=jpg&ixid=M3w5NDQwMTV8MHwxfHNlYXJjaHw3OXx8aHVtYW4lMjBmYWNlJTIwcG9ydHJhaXR8ZW58MHx8fHwxNzc4MDY0NzE3fDA&ixlib=rb-4.1.0&q=80&w=1080,REAL,Unknown,36-50,True
1549,https://images.unsplash.com/photo-1661373058793-e0b18bc5dfbb?crop=entropy&cs=tinysrgb&fit=max&fm=jpg&ixid=M3w5NDQwMTV8MHwxfHNlYXJjaHw0Njl8fHdvbWFuJTIwZmFjZSUyMHBvcnRyYWl0fGVufDB8fHx8MTc3ODA2NTI3MXww&ixlib=rb-4.1.0&q=80&w=1080,REAL,Unknown,50+,True
2260,https://images.unsplash.com/photo-1734067129129-bcb732801efe?crop=entropy&cs=tinysrgb&fit=max&fm=jpg&ixid=M3w5NDQwMTV8MHwxfHNlYXJjaHw0MHx8YWR1bHQlMjBmYWNlJTIwcGhvdG98ZW58MHx8fHwxNzc4MDY4ODMzfDA&ixlib=rb-4.1.0&q=80&w=1080,REAL,Female,50+,True
1356,https://images.unsplash.com/photo-1652966016769-7cda1d807aad?crop=entropy&cs=tinysrgb&fit=max&fm=jpg&ixid=M3w5NDQwMTV8MHwxfHNlYXJjaHwyNzZ8fHdvbWFuJTIwZmFjZSUyMHBvcnRyYWl0fGVufDB8fHx8MTc3ODA2NTI1OXww&ixlib=rb-4.1.0&q=80&w=1080,REAL,Male,26-35,True
5215,https://api.dicebear.com/7.x/personas/jpg?seed=user2157&size=300,FAKE,Unknown,36-50,True
2784,https://images.unsplash.com/photo-1634971398563-a48d599b1837?crop=entropy&cs=tinysrgb&fit=max&fm=jpg&ixid=M3w5NDQwMTV8MHwxfHNlYXJjaHw1NjR8fGFkdWx0JTIwZmFjZSUyMHBob3RvfGVufDB8fHx8MTc3ODA2ODg3Nnww&ixlib=rb-4.1.0&q=80&w=1080,REAL,Female,18-25,True
5219,https://api.dicebear.com/7.x/personas/jpg?seed=user2161&size=300,FAKE,Unknown,50+,True
709,https://images.unsplash.com/photo-1610767618947-90a057e488d8?crop=entropy&cs=tinysrgb&fit=max&fm=jpg&ixid=M3w5NDQwMTV8MHwxfHNlYXJjaHwxOTl8fG1hbiUyMGZhY2UlMjBjbG9zZXVwfGVufDB8fHx8MTc3ODA2NTIwOXww&ixlib=rb-4.1.0&q=80&w=1080,REAL,Female,36-50,True
1712,https://images.unsplash.com/photo-1697823145104-bff887a13e76?crop=entropy&cs=tinysrgb&fit=max&fm=jpg&ixid=M3w5NDQwMTV8MHwxfHNlYXJjaHw2Mnx8cGVyc29uJTIwZmFjZSUyMHBob3RvfGVufDB8fHx8MTc3ODA2NTI4Mnww&ixlib=rb-4.1.0&q=80&w=1080,REAL,Unknown,50+,True
2916,https://randomuser.me/api/portraits/women/27.jpg,FAKE,Female,36-50,True
2832,https://randomuser.me/api/portraits/men/42.jpg,FAKE,Male,26-35,True
2266,https://images.unsplash.com/photo-1753295057074-75c0eea10909?crop=entropy&cs=tinysrgb&fit=max&fm=jpg&ixid=M3w5NDQwMTV8MHwxfHNlYXJjaHw0Nnx8YWR1bHQlMjBmYWNlJTIwcGhvdG98ZW58MHx8fHwxNzc4MDY4ODMzfDA&ixlib=rb-4.1.0&q=80&w=1080,REAL,Female,36-50,True
2350,https://images.unsplash.com/photo-1726741694972-4e5a65e1b069?crop=entropy&cs=tinysrgb&fit=max&fm=jpg&ixid=M3w5NDQwMTV8MHwxfHNlYXJjaHwxMzB8fGFkdWx0JTIwZmFjZSUyMHBob3RvfGVufDB8fHx8MTc3ODA2ODg0MHww&ixlib=rb-4.1.0&q=80&w=1080,REAL,Male,18-25,True
1028,https://images.unsplash.com/photo-1775219588606-41d0dfbbe0ed?crop=entropy&cs=tinysrgb&fit=max&fm=jpg&ixid=M3w5NDQwMTV8MHwxfHNlYXJjaHw1MTh8fG1hbiUyMGZhY2UlMjBjbG9zZXVwfGVufDB8fHx8MTc3ODA2NTIzNHww&ixlib=rb-4.1.0&q=80&w=1080,REAL,Unknown,18-25,True
4770,https://api.dicebear.com/7.x/personas/jpg?seed=user1712&size=300,FAKE,Unknown,36-50,True
5043,https://api.dicebear.com/7.x/personas/jpg?seed=user1985&size=300,FAKE,Unknown,36-50,True
1114,https://images.unsplash.com/photo-1634595478068-17f36549dd5e?crop=entropy&cs=tinysrgb&fit=max&fm=jpg&ixid=M3w5NDQwMTV8MHwxfHNlYXJjaHwzNHx8d29tYW4lMjBmYWNlJTIwcG9ydHJhaXR8ZW58MHx8fHwxNzc4MDY1MjQyfDA&ixlib=rb-4.1.0&q=80&w=1080,REAL,Unknown,26-35,True
1893,https://images.unsplash.com/photo-1704286810758-1be3ba666ea0?crop=entropy&cs=tinysrgb&fit=max&fm=jpg&ixid=M3w5NDQwMTV8MHwxfHNlYXJjaHwyNDN8fHBlcnNvbiUyMGZhY2UlMjBwaG90b3xlbnwwfHx8fDE3NzgwNjUyOTV8MA&ixlib=rb-4.1.0&q=80&w=1080,REAL,Female,50+,True
2514,https://images.unsplash.com/photo-1649839297604-b255b9ae5195?crop=entropy&cs=tinysrgb&fit=max&fm=jpg&ixid=M3w5NDQwMTV8MHwxfHNlYXJjaHwyOTR8fGFkdWx0JTIwZmFjZSUyMHBob3RvfGVufDB8fHx8MTc3ODA2ODg1MXww&ixlib=rb-4.1.0&q=80&w=1080,REAL,Male,36-50,True
4577,https://api.dicebear.com/7.x/personas/jpg?seed=user1519&size=300,FAKE,Unknown,50+,True
3833,https://api.dicebear.com/7.x/personas/jpg?seed=user775&size=300,FAKE,Unknown,50+,True
5175,https://api.dicebear.com/7.x/personas/jpg?seed=user2117&size=300,FAKE,Unknown,18-25,True
4363,https://api.dicebear.com/7.x/personas/jpg?seed=user1305&size=300,FAKE,Unknown,36-50,True
3420,https://api.dicebear.com/7.x/personas/jpg?seed=user362&size=300,FAKE,Unknown,26-35,True
5079,https://api.dicebear.com/7.x/personas/jpg?seed=user2021&size=300,FAKE,Unknown,36-50,True
3934,https://api.dicebear.com/7.x/personas/jpg?seed=user876&size=300,FAKE,Unknown,18-25,True
852,https://images.unsplash.com/photo-1616651631044-fca5ae090024?crop=entropy&cs=tinysrgb&fit=max&fm=jpg&ixid=M3w5NDQwMTV8MHwxfHNlYXJjaHwzNDJ8fG1hbiUyMGZhY2UlMjBjbG9zZXVwfGVufDB8fHx8MTc3ODA2NTIyMnww&ixlib=rb-4.1.0&q=80&w=1080,REAL,Female,26-35,True
5238,https://api.dicebear.com/7.x/personas/jpg?seed=user2180&size=300,FAKE,Unknown,26-35,True
3998,https://api.dicebear.com/7.x/personas/jpg?seed=user940&size=300,FAKE,Unknown,18-25,True
3904,https://api.dicebear.com/7.x/personas/jpg?seed=user846&size=300,FAKE,Unknown,36-50,True
5550,https://api.dicebear.com/7.x/personas/jpg?seed=user2492&size=300,FAKE,Unknown,36-50,True
1979,https://images.unsplash.com/photo-1645528943905-cfe67ac3305a?crop=entropy&cs=tinysrgb&fit=max&fm=jpg&ixid=M3w5NDQwMTV8MHwxfHNlYXJjaHwzMjl8fHBlcnNvbiUyMGZhY2UlMjBwaG90b3xlbnwwfHx8fDE3NzgwNjUyOTl8MA&ixlib=rb-4.1.0&q=80&w=1080,REAL,Unknown,36-50,True
1164,https://images.unsplash.com/photo-1647740356564-4170a6929efa?crop=entropy&cs=tinysrgb&fit=max&fm=jpg&ixid=M3w5NDQwMTV8MHwxfHNlYXJjaHw4NHx8d29tYW4lMjBmYWNlJTIwcG9ydHJhaXR8ZW58MHx8fHwxNzc4MDY1MjQ0fDA&ixlib=rb-4.1.0&q=80&w=1080,REAL,Male,26-35,True
5020,https://api.dicebear.com/7.x/personas/jpg?seed=user1962&size=300,FAKE,Unknown,26-35,True
1079,https://images.unsplash.com/photo-1757773863806-90d59d18b59a?crop=entropy&cs=tinysrgb&fit=max&fm=jpg&ixid=M3w5NDQwMTV8MHwxfHNlYXJjaHw1Njl8fG1hbiUyMGZhY2UlMjBjbG9zZXVwfGVufDB8fHx8MTc3ODA2NTIzNnww&ixlib=rb-4.1.0&q=80&w=1080,REAL,Female,36-50,True
914,https://images.unsplash.com/photo-1580252167834-ffd32b084a00?crop=entropy&cs=tinysrgb&fit=max&fm=jpg&ixid=M3w5NDQwMTV8MHwxfHNlYXJjaHw0MDR8fG1hbiUyMGZhY2UlMjBjbG9zZXVwfGVufDB8fHx8MTc3ODA2NTIyNnww&ixlib=rb-4.1.0&q=80&w=1080,REAL,Male,26-35,True
4910,https://api.dicebear.com/7.x/personas/jpg?seed=user1852&size=300,FAKE,Unknown,50+,True
4057,https://api.dicebear.com/7.x/personas/jpg?seed=user999&size=300,FAKE,Unknown,26-35,True
3277,https://api.dicebear.com/7.x/personas/jpg?seed=user219&size=300,FAKE,Unknown,50+,True
2794,https://randomuser.me/api/portraits/men/4.jpg,FAKE,Male,26-35,True
3388,https://api.dicebear.com/7.x/personas/jpg?seed=user330&size=300,FAKE,Unknown,50+,True
3619,https://api.dicebear.com/7.x/personas/jpg?seed=user561&size=300,FAKE,Unknown,36-50,True
4676,https://api.dicebear.com/7.x/personas/jpg?seed=user1618&size=300,FAKE,Unknown,50+,True
3019,https://i.pravatar.cc/300?img=31,FAKE,Unknown,18-25,True
2032,https://images.unsplash.com/photo-1651146562847-daec015cd8dc?crop=entropy&cs=tinysrgb&fit=max&fm=jpg&ixid=M3w5NDQwMTV8MHwxfHNlYXJjaHwzODJ8fHBlcnNvbiUyMGZhY2UlMjBwaG90b3xlbnwwfHx8fDE3NzgwNjUzMDN8MA&ixlib=rb-4.1.0&q=80&w=1080,REAL,Male,18-25,True
2,https://images.unsplash.com/photo-1724225618735-075be4f96a63?crop=entropy&cs=tinysrgb&fit=max&fm=jpg&ixid=M3w5NDQwMTV8MHwxfHNlYXJjaHwyfHxodW1hbiUyMGZhY2UlMjBwb3J0cmFpdHxlbnwwfHx8fDE3NzgwNjQ2ODd8MA&ixlib=rb-4.1.0&q=80&w=1080,REAL,Male,50+,True
1761,https://images.unsplash.com/photo-1608255780689-c4ace9fe5798?crop=entropy&cs=tinysrgb&fit=max&fm=jpg&ixid=M3w5NDQwMTV8MHwxfHNlYXJjaHwxMTF8fHBlcnNvbiUyMGZhY2UlMjBwaG90b3xlbnwwfHx8fDE3NzgwNjUyODR8MA&ixlib=rb-4.1.0&q=80&w=1080,REAL,Female,18-25,True
2134,https://images.unsplash.com/photo-1726741695963-503d26b1d537?crop=entropy&cs=tinysrgb&fit=max&fm=jpg&ixid=M3w5NDQwMTV8MHwxfHNlYXJjaHw0ODR8fHBlcnNvbiUyMGZhY2UlMjBwaG90b3xlbnwwfHx8fDE3NzgwNjUzMTN8MA&ixlib=rb-4.1.0&q=80&w=1080,REAL,Male,26-35,True
3704,https://api.dicebear.com/7.x/personas/jpg?seed=user646&size=300,FAKE,Unknown,18-25,True
2694,https://images.unsplash.com/photo-1605777085122-94f4938cbfb0?crop=entropy&cs=tinysrgb&fit=max&fm=jpg&ixid=M3w5NDQwMTV8MHwxfHNlYXJjaHw0NzR8fGFkdWx0JTIwZmFjZSUyMHBob3RvfGVufDB8fHx8MTc3ODA2ODg2OHww&ixlib=rb-4.1.0&q=80&w=1080,REAL,Female,18-25,True
4312,https://api.dicebear.com/7.x/personas/jpg?seed=user1254&size=300,FAKE,Unknown,50+,True
3362,https://api.dicebear.com/7.x/personas/jpg?seed=user304&size=300,FAKE,Unknown,50+,True
3162,https://api.dicebear.com/7.x/personas/jpg?seed=user104&size=300,FAKE,Unknown,18-25,True
1039,https://images.unsplash.com/photo-1682391129792-4c1265dd5da8?crop=entropy&cs=tinysrgb&fit=max&fm=jpg&ixid=M3w5NDQwMTV8MHwxfHNlYXJjaHw1Mjl8fG1hbiUyMGZhY2UlMjBjbG9zZXVwfGVufDB8fHx8MTc3ODA2NTIzNHww&ixlib=rb-4.1.0&q=80&w=1080,REAL,Male,18-25,True
3789,https://api.dicebear.com/7.x/personas/jpg?seed=user731&size=300,FAKE,Unknown,26-35,True
2924,https://randomuser.me/api/portraits/women/35.jpg,FAKE,Female,26-35,True
2509,https://images.unsplash.com/photo-1718962984269-c069f9d2dec2?crop=entropy&cs=tinysrgb&fit=max&fm=jpg&ixid=M3w5NDQwMTV8MHwxfHNlYXJjaHwyODl8fGFkdWx0JTIwZmFjZSUyMHBob3RvfGVufDB8fHx8MTc3ODA2ODg1MXww&ixlib=rb-4.1.0&q=80&w=1080,REAL,Unknown,36-50,True
2867,https://randomuser.me/api/portraits/men/77.jpg,FAKE,Male,26-35,True
2946,https://randomuser.me/api/portraits/women/57.jpg,FAKE,Female,36-50,True
4179,https://api.dicebear.com/7.x/personas/jpg?seed=user1121&size=300,FAKE,Unknown,18-25,True
765,https://images.unsplash.com/photo-1603297430329-258045765c4a?crop=entropy&cs=tinysrgb&fit=max&fm=jpg&ixid=M3w5NDQwMTV8MHwxfHNlYXJjaHwyNTV8fG1hbiUyMGZhY2UlMjBjbG9zZXVwfGVufDB8fHx8MTc3ODA2NTIxM3ww&ixlib=rb-4.1.0&q=80&w=1080,REAL,Male,18-25,True
4842,https://api.dicebear.com/7.x/personas/jpg?seed=user1784&size=300,FAKE,Unknown,18-25,True
1067,https://images.unsplash.com/photo-1631881065620-fecbb272a714?crop=entropy&cs=tinysrgb&fit=max&fm=jpg&ixid=M3w5NDQwMTV8MHwxfHNlYXJjaHw1NTd8fG1hbiUyMGZhY2UlMjBjbG9zZXVwfGVufDB8fHx8MTc3ODA2NTIzNnww&ixlib=rb-4.1.0&q=80&w=1080,REAL,Female,50+,True
1545,https://images.unsplash.com/photo-1585606240490-d4a3bf3011a4?crop=entropy&cs=tinysrgb&fit=max&fm=jpg&ixid=M3w5NDQwMTV8MHwxfHNlYXJjaHw0NjV8fHdvbWFuJTIwZmFjZSUyMHBvcnRyYWl0fGVufDB8fHx8MTc3ODA2NTI3MXww&ixlib=rb-4.1.0&q=80&w=1080,REAL,Male,50+,True
2842,https://randomuser.me/api/portraits/men/52.jpg,FAKE,Male,50+,True
3487,https://api.dicebear.com/7.x/personas/jpg?seed=user429&size=300,FAKE,Unknown,36-50,True
5078,https://api.dicebear.com/7.x/personas/jpg?seed=user2020&size=300,FAKE,Unknown,26-35,True
3480,https://api.dicebear.com/7.x/personas/jpg?seed=user422&size=300,FAKE,Unknown,50+,True
4707,https://api.dicebear.com/7.x/personas/jpg?seed=user1649&size=300,FAKE,Unknown,36-50,True
4024,https://api.dicebear.com/7.x/personas/jpg?seed=user966&size=300,FAKE,Unknown,18-25,True
1930,https://images.unsplash.com/photo-1648484859940-2f99b3af3db6?crop=entropy&cs=tinysrgb&fit=max&fm=jpg&ixid=M3w5NDQwMTV8MHwxfHNlYXJjaHwyODB8fHBlcnNvbiUyMGZhY2UlMjBwaG90b3xlbnwwfHx8fDE3NzgwNjUyOTd8MA&ixlib=rb-4.1.0&q=80&w=1080,REAL,Female,36-50,True
2479,https://images.unsplash.com/photo-1582011715353-0dfce1542acc?crop=entropy&cs=tinysrgb&fit=max&fm=jpg&ixid=M3w5NDQwMTV8MHwxfHNlYXJjaHwyNTl8fGFkdWx0JTIwZmFjZSUyMHBob3RvfGVufDB8fHx8MTc3ODA2ODg0OXww&ixlib=rb-4.1.0&q=80&w=1080,REAL,Male,50+,True
91,https://images.unsplash.com/photo-1680184984902-94042b5550b6?crop=entropy&cs=tinysrgb&fit=max&fm=jpg&ixid=M3w5NDQwMTV8MHwxfHNlYXJjaHw5MXx8aHVtYW4lMjBmYWNlJTIwcG9ydHJhaXR8ZW58MHx8fHwxNzc4MDY0NzIxfDA&ixlib=rb-4.1.0&q=80&w=1080,REAL,Female,18-25,True
707,https://images.unsplash.com/photo-1571933939478-bb7af756a45c?crop=entropy&cs=tinysrgb&fit=max&fm=jpg&ixid=M3w5NDQwMTV8MHwxfHNlYXJjaHwxOTd8fG1hbiUyMGZhY2UlMjBjbG9zZXVwfGVufDB8fHx8MTc3ODA2NTIwOXww&ixlib=rb-4.1.0&q=80&w=1080,REAL,Female,36-50,True
4338,https://api.dicebear.com/7.x/personas/jpg?seed=user1280&size=300,FAKE,Unknown,18-25,True
4978,https://api.dicebear.com/7.x/personas/jpg?seed=user1920&size=300,FAKE,Unknown,18-25,True
3721,https://api.dicebear.com/7.x/personas/jpg?seed=user663&size=300,FAKE,Unknown,50+,True
4025,https://api.dicebear.com/7.x/personas/jpg?seed=user967&size=300,FAKE,Unknown,36-50,True
1241,https://images.unsplash.com/photo-1744580843113-3b20a875fdba?crop=entropy&cs=tinysrgb&fit=max&fm=jpg&ixid=M3w5NDQwMTV8MHwxfHNlYXJjaHwxNjF8fHdvbWFuJTIwZmFjZSUyMHBvcnRyYWl0fGVufDB8fHx8MTc3ODA2NTI1MXww&ixlib=rb-4.1.0&q=80&w=1080,REAL,Unknown,18-25,True
4183,https://api.dicebear.com/7.x/personas/jpg?seed=user1125&size=300,FAKE,Unknown,50+,True
1524,https://images.unsplash.com/photo-1720540974837-27e9fb4af786?crop=entropy&cs=tinysrgb&fit=max&fm=jpg&ixid=M3w5NDQwMTV8MHwxfHNlYXJjaHw0NDR8fHdvbWFuJTIwZmFjZSUyMHBvcnRyYWl0fGVufDB8fHx8MTc3ODA2NTI2OXww&ixlib=rb-4.1.0&q=80&w=1080,REAL,Male,36-50,True
2284,https://images.unsplash.com/photo-1755127761414-c4f552bb3549?crop=entropy&cs=tinysrgb&fit=max&fm=jpg&ixid=M3w5NDQwMTV8MHwxfHNlYXJjaHw2NHx8YWR1bHQlMjBmYWNlJTIwcGhvdG98ZW58MHx8fHwxNzc4MDY4ODM1fDA&ixlib=rb-4.1.0&q=80&w=1080,REAL,Unknown,36-50,True
1363,https://images.unsplash.com/photo-1611086569404-6448e5e57acb?crop=entropy&cs=tinysrgb&fit=max&fm=jpg&ixid=M3w5NDQwMTV8MHwxfHNlYXJjaHwyODN8fHdvbWFuJTIwZmFjZSUyMHBvcnRyYWl0fGVufDB8fHx8MTc3ODA2NTI1OXww&ixlib=rb-4.1.0&q=80&w=1080,REAL,Male,18-25,True
2184,https://images.unsplash.com/photo-1700317440750-4c6a35429fd9?crop=entropy&cs=tinysrgb&fit=max&fm=jpg&ixid=M3w5NDQwMTV8MHwxfHNlYXJjaHw1MzR8fHBlcnNvbiUyMGZhY2UlMjBwaG90b3xlbnwwfHx8fDE3NzgwNjUzMTZ8MA&ixlib=rb-4.1.0&q=80&w=1080,REAL,Male,36-50,True
1986,https://images.unsplash.com/photo-1648484859984-2dcb024c91fb?crop=entropy&cs=tinysrgb&fit=max&fm=jpg&ixid=M3w5NDQwMTV8MHwxfHNlYXJjaHwzMzZ8fHBlcnNvbiUyMGZhY2UlMjBwaG90b3xlbnwwfHx8fDE3NzgwNjUzMDF8MA&ixlib=rb-4.1.0&q=80&w=1080,REAL,Unknown,18-25,True
5436,https://api.dicebear.com/7.x/personas/jpg?seed=user2378&size=300,FAKE,Unknown,50+,True
4044,https://api.dicebear.com/7.x/personas/jpg?seed=user986&size=300,FAKE,Unknown,26-35,True
4176,https://api.dicebear.com/7.x/personas/jpg?seed=user1118&size=300,FAKE,Unknown,36-50,True
4410,https://api.dicebear.com/7.x/personas/jpg?seed=user1352&size=300,FAKE,Unknown,18-25,True
4491,https://api.dicebear.com/7.x/personas/jpg?seed=user1433&size=300,FAKE,Unknown,18-25,True
1894,https://images.unsplash.com/photo-1714023498660-e4c470b285b7?crop=entropy&cs=tinysrgb&fit=max&fm=jpg&ixid=M3w5NDQwMTV8MHwxfHNlYXJjaHwyNDR8fHBlcnNvbiUyMGZhY2UlMjBwaG90b3xlbnwwfHx8fDE3NzgwNjUyOTV8MA&ixlib=rb-4.1.0&q=80&w=1080,REAL,Male,36-50,True
4153,https://api.dicebear.com/7.x/personas/jpg?seed=user1095&size=300,FAKE,Unknown,26-35,True
2263,https://images.unsplash.com/photo-1706496366816-f589fadff1cd?crop=entropy&cs=tinysrgb&fit=max&fm=jpg&ixid=M3w5NDQwMTV8MHwxfHNlYXJjaHw0M3x8YWR1bHQlMjBmYWNlJTIwcGhvdG98ZW58MHx8fHwxNzc4MDY4ODMzfDA&ixlib=rb-4.1.0&q=80&w=1080,REAL,Unknown,50+,True
1427,https://images.unsplash.com/photo-1653512488909-e204afcc8495?crop=entropy&cs=tinysrgb&fit=max&fm=jpg&ixid=M3w5NDQwMTV8MHwxfHNlYXJjaHwzNDd8fHdvbWFuJTIwZmFjZSUyMHBvcnRyYWl0fGVufDB8fHx8MTc3ODA2NTI2M3ww&ixlib=rb-4.1.0&q=80&w=1080,REAL,Female,18-25,True
2265,https://images.unsplash.com/photo-1753898854513-97ea15851501?crop=entropy&cs=tinysrgb&fit=max&fm=jpg&ixid=M3w5NDQwMTV8MHwxfHNlYXJjaHw0NXx8YWR1bHQlMjBmYWNlJTIwcGhvdG98ZW58MHx8fHwxNzc4MDY4ODMzfDA&ixlib=rb-4.1.0&q=80&w=1080,REAL,Female,26-35,True
252,https://images.unsplash.com/photo-1614030390686-e639c3b1e0cb?crop=entropy&cs=tinysrgb&fit=max&fm=jpg&ixid=M3w5NDQwMTV8MHwxfHNlYXJjaHwyODJ8fGh1bWFuJTIwZmFjZSUyMHBvcnRyYWl0fGVufDB8fHx8MTc3ODA2NDkwMnww&ixlib=rb-4.1.0&q=80&w=1080,REAL,Female,36-50,True
4112,https://api.dicebear.com/7.x/personas/jpg?seed=user1054&size=300,FAKE,Unknown,26-35,True
581,https://images.unsplash.com/photo-1758525589296-3d02e5120874?crop=entropy&cs=tinysrgb&fit=max&fm=jpg&ixid=M3w5NDQwMTV8MHwxfHNlYXJjaHw0MXx8bWFuJTIwZmFjZSUyMGNsb3NldXB8ZW58MHx8fHwxNzc4MDY1MDc4fDA&ixlib=rb-4.1.0&q=80&w=1080,REAL,Unknown,18-25,True
2933,https://randomuser.me/api/portraits/women/44.jpg,FAKE,Female,36-50,True
4665,https://api.dicebear.com/7.x/personas/jpg?seed=user1607&size=300,FAKE,Unknown,36-50,True
23,https://images.unsplash.com/photo-1648415041098-cd83c008e75b?crop=entropy&cs=tinysrgb&fit=max&fm=jpg&ixid=M3w5NDQwMTV8MHwxfHNlYXJjaHwyM3x8aHVtYW4lMjBmYWNlJTIwcG9ydHJhaXR8ZW58MHx8fHwxNzc4MDY0Njg3fDA&ixlib=rb-4.1.0&q=80&w=1080,REAL,Male,18-25,True
2717,https://images.unsplash.com/photo-1564525876935-f6fdc5476d36?crop=entropy&cs=tinysrgb&fit=max&fm=jpg&ixid=M3w5NDQwMTV8MHwxfHNlYXJjaHw0OTd8fGFkdWx0JTIwZmFjZSUyMHBob3RvfGVufDB8fHx8MTc3ODA2ODg3MXww&ixlib=rb-4.1.0&q=80&w=1080,REAL,Unknown,18-25,True
4443,https://api.dicebear.com/7.x/personas/jpg?seed=user1385&size=300,FAKE,Unknown,50+,True
752,https://images.unsplash.com/photo-1639033163054-a1f744bea5ed?crop=entropy&cs=tinysrgb&fit=max&fm=jpg&ixid=M3w5NDQwMTV8MHwxfHNlYXJjaHwyNDJ8fG1hbiUyMGZhY2UlMjBjbG9zZXVwfGVufDB8fHx8MTc3ODA2NTIxM3ww&ixlib=rb-4.1.0&q=80&w=1080,REAL,Male,26-35,True
757,https://images.unsplash.com/photo-1672167922616-c509b985521e?crop=entropy&cs=tinysrgb&fit=max&fm=jpg&ixid=M3w5NDQwMTV8MHwxfHNlYXJjaHwyNDd8fG1hbiUyMGZhY2UlMjBjbG9zZXVwfGVufDB8fHx8MTc3ODA2NTIxM3ww&ixlib=rb-4.1.0&q=80&w=1080,REAL,Male,36-50,True
2369,https://images.unsplash.com/photo-1730925585695-d1e5d8ee53f2?crop=entropy&cs=tinysrgb&fit=max&fm=jpg&ixid=M3w5NDQwMTV8MHwxfHNlYXJjaHwxNDl8fGFkdWx0JTIwZmFjZSUyMHBob3RvfGVufDB8fHx8MTc3ODA2ODg0MHww&ixlib=rb-4.1.0&q=80&w=1080,REAL,Female,18-25,True
1611,https://images.unsplash.com/photo-1593882376093-789408f90746?crop=entropy&cs=tinysrgb&fit=max&fm=jpg&ixid=M3w5NDQwMTV8MHwxfHNlYXJjaHw1MzF8fHdvbWFuJTIwZmFjZSUyMHBvcnRyYWl0fGVufDB8fHx8MTc3ODA2NTI3NHww&ixlib=rb-4.1.0&q=80&w=1080,REAL,Female,36-50,True
4382,https://api.dicebear.com/7.x/personas/jpg?seed=user1324&size=300,FAKE,Unknown,36-50,True
3313,https://api.dicebear.com/7.x/personas/jpg?seed=user255&size=300,FAKE,Unknown,26-35,True
3650,https://api.dicebear.com/7.x/personas/jpg?seed=user592&size=300,FAKE,Unknown,18-25,True
4893,https://api.dicebear.com/7.x/personas/jpg?seed=user1835&size=300,FAKE,Unknown,26-35,True
736,https://images.unsplash.com/photo-1637334673001-a2120b0b2326?crop=entropy&cs=tinysrgb&fit=max&fm=jpg&ixid=M3w5NDQwMTV8MHwxfHNlYXJjaHwyMjZ8fG1hbiUyMGZhY2UlMjBjbG9zZXVwfGVufDB8fHx8MTc3ODA2NTIxMXww&ixlib=rb-4.1.0&q=80&w=1080,REAL,Female,36-50,True
3562,https://api.dicebear.com/7.x/personas/jpg?seed=user504&size=300,FAKE,Unknown,36-50,True
98,https://images.unsplash.com/photo-1589837396034-518c01de601a?crop=entropy&cs=tinysrgb&fit=max&fm=jpg&ixid=M3w5NDQwMTV8MHwxfHNlYXJjaHw5OHx8aHVtYW4lMjBmYWNlJTIwcG9ydHJhaXR8ZW58MHx8fHwxNzc4MDY0NzIxfDA&ixlib=rb-4.1.0&q=80&w=1080,REAL,Female,18-25,True
3614,https://api.dicebear.com/7.x/personas/jpg?seed=user556&size=300,FAKE,Unknown,26-35,True
1073,https://images.unsplash.com/photo-1587160959596-1ea39a471942?crop=entropy&cs=tinysrgb&fit=max&fm=jpg&ixid=M3w5NDQwMTV8MHwxfHNlYXJjaHw1NjN8fG1hbiUyMGZhY2UlMjBjbG9zZXVwfGVufDB8fHx8MTc3ODA2NTIzNnww&ixlib=rb-4.1.0&q=80&w=1080,REAL,Unknown,36-50,True
4115,https://api.dicebear.com/7.x/personas/jpg?seed=user1057&size=300,FAKE,Unknown,50+,True
721,https://images.unsplash.com/photo-1513483460609-1c8a505ea990?crop=entropy&cs=tinysrgb&fit=max&fm=jpg&ixid=M3w5NDQwMTV8MHwxfHNlYXJjaHwyMTF8fG1hbiUyMGZhY2UlMjBjbG9zZXVwfGVufDB8fHx8MTc3ODA2NTIxMXww&ixlib=rb-4.1.0&q=80&w=1080,REAL,Male,26-35,True
3935,https://api.dicebear.com/7.x/personas/jpg?seed=user877&size=300,FAKE,Unknown,18-25,True
685,https://images.unsplash.com/photo-1613772885273-03c797c91a87?crop=entropy&cs=tinysrgb&fit=max&fm=jpg&ixid=M3w5NDQwMTV8MHwxfHNlYXJjaHwxNDV8fG1hbiUyMGZhY2UlMjBjbG9zZXVwfGVufDB8fHx8MTc3ODA2NTA4N3ww&ixlib=rb-4.1.0&q=80&w=1080,REAL,Female,26-35,True
937,https://images.unsplash.com/photo-1678597442309-0a09f5649f34?crop=entropy&cs=tinysrgb&fit=max&fm=jpg&ixid=M3w5NDQwMTV8MHwxfHNlYXJjaHw0Mjd8fG1hbiUyMGZhY2UlMjBjbG9zZXVwfGVufDB8fHx8MTc3ODA2NTIyOHww&ixlib=rb-4.1.0&q=80&w=1080,REAL,Female,36-50,True
1962,https://images.unsplash.com/photo-1648484859889-cfcbe82d834b?crop=entropy&cs=tinysrgb&fit=max&fm=jpg&ixid=M3w5NDQwMTV8MHwxfHNlYXJjaHwzMTJ8fHBlcnNvbiUyMGZhY2UlMjBwaG90b3xlbnwwfHx8fDE3NzgwNjUyOTl8MA&ixlib=rb-4.1.0&q=80&w=1080,REAL,Unknown,50+,True
3307,https://api.dicebear.com/7.x/personas/jpg?seed=user249&size=300,FAKE,Unknown,26-35,True
3985,https://api.dicebear.com/7.x/personas/jpg?seed=user927&size=300,FAKE,Unknown,50+,True
1225,https://images.unsplash.com/photo-1641351841616-faa0d3760980?crop=entropy&cs=tinysrgb&fit=max&fm=jpg&ixid=M3w5NDQwMTV8MHwxfHNlYXJjaHwxNDV8fHdvbWFuJTIwZmFjZSUyMHBvcnRyYWl0fGVufDB8fHx8MTc3ODA2NTI0OHww&ixlib=rb-4.1.0&q=80&w=1080,REAL,Male,18-25,True
4539,https://api.dicebear.com/7.x/personas/jpg?seed=user1481&size=300,FAKE,Unknown,18-25,True
4518,https://api.dicebear.com/7.x/personas/jpg?seed=user1460&size=300,FAKE,Unknown,26-35,True
5304,https://api.dicebear.com/7.x/personas/jpg?seed=user2246&size=300,FAKE,Unknown,26-35,True
481,https://images.unsplash.com/photo-1634402134815-cd41de10a46c?crop=entropy&cs=tinysrgb&fit=max&fm=jpg&ixid=M3w5NDQwMTV8MHwxfHNlYXJjaHw1MTF8fGh1bWFuJTIwZmFjZSUyMHBvcnRyYWl0fGVufDB8fHx8MTc3ODA2NTA0OXww&ixlib=rb-4.1.0&q=80&w=1080,REAL,Female,36-50,True
381,https://images.unsplash.com/photo-1585583931931-cf08fad02dd1?crop=entropy&cs=tinysrgb&fit=max&fm=jpg&ixid=M3w5NDQwMTV8MHwxfHNlYXJjaHw0MTF8fGh1bWFuJTIwZmFjZSUyMHBvcnRyYWl0fGVufDB8fHx8MTc3ODA2NTAwMXww&ixlib=rb-4.1.0&q=80&w=1080,REAL,Male,18-25,True
2007,https://images.unsplash.com/photo-1576132420670-d370d1334b7d?crop=entropy&cs=tinysrgb&fit=max&fm=jpg&ixid=M3w5NDQwMTV8MHwxfHNlYXJjaHwzNTd8fHBlcnNvbiUyMGZhY2UlMjBwaG90b3xlbnwwfHx8fDE3NzgwNjUzMDF8MA&ixlib=rb-4.1.0&q=80&w=1080,REAL,Unknown,18-25,True
433,https://images.unsplash.com/photo-1661879261024-c375bf5f37f8?crop=entropy&cs=tinysrgb&fit=max&fm=jpg&ixid=M3w5NDQwMTV8MHwxfHNlYXJjaHw0NjN8fGh1bWFuJTIwZmFjZSUyMHBvcnRyYWl0fGVufDB8fHx8MTc3ODA2NTAzM3ww&ixlib=rb-4.1.0&q=80&w=1080,REAL,Female,50+,True
2847,https://randomuser.me/api/portraits/men/57.jpg,FAKE,Male,26-35,True
4527,https://api.dicebear.com/7.x/personas/jpg?seed=user1469&size=300,FAKE,Unknown,50+,True
549,https://images.unsplash.com/photo-1618256225993-969b636364a3?crop=entropy&cs=tinysrgb&fit=max&fm=jpg&ixid=M3w5NDQwMTV8MHwxfHNlYXJjaHw5fHxtYW4lMjBmYWNlJTIwY2xvc2V1cHxlbnwwfHx8fDE3NzgwNjUwNjN8MA&ixlib=rb-4.1.0&q=80&w=1080,REAL,Unknown,36-50,True
2708,https://images.unsplash.com/photo-1706712376737-8ca0fefdfa76?crop=entropy&cs=tinysrgb&fit=max&fm=jpg&ixid=M3w5NDQwMTV8MHwxfHNlYXJjaHw0ODh8fGFkdWx0JTIwZmFjZSUyMHBob3RvfGVufDB8fHx8MTc3ODA2ODg3MXww&ixlib=rb-4.1.0&q=80&w=1080,REAL,Male,26-35,True
2454,https://images.unsplash.com/photo-1585532487868-ae1ab18246d0?crop=entropy&cs=tinysrgb&fit=max&fm=jpg&ixid=M3w5NDQwMTV8MHwxfHNlYXJjaHwyMzR8fGFkdWx0JTIwZmFjZSUyMHBob3RvfGVufDB8fHx8MTc3ODA2ODg0Nnww&ixlib=rb-4.1.0&q=80&w=1080,REAL,Unknown,18-25,True
4298,https://api.dicebear.com/7.x/personas/jpg?seed=user1240&size=300,FAKE,Unknown,50+,True
1295,https://images.unsplash.com/photo-1670012896865-f531c5fb65d9?crop=entropy&cs=tinysrgb&fit=max&fm=jpg&ixid=M3w5NDQwMTV8MHwxfHNlYXJjaHwyMTV8fHdvbWFuJTIwZmFjZSUyMHBvcnRyYWl0fGVufDB8fHx8MTc3ODA2NTI1NXww&ixlib=rb-4.1.0&q=80&w=1080,REAL,Unknown,50+,True
3212,https://api.dicebear.com/7.x/personas/jpg?seed=user154&size=300,FAKE,Unknown,50+,True
1948,https://images.unsplash.com/photo-1648500128131-09befdacb4c6?crop=entropy&cs=tinysrgb&fit=max&fm=jpg&ixid=M3w5NDQwMTV8MHwxfHNlYXJjaHwyOTh8fHBlcnNvbiUyMGZhY2UlMjBwaG90b3xlbnwwfHx8fDE3NzgwNjUyOTd8MA&ixlib=rb-4.1.0&q=80&w=1080,REAL,Male,26-35,True
825,https://images.unsplash.com/photo-1713606598304-3ee8778abe23?crop=entropy&cs=tinysrgb&fit=max&fm=jpg&ixid=M3w5NDQwMTV8MHwxfHNlYXJjaHwzMTV8fG1hbiUyMGZhY2UlMjBjbG9zZXVwfGVufDB8fHx8MTc3ODA2NTIxOHww&ixlib=rb-4.1.0&q=80&w=1080,REAL,Unknown,18-25,True
1297,https://images.unsplash.com/photo-1622791899824-8770a9f4687d?crop=entropy&cs=tinysrgb&fit=max&fm=jpg&ixid=M3w5NDQwMTV8MHwxfHNlYXJjaHwyMTd8fHdvbWFuJTIwZmFjZSUyMHBvcnRyYWl0fGVufDB8fHx8MTc3ODA2NTI1NXww&ixlib=rb-4.1.0&q=80&w=1080,REAL,Unknown,18-25,True
1946,https://images.unsplash.com/photo-1648484860062-ee82b3ebaa6f?crop=entropy&cs=tinysrgb&fit=max&fm=jpg&ixid=M3w5NDQwMTV8MHwxfHNlYXJjaHwyOTZ8fHBlcnNvbiUyMGZhY2UlMjBwaG90b3xlbnwwfHx8fDE3NzgwNjUyOTd8MA&ixlib=rb-4.1.0&q=80&w=1080,REAL,Male,36-50,True
604,https://images.unsplash.com/photo-1605552982479-5b15d93bf645?crop=entropy&cs=tinysrgb&fit=max&fm=jpg&ixid=M3w5NDQwMTV8MHwxfHNlYXJjaHw2NHx8bWFuJTIwZmFjZSUyMGNsb3NldXB8ZW58MHx8fHwxNzc4MDY1MDgyfDA&ixlib=rb-4.1.0&q=80&w=1080,REAL,Female,18-25,True
3298,https://api.dicebear.com/7.x/personas/jpg?seed=user240&size=300,FAKE,Unknown,36-50,True
2423,https://images.unsplash.com/photo-1707139743543-590aeb0437d8?crop=entropy&cs=tinysrgb&fit=max&fm=jpg&ixid=M3w5NDQwMTV8MHwxfHNlYXJjaHwyMDN8fGFkdWx0JTIwZmFjZSUyMHBob3RvfGVufDB8fHx8MTc3ODA2ODg0NHww&ixlib=rb-4.1.0&q=80&w=1080,REAL,Unknown,36-50,True
3132,https://api.dicebear.com/7.x/personas/jpg?seed=user74&size=300,FAKE,Unknown,50+,True
2240,https://images.unsplash.com/photo-1754671246369-ee51e6208a44?crop=entropy&cs=tinysrgb&fit=max&fm=jpg&ixid=M3w5NDQwMTV8MHwxfHNlYXJjaHwyMHx8YWR1bHQlMjBmYWNlJTIwcGhvdG98ZW58MHx8fHwxNzc4MDY4ODMyfDA&ixlib=rb-4.1.0&q=80&w=1080,REAL,Female,26-35,True
17,https://images.unsplash.com/photo-1724225618500-dc6837308097?crop=entropy&cs=tinysrgb&fit=max&fm=jpg&ixid=M3w5NDQwMTV8MHwxfHNlYXJjaHwxN3x8aHVtYW4lMjBmYWNlJTIwcG9ydHJhaXR8ZW58MHx8fHwxNzc4MDY0Njg3fDA&ixlib=rb-4.1.0&q=80&w=1080,REAL,Male,36-50,True
804,https://images.unsplash.com/photo-1602202771635-edb19b307d19?crop=entropy&cs=tinysrgb&fit=max&fm=jpg&ixid=M3w5NDQwMTV8MHwxfHNlYXJjaHwyOTR8fG1hbiUyMGZhY2UlMjBjbG9zZXVwfGVufDB8fHx8MTc3ODA2NTIxNnww&ixlib=rb-4.1.0&q=80&w=1080,REAL,Unknown,50+,True
2772,https://images.unsplash.com/photo-1632266911003-ae529998afe1?crop=entropy&cs=tinysrgb&fit=max&fm=jpg&ixid=M3w5NDQwMTV8MHwxfHNlYXJjaHw1NTJ8fGFkdWx0JTIwZmFjZSUyMHBob3RvfGVufDB8fHx8MTc3ODA2ODg3Nnww&ixlib=rb-4.1.0&q=80&w=1080,REAL,Unknown,26-35,True
3435,https://api.dicebear.com/7.x/personas/jpg?seed=user377&size=300,FAKE,Unknown,26-35,True
2370,https://images.unsplash.com/photo-1744979704702-ffce10b28bf6?crop=entropy&cs=tinysrgb&fit=max&fm=jpg&ixid=M3w5NDQwMTV8MHwxfHNlYXJjaHwxNTB8fGFkdWx0JTIwZmFjZSUyMHBob3RvfGVufDB8fHx8MTc3ODA2ODg0MHww&ixlib=rb-4.1.0&q=80&w=1080,REAL,Female,26-35,True
1311,https://images.unsplash.com/photo-1638552791910-06342fe4fba2?crop=entropy&cs=tinysrgb&fit=max&fm=jpg&ixid=M3w5NDQwMTV8MHwxfHNlYXJjaHwyMzF8fHdvbWFuJTIwZmFjZSUyMHBvcnRyYWl0fGVufDB8fHx8MTc3ODA2NTI1NXww&ixlib=rb-4.1.0&q=80&w=1080,REAL,Unknown,36-50,True
2235,https://images.unsplash.com/photo-1710886317113-96b7f40ef714?crop=entropy&cs=tinysrgb&fit=max&fm=jpg&ixid=M3w5NDQwMTV8MHwxfHNlYXJjaHwxNXx8YWR1bHQlMjBmYWNlJTIwcGhvdG98ZW58MHx8fHwxNzc4MDY4ODMyfDA&ixlib=rb-4.1.0&q=80&w=1080,REAL,Unknown,36-50,True
503,https://images.unsplash.com/photo-1579623374984-462747d13f28?crop=entropy&cs=tinysrgb&fit=max&fm=jpg&ixid=M3w5NDQwMTV8MHwxfHNlYXJjaHw1MzN8fGh1bWFuJTIwZmFjZSUyMHBvcnRyYWl0fGVufDB8fHx8MTc3ODA2NTA0OXww&ixlib=rb-4.1.0&q=80&w=1080,REAL,Male,18-25,True
3931,https://api.dicebear.com/7.x/personas/jpg?seed=user873&size=300,FAKE,Unknown,18-25,True
3761,https://api.dicebear.com/7.x/personas/jpg?seed=user703&size=300,FAKE,Unknown,18-25,True
1886,https://images.unsplash.com/photo-1643598354968-8d75a04ca821?crop=entropy&cs=tinysrgb&fit=max&fm=jpg&ixid=M3w5NDQwMTV8MHwxfHNlYXJjaHwyMzZ8fHBlcnNvbiUyMGZhY2UlMjBwaG90b3xlbnwwfHx8fDE3NzgwNjUyOTJ8MA&ixlib=rb-4.1.0&q=80&w=1080,REAL,Female,18-25,True
3117,https://api.dicebear.com/7.x/personas/jpg?seed=user59&size=300,FAKE,Unknown,18-25,True
636,https://images.unsplash.com/photo-1572223417139-d609a70c9538?crop=entropy&cs=tinysrgb&fit=max&fm=jpg&ixid=M3w5NDQwMTV8MHwxfHNlYXJjaHw5Nnx8bWFuJTIwZmFjZSUyMGNsb3NldXB8ZW58MHx8fHwxNzc4MDY1MDg0fDA&ixlib=rb-4.1.0&q=80&w=1080,REAL,Unknown,18-25,True
4651,https://api.dicebear.com/7.x/personas/jpg?seed=user1593&size=300,FAKE,Unknown,18-25,True
4680,https://api.dicebear.com/7.x/personas/jpg?seed=user1622&size=300,FAKE,Unknown,50+,True
5181,https://api.dicebear.com/7.x/personas/jpg?seed=user2123&size=300,FAKE,Unknown,50+,True
4751,https://api.dicebear.com/7.x/personas/jpg?seed=user1693&size=300,FAKE,Unknown,18-25,True
4851,https://api.dicebear.com/7.x/personas/jpg?seed=user1793&size=300,FAKE,Unknown,36-50,True
4240,https://api.dicebear.com/7.x/personas/jpg?seed=user1182&size=300,FAKE,Unknown,26-35,True
1307,https://images.unsplash.com/photo-1715184222767-9b72c873e7c3?crop=entropy&cs=tinysrgb&fit=max&fm=jpg&ixid=M3w5NDQwMTV8MHwxfHNlYXJjaHwyMjd8fHdvbWFuJTIwZmFjZSUyMHBvcnRyYWl0fGVufDB8fHx8MTc3ODA2NTI1NXww&ixlib=rb-4.1.0&q=80&w=1080,REAL,Male,50+,True
3452,https://api.dicebear.com/7.x/personas/jpg?seed=user394&size=300,FAKE,Unknown,50+,True
3125,https://api.dicebear.com/7.x/personas/jpg?seed=user67&size=300,FAKE,Unknown,36-50,True
686,https://images.unsplash.com/photo-1677003833480-8b54fedeee93?crop=entropy&cs=tinysrgb&fit=max&fm=jpg&ixid=M3w5NDQwMTV8MHwxfHNlYXJjaHwxNDZ8fG1hbiUyMGZhY2UlMjBjbG9zZXVwfGVufDB8fHx8MTc3ODA2NTA4N3ww&ixlib=rb-4.1.0&q=80&w=1080,REAL,Male,36-50,True
511,https://images.unsplash.com/photo-1732195636322-7ae3383e0620?crop=entropy&cs=tinysrgb&fit=max&fm=jpg&ixid=M3w5NDQwMTV8MHwxfHNlYXJjaHw1NDF8fGh1bWFuJTIwZmFjZSUyMHBvcnRyYWl0fGVufDB8fHx8MTc3ODA2NTA1NXww&ixlib=rb-4.1.0&q=80&w=1080,REAL,Male,18-25,True
5386,https://api.dicebear.com/7.x/personas/jpg?seed=user2328&size=300,FAKE,Unknown,26-35,True
2005,https://images.unsplash.com/photo-1648484859972-c8d9ec0fd9e2?crop=entropy&cs=tinysrgb&fit=max&fm=jpg&ixid=M3w5NDQwMTV8MHwxfHNlYXJjaHwzNTV8fHBlcnNvbiUyMGZhY2UlMjBwaG90b3xlbnwwfHx8fDE3NzgwNjUzMDF8MA&ixlib=rb-4.1.0&q=80&w=1080,REAL,Unknown,36-50,True
1484,https://images.unsplash.com/photo-1648198720445-51d5df73d8c1?crop=entropy&cs=tinysrgb&fit=max&fm=jpg&ixid=M3w5NDQwMTV8MHwxfHNlYXJjaHw0MDR8fHdvbWFuJTIwZmFjZSUyMHBvcnRyYWl0fGVufDB8fHx8MTc3ODA2NTI2N3ww&ixlib=rb-4.1.0&q=80&w=1080,REAL,Unknown,36-50,True
4365,https://api.dicebear.com/7.x/personas/jpg?seed=user1307&size=300,FAKE,Unknown,36-50,True
3680,https://api.dicebear.com/7.x/personas/jpg?seed=user622&size=300,FAKE,Unknown,36-50,True
3514,https://api.dicebear.com/7.x/personas/jpg?seed=user456&size=300,FAKE,Unknown,26-35,True
5388,https://api.dicebear.com/7.x/personas/jpg?seed=user2330&size=300,FAKE,Unknown,26-35,True
401,https://images.unsplash.com/photo-1749566906398-0b2abc4c6258?crop=entropy&cs=tinysrgb&fit=max&fm=jpg&ixid=M3w5NDQwMTV8MHwxfHNlYXJjaHw0MzF8fGh1bWFuJTIwZmFjZSUyMHBvcnRyYWl0fGVufDB8fHx8MTc3ODA2NTAyMXww&ixlib=rb-4.1.0&q=80&w=1080,REAL,Male,26-35,True
761,https://images.unsplash.com/photo-1659223165847-f131ed27941c?crop=entropy&cs=tinysrgb&fit=max&fm=jpg&ixid=M3w5NDQwMTV8MHwxfHNlYXJjaHwyNTF8fG1hbiUyMGZhY2UlMjBjbG9zZXVwfGVufDB8fHx8MTc3ODA2NTIxM3ww&ixlib=rb-4.1.0&q=80&w=1080,REAL,Unknown,50+,True
2712,https://images.unsplash.com/photo-1538177135626-7fdc94c2cead?crop=entropy&cs=tinysrgb&fit=max&fm=jpg&ixid=M3w5NDQwMTV8MHwxfHNlYXJjaHw0OTJ8fGFkdWx0JTIwZmFjZSUyMHBob3RvfGVufDB8fHx8MTc3ODA2ODg3MXww&ixlib=rb-4.1.0&q=80&w=1080,REAL,Unknown,50+,True
4572,https://api.dicebear.com/7.x/personas/jpg?seed=user1514&size=300,FAKE,Unknown,26-35,True
3290,https://api.dicebear.com/7.x/personas/jpg?seed=user232&size=300,FAKE,Unknown,26-35,True
540,https://images.unsplash.com/photo-1731136508636-be70733180a4?crop=entropy&cs=tinysrgb&fit=max&fm=jpg&ixid=M3w5NDQwMTV8MHwxfHNlYXJjaHw1NzB8fGh1bWFuJTIwZmFjZSUyMHBvcnRyYWl0fGVufDB8fHx8MTc3ODA2NTA1NXww&ixlib=rb-4.1.0&q=80&w=1080,REAL,Female,18-25,True
242,https://images.unsplash.com/photo-1714510395218-ff27b9f1f978?crop=entropy&cs=tinysrgb&fit=max&fm=jpg&ixid=M3w5NDQwMTV8MHwxfHNlYXJjaHwyNzJ8fGh1bWFuJTIwZmFjZSUyMHBvcnRyYWl0fGVufDB8fHx8MTc3ODA2NDkwMnww&ixlib=rb-4.1.0&q=80&w=1080,REAL,Male,36-50,True
5097,https://api.dicebear.com/7.x/personas/jpg?seed=user2039&size=300,FAKE,Unknown,18-25,True
3838,https://api.dicebear.com/7.x/personas/jpg?seed=user780&size=300,FAKE,Unknown,26-35,True
88,https://images.unsplash.com/photo-1698681688083-e36f6d6b62dd?crop=entropy&cs=tinysrgb&fit=max&fm=jpg&ixid=M3w5NDQwMTV8MHwxfHNlYXJjaHw4OHx8aHVtYW4lMjBmYWNlJTIwcG9ydHJhaXR8ZW58MHx8fHwxNzc4MDY0NzE3fDA&ixlib=rb-4.1.0&q=80&w=1080,REAL,Female,36-50,True
2185,https://images.unsplash.com/photo-1731711926227-7b37a7ef2cd7?crop=entropy&cs=tinysrgb&fit=max&fm=jpg&ixid=M3w5NDQwMTV8MHwxfHNlYXJjaHw1MzV8fHBlcnNvbiUyMGZhY2UlMjBwaG90b3xlbnwwfHx8fDE3NzgwNjUzMTZ8MA&ixlib=rb-4.1.0&q=80&w=1080,REAL,Male,36-50,True
2762,https://images.unsplash.com/photo-1554931642-d39591fd064c?crop=entropy&cs=tinysrgb&fit=max&fm=jpg&ixid=M3w5NDQwMTV8MHwxfHNlYXJjaHw1NDJ8fGFkdWx0JTIwZmFjZSUyMHBob3RvfGVufDB8fHx8MTc3ODA2ODg3Nnww&ixlib=rb-4.1.0&q=80&w=1080,REAL,Male,50+,True
1386,https://images.unsplash.com/photo-1626311037561-45211047c991?crop=entropy&cs=tinysrgb&fit=max&fm=jpg&ixid=M3w5NDQwMTV8MHwxfHNlYXJjaHwzMDZ8fHdvbWFuJTIwZmFjZSUyMHBvcnRyYWl0fGVufDB8fHx8MTc3ODA2NTI2MXww&ixlib=rb-4.1.0&q=80&w=1080,REAL,Unknown,50+,True
296,https://images.unsplash.com/photo-1707593377592-2a84a1a85c09?crop=entropy&cs=tinysrgb&fit=max&fm=jpg&ixid=M3w5NDQwMTV8MHwxfHNlYXJjaHwzMjZ8fGh1bWFuJTIwZmFjZSUyMHBvcnRyYWl0fGVufDB8fHx8MTc3ODA2NDk4N3ww&ixlib=rb-4.1.0&q=80&w=1080,REAL,Unknown,50+,True
3598,https://api.dicebear.com/7.x/personas/jpg?seed=user540&size=300,FAKE,Unknown,36-50,True
1846,https://images.unsplash.com/photo-1584339566146-14d8046c203f?crop=entropy&cs=tinysrgb&fit=max&fm=jpg&ixid=M3w5NDQwMTV8MHwxfHNlYXJjaHwxOTZ8fHBlcnNvbiUyMGZhY2UlMjBwaG90b3xlbnwwfHx8fDE3NzgwNjUyOTB8MA&ixlib=rb-4.1.0&q=80&w=1080,REAL,Female,26-35,True
2878,https://randomuser.me/api/portraits/men/88.jpg,FAKE,Male,26-35,True
1669,https://images.unsplash.com/photo-1585519908858-95a3501ae9f1?crop=entropy&cs=tinysrgb&fit=max&fm=jpg&ixid=M3w5NDQwMTV8MHwxfHNlYXJjaHwxOXx8cGVyc29uJTIwZmFjZSUyMHBob3RvfGVufDB8fHx8MTc3ODA2NTI3OHww&ixlib=rb-4.1.0&q=80&w=1080,REAL,Male,50+,True
1454,https://images.unsplash.com/photo-1675705444822-853263b14e1f?crop=entropy&cs=tinysrgb&fit=max&fm=jpg&ixid=M3w5NDQwMTV8MHwxfHNlYXJjaHwzNzR8fHdvbWFuJTIwZmFjZSUyMHBvcnRyYWl0fGVufDB8fHx8MTc3ODA2NTI2NXww&ixlib=rb-4.1.0&q=80&w=1080,REAL,Male,18-25,True
1360,https://images.unsplash.com/photo-1617663888564-13bcf00e5668?crop=entropy&cs=tinysrgb&fit=max&fm=jpg&ixid=M3w5NDQwMTV8MHwxfHNlYXJjaHwyODB8fHdvbWFuJTIwZmFjZSUyMHBvcnRyYWl0fGVufDB8fHx8MTc3ODA2NTI1OXww&ixlib=rb-4.1.0&q=80&w=1080,REAL,Male,18-25,True
1895,https://images.unsplash.com/photo-1509005303677-92c314127770?crop=entropy&cs=tinysrgb&fit=max&fm=jpg&ixid=M3w5NDQwMTV8MHwxfHNlYXJjaHwyNDV8fHBlcnNvbiUyMGZhY2UlMjBwaG90b3xlbnwwfHx8fDE3NzgwNjUyOTV8MA&ixlib=rb-4.1.0&q=80&w=1080,REAL,Unknown,26-35,True
5050,https://api.dicebear.com/7.x/personas/jpg?seed=user1992&size=300,FAKE,Unknown,36-50,True
3071,https://api.dicebear.com/7.x/personas/jpg?seed=user13&size=300,FAKE,Unknown,26-35,True
4551,https://api.dicebear.com/7.x/personas/jpg?seed=user1493&size=300,FAKE,Unknown,50+,True
370,https://images.unsplash.com/photo-1593882376093-789408f90746?crop=entropy&cs=tinysrgb&fit=max&fm=jpg&ixid=M3w5NDQwMTV8MHwxfHNlYXJjaHw0MDB8fGh1bWFuJTIwZmFjZSUyMHBvcnRyYWl0fGVufDB8fHx8MTc3ODA2NTAwMXww&ixlib=rb-4.1.0&q=80&w=1080,REAL,Unknown,26-35,True
3263,https://api.dicebear.com/7.x/personas/jpg?seed=user205&size=300,FAKE,Unknown,18-25,True
2201,https://images.unsplash.com/photo-1769650796022-a1881a367b18?crop=entropy&cs=tinysrgb&fit=max&fm=jpg&ixid=M3w5NDQwMTV8MHwxfHNlYXJjaHw1NTF8fHlvdW5nJTIwcGVyc29uJTIwZmFjZXxlbnwwfHx8fDE3NzgwNjg4MzB8MA&ixlib=rb-4.1.0&q=80&w=1080,REAL,Female,50+,True
4130,https://api.dicebear.com/7.x/personas/jpg?seed=user1072&size=300,FAKE,Unknown,50+,True
15,https://images.unsplash.com/photo-1724225618644-2e08d79dac74?crop=entropy&cs=tinysrgb&fit=max&fm=jpg&ixid=M3w5NDQwMTV8MHwxfHNlYXJjaHwxNXx8aHVtYW4lMjBmYWNlJTIwcG9ydHJhaXR8ZW58MHx8fHwxNzc4MDY0Njg3fDA&ixlib=rb-4.1.0&q=80&w=1080,REAL,Female,26-35,True
2796,https://randomuser.me/api/portraits/men/6.jpg,FAKE,Male,50+,True
3753,https://api.dicebear.com/7.x/personas/jpg?seed=user695&size=300,FAKE,Unknown,18-25,True
84,https://images.unsplash.com/photo-1655449195187-a51a4606b32d?crop=entropy&cs=tinysrgb&fit=max&fm=jpg&ixid=M3w5NDQwMTV8MHwxfHNlYXJjaHw4NHx8aHVtYW4lMjBmYWNlJTIwcG9ydHJhaXR8ZW58MHx8fHwxNzc4MDY0NzE3fDA&ixlib=rb-4.1.0&q=80&w=1080,REAL,Male,36-50,True
514,https://images.unsplash.com/photo-1605972508994-a29759038123?crop=entropy&cs=tinysrgb&fit=max&fm=jpg&ixid=M3w5NDQwMTV8MHwxfHNlYXJjaHw1NDR8fGh1bWFuJTIwZmFjZSUyMHBvcnRyYWl0fGVufDB8fHx8MTc3ODA2NTA1NXww&ixlib=rb-4.1.0&q=80&w=1080,REAL,Male,50+,True
478,https://images.unsplash.com/photo-1585835582181-6b1accea23e0?crop=entropy&cs=tinysrgb&fit=max&fm=jpg&ixid=M3w5NDQwMTV8MHwxfHNlYXJjaHw1MDh8fGh1bWFuJTIwZmFjZSUyMHBvcnRyYWl0fGVufDB8fHx8MTc3ODA2NTAzN3ww&ixlib=rb-4.1.0&q=80&w=1080,REAL,Male,50+,True
2789,https://images.unsplash.com/photo-1629196689849-ac006ef69306?crop=entropy&cs=tinysrgb&fit=max&fm=jpg&ixid=M3w5NDQwMTV8MHwxfHNlYXJjaHw1Njl8fGFkdWx0JTIwZmFjZSUyMHBob3RvfGVufDB8fHx8MTc3ODA2ODg3Nnww&ixlib=rb-4.1.0&q=80&w=1080,REAL,Unknown,26-35,True
4521,https://api.dicebear.com/7.x/personas/jpg?seed=user1463&size=300,FAKE,Unknown,36-50,True
3069,https://api.dicebear.com/7.x/personas/jpg?seed=user11&size=300,FAKE,Unknown,18-25,True
2035,https://images.unsplash.com/photo-1689803754774-26826c2ba980?crop=entropy&cs=tinysrgb&fit=max&fm=jpg&ixid=M3w5NDQwMTV8MHwxfHNlYXJjaHwzODV8fHBlcnNvbiUyMGZhY2UlMjBwaG90b3xlbnwwfHx8fDE3NzgwNjUzMDN8MA&ixlib=rb-4.1.0&q=80&w=1080,REAL,Female,50+,True
205,https://images.unsplash.com/photo-1711913322813-1307565f8d88?crop=entropy&cs=tinysrgb&fit=max&fm=jpg&ixid=M3w5NDQwMTV8MHwxfHNlYXJjaHwyMDV8fGh1bWFuJTIwZmFjZSUyMHBvcnRyYWl0fGVufDB8fHx8MTc3ODA2NDc1M3ww&ixlib=rb-4.1.0&q=80&w=1080,REAL,Male,26-35,True
1849,https://images.unsplash.com/photo-1641252481923-c2ec906a39b1?crop=entropy&cs=tinysrgb&fit=max&fm=jpg&ixid=M3w5NDQwMTV8MHwxfHNlYXJjaHwxOTl8fHBlcnNvbiUyMGZhY2UlMjBwaG90b3xlbnwwfHx8fDE3NzgwNjUyOTB8MA&ixlib=rb-4.1.0&q=80&w=1080,REAL,Unknown,26-35,True
3725,https://api.dicebear.com/7.x/personas/jpg?seed=user667&size=300,FAKE,Unknown,18-25,True
1424,https://images.unsplash.com/photo-1579591919791-0e3737ae3808?crop=entropy&cs=tinysrgb&fit=max&fm=jpg&ixid=M3w5NDQwMTV8MHwxfHNlYXJjaHwzNDR8fHdvbWFuJTIwZmFjZSUyMHBvcnRyYWl0fGVufDB8fHx8MTc3ODA2NTI2M3ww&ixlib=rb-4.1.0&q=80&w=1080,REAL,Male,50+,True
5281,https://api.dicebear.com/7.x/personas/jpg?seed=user2223&size=300,FAKE,Unknown,26-35,True
354,https://images.unsplash.com/photo-1688395197085-908b2bccbb9e?crop=entropy&cs=tinysrgb&fit=max&fm=jpg&ixid=M3w5NDQwMTV8MHwxfHNlYXJjaHwzODR8fGh1bWFuJTIwZmFjZSUyMHBvcnRyYWl0fGVufDB8fHx8MTc3ODA2NDk5N3ww&ixlib=rb-4.1.0&q=80&w=1080,REAL,Unknown,18-25,True
2351,https://images.unsplash.com/photo-1726741695246-e71ed81a6a34?crop=entropy&cs=tinysrgb&fit=max&fm=jpg&ixid=M3w5NDQwMTV8MHwxfHNlYXJjaHwxMzF8fGFkdWx0JTIwZmFjZSUyMHBob3RvfGVufDB8fHx8MTc3ODA2ODg0MHww&ixlib=rb-4.1.0&q=80&w=1080,REAL,Male,36-50,True
4511,https://api.dicebear.com/7.x/personas/jpg?seed=user1453&size=300,FAKE,Unknown,36-50,True
3187,https://api.dicebear.com/7.x/personas/jpg?seed=user129&size=300,FAKE,Unknown,26-35,True
4219,https://api.dicebear.com/7.x/personas/jpg?seed=user1161&size=300,FAKE,Unknown,18-25,True
4302,https://api.dicebear.com/7.x/personas/jpg?seed=user1244&size=300,FAKE,Unknown,36-50,True
3478,https://api.dicebear.com/7.x/personas/jpg?seed=user420&size=300,FAKE,Unknown,26-35,True
2101,https://images.unsplash.com/photo-1689803763675-5e9087a322da?crop=entropy&cs=tinysrgb&fit=max&fm=jpg&ixid=M3w5NDQwMTV8MHwxfHNlYXJjaHw0NTF8fHBlcnNvbiUyMGZhY2UlMjBwaG90b3xlbnwwfHx8fDE3NzgwNjUzMTB8MA&ixlib=rb-4.1.0&q=80&w=1080,REAL,Female,26-35,True
248,https://images.unsplash.com/photo-1727341556787-7292f7515aec?crop=entropy&cs=tinysrgb&fit=max&fm=jpg&ixid=M3w5NDQwMTV8MHwxfHNlYXJjaHwyNzh8fGh1bWFuJTIwZmFjZSUyMHBvcnRyYWl0fGVufDB8fHx8MTc3ODA2NDkwMnww&ixlib=rb-4.1.0&q=80&w=1080,REAL,Female,18-25,True
1173,https://images.unsplash.com/photo-1623567533471-2c789007ce34?crop=entropy&cs=tinysrgb&fit=max&fm=jpg&ixid=M3w5NDQwMTV8MHwxfHNlYXJjaHw5M3x8d29tYW4lMjBmYWNlJTIwcG9ydHJhaXR8ZW58MHx8fHwxNzc4MDY1MjQ2fDA&ixlib=rb-4.1.0&q=80&w=1080,REAL,Male,36-50,True
3346,https://api.dicebear.com/7.x/personas/jpg?seed=user288&size=300,FAKE,Unknown,26-35,True
2342,https://images.unsplash.com/photo-1726741697211-585ded8287fa?crop=entropy&cs=tinysrgb&fit=max&fm=jpg&ixid=M3w5NDQwMTV8MHwxfHNlYXJjaHwxMjJ8fGFkdWx0JTIwZmFjZSUyMHBob3RvfGVufDB8fHx8MTc3ODA2ODg0MHww&ixlib=rb-4.1.0&q=80&w=1080,REAL,Male,36-50,True
3802,https://api.dicebear.com/7.x/personas/jpg?seed=user744&size=300,FAKE,Unknown,36-50,True
1860,https://images.unsplash.com/photo-1609959067540-2018c702724e?crop=entropy&cs=tinysrgb&fit=max&fm=jpg&ixid=M3w5NDQwMTV8MHwxfHNlYXJjaHwyMTB8fHBlcnNvbiUyMGZhY2UlMjBwaG90b3xlbnwwfHx8fDE3NzgwNjUyOTB8MA&ixlib=rb-4.1.0&q=80&w=1080,REAL,Female,18-25,True
4997,https://api.dicebear.com/7.x/personas/jpg?seed=user1939&size=300,FAKE,Unknown,18-25,True
500,https://images.unsplash.com/photo-1650750588473-c187151ef420?crop=entropy&cs=tinysrgb&fit=max&fm=jpg&ixid=M3w5NDQwMTV8MHwxfHNlYXJjaHw1MzB8fGh1bWFuJTIwZmFjZSUyMHBvcnRyYWl0fGVufDB8fHx8MTc3ODA2NTA0OXww&ixlib=rb-4.1.0&q=80&w=1080,REAL,Unknown,36-50,True
4695,https://api.dicebear.com/7.x/personas/jpg?seed=user1637&size=300,FAKE,Unknown,18-25,True
738,https://images.unsplash.com/photo-1673410623015-6b2d1894fcaa?crop=entropy&cs=tinysrgb&fit=max&fm=jpg&ixid=M3w5NDQwMTV8MHwxfHNlYXJjaHwyMjh8fG1hbiUyMGZhY2UlMjBjbG9zZXVwfGVufDB8fHx8MTc3ODA2NTIxMXww&ixlib=rb-4.1.0&q=80&w=1080,REAL,Male,50+,True
3419,https://api.dicebear.com/7.x/personas/jpg?seed=user361&size=300,FAKE,Unknown,26-35,True
2040,https://images.unsplash.com/photo-1726741697234-a4a3309e99b8?crop=entropy&cs=tinysrgb&fit=max&fm=jpg&ixid=M3w5NDQwMTV8MHwxfHNlYXJjaHwzOTB8fHBlcnNvbiUyMGZhY2UlMjBwaG90b3xlbnwwfHx8fDE3NzgwNjUzMDN8MA&ixlib=rb-4.1.0&q=80&w=1080,REAL,Male,36-50,True
5161,https://api.dicebear.com/7.x/personas/jpg?seed=user2103&size=300,FAKE,Unknown,18-25,True
2543,https://images.unsplash.com/photo-1617157435664-4a596993ed2b?crop=entropy&cs=tinysrgb&fit=max&fm=jpg&ixid=M3w5NDQwMTV8MHwxfHNlYXJjaHwzMjN8fGFkdWx0JTIwZmFjZSUyMHBob3RvfGVufDB8fHx8MTc3ODA2ODg1M3ww&ixlib=rb-4.1.0&q=80&w=1080,REAL,Female,26-35,True
3572,https://api.dicebear.com/7.x/personas/jpg?seed=user514&size=300,FAKE,Unknown,26-35,True
2682,https://images.unsplash.com/photo-1490911679664-99d34ae56d94?crop=entropy&cs=tinysrgb&fit=max&fm=jpg&ixid=M3w5NDQwMTV8MHwxfHNlYXJjaHw0NjJ8fGFkdWx0JTIwZmFjZSUyMHBob3RvfGVufDB8fHx8MTc3ODA2ODg2OHww&ixlib=rb-4.1.0&q=80&w=1080,REAL,Unknown,36-50,True
5438,https://api.dicebear.com/7.x/personas/jpg?seed=user2380&size=300,FAKE,Unknown,26-35,True
4674,https://api.dicebear.com/7.x/personas/jpg?seed=user1616&size=300,FAKE,Unknown,50+,True
2823,https://randomuser.me/api/portraits/men/33.jpg,FAKE,Male,36-50,True
3550,https://api.dicebear.com/7.x/personas/jpg?seed=user492&size=300,FAKE,Unknown,50+,True
597,https://images.unsplash.com/photo-1631085274420-cbf05fb24e41?crop=entropy&cs=tinysrgb&fit=max&fm=jpg&ixid=M3w5NDQwMTV8MHwxfHNlYXJjaHw1N3x8bWFuJTIwZmFjZSUyMGNsb3NldXB8ZW58MHx8fHwxNzc4MDY1MDc4fDA&ixlib=rb-4.1.0&q=80&w=1080,REAL,Female,18-25,True
2456,https://images.unsplash.com/photo-1691423375344-6aef240efcf2?crop=entropy&cs=tinysrgb&fit=max&fm=jpg&ixid=M3w5NDQwMTV8MHwxfHNlYXJjaHwyMzZ8fGFkdWx0JTIwZmFjZSUyMHBob3RvfGVufDB8fHx8MTc3ODA2ODg0Nnww&ixlib=rb-4.1.0&q=80&w=1080,REAL,Female,26-35,True
1377,https://images.unsplash.com/photo-1615529589517-a5ee3375eb7b?crop=entropy&cs=tinysrgb&fit=max&fm=jpg&ixid=M3w5NDQwMTV8MHwxfHNlYXJjaHwyOTd8fHdvbWFuJTIwZmFjZSUyMHBvcnRyYWl0fGVufDB8fHx8MTc3ODA2NTI1OXww&ixlib=rb-4.1.0&q=80&w=1080,REAL,Unknown,36-50,True
1765,https://images.unsplash.com/photo-1635130822347-90f923e64ced?crop=entropy&cs=tinysrgb&fit=max&fm=jpg&ixid=M3w5NDQwMTV8MHwxfHNlYXJjaHwxMTV8fHBlcnNvbiUyMGZhY2UlMjBwaG90b3xlbnwwfHx8fDE3NzgwNjUyODR8MA&ixlib=rb-4.1.0&q=80&w=1080,REAL,Male,50+,True
4945,https://api.dicebear.com/7.x/personas/jpg?seed=user1887&size=300,FAKE,Unknown,18-25,True
3681,https://api.dicebear.com/7.x/personas/jpg?seed=user623&size=300,FAKE,Unknown,26-35,True
3692,https://api.dicebear.com/7.x/personas/jpg?seed=user634&size=300,FAKE,Unknown,26-35,True
336,https://images.unsplash.com/photo-1706496366816-f589fadff1cd?crop=entropy&cs=tinysrgb&fit=max&fm=jpg&ixid=M3w5NDQwMTV8MHwxfHNlYXJjaHwzNjZ8fGh1bWFuJTIwZmFjZSUyMHBvcnRyYWl0fGVufDB8fHx8MTc3ODA2NDk5N3ww&ixlib=rb-4.1.0&q=80&w=1080,REAL,Female,26-35,True
3742,https://api.dicebear.com/7.x/personas/jpg?seed=user684&size=300,FAKE,Unknown,18-25,True
5029,https://api.dicebear.com/7.x/personas/jpg?seed=user1971&size=300,FAKE,Unknown,36-50,True
4146,https://api.dicebear.com/7.x/personas/jpg?seed=user1088&size=300,FAKE,Unknown,50+,True
5036,https://api.dicebear.com/7.x/personas/jpg?seed=user1978&size=300,FAKE,Unknown,18-25,True
5158,https://api.dicebear.com/7.x/personas/jpg?seed=user2100&size=300,FAKE,Unknown,50+,True
4921,https://api.dicebear.com/7.x/personas/jpg?seed=user1863&size=300,FAKE,Unknown,26-35,True
5345,https://api.dicebear.com/7.x/personas/jpg?seed=user2287&size=300,FAKE,Unknown,26-35,True
1626,https://images.unsplash.com/photo-1697823084396-de5a371d1e9f?crop=entropy&cs=tinysrgb&fit=max&fm=jpg&ixid=M3w5NDQwMTV8MHwxfHNlYXJjaHw1NDZ8fHdvbWFuJTIwZmFjZSUyMHBvcnRyYWl0fGVufDB8fHx8MTc3ODA2NTI3Nnww&ixlib=rb-4.1.0&q=80&w=1080,REAL,Unknown,50+,True
2741,https://images.unsplash.com/photo-1639596009496-d24f966adc25?crop=entropy&cs=tinysrgb&fit=max&fm=jpg&ixid=M3w5NDQwMTV8MHwxfHNlYXJjaHw1MjF8fGFkdWx0JTIwZmFjZSUyMHBob3RvfGVufDB8fHx8MTc3ODA2ODg3NHww&ixlib=rb-4.1.0&q=80&w=1080,REAL,Male,36-50,True
776,https://images.unsplash.com/photo-1594070351510-ee2abdc06e09?crop=entropy&cs=tinysrgb&fit=max&fm=jpg&ixid=M3w5NDQwMTV8MHwxfHNlYXJjaHwyNjZ8fG1hbiUyMGZhY2UlMjBjbG9zZXVwfGVufDB8fHx8MTc3ODA2NTIxM3ww&ixlib=rb-4.1.0&q=80&w=1080,REAL,Unknown,18-25,True
2626,https://images.unsplash.com/photo-1591973669966-52d2534d9087?crop=entropy&cs=tinysrgb&fit=max&fm=jpg&ixid=M3w5NDQwMTV8MHwxfHNlYXJjaHw0MDZ8fGFkdWx0JTIwZmFjZSUyMHBob3RvfGVufDB8fHx8MTc3ODA2ODg2MXww&ixlib=rb-4.1.0&q=80&w=1080,REAL,Unknown,36-50,True
1823,https://images.unsplash.com/photo-1708779379055-7a92f00cc090?crop=entropy&cs=tinysrgb&fit=max&fm=jpg&ixid=M3w5NDQwMTV8MHwxfHNlYXJjaHwxNzN8fHBlcnNvbiUyMGZhY2UlMjBwaG90b3xlbnwwfHx8fDE3NzgwNjUyODh8MA&ixlib=rb-4.1.0&q=80&w=1080,REAL,Female,18-25,True
3304,https://api.dicebear.com/7.x/personas/jpg?seed=user246&size=300,FAKE,Unknown,26-35,True
1287,https://images.unsplash.com/photo-1685786870743-f4385131d863?crop=entropy&cs=tinysrgb&fit=max&fm=jpg&ixid=M3w5NDQwMTV8MHwxfHNlYXJjaHwyMDd8fHdvbWFuJTIwZmFjZSUyMHBvcnRyYWl0fGVufDB8fHx8MTc3ODA2NTI1M3ww&ixlib=rb-4.1.0&q=80&w=1080,REAL,Unknown,18-25,True
2098,https://images.unsplash.com/photo-1744670111338-095a8f846cf3?crop=entropy&cs=tinysrgb&fit=max&fm=jpg&ixid=M3w5NDQwMTV8MHwxfHNlYXJjaHw0NDh8fHBlcnNvbiUyMGZhY2UlMjBwaG90b3xlbnwwfHx8fDE3NzgwNjUzMDh8MA&ixlib=rb-4.1.0&q=80&w=1080,REAL,Unknown,36-50,True
4685,https://api.dicebear.com/7.x/personas/jpg?seed=user1627&size=300,FAKE,Unknown,26-35,True
1258,https://images.unsplash.com/photo-1639689413104-82dbbd1db74d?crop=entropy&cs=tinysrgb&fit=max&fm=jpg&ixid=M3w5NDQwMTV8MHwxfHNlYXJjaHwxNzh8fHdvbWFuJTIwZmFjZSUyMHBvcnRyYWl0fGVufDB8fHx8MTc3ODA2NTI1MXww&ixlib=rb-4.1.0&q=80&w=1080,REAL,Female,36-50,True
4819,https://api.dicebear.com/7.x/personas/jpg?seed=user1761&size=300,FAKE,Unknown,36-50,True
5500,https://api.dicebear.com/7.x/personas/jpg?seed=user2442&size=300,FAKE,Unknown,18-25,True
461,https://images.unsplash.com/photo-1603822483961-3e52ed26c15d?crop=entropy&cs=tinysrgb&fit=max&fm=jpg&ixid=M3w5NDQwMTV8MHwxfHNlYXJjaHw0OTF8fGh1bWFuJTIwZmFjZSUyMHBvcnRyYWl0fGVufDB8fHx8MTc3ODA2NTAzN3ww&ixlib=rb-4.1.0&q=80&w=1080,REAL,Male,26-35,True
4244,https://api.dicebear.com/7.x/personas/jpg?seed=user1186&size=300,FAKE,Unknown,36-50,True
3381,https://api.dicebear.com/7.x/personas/jpg?seed=user323&size=300,FAKE,Unknown,26-35,True
2100,https://images.unsplash.com/photo-1726741694559-b3e23a2db831?crop=entropy&cs=tinysrgb&fit=max&fm=jpg&ixid=M3w5NDQwMTV8MHwxfHNlYXJjaHw0NTB8fHBlcnNvbiUyMGZhY2UlMjBwaG90b3xlbnwwfHx8fDE3NzgwNjUzMDh8MA&ixlib=rb-4.1.0&q=80&w=1080,REAL,Male,18-25,True
4344,https://api.dicebear.com/7.x/personas/jpg?seed=user1286&size=300,FAKE,Unknown,36-50,True
3752,https://api.dicebear.com/7.x/personas/jpg?seed=user694&size=300,FAKE,Unknown,26-35,True
2023,https://images.unsplash.com/photo-1648500128137-a5f192779858?crop=entropy&cs=tinysrgb&fit=max&fm=jpg&ixid=M3w5NDQwMTV8MHwxfHNlYXJjaHwzNzN8fHBlcnNvbiUyMGZhY2UlMjBwaG90b3xlbnwwfHx8fDE3NzgwNjUzMDN8MA&ixlib=rb-4.1.0&q=80&w=1080,REAL,Female,50+,True
300,https://images.unsplash.com/photo-1749566906468-c86cd838d789?crop=entropy&cs=tinysrgb&fit=max&fm=jpg&ixid=M3w5NDQwMTV8MHwxfHNlYXJjaHwzMzB8fGh1bWFuJTIwZmFjZSUyMHBvcnRyYWl0fGVufDB8fHx8MTc3ODA2NDk4N3ww&ixlib=rb-4.1.0&q=80&w=1080,REAL,Female,50+,True
4369,https://api.dicebear.com/7.x/personas/jpg?seed=user1311&size=300,FAKE,Unknown,26-35,True
1091,https://images.unsplash.com/photo-1634149136898-f7168613ac7f?crop=entropy&cs=tinysrgb&fit=max&fm=jpg&ixid=M3w5NDQwMTV8MHwxfHNlYXJjaHwxMXx8d29tYW4lMjBmYWNlJTIwcG9ydHJhaXR8ZW58MHx8fHwxNzc4MDY1MjM5fDA&ixlib=rb-4.1.0&q=80&w=1080,REAL,Unknown,18-25,True
293,https://images.unsplash.com/photo-1612585409010-b8e079e68a86?crop=entropy&cs=tinysrgb&fit=max&fm=jpg&ixid=M3w5NDQwMTV8MHwxfHNlYXJjaHwzMjN8fGh1bWFuJTIwZmFjZSUyMHBvcnRyYWl0fGVufDB8fHx8MTc3ODA2NDk4N3ww&ixlib=rb-4.1.0&q=80&w=1080,REAL,Female,50+,True
1312,https://images.unsplash.com/photo-1552611919-069fa4b7a499?crop=entropy&cs=tinysrgb&fit=max&fm=jpg&ixid=M3w5NDQwMTV8MHwxfHNlYXJjaHwyMzJ8fHdvbWFuJTIwZmFjZSUyMHBvcnRyYWl0fGVufDB8fHx8MTc3ODA2NTI1NXww&ixlib=rb-4.1.0&q=80&w=1080,REAL,Male,50+,True
1649,https://images.unsplash.com/photo-1620058011052-a264bf06900b?crop=entropy&cs=tinysrgb&fit=max&fm=jpg&ixid=M3w5NDQwMTV8MHwxfHNlYXJjaHw1Njl8fHdvbWFuJTIwZmFjZSUyMHBvcnRyYWl0fGVufDB8fHx8MTc3ODA2NTI3Nnww&ixlib=rb-4.1.0&q=80&w=1080,REAL,Unknown,36-50,True
1971,https://images.unsplash.com/photo-1648484859984-2dcb024c91fb?crop=entropy&cs=tinysrgb&fit=max&fm=jpg&ixid=M3w5NDQwMTV8MHwxfHNlYXJjaHwzMjF8fHBlcnNvbiUyMGZhY2UlMjBwaG90b3xlbnwwfHx8fDE3NzgwNjUyOTl8MA&ixlib=rb-4.1.0&q=80&w=1080,REAL,Female,26-35,True
412,https://images.unsplash.com/photo-1617457204897-91034442a08c?crop=entropy&cs=tinysrgb&fit=max&fm=jpg&ixid=M3w5NDQwMTV8MHwxfHNlYXJjaHw0NDJ8fGh1bWFuJTIwZmFjZSUyMHBvcnRyYWl0fGVufDB8fHx8MTc3ODA2NTAyMXww&ixlib=rb-4.1.0&q=80&w=1080,REAL,Male,50+,True
2731,https://images.unsplash.com/photo-1743015067236-e1ab7f3e208b?crop=entropy&cs=tinysrgb&fit=max&fm=jpg&ixid=M3w5NDQwMTV8MHwxfHNlYXJjaHw1MTF8fGFkdWx0JTIwZmFjZSUyMHBob3RvfGVufDB8fHx8MTc3ODA2ODg3NHww&ixlib=rb-4.1.0&q=80&w=1080,REAL,Unknown,18-25,True
2761,https://images.unsplash.com/photo-1719295260404-dfe00c21454b?crop=entropy&cs=tinysrgb&fit=max&fm=jpg&ixid=M3w5NDQwMTV8MHwxfHNlYXJjaHw1NDF8fGFkdWx0JTIwZmFjZSUyMHBob3RvfGVufDB8fHx8MTc3ODA2ODg3Nnww&ixlib=rb-4.1.0&q=80&w=1080,REAL,Unknown,26-35,True
4662,https://api.dicebear.com/7.x/personas/jpg?seed=user1604&size=300,FAKE,Unknown,50+,True
928,https://images.unsplash.com/photo-1731005116674-062a313bc7ab?crop=entropy&cs=tinysrgb&fit=max&fm=jpg&ixid=M3w5NDQwMTV8MHwxfHNlYXJjaHw0MTh8fG1hbiUyMGZhY2UlMjBjbG9zZXVwfGVufDB8fHx8MTc3ODA2NTIyNnww&ixlib=rb-4.1.0&q=80&w=1080,REAL,Female,36-50,True
4020,https://api.dicebear.com/7.x/personas/jpg?seed=user962&size=300,FAKE,Unknown,36-50,True
1334,https://images.unsplash.com/photo-1646795203221-d2a791724c4a?crop=entropy&cs=tinysrgb&fit=max&fm=jpg&ixid=M3w5NDQwMTV8MHwxfHNlYXJjaHwyNTR8fHdvbWFuJTIwZmFjZSUyMHBvcnRyYWl0fGVufDB8fHx8MTc3ODA2NTI1N3ww&ixlib=rb-4.1.0&q=80&w=1080,REAL,Unknown,18-25,True
2849,https://randomuser.me/api/portraits/men/59.jpg,FAKE,Male,18-25,True
2962,https://randomuser.me/api/portraits/women/73.jpg,FAKE,Female,26-35,True
4762,https://api.dicebear.com/7.x/personas/jpg?seed=user1704&size=300,FAKE,Unknown,26-35,True
5336,https://api.dicebear.com/7.x/personas/jpg?seed=user2278&size=300,FAKE,Unknown,18-25,True
1004,https://images.unsplash.com/photo-1575719408402-6bbd01c2ad31?crop=entropy&cs=tinysrgb&fit=max&fm=jpg&ixid=M3w5NDQwMTV8MHwxfHNlYXJjaHw0OTR8fG1hbiUyMGZhY2UlMjBjbG9zZXVwfGVufDB8fHx8MTc3ODA2NTIzMnww&ixlib=rb-4.1.0&q=80&w=1080,REAL,Unknown,18-25,True
1167,https://images.unsplash.com/photo-1609951879122-c497a7745e2d?crop=entropy&cs=tinysrgb&fit=max&fm=jpg&ixid=M3w5NDQwMTV8MHwxfHNlYXJjaHw4N3x8d29tYW4lMjBmYWNlJTIwcG9ydHJhaXR8ZW58MHx8fHwxNzc4MDY1MjQ0fDA&ixlib=rb-4.1.0&q=80&w=1080,REAL,Unknown,50+,True
3794,https://api.dicebear.com/7.x/personas/jpg?seed=user736&size=300,FAKE,Unknown,50+,True
3109,https://api.dicebear.com/7.x/personas/jpg?seed=user51&size=300,FAKE,Unknown,18-25,True
2213,https://images.unsplash.com/photo-1758523672300-500f7148726c?crop=entropy&cs=tinysrgb&fit=max&fm=jpg&ixid=M3w5NDQwMTV8MHwxfHNlYXJjaHw1NjN8fHlvdW5nJTIwcGVyc29uJTIwZmFjZXxlbnwwfHx8fDE3NzgwNjg4MzB8MA&ixlib=rb-4.1.0&q=80&w=1080,REAL,Female,50+,True
1054,https://images.unsplash.com/photo-1548536095-f0a3e0dafcaf?crop=entropy&cs=tinysrgb&fit=max&fm=jpg&ixid=M3w5NDQwMTV8MHwxfHNlYXJjaHw1NDR8fG1hbiUyMGZhY2UlMjBjbG9zZXVwfGVufDB8fHx8MTc3ODA2NTIzNnww&ixlib=rb-4.1.0&q=80&w=1080,REAL,Female,36-50,True
606,https://images.unsplash.com/photo-1746291227799-91a7174fe983?crop=entropy&cs=tinysrgb&fit=max&fm=jpg&ixid=M3w5NDQwMTV8MHwxfHNlYXJjaHw2Nnx8bWFuJTIwZmFjZSUyMGNsb3NldXB8ZW58MHx8fHwxNzc4MDY1MDgyfDA&ixlib=rb-4.1.0&q=80&w=1080,REAL,Female,18-25,True
2436,https://images.unsplash.com/photo-1686242584283-cc2592a20744?crop=entropy&cs=tinysrgb&fit=max&fm=jpg&ixid=M3w5NDQwMTV8MHwxfHNlYXJjaHwyMTZ8fGFkdWx0JTIwZmFjZSUyMHBob3RvfGVufDB8fHx8MTc3ODA2ODg0Nnww&ixlib=rb-4.1.0&q=80&w=1080,REAL,Unknown,18-25,True
4882,https://api.dicebear.com/7.x/personas/jpg?seed=user1824&size=300,FAKE,Unknown,18-25,True
612,https://images.unsplash.com/photo-1641522198165-f5d420e556a3?crop=entropy&cs=tinysrgb&fit=max&fm=jpg&ixid=M3w5NDQwMTV8MHwxfHNlYXJjaHw3Mnx8bWFuJTIwZmFjZSUyMGNsb3NldXB8ZW58MHx8fHwxNzc4MDY1MDgyfDA&ixlib=rb-4.1.0&q=80&w=1080,REAL,Male,18-25,True
2719,https://images.unsplash.com/photo-1638869689428-a923e87fd932?crop=entropy&cs=tinysrgb&fit=max&fm=jpg&ixid=M3w5NDQwMTV8MHwxfHNlYXJjaHw0OTl8fGFkdWx0JTIwZmFjZSUyMHBob3RvfGVufDB8fHx8MTc3ODA2ODg3MXww&ixlib=rb-4.1.0&q=80&w=1080,REAL,Male,18-25,True
3252,https://api.dicebear.com/7.x/personas/jpg?seed=user194&size=300,FAKE,Unknown,18-25,True
4626,https://api.dicebear.com/7.x/personas/jpg?seed=user1568&size=300,FAKE,Unknown,26-35,True
841,https://images.unsplash.com/photo-1623004860181-70ce42daad92?crop=entropy&cs=tinysrgb&fit=max&fm=jpg&ixid=M3w5NDQwMTV8MHwxfHNlYXJjaHwzMzF8fG1hbiUyMGZhY2UlMjBjbG9zZXVwfGVufDB8fHx8MTc3ODA2NTIyMnww&ixlib=rb-4.1.0&q=80&w=1080,REAL,Female,18-25,True
3242,https://api.dicebear.com/7.x/personas/jpg?seed=user184&size=300,FAKE,Unknown,50+,True
1588,https://images.unsplash.com/photo-1681296115470-cafb5874604d?crop=entropy&cs=tinysrgb&fit=max&fm=jpg&ixid=M3w5NDQwMTV8MHwxfHNlYXJjaHw1MDh8fHdvbWFuJTIwZmFjZSUyMHBvcnRyYWl0fGVufDB8fHx8MTc3ODA2NTI3M3ww&ixlib=rb-4.1.0&q=80&w=1080,REAL,Female,18-25,True
3969,https://api.dicebear.com/7.x/personas/jpg?seed=user911&size=300,FAKE,Unknown,26-35,True
4387,https://api.dicebear.com/7.x/personas/jpg?seed=user1329&size=300,FAKE,Unknown,36-50,True
4305,https://api.dicebear.com/7.x/personas/jpg?seed=user1247&size=300,FAKE,Unknown,26-35,True
935,https://images.unsplash.com/photo-1645714617923-3196f70d9386?crop=entropy&cs=tinysrgb&fit=max&fm=jpg&ixid=M3w5NDQwMTV8MHwxfHNlYXJjaHw0MjV8fG1hbiUyMGZhY2UlMjBjbG9zZXVwfGVufDB8fHx8MTc3ODA2NTIyOHww&ixlib=rb-4.1.0&q=80&w=1080,REAL,Female,50+,True
234,https://images.unsplash.com/photo-1600938401217-6bbe7ff6641e?crop=entropy&cs=tinysrgb&fit=max&fm=jpg&ixid=M3w5NDQwMTV8MHwxfHNlYXJjaHwyNjR8fGh1bWFuJTIwZmFjZSUyMHBvcnRyYWl0fGVufDB8fHx8MTc3ODA2NDg3MHww&ixlib=rb-4.1.0&q=80&w=1080,REAL,Female,18-25,True
657,https://images.unsplash.com/photo-1668368963543-2ada1c80da86?crop=entropy&cs=tinysrgb&fit=max&fm=jpg&ixid=M3w5NDQwMTV8MHwxfHNlYXJjaHwxMTd8fG1hbiUyMGZhY2UlMjBjbG9zZXVwfGVufDB8fHx8MTc3ODA2NTA4NHww&ixlib=rb-4.1.0&q=80&w=1080,REAL,Unknown,18-25,True
1417,https://images.unsplash.com/photo-1668063249971-4f7fecc075a8?crop=entropy&cs=tinysrgb&fit=max&fm=jpg&ixid=M3w5NDQwMTV8MHwxfHNlYXJjaHwzMzd8fHdvbWFuJTIwZmFjZSUyMHBvcnRyYWl0fGVufDB8fHx8MTc3ODA2NTI2M3ww&ixlib=rb-4.1.0&q=80&w=1080,REAL,Male,26-35,True
5453,https://api.dicebear.com/7.x/personas/jpg?seed=user2395&size=300,FAKE,Unknown,50+,True
1017,https://images.unsplash.com/photo-1671718648254-b172c1f188a3?crop=entropy&cs=tinysrgb&fit=max&fm=jpg&ixid=M3w5NDQwMTV8MHwxfHNlYXJjaHw1MDd8fG1hbiUyMGZhY2UlMjBjbG9zZXVwfGVufDB8fHx8MTc3ODA2NTIzMnww&ixlib=rb-4.1.0&q=80&w=1080,REAL,Female,18-25,True
451,https://images.unsplash.com/photo-1639881255077-424edb5a3ead?crop=entropy&cs=tinysrgb&fit=max&fm=jpg&ixid=M3w5NDQwMTV8MHwxfHNlYXJjaHw0ODF8fGh1bWFuJTIwZmFjZSUyMHBvcnRyYWl0fGVufDB8fHx8MTc3ODA2NTAzN3ww&ixlib=rb-4.1.0&q=80&w=1080,REAL,Unknown,50+,True
3102,https://api.dicebear.com/7.x/personas/jpg?seed=user44&size=300,FAKE,Unknown,26-35,True
2326,https://images.unsplash.com/photo-1732124740807-390dc648ed55?crop=entropy&cs=tinysrgb&fit=max&fm=jpg&ixid=M3w5NDQwMTV8MHwxfHNlYXJjaHwxMDZ8fGFkdWx0JTIwZmFjZSUyMHBob3RvfGVufDB8fHx8MTc3ODA2ODgzOHww&ixlib=rb-4.1.0&q=80&w=1080,REAL,Female,36-50,True
4526,https://api.dicebear.com/7.x/personas/jpg?seed=user1468&size=300,FAKE,Unknown,26-35,True
5002,https://api.dicebear.com/7.x/personas/jpg?seed=user1944&size=300,FAKE,Unknown,26-35,True
5548,https://api.dicebear.com/7.x/personas/jpg?seed=user2490&size=300,FAKE,Unknown,36-50,True
4507,https://api.dicebear.com/7.x/personas/jpg?seed=user1449&size=300,FAKE,Unknown,50+,True
1074,https://images.unsplash.com/photo-1697886562267-af0255ac773b?crop=entropy&cs=tinysrgb&fit=max&fm=jpg&ixid=M3w5NDQwMTV8MHwxfHNlYXJjaHw1NjR8fG1hbiUyMGZhY2UlMjBjbG9zZXVwfGVufDB8fHx8MTc3ODA2NTIzNnww&ixlib=rb-4.1.0&q=80&w=1080,REAL,Female,18-25,True
3292,https://api.dicebear.com/7.x/personas/jpg?seed=user234&size=300,FAKE,Unknown,36-50,True
3361,https://api.dicebear.com/7.x/personas/jpg?seed=user303&size=300,FAKE,Unknown,26-35,True
2388,https://images.unsplash.com/photo-1727341552909-559eef4c18f0?crop=entropy&cs=tinysrgb&fit=max&fm=jpg&ixid=M3w5NDQwMTV8MHwxfHNlYXJjaHwxNjh8fGFkdWx0JTIwZmFjZSUyMHBob3RvfGVufDB8fHx8MTc3ODA2ODg0Mnww&ixlib=rb-4.1.0&q=80&w=1080,REAL,Male,18-25,True
573,https://images.unsplash.com/photo-1647106484748-ef385181abf2?crop=entropy&cs=tinysrgb&fit=max&fm=jpg&ixid=M3w5NDQwMTV8MHwxfHNlYXJjaHwzM3x8bWFuJTIwZmFjZSUyMGNsb3NldXB8ZW58MHx8fHwxNzc4MDY1MDc4fDA&ixlib=rb-4.1.0&q=80&w=1080,REAL,Unknown,26-35,True
875,https://images.unsplash.com/photo-1516202648085-f93e477d1300?crop=entropy&cs=tinysrgb&fit=max&fm=jpg&ixid=M3w5NDQwMTV8MHwxfHNlYXJjaHwzNjV8fG1hbiUyMGZhY2UlMjBjbG9zZXVwfGVufDB8fHx8MTc3ODA2NTIyNHww&ixlib=rb-4.1.0&q=80&w=1080,REAL,Unknown,36-50,True
2200,https://images.unsplash.com/photo-1758273240097-b861e2f65b38?crop=entropy&cs=tinysrgb&fit=max&fm=jpg&ixid=M3w5NDQwMTV8MHwxfHNlYXJjaHw1NTB8fHlvdW5nJTIwcGVyc29uJTIwZmFjZXxlbnwwfHx8fDE3NzgwNjg4MzB8MA&ixlib=rb-4.1.0&q=80&w=1080,REAL,Unknown,36-50,True
2612,https://images.unsplash.com/photo-1652226825940-46ad2a55d132?crop=entropy&cs=tinysrgb&fit=max&fm=jpg&ixid=M3w5NDQwMTV8MHwxfHNlYXJjaHwzOTJ8fGFkdWx0JTIwZmFjZSUyMHBob3RvfGVufDB8fHx8MTc3ODA2ODg2MXww&ixlib=rb-4.1.0&q=80&w=1080,REAL,Female,50+,True
1776,https://images.unsplash.com/photo-1643563278887-3e3d80664397?crop=entropy&cs=tinysrgb&fit=max&fm=jpg&ixid=M3w5NDQwMTV8MHwxfHNlYXJjaHwxMjZ8fHBlcnNvbiUyMGZhY2UlMjBwaG90b3xlbnwwfHx8fDE3NzgwNjUyODZ8MA&ixlib=rb-4.1.0&q=80&w=1080,REAL,Unknown,36-50,True
4517,https://api.dicebear.com/7.x/personas/jpg?seed=user1459&size=300,FAKE,Unknown,36-50,True
4895,https://api.dicebear.com/7.x/personas/jpg?seed=user1837&size=300,FAKE,Unknown,36-50,True
3780,https://api.dicebear.com/7.x/personas/jpg?seed=user722&size=300,FAKE,Unknown,26-35,True
2104,https://images.unsplash.com/photo-1726741696397-41927b5f8f13?crop=entropy&cs=tinysrgb&fit=max&fm=jpg&ixid=M3w5NDQwMTV8MHwxfHNlYXJjaHw0NTR8fHBlcnNvbiUyMGZhY2UlMjBwaG90b3xlbnwwfHx8fDE3NzgwNjUzMTB8MA&ixlib=rb-4.1.0&q=80&w=1080,REAL,Female,26-35,True
1009,https://images.unsplash.com/photo-1627361385389-6b5cc859bd9e?crop=entropy&cs=tinysrgb&fit=max&fm=jpg&ixid=M3w5NDQwMTV8MHwxfHNlYXJjaHw0OTl8fG1hbiUyMGZhY2UlMjBjbG9zZXVwfGVufDB8fHx8MTc3ODA2NTIzMnww&ixlib=rb-4.1.0&q=80&w=1080,REAL,Male,26-35,True
3508,https://api.dicebear.com/7.x/personas/jpg?seed=user450&size=300,FAKE,Unknown,50+,True
3286,https://api.dicebear.com/7.x/personas/jpg?seed=user228&size=300,FAKE,Unknown,50+,True
4608,https://api.dicebear.com/7.x/personas/jpg?seed=user1550&size=300,FAKE,Unknown,36-50,True
388,https://images.unsplash.com/photo-1767926178468-0ad624709f39?crop=entropy&cs=tinysrgb&fit=max&fm=jpg&ixid=M3w5NDQwMTV8MHwxfHNlYXJjaHw0MTh8fGh1bWFuJTIwZmFjZSUyMHBvcnRyYWl0fGVufDB8fHx8MTc3ODA2NTAwMXww&ixlib=rb-4.1.0&q=80&w=1080,REAL,Female,26-35,True
3983,https://api.dicebear.com/7.x/personas/jpg?seed=user925&size=300,FAKE,Unknown,36-50,True
4359,https://api.dicebear.com/7.x/personas/jpg?seed=user1301&size=300,FAKE,Unknown,50+,True
4126,https://api.dicebear.com/7.x/personas/jpg?seed=user1068&size=300,FAKE,Unknown,18-25,True
237,https://images.unsplash.com/photo-1727341557531-343cd4364501?crop=entropy&cs=tinysrgb&fit=max&fm=jpg&ixid=M3w5NDQwMTV8MHwxfHNlYXJjaHwyNjd8fGh1bWFuJTIwZmFjZSUyMHBvcnRyYWl0fGVufDB8fHx8MTc3ODA2NDg3MHww&ixlib=rb-4.1.0&q=80&w=1080,REAL,Male,26-35,True
2043,https://images.unsplash.com/photo-1726741697440-bb3d73f31daf?crop=entropy&cs=tinysrgb&fit=max&fm=jpg&ixid=M3w5NDQwMTV8MHwxfHNlYXJjaHwzOTN8fHBlcnNvbiUyMGZhY2UlMjBwaG90b3xlbnwwfHx8fDE3NzgwNjUzMDV8MA&ixlib=rb-4.1.0&q=80&w=1080,REAL,Female,26-35,True
846,https://images.unsplash.com/photo-1586057280589-2222eb1cc081?crop=entropy&cs=tinysrgb&fit=max&fm=jpg&ixid=M3w5NDQwMTV8MHwxfHNlYXJjaHwzMzZ8fG1hbiUyMGZhY2UlMjBjbG9zZXVwfGVufDB8fHx8MTc3ODA2NTIyMnww&ixlib=rb-4.1.0&q=80&w=1080,REAL,Unknown,26-35,True
1302,https://images.unsplash.com/photo-1647740356587-b0cda1b23110?crop=entropy&cs=tinysrgb&fit=max&fm=jpg&ixid=M3w5NDQwMTV8MHwxfHNlYXJjaHwyMjJ8fHdvbWFuJTIwZmFjZSUyMHBvcnRyYWl0fGVufDB8fHx8MTc3ODA2NTI1NXww&ixlib=rb-4.1.0&q=80&w=1080,REAL,Unknown,36-50,True
1888,https://images.unsplash.com/photo-1700104335456-a6a570b233d3?crop=entropy&cs=tinysrgb&fit=max&fm=jpg&ixid=M3w5NDQwMTV8MHwxfHNlYXJjaHwyMzh8fHBlcnNvbiUyMGZhY2UlMjBwaG90b3xlbnwwfHx8fDE3NzgwNjUyOTJ8MA&ixlib=rb-4.1.0&q=80&w=1080,REAL,Unknown,36-50,True
305,https://images.unsplash.com/photo-1645281365698-483a80514aa5?crop=entropy&cs=tinysrgb&fit=max&fm=jpg&ixid=M3w5NDQwMTV8MHwxfHNlYXJjaHwzMzV8fGh1bWFuJTIwZmFjZSUyMHBvcnRyYWl0fGVufDB8fHx8MTc3ODA2NDk5MHww&ixlib=rb-4.1.0&q=80&w=1080,REAL,Unknown,36-50,True
3946,https://api.dicebear.com/7.x/personas/jpg?seed=user888&size=300,FAKE,Unknown,26-35,True
3571,https://api.dicebear.com/7.x/personas/jpg?seed=user513&size=300,FAKE,Unknown,26-35,True
5114,https://api.dicebear.com/7.x/personas/jpg?seed=user2056&size=300,FAKE,Unknown,36-50,True
1398,https://images.unsplash.com/photo-1631544114468-111d572b2a84?crop=entropy&cs=tinysrgb&fit=max&fm=jpg&ixid=M3w5NDQwMTV8MHwxfHNlYXJjaHwzMTh8fHdvbWFuJTIwZmFjZSUyMHBvcnRyYWl0fGVufDB8fHx8MTc3ODA2NTI2MXww&ixlib=rb-4.1.0&q=80&w=1080,REAL,Male,18-25,True
4232,https://api.dicebear.com/7.x/personas/jpg?seed=user1174&size=300,FAKE,Unknown,26-35,True
759,https://images.unsplash.com/photo-1678816439182-d7c3f5b4913a?crop=entropy&cs=tinysrgb&fit=max&fm=jpg&ixid=M3w5NDQwMTV8MHwxfHNlYXJjaHwyNDl8fG1hbiUyMGZhY2UlMjBjbG9zZXVwfGVufDB8fHx8MTc3ODA2NTIxM3ww&ixlib=rb-4.1.0&q=80&w=1080,REAL,Unknown,36-50,True
4785,https://api.dicebear.com/7.x/personas/jpg?seed=user1727&size=300,FAKE,Unknown,50+,True
185,https://images.unsplash.com/photo-1611035423762-264252561b38?crop=entropy&cs=tinysrgb&fit=max&fm=jpg&ixid=M3w5NDQwMTV8MHwxfHNlYXJjaHwxODV8fGh1bWFuJTIwZmFjZSUyMHBvcnRyYWl0fGVufDB8fHx8MTc3ODA2NDc1M3ww&ixlib=rb-4.1.0&q=80&w=1080,REAL,Male,36-50,True
531,https://images.unsplash.com/photo-1694507158250-40d3e083d1f3?crop=entropy&cs=tinysrgb&fit=max&fm=jpg&ixid=M3w5NDQwMTV8MHwxfHNlYXJjaHw1NjF8fGh1bWFuJTIwZmFjZSUyMHBvcnRyYWl0fGVufDB8fHx8MTc3ODA2NTA1NXww&ixlib=rb-4.1.0&q=80&w=1080,REAL,Female,18-25,True
1272,https://images.unsplash.com/photo-1763677593928-468dc9767e7b?crop=entropy&cs=tinysrgb&fit=max&fm=jpg&ixid=M3w5NDQwMTV8MHwxfHNlYXJjaHwxOTJ8fHdvbWFuJTIwZmFjZSUyMHBvcnRyYWl0fGVufDB8fHx8MTc3ODA2NTI1M3ww&ixlib=rb-4.1.0&q=80&w=1080,REAL,Unknown,26-35,True
2904,https://randomuser.me/api/portraits/women/15.jpg,FAKE,Female,26-35,True
3590,https://api.dicebear.com/7.x/personas/jpg?seed=user532&size=300,FAKE,Unknown,18-25,True
217,https://images.unsplash.com/photo-1607867856297-085b093eb8e8?crop=entropy&cs=tinysrgb&fit=max&fm=jpg&ixid=M3w5NDQwMTV8MHwxfHNlYXJjaHwyNDd8fGh1bWFuJTIwZmFjZSUyMHBvcnRyYWl0fGVufDB8fHx8MTc3ODA2NDg3MHww&ixlib=rb-4.1.0&q=80&w=1080,REAL,Female,36-50,True
1298,https://images.unsplash.com/photo-1626362337699-9b020ec8e716?crop=entropy&cs=tinysrgb&fit=max&fm=jpg&ixid=M3w5NDQwMTV8MHwxfHNlYXJjaHwyMTh8fHdvbWFuJTIwZmFjZSUyMHBvcnRyYWl0fGVufDB8fHx8MTc3ODA2NTI1NXww&ixlib=rb-4.1.0&q=80&w=1080,REAL,Male,26-35,True
2644,https://images.unsplash.com/photo-1600953433961-e0e779644346?crop=entropy&cs=tinysrgb&fit=max&fm=jpg&ixid=M3w5NDQwMTV8MHwxfHNlYXJjaHw0MjR8fGFkdWx0JTIwZmFjZSUyMHBob3RvfGVufDB8fHx8MTc3ODA2ODg2NHww&ixlib=rb-4.1.0&q=80&w=1080,REAL,Unknown,50+,True
2780,https://images.unsplash.com/photo-1740948267260-a738065a4b66?crop=entropy&cs=tinysrgb&fit=max&fm=jpg&ixid=M3w5NDQwMTV8MHwxfHNlYXJjaHw1NjB8fGFkdWx0JTIwZmFjZSUyMHBob3RvfGVufDB8fHx8MTc3ODA2ODg3Nnww&ixlib=rb-4.1.0&q=80&w=1080,REAL,Male,50+,True
1664,https://images.unsplash.com/photo-1606926528684-f4a1470401c2?crop=entropy&cs=tinysrgb&fit=max&fm=jpg&ixid=M3w5NDQwMTV8MHwxfHNlYXJjaHwxNHx8cGVyc29uJTIwZmFjZSUyMHBob3RvfGVufDB8fHx8MTc3ODA2NTI3OHww&ixlib=rb-4.1.0&q=80&w=1080,REAL,Male,36-50,True
3358,https://api.dicebear.com/7.x/personas/jpg?seed=user300&size=300,FAKE,Unknown,50+,True
4440,https://api.dicebear.com/7.x/personas/jpg?seed=user1382&size=300,FAKE,Unknown,50+,True
887,https://images.unsplash.com/photo-1635438448699-20abb4b423fd?crop=entropy&cs=tinysrgb&fit=max&fm=jpg&ixid=M3w5NDQwMTV8MHwxfHNlYXJjaHwzNzd8fG1hbiUyMGZhY2UlMjBjbG9zZXVwfGVufDB8fHx8MTc3ODA2NTIyNHww&ixlib=rb-4.1.0&q=80&w=1080,REAL,Unknown,18-25,True
4925,https://api.dicebear.com/7.x/personas/jpg?seed=user1867&size=300,FAKE,Unknown,50+,True
4574,https://api.dicebear.com/7.x/personas/jpg?seed=user1516&size=300,FAKE,Unknown,36-50,True
3282,https://api.dicebear.com/7.x/personas/jpg?seed=user224&size=300,FAKE,Unknown,18-25,True
3657,https://api.dicebear.com/7.x/personas/jpg?seed=user599&size=300,FAKE,Unknown,36-50,True
3237,https://api.dicebear.com/7.x/personas/jpg?seed=user179&size=300,FAKE,Unknown,36-50,True
4377,https://api.dicebear.com/7.x/personas/jpg?seed=user1319&size=300,FAKE,Unknown,18-25,True
958,https://images.unsplash.com/photo-1604611075388-f68b631f1512?crop=entropy&cs=tinysrgb&fit=max&fm=jpg&ixid=M3w5NDQwMTV8MHwxfHNlYXJjaHw0NDh8fG1hbiUyMGZhY2UlMjBjbG9zZXVwfGVufDB8fHx8MTc3ODA2NTIyOXww&ixlib=rb-4.1.0&q=80&w=1080,REAL,Female,36-50,True
1058,https://images.unsplash.com/photo-1771896768726-87b675a156dc?crop=entropy&cs=tinysrgb&fit=max&fm=jpg&ixid=M3w5NDQwMTV8MHwxfHNlYXJjaHw1NDh8fG1hbiUyMGZhY2UlMjBjbG9zZXVwfGVufDB8fHx8MTc3ODA2NTIzNnww&ixlib=rb-4.1.0&q=80&w=1080,REAL,Female,18-25,True
1955,https://images.unsplash.com/photo-1659303388073-7b03bf56aac7?crop=entropy&cs=tinysrgb&fit=max&fm=jpg&ixid=M3w5NDQwMTV8MHwxfHNlYXJjaHwzMDV8fHBlcnNvbiUyMGZhY2UlMjBwaG90b3xlbnwwfHx8fDE3NzgwNjUyOTl8MA&ixlib=rb-4.1.0&q=80&w=1080,REAL,Unknown,50+,True
4196,https://api.dicebear.com/7.x/personas/jpg?seed=user1138&size=300,FAKE,Unknown,18-25,True
4026,https://api.dicebear.com/7.x/personas/jpg?seed=user968&size=300,FAKE,Unknown,26-35,True
2566,https://images.unsplash.com/photo-1589221139800-3bd4c3b5a5d5?crop=entropy&cs=tinysrgb&fit=max&fm=jpg&ixid=M3w5NDQwMTV8MHwxfHNlYXJjaHwzNDZ8fGFkdWx0JTIwZmFjZSUyMHBob3RvfGVufDB8fHx8MTc3ODA2ODg1NXww&ixlib=rb-4.1.0&q=80&w=1080,REAL,Unknown,26-35,True
10,https://images.unsplash.com/photo-1724225618730-9df5194c68a7?crop=entropy&cs=tinysrgb&fit=max&fm=jpg&ixid=M3w5NDQwMTV8MHwxfHNlYXJjaHwxMHx8aHVtYW4lMjBmYWNlJTIwcG9ydHJhaXR8ZW58MHx8fHwxNzc4MDY0Njg3fDA&ixlib=rb-4.1.0&q=80&w=1080,REAL,Unknown,26-35,True
2881,https://randomuser.me/api/portraits/men/91.jpg,FAKE,Male,50+,True
3727,https://api.dicebear.com/7.x/personas/jpg?seed=user669&size=300,FAKE,Unknown,18-25,True
2419,https://images.unsplash.com/photo-1704313638657-486462057d15?crop=entropy&cs=tinysrgb&fit=max&fm=jpg&ixid=M3w5NDQwMTV8MHwxfHNlYXJjaHwxOTl8fGFkdWx0JTIwZmFjZSUyMHBob3RvfGVufDB8fHx8MTc3ODA2ODg0NHww&ixlib=rb-4.1.0&q=80&w=1080,REAL,Female,36-50,True
2251,https://images.unsplash.com/photo-1732562793918-7b7816cfa1e4?crop=entropy&cs=tinysrgb&fit=max&fm=jpg&ixid=M3w5NDQwMTV8MHwxfHNlYXJjaHwzMXx8YWR1bHQlMjBmYWNlJTIwcGhvdG98ZW58MHx8fHwxNzc4MDY4ODMzfDA&ixlib=rb-4.1.0&q=80&w=1080,REAL,Female,18-25,True
4620,https://api.dicebear.com/7.x/personas/jpg?seed=user1562&size=300,FAKE,Unknown,50+,True
3993,https://api.dicebear.com/7.x/personas/jpg?seed=user935&size=300,FAKE,Unknown,36-50,True
2385,https://images.unsplash.com/photo-1716654570887-e06156695965?crop=entropy&cs=tinysrgb&fit=max&fm=jpg&ixid=M3w5NDQwMTV8MHwxfHNlYXJjaHwxNjV8fGFkdWx0JTIwZmFjZSUyMHBob3RvfGVufDB8fHx8MTc3ODA2ODg0Mnww&ixlib=rb-4.1.0&q=80&w=1080,REAL,Male,36-50,True
327,https://images.unsplash.com/photo-1590859952186-4a5f06af936a?crop=entropy&cs=tinysrgb&fit=max&fm=jpg&ixid=M3w5NDQwMTV8MHwxfHNlYXJjaHwzNTd8fGh1bWFuJTIwZmFjZSUyMHBvcnRyYWl0fGVufDB8fHx8MTc3ODA2NDk5MHww&ixlib=rb-4.1.0&q=80&w=1080,REAL,Male,36-50,True
322,https://images.unsplash.com/photo-1706496366816-f589fadff1cd?crop=entropy&cs=tinysrgb&fit=max&fm=jpg&ixid=M3w5NDQwMTV8MHwxfHNlYXJjaHwzNTJ8fGh1bWFuJTIwZmFjZSUyMHBvcnRyYWl0fGVufDB8fHx8MTc3ODA2NDk5MHww&ixlib=rb-4.1.0&q=80&w=1080,REAL,Female,50+,True
5362,https://api.dicebear.com/7.x/personas/jpg?seed=user2304&size=300,FAKE,Unknown,18-25,True
1146,https://images.unsplash.com/photo-1642518382429-991ccfc1a645?crop=entropy&cs=tinysrgb&fit=max&fm=jpg&ixid=M3w5NDQwMTV8MHwxfHNlYXJjaHw2Nnx8d29tYW4lMjBmYWNlJTIwcG9ydHJhaXR8ZW58MHx8fHwxNzc4MDY1MjQ0fDA&ixlib=rb-4.1.0&q=80&w=1080,REAL,Male,36-50,True
621,https://images.unsplash.com/photo-1626691322133-55b61e45bbd0?crop=entropy&cs=tinysrgb&fit=max&fm=jpg&ixid=M3w5NDQwMTV8MHwxfHNlYXJjaHw4MXx8bWFuJTIwZmFjZSUyMGNsb3NldXB8ZW58MHx8fHwxNzc4MDY1MDgyfDA&ixlib=rb-4.1.0&q=80&w=1080,REAL,Female,18-25,True
4631,https://api.dicebear.com/7.x/personas/jpg?seed=user1573&size=300,FAKE,Unknown,26-35,True
1814,https://images.unsplash.com/photo-1623175258280-97c63efd370a?crop=entropy&cs=tinysrgb&fit=max&fm=jpg&ixid=M3w5NDQwMTV8MHwxfHNlYXJjaHwxNjR8fHBlcnNvbiUyMGZhY2UlMjBwaG90b3xlbnwwfHx8fDE3NzgwNjUyODh8MA&ixlib=rb-4.1.0&q=80&w=1080,REAL,Male,18-25,True
402,https://images.unsplash.com/photo-1635130822347-90f923e64ced?crop=entropy&cs=tinysrgb&fit=max&fm=jpg&ixid=M3w5NDQwMTV8MHwxfHNlYXJjaHw0MzJ8fGh1bWFuJTIwZmFjZSUyMHBvcnRyYWl0fGVufDB8fHx8MTc3ODA2NTAyMXww&ixlib=rb-4.1.0&q=80&w=1080,REAL,Male,26-35,True
3266,https://api.dicebear.com/7.x/personas/jpg?seed=user208&size=300,FAKE,Unknown,26-35,True
3216,https://api.dicebear.com/7.x/personas/jpg?seed=user158&size=300,FAKE,Unknown,26-35,True
2210,https://images.unsplash.com/photo-1760551937886-6dcf2099204f?crop=entropy&cs=tinysrgb&fit=max&fm=jpg&ixid=M3w5NDQwMTV8MHwxfHNlYXJjaHw1NjB8fHlvdW5nJTIwcGVyc29uJTIwZmFjZXxlbnwwfHx8fDE3NzgwNjg4MzB8MA&ixlib=rb-4.1.0&q=80&w=1080,REAL,Male,50+,True
368,https://images.unsplash.com/photo-1579411345433-bb529fa30881?crop=entropy&cs=tinysrgb&fit=max&fm=jpg&ixid=M3w5NDQwMTV8MHwxfHNlYXJjaHwzOTh8fGh1bWFuJTIwZmFjZSUyMHBvcnRyYWl0fGVufDB8fHx8MTc3ODA2NTAwMXww&ixlib=rb-4.1.0&q=80&w=1080,REAL,Female,26-35,True
3565,https://api.dicebear.com/7.x/personas/jpg?seed=user507&size=300,FAKE,Unknown,36-50,True
1407,https://images.unsplash.com/photo-1635437411069-80d30af5fd29?crop=entropy&cs=tinysrgb&fit=max&fm=jpg&ixid=M3w5NDQwMTV8MHwxfHNlYXJjaHwzMjd8fHdvbWFuJTIwZmFjZSUyMHBvcnRyYWl0fGVufDB8fHx8MTc3ODA2NTI2MXww&ixlib=rb-4.1.0&q=80&w=1080,REAL,Male,26-35,True
1382,https://images.unsplash.com/photo-1770432052811-cf01f205a6b8?crop=entropy&cs=tinysrgb&fit=max&fm=jpg&ixid=M3w5NDQwMTV8MHwxfHNlYXJjaHwzMDJ8fHdvbWFuJTIwZmFjZSUyMHBvcnRyYWl0fGVufDB8fHx8MTc3ODA2NTI2MXww&ixlib=rb-4.1.0&q=80&w=1080,REAL,Unknown,18-25,True
356,https://images.unsplash.com/photo-1639755110405-39f9f079217a?crop=entropy&cs=tinysrgb&fit=max&fm=jpg&ixid=M3w5NDQwMTV8MHwxfHNlYXJjaHwzODZ8fGh1bWFuJTIwZmFjZSUyMHBvcnRyYWl0fGVufDB8fHx8MTc3ODA2NDk5N3ww&ixlib=rb-4.1.0&q=80&w=1080,REAL,Female,50+,True
1653,https://images.unsplash.com/photo-1558139714-fed3d5a5b06d?crop=entropy&cs=tinysrgb&fit=max&fm=jpg&ixid=M3w5NDQwMTV8MHwxfHNlYXJjaHwzfHxwZXJzb24lMjBmYWNlJTIwcGhvdG98ZW58MHx8fHwxNzc4MDY1Mjc4fDA&ixlib=rb-4.1.0&q=80&w=1080,REAL,Unknown,18-25,True
4436,https://api.dicebear.com/7.x/personas/jpg?seed=user1378&size=300,FAKE,Unknown,18-25,True
2510,https://images.unsplash.com/photo-1732562534798-9d7198f459d6?crop=entropy&cs=tinysrgb&fit=max&fm=jpg&ixid=M3w5NDQwMTV8MHwxfHNlYXJjaHwyOTB8fGFkdWx0JTIwZmFjZSUyMHBob3RvfGVufDB8fHx8MTc3ODA2ODg1MXww&ixlib=rb-4.1.0&q=80&w=1080,REAL,Unknown,26-35,True
2029,https://images.unsplash.com/photo-1590860053579-2d11ce0adbd9?crop=entropy&cs=tinysrgb&fit=max&fm=jpg&ixid=M3w5NDQwMTV8MHwxfHNlYXJjaHwzNzl8fHBlcnNvbiUyMGZhY2UlMjBwaG90b3xlbnwwfHx8fDE3NzgwNjUzMDN8MA&ixlib=rb-4.1.0&q=80&w=1080,REAL,Female,50+,True
3495,https://api.dicebear.com/7.x/personas/jpg?seed=user437&size=300,FAKE,Unknown,18-25,True
1714,https://images.unsplash.com/photo-1612582631307-9824f3a5dfd2?crop=entropy&cs=tinysrgb&fit=max&fm=jpg&ixid=M3w5NDQwMTV8MHwxfHNlYXJjaHw2NHx8cGVyc29uJTIwZmFjZSUyMHBob3RvfGVufDB8fHx8MTc3ODA2NTI4Mnww&ixlib=rb-4.1.0&q=80&w=1080,REAL,Unknown,26-35,True
5167,https://api.dicebear.com/7.x/personas/jpg?seed=user2109&size=300,FAKE,Unknown,18-25,True
2014,https://images.unsplash.com/photo-1594482977418-8190a3b33c6d?crop=entropy&cs=tinysrgb&fit=max&fm=jpg&ixid=M3w5NDQwMTV8MHwxfHNlYXJjaHwzNjR8fHBlcnNvbiUyMGZhY2UlMjBwaG90b3xlbnwwfHx8fDE3NzgwNjUzMDN8MA&ixlib=rb-4.1.0&q=80&w=1080,REAL,Female,36-50,True
4745,https://api.dicebear.com/7.x/personas/jpg?seed=user1687&size=300,FAKE,Unknown,36-50,True
2713,https://images.unsplash.com/photo-1593529467220-9d721ceb9a78?crop=entropy&cs=tinysrgb&fit=max&fm=jpg&ixid=M3w5NDQwMTV8MHwxfHNlYXJjaHw0OTN8fGFkdWx0JTIwZmFjZSUyMHBob3RvfGVufDB8fHx8MTc3ODA2ODg3MXww&ixlib=rb-4.1.0&q=80&w=1080,REAL,Female,36-50,True
5033,https://api.dicebear.com/7.x/personas/jpg?seed=user1975&size=300,FAKE,Unknown,36-50,True
773,https://images.unsplash.com/flagged/photo-1553705874-59507d79cc60?crop=entropy&cs=tinysrgb&fit=max&fm=jpg&ixid=M3w5NDQwMTV8MHwxfHNlYXJjaHwyNjN8fG1hbiUyMGZhY2UlMjBjbG9zZXVwfGVufDB8fHx8MTc3ODA2NTIxM3ww&ixlib=rb-4.1.0&q=80&w=1080,REAL,Female,50+,True
3284,https://api.dicebear.com/7.x/personas/jpg?seed=user226&size=300,FAKE,Unknown,50+,True
2378,https://images.unsplash.com/photo-1755534134927-6d238c1f75bf?crop=entropy&cs=tinysrgb&fit=max&fm=jpg&ixid=M3w5NDQwMTV8MHwxfHNlYXJjaHwxNTh8fGFkdWx0JTIwZmFjZSUyMHBob3RvfGVufDB8fHx8MTc3ODA2ODg0Mnww&ixlib=rb-4.1.0&q=80&w=1080,REAL,Male,50+,True
2133,https://images.unsplash.com/photo-1614008236245-fd3e0e9166cf?crop=entropy&cs=tinysrgb&fit=max&fm=jpg&ixid=M3w5NDQwMTV8MHwxfHNlYXJjaHw0ODN8fHBlcnNvbiUyMGZhY2UlMjBwaG90b3xlbnwwfHx8fDE3NzgwNjUzMTN8MA&ixlib=rb-4.1.0&q=80&w=1080,REAL,Male,50+,True
1580,https://images.unsplash.com/photo-1653157891874-74480ebd9a38?crop=entropy&cs=tinysrgb&fit=max&fm=jpg&ixid=M3w5NDQwMTV8MHwxfHNlYXJjaHw1MDB8fHdvbWFuJTIwZmFjZSUyMHBvcnRyYWl0fGVufDB8fHx8MTc3ODA2NTI3M3ww&ixlib=rb-4.1.0&q=80&w=1080,REAL,Male,36-50,True
4540,https://api.dicebear.com/7.x/personas/jpg?seed=user1482&size=300,FAKE,Unknown,50+,True
351,https://images.unsplash.com/photo-1688395199230-ab7c7170a4b6?crop=entropy&cs=tinysrgb&fit=max&fm=jpg&ixid=M3w5NDQwMTV8MHwxfHNlYXJjaHwzODF8fGh1bWFuJTIwZmFjZSUyMHBvcnRyYWl0fGVufDB8fHx8MTc3ODA2NDk5N3ww&ixlib=rb-4.1.0&q=80&w=1080,REAL,Female,50+,True
3862,https://api.dicebear.com/7.x/personas/jpg?seed=user804&size=300,FAKE,Unknown,36-50,True
3567,https://api.dicebear.com/7.x/personas/jpg?seed=user509&size=300,FAKE,Unknown,18-25,True
2752,https://images.unsplash.com/photo-1622039683730-65f2bad01ee2?crop=entropy&cs=tinysrgb&fit=max&fm=jpg&ixid=M3w5NDQwMTV8MHwxfHNlYXJjaHw1MzJ8fGFkdWx0JTIwZmFjZSUyMHBob3RvfGVufDB8fHx8MTc3ODA2ODg3NHww&ixlib=rb-4.1.0&q=80&w=1080,REAL,Male,18-25,True
1606,https://images.unsplash.com/photo-1619434531375-a71d54ae1956?crop=entropy&cs=tinysrgb&fit=max&fm=jpg&ixid=M3w5NDQwMTV8MHwxfHNlYXJjaHw1MjZ8fHdvbWFuJTIwZmFjZSUyMHBvcnRyYWl0fGVufDB8fHx8MTc3ODA2NTI3NHww&ixlib=rb-4.1.0&q=80&w=1080,REAL,Male,36-50,True
3046,https://i.pravatar.cc/300?img=58,FAKE,Unknown,18-25,True
3253,https://api.dicebear.com/7.x/personas/jpg?seed=user195&size=300,FAKE,Unknown,50+,True
641,https://images.unsplash.com/photo-1585772120450-3f2b91867930?crop=entropy&cs=tinysrgb&fit=max&fm=jpg&ixid=M3w5NDQwMTV8MHwxfHNlYXJjaHwxMDF8fG1hbiUyMGZhY2UlMjBjbG9zZXVwfGVufDB8fHx8MTc3ODA2NTA4NHww&ixlib=rb-4.1.0&q=80&w=1080,REAL,Male,36-50,True
3021,https://i.pravatar.cc/300?img=33,FAKE,Unknown,18-25,True
1654,https://images.unsplash.com/photo-1603759039427-8f6d7525330d?crop=entropy&cs=tinysrgb&fit=max&fm=jpg&ixid=M3w5NDQwMTV8MHwxfHNlYXJjaHw0fHxwZXJzb24lMjBmYWNlJTIwcGhvdG98ZW58MHx8fHwxNzc4MDY1Mjc4fDA&ixlib=rb-4.1.0&q=80&w=1080,REAL,Female,26-35,True
4373,https://api.dicebear.com/7.x/personas/jpg?seed=user1315&size=300,FAKE,Unknown,50+,True
2633,https://images.unsplash.com/photo-1600227284177-edc363f25e75?crop=entropy&cs=tinysrgb&fit=max&fm=jpg&ixid=M3w5NDQwMTV8MHwxfHNlYXJjaHw0MTN8fGFkdWx0JTIwZmFjZSUyMHBob3RvfGVufDB8fHx8MTc3ODA2ODg2MXww&ixlib=rb-4.1.0&q=80&w=1080,REAL,Female,50+,True
3094,https://api.dicebear.com/7.x/personas/jpg?seed=user36&size=300,FAKE,Unknown,50+,True
1501,https://images.unsplash.com/photo-1560186640-e1e086054c25?crop=entropy&cs=tinysrgb&fit=max&fm=jpg&ixid=M3w5NDQwMTV8MHwxfHNlYXJjaHw0MjF8fHdvbWFuJTIwZmFjZSUyMHBvcnRyYWl0fGVufDB8fHx8MTc3ODA2NTI2OXww&ixlib=rb-4.1.0&q=80&w=1080,REAL,Unknown,18-25,True
5547,https://api.dicebear.com/7.x/personas/jpg?seed=user2489&size=300,FAKE,Unknown,50+,True
4653,https://api.dicebear.com/7.x/personas/jpg?seed=user1595&size=300,FAKE,Unknown,18-25,True
1320,https://images.unsplash.com/photo-1632697823562-366bd151b1e3?crop=entropy&cs=tinysrgb&fit=max&fm=jpg&ixid=M3w5NDQwMTV8MHwxfHNlYXJjaHwyNDB8fHdvbWFuJTIwZmFjZSUyMHBvcnRyYWl0fGVufDB8fHx8MTc3ODA2NTI1NXww&ixlib=rb-4.1.0&q=80&w=1080,REAL,Male,26-35,True
3440,https://api.dicebear.com/7.x/personas/jpg?seed=user382&size=300,FAKE,Unknown,26-35,True
2779,https://images.unsplash.com/photo-1542968784-2cca6bb6f576?crop=entropy&cs=tinysrgb&fit=max&fm=jpg&ixid=M3w5NDQwMTV8MHwxfHNlYXJjaHw1NTl8fGFkdWx0JTIwZmFjZSUyMHBob3RvfGVufDB8fHx8MTc3ODA2ODg3Nnww&ixlib=rb-4.1.0&q=80&w=1080,REAL,Female,50+,True
811,https://images.unsplash.com/photo-1517810095498-0f282469aba9?crop=entropy&cs=tinysrgb&fit=max&fm=jpg&ixid=M3w5NDQwMTV8MHwxfHNlYXJjaHwzMDF8fG1hbiUyMGZhY2UlMjBjbG9zZXVwfGVufDB8fHx8MTc3ODA2NTIxOHww&ixlib=rb-4.1.0&q=80&w=1080,REAL,Male,36-50,True
2105,https://images.unsplash.com/photo-1635130881215-08a81b7c2e61?crop=entropy&cs=tinysrgb&fit=max&fm=jpg&ixid=M3w5NDQwMTV8MHwxfHNlYXJjaHw0NTV8fHBlcnNvbiUyMGZhY2UlMjBwaG90b3xlbnwwfHx8fDE3NzgwNjUzMTB8MA&ixlib=rb-4.1.0&q=80&w=1080,REAL,Female,26-35,True
1535,https://images.unsplash.com/photo-1631377894885-22b7d88526e9?crop=entropy&cs=tinysrgb&fit=max&fm=jpg&ixid=M3w5NDQwMTV8MHwxfHNlYXJjaHw0NTV8fHdvbWFuJTIwZmFjZSUyMHBvcnRyYWl0fGVufDB8fHx8MTc3ODA2NTI3MXww&ixlib=rb-4.1.0&q=80&w=1080,REAL,Male,26-35,True
2835,https://randomuser.me/api/portraits/men/45.jpg,FAKE,Male,18-25,True
2526,https://images.unsplash.com/photo-1552845436-94349b19322c?crop=entropy&cs=tinysrgb&fit=max&fm=jpg&ixid=M3w5NDQwMTV8MHwxfHNlYXJjaHwzMDZ8fGFkdWx0JTIwZmFjZSUyMHBob3RvfGVufDB8fHx8MTc3ODA2ODg1M3ww&ixlib=rb-4.1.0&q=80&w=1080,REAL,Male,36-50,True
3821,https://api.dicebear.com/7.x/personas/jpg?seed=user763&size=300,FAKE,Unknown,36-50,True
1522,https://images.unsplash.com/photo-1636393913918-f4742e2d2259?crop=entropy&cs=tinysrgb&fit=max&fm=jpg&ixid=M3w5NDQwMTV8MHwxfHNlYXJjaHw0NDJ8fHdvbWFuJTIwZmFjZSUyMHBvcnRyYWl0fGVufDB8fHx8MTc3ODA2NTI2OXww&ixlib=rb-4.1.0&q=80&w=1080,REAL,Female,18-25,True
1998,https://images.unsplash.com/photo-1628912625431-180c4e848eba?crop=entropy&cs=tinysrgb&fit=max&fm=jpg&ixid=M3w5NDQwMTV8MHwxfHNlYXJjaHwzNDh8fHBlcnNvbiUyMGZhY2UlMjBwaG90b3xlbnwwfHx8fDE3NzgwNjUzMDF8MA&ixlib=rb-4.1.0&q=80&w=1080,REAL,Female,50+,True
3205,https://api.dicebear.com/7.x/personas/jpg?seed=user147&size=300,FAKE,Unknown,26-35,True
2095,https://images.unsplash.com/photo-1632333526812-c11ff6ba0366?crop=entropy&cs=tinysrgb&fit=max&fm=jpg&ixid=M3w5NDQwMTV8MHwxfHNlYXJjaHw0NDV8fHBlcnNvbiUyMGZhY2UlMjBwaG90b3xlbnwwfHx8fDE3NzgwNjUzMDh8MA&ixlib=rb-4.1.0&q=80&w=1080,REAL,Female,36-50,True
1619,https://images.unsplash.com/photo-1653512488943-5c74e0dfc715?crop=entropy&cs=tinysrgb&fit=max&fm=jpg&ixid=M3w5NDQwMTV8MHwxfHNlYXJjaHw1Mzl8fHdvbWFuJTIwZmFjZSUyMHBvcnRyYWl0fGVufDB8fHx8MTc3ODA2NTI3NHww&ixlib=rb-4.1.0&q=80&w=1080,REAL,Male,26-35,True
3041,https://i.pravatar.cc/300?img=53,FAKE,Unknown,36-50,True
2310,https://images.unsplash.com/photo-1755098452600-ee22a510d77e?crop=entropy&cs=tinysrgb&fit=max&fm=jpg&ixid=M3w5NDQwMTV8MHwxfHNlYXJjaHw5MHx8YWR1bHQlMjBmYWNlJTIwcGhvdG98ZW58MHx8fHwxNzc4MDY4ODM1fDA&ixlib=rb-4.1.0&q=80&w=1080,REAL,Male,18-25,True
4784,https://api.dicebear.com/7.x/personas/jpg?seed=user1726&size=300,FAKE,Unknown,26-35,True
4288,https://api.dicebear.com/7.x/personas/jpg?seed=user1230&size=300,FAKE,Unknown,26-35,True
2607,https://images.unsplash.com/photo-1584984647264-7e6f4e6d6b91?crop=entropy&cs=tinysrgb&fit=max&fm=jpg&ixid=M3w5NDQwMTV8MHwxfHNlYXJjaHwzODd8fGFkdWx0JTIwZmFjZSUyMHBob3RvfGVufDB8fHx8MTc3ODA2ODg1OHww&ixlib=rb-4.1.0&q=80&w=1080,REAL,Male,50+,True
408,https://images.unsplash.com/photo-1600893993343-25710f4f14c7?crop=entropy&cs=tinysrgb&fit=max&fm=jpg&ixid=M3w5NDQwMTV8MHwxfHNlYXJjaHw0Mzh8fGh1bWFuJTIwZmFjZSUyMHBvcnRyYWl0fGVufDB8fHx8MTc3ODA2NTAyMXww&ixlib=rb-4.1.0&q=80&w=1080,REAL,Unknown,50+,True
2491,https://images.unsplash.com/photo-1639351823493-9e451eca0b5b?crop=entropy&cs=tinysrgb&fit=max&fm=jpg&ixid=M3w5NDQwMTV8MHwxfHNlYXJjaHwyNzF8fGFkdWx0JTIwZmFjZSUyMHBob3RvfGVufDB8fHx8MTc3ODA2ODg1MXww&ixlib=rb-4.1.0&q=80&w=1080,REAL,Male,50+,True
123,https://images.unsplash.com/photo-1713607434266-22c6fec4c3fa?crop=entropy&cs=tinysrgb&fit=max&fm=jpg&ixid=M3w5NDQwMTV8MHwxfHNlYXJjaHwxMjN8fGh1bWFuJTIwZmFjZSUyMHBvcnRyYWl0fGVufDB8fHx8MTc3ODA2NDcyNXww&ixlib=rb-4.1.0&q=80&w=1080,REAL,Female,26-35,True
474,https://images.unsplash.com/photo-1754671246380-b34ecfb2ac9a?crop=entropy&cs=tinysrgb&fit=max&fm=jpg&ixid=M3w5NDQwMTV8MHwxfHNlYXJjaHw1MDR8fGh1bWFuJTIwZmFjZSUyMHBvcnRyYWl0fGVufDB8fHx8MTc3ODA2NTAzN3ww&ixlib=rb-4.1.0&q=80&w=1080,REAL,Unknown,50+,True
2743,https://images.unsplash.com/photo-1691431164053-cc8ecf0feb40?crop=entropy&cs=tinysrgb&fit=max&fm=jpg&ixid=M3w5NDQwMTV8MHwxfHNlYXJjaHw1MjN8fGFkdWx0JTIwZmFjZSUyMHBob3RvfGVufDB8fHx8MTc3ODA2ODg3NHww&ixlib=rb-4.1.0&q=80&w=1080,REAL,Unknown,18-25,True
2925,https://randomuser.me/api/portraits/women/36.jpg,FAKE,Female,36-50,True
3074,https://api.dicebear.com/7.x/personas/jpg?seed=user16&size=300,FAKE,Unknown,18-25,True
3383,https://api.dicebear.com/7.x/personas/jpg?seed=user325&size=300,FAKE,Unknown,50+,True
4949,https://api.dicebear.com/7.x/personas/jpg?seed=user1891&size=300,FAKE,Unknown,36-50,True
3923,https://api.dicebear.com/7.x/personas/jpg?seed=user865&size=300,FAKE,Unknown,50+,True
2156,https://images.unsplash.com/photo-1657402340873-6c68462be5de?crop=entropy&cs=tinysrgb&fit=max&fm=jpg&ixid=M3w5NDQwMTV8MHwxfHNlYXJjaHw1MDZ8fHBlcnNvbiUyMGZhY2UlMjBwaG90b3xlbnwwfHx8fDE3NzgwNjUzMTN8MA&ixlib=rb-4.1.0&q=80&w=1080,REAL,Unknown,36-50,True
4296,https://api.dicebear.com/7.x/personas/jpg?seed=user1238&size=300,FAKE,Unknown,26-35,True
5508,https://api.dicebear.com/7.x/personas/jpg?seed=user2450&size=300,FAKE,Unknown,18-25,True
791,https://images.unsplash.com/photo-1607017137021-5dc7e8cd4317?crop=entropy&cs=tinysrgb&fit=max&fm=jpg&ixid=M3w5NDQwMTV8MHwxfHNlYXJjaHwyODF8fG1hbiUyMGZhY2UlMjBjbG9zZXVwfGVufDB8fHx8MTc3ODA2NTIxNnww&ixlib=rb-4.1.0&q=80&w=1080,REAL,Female,26-35,True
2773,https://images.unsplash.com/photo-1588008984411-8ee71fbcc14d?crop=entropy&cs=tinysrgb&fit=max&fm=jpg&ixid=M3w5NDQwMTV8MHwxfHNlYXJjaHw1NTN8fGFkdWx0JTIwZmFjZSUyMHBob3RvfGVufDB8fHx8MTc3ODA2ODg3Nnww&ixlib=rb-4.1.0&q=80&w=1080,REAL,Male,18-25,True
4453,https://api.dicebear.com/7.x/personas/jpg?seed=user1395&size=300,FAKE,Unknown,50+,True
4640,https://api.dicebear.com/7.x/personas/jpg?seed=user1582&size=300,FAKE,Unknown,36-50,True
3196,https://api.dicebear.com/7.x/personas/jpg?seed=user138&size=300,FAKE,Unknown,36-50,True
4958,https://api.dicebear.com/7.x/personas/jpg?seed=user1900&size=300,FAKE,Unknown,18-25,True
2614,https://images.unsplash.com/photo-1600783486575-992bde7d4660?crop=entropy&cs=tinysrgb&fit=max&fm=jpg&ixid=M3w5NDQwMTV8MHwxfHNlYXJjaHwzOTR8fGFkdWx0JTIwZmFjZSUyMHBob3RvfGVufDB8fHx8MTc3ODA2ODg2MXww&ixlib=rb-4.1.0&q=80&w=1080,REAL,Male,26-35,True
2521,https://images.unsplash.com/photo-1575533924598-84b7ab715512?crop=entropy&cs=tinysrgb&fit=max&fm=jpg&ixid=M3w5NDQwMTV8MHwxfHNlYXJjaHwzMDF8fGFkdWx0JTIwZmFjZSUyMHBob3RvfGVufDB8fHx8MTc3ODA2ODg1M3ww&ixlib=rb-4.1.0&q=80&w=1080,REAL,Unknown,26-35,True
2300,https://images.unsplash.com/photo-1755098452332-5ab07f0a6e7f?crop=entropy&cs=tinysrgb&fit=max&fm=jpg&ixid=M3w5NDQwMTV8MHwxfHNlYXJjaHw4MHx8YWR1bHQlMjBmYWNlJTIwcGhvdG98ZW58MHx8fHwxNzc4MDY4ODM1fDA&ixlib=rb-4.1.0&q=80&w=1080,REAL,Unknown,36-50,True
3855,https://api.dicebear.com/7.x/personas/jpg?seed=user797&size=300,FAKE,Unknown,50+,True
2237,https://images.unsplash.com/photo-1711913322812-b22ef78adef2?crop=entropy&cs=tinysrgb&fit=max&fm=jpg&ixid=M3w5NDQwMTV8MHwxfHNlYXJjaHwxN3x8YWR1bHQlMjBmYWNlJTIwcGhvdG98ZW58MHx8fHwxNzc4MDY4ODMyfDA&ixlib=rb-4.1.0&q=80&w=1080,REAL,Unknown,18-25,True
933,https://images.unsplash.com/photo-1759770264084-21c70cd6b493?crop=entropy&cs=tinysrgb&fit=max&fm=jpg&ixid=M3w5NDQwMTV8MHwxfHNlYXJjaHw0MjN8fG1hbiUyMGZhY2UlMjBjbG9zZXVwfGVufDB8fHx8MTc3ODA2NTIyOHww&ixlib=rb-4.1.0&q=80&w=1080,REAL,Male,26-35,True
2621,https://images.unsplash.com/photo-1516919149785-03ad99e2f1ff?crop=entropy&cs=tinysrgb&fit=max&fm=jpg&ixid=M3w5NDQwMTV8MHwxfHNlYXJjaHw0MDF8fGFkdWx0JTIwZmFjZSUyMHBob3RvfGVufDB8fHx8MTc3ODA2ODg2MXww&ixlib=rb-4.1.0&q=80&w=1080,REAL,Male,18-25,True
5442,https://api.dicebear.com/7.x/personas/jpg?seed=user2384&size=300,FAKE,Unknown,50+,True
3541,https://api.dicebear.com/7.x/personas/jpg?seed=user483&size=300,FAKE,Unknown,50+,True
473,https://images.unsplash.com/photo-1652550220140-1320362fe43d?crop=entropy&cs=tinysrgb&fit=max&fm=jpg&ixid=M3w5NDQwMTV8MHwxfHNlYXJjaHw1MDN8fGh1bWFuJTIwZmFjZSUyMHBvcnRyYWl0fGVufDB8fHx8MTc3ODA2NTAzN3ww&ixlib=rb-4.1.0&q=80&w=1080,REAL,Female,50+,True
2936,https://randomuser.me/api/portraits/women/47.jpg,FAKE,Female,26-35,True
427,https://images.unsplash.com/photo-1637152858697-b128c68d20b7?crop=entropy&cs=tinysrgb&fit=max&fm=jpg&ixid=M3w5NDQwMTV8MHwxfHNlYXJjaHw0NTd8fGh1bWFuJTIwZmFjZSUyMHBvcnRyYWl0fGVufDB8fHx8MTc3ODA2NTAzM3ww&ixlib=rb-4.1.0&q=80&w=1080,REAL,Unknown,18-25,True
2575,https://images.unsplash.com/photo-1741714294773-62e2fc876364?crop=entropy&cs=tinysrgb&fit=max&fm=jpg&ixid=M3w5NDQwMTV8MHwxfHNlYXJjaHwzNTV8fGFkdWx0JTIwZmFjZSUyMHBob3RvfGVufDB8fHx8MTc3ODA2ODg1NXww&ixlib=rb-4.1.0&q=80&w=1080,REAL,Female,26-35,True
1140,https://images.unsplash.com/photo-1695822341415-84af280d2579?crop=entropy&cs=tinysrgb&fit=max&fm=jpg&ixid=M3w5NDQwMTV8MHwxfHNlYXJjaHw2MHx8d29tYW4lMjBmYWNlJTIwcG9ydHJhaXR8ZW58MHx8fHwxNzc4MDY1MjQyfDA&ixlib=rb-4.1.0&q=80&w=1080,REAL,Unknown,18-25,True
3367,https://api.dicebear.com/7.x/personas/jpg?seed=user309&size=300,FAKE,Unknown,36-50,True
3813,https://api.dicebear.com/7.x/personas/jpg?seed=user755&size=300,FAKE,Unknown,36-50,True
3914,https://api.dicebear.com/7.x/personas/jpg?seed=user856&size=300,FAKE,Unknown,36-50,True
1231,https://images.unsplash.com/photo-1612983133700-739c8f358334?crop=entropy&cs=tinysrgb&fit=max&fm=jpg&ixid=M3w5NDQwMTV8MHwxfHNlYXJjaHwxNTF8fHdvbWFuJTIwZmFjZSUyMHBvcnRyYWl0fGVufDB8fHx8MTc3ODA2NTI1MXww&ixlib=rb-4.1.0&q=80&w=1080,REAL,Female,26-35,True
1542,https://images.unsplash.com/photo-1613626318809-0fb768c88d71?crop=entropy&cs=tinysrgb&fit=max&fm=jpg&ixid=M3w5NDQwMTV8MHwxfHNlYXJjaHw0NjJ8fHdvbWFuJTIwZmFjZSUyMHBvcnRyYWl0fGVufDB8fHx8MTc3ODA2NTI3MXww&ixlib=rb-4.1.0&q=80&w=1080,REAL,Female,36-50,True
2678,https://images.unsplash.com/photo-1599870419260-888d147905a6?crop=entropy&cs=tinysrgb&fit=max&fm=jpg&ixid=M3w5NDQwMTV8MHwxfHNlYXJjaHw0NTh8fGFkdWx0JTIwZmFjZSUyMHBob3RvfGVufDB8fHx8MTc3ODA2ODg2OHww&ixlib=rb-4.1.0&q=80&w=1080,REAL,Female,26-35,True
2071,https://images.unsplash.com/photo-1726741695668-f4d193bfe521?crop=entropy&cs=tinysrgb&fit=max&fm=jpg&ixid=M3w5NDQwMTV8MHwxfHNlYXJjaHw0MjF8fHBlcnNvbiUyMGZhY2UlMjBwaG90b3xlbnwwfHx8fDE3NzgwNjUzMDh8MA&ixlib=rb-4.1.0&q=80&w=1080,REAL,Female,18-25,True
4327,https://api.dicebear.com/7.x/personas/jpg?seed=user1269&size=300,FAKE,Unknown,26-35,True
453,https://images.unsplash.com/photo-1629711710402-a44e0fa3eea1?crop=entropy&cs=tinysrgb&fit=max&fm=jpg&ixid=M3w5NDQwMTV8MHwxfHNlYXJjaHw0ODN8fGh1bWFuJTIwZmFjZSUyMHBvcnRyYWl0fGVufDB8fHx8MTc3ODA2NTAzN3ww&ixlib=rb-4.1.0&q=80&w=1080,REAL,Female,50+,True
3147,https://api.dicebear.com/7.x/personas/jpg?seed=user89&size=300,FAKE,Unknown,36-50,True
871,https://images.unsplash.com/photo-1646749562932-312cbf98d080?crop=entropy&cs=tinysrgb&fit=max&fm=jpg&ixid=M3w5NDQwMTV8MHwxfHNlYXJjaHwzNjF8fG1hbiUyMGZhY2UlMjBjbG9zZXVwfGVufDB8fHx8MTc3ODA2NTIyNHww&ixlib=rb-4.1.0&q=80&w=1080,REAL,Female,36-50,True
4366,https://api.dicebear.com/7.x/personas/jpg?seed=user1308&size=300,FAKE,Unknown,26-35,True
2152,https://images.unsplash.com/photo-1730925440675-a84880b1e581?crop=entropy&cs=tinysrgb&fit=max&fm=jpg&ixid=M3w5NDQwMTV8MHwxfHNlYXJjaHw1MDJ8fHBlcnNvbiUyMGZhY2UlMjBwaG90b3xlbnwwfHx8fDE3NzgwNjUzMTN8MA&ixlib=rb-4.1.0&q=80&w=1080,REAL,Female,18-25,True
635,https://images.unsplash.com/photo-1758598307254-9a3dbcab42cb?crop=entropy&cs=tinysrgb&fit=max&fm=jpg&ixid=M3w5NDQwMTV8MHwxfHNlYXJjaHw5NXx8bWFuJTIwZmFjZSUyMGNsb3NldXB8ZW58MHx8fHwxNzc4MDY1MDg0fDA&ixlib=rb-4.1.0&q=80&w=1080,REAL,Female,26-35,True
2278,https://images.unsplash.com/photo-1746721931312-9a630c0bc00d?crop=entropy&cs=tinysrgb&fit=max&fm=jpg&ixid=M3w5NDQwMTV8MHwxfHNlYXJjaHw1OHx8YWR1bHQlMjBmYWNlJTIwcGhvdG98ZW58MHx8fHwxNzc4MDY4ODMzfDA&ixlib=rb-4.1.0&q=80&w=1080,REAL,Unknown,36-50,True
601,https://images.unsplash.com/photo-1680330386370-ed8c6e04db9d?crop=entropy&cs=tinysrgb&fit=max&fm=jpg&ixid=M3w5NDQwMTV8MHwxfHNlYXJjaHw2MXx8bWFuJTIwZmFjZSUyMGNsb3NldXB8ZW58MHx8fHwxNzc4MDY1MDgyfDA&ixlib=rb-4.1.0&q=80&w=1080,REAL,Female,18-25,True
1082,https://images.unsplash.com/flagged/photo-1579924711789-872f06ecf220?crop=entropy&cs=tinysrgb&fit=max&fm=jpg&ixid=M3w5NDQwMTV8MHwxfHNlYXJjaHwyfHx3b21hbiUyMGZhY2UlMjBwb3J0cmFpdHxlbnwwfHx8fDE3NzgwNjUyMzl8MA&ixlib=rb-4.1.0&q=80&w=1080,REAL,Unknown,36-50,True
1551,https://images.unsplash.com/photo-1636393914828-a40812451662?crop=entropy&cs=tinysrgb&fit=max&fm=jpg&ixid=M3w5NDQwMTV8MHwxfHNlYXJjaHw0NzF8fHdvbWFuJTIwZmFjZSUyMHBvcnRyYWl0fGVufDB8fHx8MTc3ODA2NTI3MXww&ixlib=rb-4.1.0&q=80&w=1080,REAL,Unknown,50+,True
2190,https://images.unsplash.com/photo-1618559850638-2aed8a8e8cdc?crop=entropy&cs=tinysrgb&fit=max&fm=jpg&ixid=M3w5NDQwMTV8MHwxfHNlYXJjaHw1NDB8fHBlcnNvbiUyMGZhY2UlMjBwaG90b3xlbnwwfHx8fDE3NzgwNjUzMTZ8MA&ixlib=rb-4.1.0&q=80&w=1080,REAL,Unknown,50+,True
488,https://images.unsplash.com/photo-1629645982786-ac07cdc4ee82?crop=entropy&cs=tinysrgb&fit=max&fm=jpg&ixid=M3w5NDQwMTV8MHwxfHNlYXJjaHw1MTh8fGh1bWFuJTIwZmFjZSUyMHBvcnRyYWl0fGVufDB8fHx8MTc3ODA2NTA0OXww&ixlib=rb-4.1.0&q=80&w=1080,REAL,Female,50+,True
3964,https://api.dicebear.com/7.x/personas/jpg?seed=user906&size=300,FAKE,Unknown,26-35,True
1756,https://images.unsplash.com/photo-1642180441676-98b97c7fc96e?crop=entropy&cs=tinysrgb&fit=max&fm=jpg&ixid=M3w5NDQwMTV8MHwxfHNlYXJjaHwxMDZ8fHBlcnNvbiUyMGZhY2UlMjBwaG90b3xlbnwwfHx8fDE3NzgwNjUyODR8MA&ixlib=rb-4.1.0&q=80&w=1080,REAL,Unknown,36-50,True
1078,https://images.unsplash.com/photo-1590705123643-0d81aec54afe?crop=entropy&cs=tinysrgb&fit=max&fm=jpg&ixid=M3w5NDQwMTV8MHwxfHNlYXJjaHw1Njh8fG1hbiUyMGZhY2UlMjBjbG9zZXVwfGVufDB8fHx8MTc3ODA2NTIzNnww&ixlib=rb-4.1.0&q=80&w=1080,REAL,Unknown,36-50,True
1394,https://images.unsplash.com/photo-1630026542575-684c59f1d941?crop=entropy&cs=tinysrgb&fit=max&fm=jpg&ixid=M3w5NDQwMTV8MHwxfHNlYXJjaHwzMTR8fHdvbWFuJTIwZmFjZSUyMHBvcnRyYWl0fGVufDB8fHx8MTc3ODA2NTI2MXww&ixlib=rb-4.1.0&q=80&w=1080,REAL,Unknown,36-50,True
607,https://images.unsplash.com/photo-1677504047237-e1eff274275f?crop=entropy&cs=tinysrgb&fit=max&fm=jpg&ixid=M3w5NDQwMTV8MHwxfHNlYXJjaHw2N3x8bWFuJTIwZmFjZSUyMGNsb3NldXB8ZW58MHx8fHwxNzc4MDY1MDgyfDA&ixlib=rb-4.1.0&q=80&w=1080,REAL,Unknown,36-50,True
416,https://images.unsplash.com/photo-1590563184299-79b339583979?crop=entropy&cs=tinysrgb&fit=max&fm=jpg&ixid=M3w5NDQwMTV8MHwxfHNlYXJjaHw0NDZ8fGh1bWFuJTIwZmFjZSUyMHBvcnRyYWl0fGVufDB8fHx8MTc3ODA2NTAyMXww&ixlib=rb-4.1.0&q=80&w=1080,REAL,Male,36-50,True
130,https://images.unsplash.com/photo-1686464906226-cb9c76cd14e5?crop=entropy&cs=tinysrgb&fit=max&fm=jpg&ixid=M3w5NDQwMTV8MHwxfHNlYXJjaHwxMzB8fGh1bWFuJTIwZmFjZSUyMHBvcnRyYWl0fGVufDB8fHx8MTc3ODA2NDcyNXww&ixlib=rb-4.1.0&q=80&w=1080,REAL,Male,26-35,True
1748,https://images.unsplash.com/photo-1710371574347-64458c47d482?crop=entropy&cs=tinysrgb&fit=max&fm=jpg&ixid=M3w5NDQwMTV8MHwxfHNlYXJjaHw5OHx8cGVyc29uJTIwZmFjZSUyMHBob3RvfGVufDB8fHx8MTc3ODA2NTI4NHww&ixlib=rb-4.1.0&q=80&w=1080,REAL,Male,50+,True
298,https://images.unsplash.com/photo-1597199204011-e6e704645213?crop=entropy&cs=tinysrgb&fit=max&fm=jpg&ixid=M3w5NDQwMTV8MHwxfHNlYXJjaHwzMjh8fGh1bWFuJTIwZmFjZSUyMHBvcnRyYWl0fGVufDB8fHx8MTc3ODA2NDk4N3ww&ixlib=rb-4.1.0&q=80&w=1080,REAL,Unknown,36-50,True
1262,https://images.unsplash.com/photo-1624605984842-6971e8b7b9d4?crop=entropy&cs=tinysrgb&fit=max&fm=jpg&ixid=M3w5NDQwMTV8MHwxfHNlYXJjaHwxODJ8fHdvbWFuJTIwZmFjZSUyMHBvcnRyYWl0fGVufDB8fHx8MTc3ODA2NTI1M3ww&ixlib=rb-4.1.0&q=80&w=1080,REAL,Unknown,18-25,True
4908,https://api.dicebear.com/7.x/personas/jpg?seed=user1850&size=300,FAKE,Unknown,36-50,True
4289,https://api.dicebear.com/7.x/personas/jpg?seed=user1231&size=300,FAKE,Unknown,50+,True
2693,https://images.unsplash.com/photo-1676733644903-55cc606e94a8?crop=entropy&cs=tinysrgb&fit=max&fm=jpg&ixid=M3w5NDQwMTV8MHwxfHNlYXJjaHw0NzN8fGFkdWx0JTIwZmFjZSUyMHBob3RvfGVufDB8fHx8MTc3ODA2ODg2OHww&ixlib=rb-4.1.0&q=80&w=1080,REAL,Unknown,36-50,True
3576,https://api.dicebear.com/7.x/personas/jpg?seed=user518&size=300,FAKE,Unknown,50+,True
3951,https://api.dicebear.com/7.x/personas/jpg?seed=user893&size=300,FAKE,Unknown,36-50,True
4045,https://api.dicebear.com/7.x/personas/jpg?seed=user987&size=300,FAKE,Unknown,18-25,True
2247,https://images.unsplash.com/photo-1622022169552-82259e7c324c?crop=entropy&cs=tinysrgb&fit=max&fm=jpg&ixid=M3w5NDQwMTV8MHwxfHNlYXJjaHwyN3x8YWR1bHQlMjBmYWNlJTIwcGhvdG98ZW58MHx8fHwxNzc4MDY4ODMyfDA&ixlib=rb-4.1.0&q=80&w=1080,REAL,Female,36-50,True
4971,https://api.dicebear.com/7.x/personas/jpg?seed=user1913&size=300,FAKE,Unknown,50+,True
644,https://images.unsplash.com/photo-1671718648176-ecbcae4c1dc9?crop=entropy&cs=tinysrgb&fit=max&fm=jpg&ixid=M3w5NDQwMTV8MHwxfHNlYXJjaHwxMDR8fG1hbiUyMGZhY2UlMjBjbG9zZXVwfGVufDB8fHx8MTc3ODA2NTA4NHww&ixlib=rb-4.1.0&q=80&w=1080,REAL,Male,18-25,True
3527,https://api.dicebear.com/7.x/personas/jpg?seed=user469&size=300,FAKE,Unknown,36-50,True
515,https://images.unsplash.com/photo-1738349901054-51eda25b657d?crop=entropy&cs=tinysrgb&fit=max&fm=jpg&ixid=M3w5NDQwMTV8MHwxfHNlYXJjaHw1NDV8fGh1bWFuJTIwZmFjZSUyMHBvcnRyYWl0fGVufDB8fHx8MTc3ODA2NTA1NXww&ixlib=rb-4.1.0&q=80&w=1080,REAL,Male,36-50,True
3207,https://api.dicebear.com/7.x/personas/jpg?seed=user149&size=300,FAKE,Unknown,36-50,True
2815,https://randomuser.me/api/portraits/men/25.jpg,FAKE,Male,50+,True
4508,https://api.dicebear.com/7.x/personas/jpg?seed=user1450&size=300,FAKE,Unknown,36-50,True
1560,https://images.unsplash.com/photo-1631377307479-99d966c84eff?crop=entropy&cs=tinysrgb&fit=max&fm=jpg&ixid=M3w5NDQwMTV8MHwxfHNlYXJjaHw0ODB8fHdvbWFuJTIwZmFjZSUyMHBvcnRyYWl0fGVufDB8fHx8MTc3ODA2NTI3MXww&ixlib=rb-4.1.0&q=80&w=1080,REAL,Female,50+,True
374,https://images.unsplash.com/photo-1583333002255-6d7998a6558e?crop=entropy&cs=tinysrgb&fit=max&fm=jpg&ixid=M3w5NDQwMTV8MHwxfHNlYXJjaHw0MDR8fGh1bWFuJTIwZmFjZSUyMHBvcnRyYWl0fGVufDB8fHx8MTc3ODA2NTAwMXww&ixlib=rb-4.1.0&q=80&w=1080,REAL,Unknown,36-50,True
1722,https://images.unsplash.com/photo-1615241721719-cffa5802f256?crop=entropy&cs=tinysrgb&fit=max&fm=jpg&ixid=M3w5NDQwMTV8MHwxfHNlYXJjaHw3Mnx8cGVyc29uJTIwZmFjZSUyMHBob3RvfGVufDB8fHx8MTc3ODA2NTI4Mnww&ixlib=rb-4.1.0&q=80&w=1080,REAL,Unknown,18-25,True
3236,https://api.dicebear.com/7.x/personas/jpg?seed=user178&size=300,FAKE,Unknown,50+,True
3156,https://api.dicebear.com/7.x/personas/jpg?seed=user98&size=300,FAKE,Unknown,26-35,True
96,https://images.unsplash.com/photo-1591135576895-a23c6e8e24af?crop=entropy&cs=tinysrgb&fit=max&fm=jpg&ixid=M3w5NDQwMTV8MHwxfHNlYXJjaHw5Nnx8aHVtYW4lMjBmYWNlJTIwcG9ydHJhaXR8ZW58MHx8fHwxNzc4MDY0NzIxfDA&ixlib=rb-4.1.0&q=80&w=1080,REAL,Male,18-25,True
4408,https://api.dicebear.com/7.x/personas/jpg?seed=user1350&size=300,FAKE,Unknown,50+,True
1172,https://images.unsplash.com/photo-1766031194778-4bc447bf6454?crop=entropy&cs=tinysrgb&fit=max&fm=jpg&ixid=M3w5NDQwMTV8MHwxfHNlYXJjaHw5Mnx8d29tYW4lMjBmYWNlJTIwcG9ydHJhaXR8ZW58MHx8fHwxNzc4MDY1MjQ2fDA&ixlib=rb-4.1.0&q=80&w=1080,REAL,Male,50+,True
2390,https://images.unsplash.com/photo-1712868794038-c4da5a05f728?crop=entropy&cs=tinysrgb&fit=max&fm=jpg&ixid=M3w5NDQwMTV8MHwxfHNlYXJjaHwxNzB8fGFkdWx0JTIwZmFjZSUyMHBob3RvfGVufDB8fHx8MTc3ODA2ODg0Mnww&ixlib=rb-4.1.0&q=80&w=1080,REAL,Male,26-35,True
4332,https://api.dicebear.com/7.x/personas/jpg?seed=user1274&size=300,FAKE,Unknown,50+,True
3157,https://api.dicebear.com/7.x/personas/jpg?seed=user99&size=300,FAKE,Unknown,36-50,True
3722,https://api.dicebear.com/7.x/personas/jpg?seed=user664&size=300,FAKE,Unknown,18-25,True
690,https://images.unsplash.com/photo-1594903833720-f9a68102aae1?crop=entropy&cs=tinysrgb&fit=max&fm=jpg&ixid=M3w5NDQwMTV8MHwxfHNlYXJjaHwxNTB8fG1hbiUyMGZhY2UlMjBjbG9zZXVwfGVufDB8fHx8MTc3ODA2NTA4N3ww&ixlib=rb-4.1.0&q=80&w=1080,REAL,Unknown,26-35,True
1389,https://images.unsplash.com/photo-1615322678402-04b477522be7?crop=entropy&cs=tinysrgb&fit=max&fm=jpg&ixid=M3w5NDQwMTV8MHwxfHNlYXJjaHwzMDl8fHdvbWFuJTIwZmFjZSUyMHBvcnRyYWl0fGVufDB8fHx8MTc3ODA2NTI2MXww&ixlib=rb-4.1.0&q=80&w=1080,REAL,Female,50+,True
4277,https://api.dicebear.com/7.x/personas/jpg?seed=user1219&size=300,FAKE,Unknown,18-25,True
1875,https://images.unsplash.com/photo-1608327070138-f325a945c8cb?crop=entropy&cs=tinysrgb&fit=max&fm=jpg&ixid=M3w5NDQwMTV8MHwxfHNlYXJjaHwyMjV8fHBlcnNvbiUyMGZhY2UlMjBwaG90b3xlbnwwfHx8fDE3NzgwNjUyOTJ8MA&ixlib=rb-4.1.0&q=80&w=1080,REAL,Male,18-25,True
5171,https://api.dicebear.com/7.x/personas/jpg?seed=user2113&size=300,FAKE,Unknown,36-50,True
2070,https://images.unsplash.com/photo-1712746438871-93052cdff718?crop=entropy&cs=tinysrgb&fit=max&fm=jpg&ixid=M3w5NDQwMTV8MHwxfHNlYXJjaHw0MjB8fHBlcnNvbiUyMGZhY2UlMjBwaG90b3xlbnwwfHx8fDE3NzgwNjUzMDV8MA&ixlib=rb-4.1.0&q=80&w=1080,REAL,Male,26-35,True
4478,https://api.dicebear.com/7.x/personas/jpg?seed=user1420&size=300,FAKE,Unknown,50+,True
2447,https://images.unsplash.com/photo-1626691321482-6c24a4f0903c?crop=entropy&cs=tinysrgb&fit=max&fm=jpg&ixid=M3w5NDQwMTV8MHwxfHNlYXJjaHwyMjd8fGFkdWx0JTIwZmFjZSUyMHBob3RvfGVufDB8fHx8MTc3ODA2ODg0Nnww&ixlib=rb-4.1.0&q=80&w=1080,REAL,Unknown,36-50,True
4060,https://api.dicebear.com/7.x/personas/jpg?seed=user1002&size=300,FAKE,Unknown,36-50,True
317,https://images.unsplash.com/photo-1601526584389-48c50008701e?crop=entropy&cs=tinysrgb&fit=max&fm=jpg&ixid=M3w5NDQwMTV8MHwxfHNlYXJjaHwzNDd8fGh1bWFuJTIwZmFjZSUyMHBvcnRyYWl0fGVufDB8fHx8MTc3ODA2NDk5MHww&ixlib=rb-4.1.0&q=80&w=1080,REAL,Unknown,36-50,True
3240,https://api.dicebear.com/7.x/personas/jpg?seed=user182&size=300,FAKE,Unknown,18-25,True
3548,https://api.dicebear.com/7.x/personas/jpg?seed=user490&size=300,FAKE,Unknown,18-25,True
3434,https://api.dicebear.com/7.x/personas/jpg?seed=user376&size=300,FAKE,Unknown,50+,True
409,https://images.unsplash.com/photo-1601726547170-e5145b39eb5a?crop=entropy&cs=tinysrgb&fit=max&fm=jpg&ixid=M3w5NDQwMTV8MHwxfHNlYXJjaHw0Mzl8fGh1bWFuJTIwZmFjZSUyMHBvcnRyYWl0fGVufDB8fHx8MTc3ODA2NTAyMXww&ixlib=rb-4.1.0&q=80&w=1080,REAL,Male,26-35,True
2107,https://images.unsplash.com/photo-1726741697184-c481174a3490?crop=entropy&cs=tinysrgb&fit=max&fm=jpg&ixid=M3w5NDQwMTV8MHwxfHNlYXJjaHw0NTd8fHBlcnNvbiUyMGZhY2UlMjBwaG90b3xlbnwwfHx8fDE3NzgwNjUzMTB8MA&ixlib=rb-4.1.0&q=80&w=1080,REAL,Male,50+,True
865,https://images.unsplash.com/photo-1512521743077-a42eeaaa963c?crop=entropy&cs=tinysrgb&fit=max&fm=jpg&ixid=M3w5NDQwMTV8MHwxfHNlYXJjaHwzNTV8fG1hbiUyMGZhY2UlMjBjbG9zZXVwfGVufDB8fHx8MTc3ODA2NTIyM3ww&ixlib=rb-4.1.0&q=80&w=1080,REAL,Male,36-50,True
719,https://images.unsplash.com/photo-1740948267260-a738065a4b66?crop=entropy&cs=tinysrgb&fit=max&fm=jpg&ixid=M3w5NDQwMTV8MHwxfHNlYXJjaHwyMDl8fG1hbiUyMGZhY2UlMjBjbG9zZXVwfGVufDB8fHx8MTc3ODA2NTIwOXww&ixlib=rb-4.1.0&q=80&w=1080,REAL,Female,50+,True
1828,https://images.unsplash.com/photo-1621912577629-24f35b0bb034?crop=entropy&cs=tinysrgb&fit=max&fm=jpg&ixid=M3w5NDQwMTV8MHwxfHNlYXJjaHwxNzh8fHBlcnNvbiUyMGZhY2UlMjBwaG90b3xlbnwwfHx8fDE3NzgwNjUyODh8MA&ixlib=rb-4.1.0&q=80&w=1080,REAL,Male,36-50,True
4767,https://api.dicebear.com/7.x/personas/jpg?seed=user1709&size=300,FAKE,Unknown,50+,True
3178,https://api.dicebear.com/7.x/personas/jpg?seed=user120&size=300,FAKE,Unknown,18-25,True
232,https://images.unsplash.com/photo-1603759039427-8f6d7525330d?crop=entropy&cs=tinysrgb&fit=max&fm=jpg&ixid=M3w5NDQwMTV8MHwxfHNlYXJjaHwyNjJ8fGh1bWFuJTIwZmFjZSUyMHBvcnRyYWl0fGVufDB8fHx8MTc3ODA2NDg3MHww&ixlib=rb-4.1.0&q=80&w=1080,REAL,Male,26-35,True
5369,https://api.dicebear.com/7.x/personas/jpg?seed=user2311&size=300,FAKE,Unknown,36-50,True
5295,https://api.dicebear.com/7.x/personas/jpg?seed=user2237&size=300,FAKE,Unknown,50+,True
149,https://images.unsplash.com/photo-1567225990314-020f9acce2e4?crop=entropy&cs=tinysrgb&fit=max&fm=jpg&ixid=M3w5NDQwMTV8MHwxfHNlYXJjaHwxNDl8fGh1bWFuJTIwZmFjZSUyMHBvcnRyYWl0fGVufDB8fHx8MTc3ODA2NDcyNXww&ixlib=rb-4.1.0&q=80&w=1080,REAL,Male,50+,True
135,https://images.unsplash.com/photo-1680557345345-6f9ef109d252?crop=entropy&cs=tinysrgb&fit=max&fm=jpg&ixid=M3w5NDQwMTV8MHwxfHNlYXJjaHwxMzV8fGh1bWFuJTIwZmFjZSUyMHBvcnRyYWl0fGVufDB8fHx8MTc3ODA2NDcyNXww&ixlib=rb-4.1.0&q=80&w=1080,REAL,Female,36-50,True
590,https://images.unsplash.com/photo-1611035423762-264252561b38?crop=entropy&cs=tinysrgb&fit=max&fm=jpg&ixid=M3w5NDQwMTV8MHwxfHNlYXJjaHw1MHx8bWFuJTIwZmFjZSUyMGNsb3NldXB8ZW58MHx8fHwxNzc4MDY1MDc4fDA&ixlib=rb-4.1.0&q=80&w=1080,REAL,Male,36-50,True
4001,https://api.dicebear.com/7.x/personas/jpg?seed=user943&size=300,FAKE,Unknown,50+,True
2687,https://images.unsplash.com/photo-1616923756733-a0d6c4ef67fb?crop=entropy&cs=tinysrgb&fit=max&fm=jpg&ixid=M3w5NDQwMTV8MHwxfHNlYXJjaHw0Njd8fGFkdWx0JTIwZmFjZSUyMHBob3RvfGVufDB8fHx8MTc3ODA2ODg2OHww&ixlib=rb-4.1.0&q=80&w=1080,REAL,Female,26-35,True
5426,https://api.dicebear.com/7.x/personas/jpg?seed=user2368&size=300,FAKE,Unknown,26-35,True
4217,https://api.dicebear.com/7.x/personas/jpg?seed=user1159&size=300,FAKE,Unknown,18-25,True
4528,https://api.dicebear.com/7.x/personas/jpg?seed=user1470&size=300,FAKE,Unknown,36-50,True
1859,https://images.unsplash.com/photo-1633897688321-8505c94c3dc4?crop=entropy&cs=tinysrgb&fit=max&fm=jpg&ixid=M3w5NDQwMTV8MHwxfHNlYXJjaHwyMDl8fHBlcnNvbiUyMGZhY2UlMjBwaG90b3xlbnwwfHx8fDE3NzgwNjUyOTB8MA&ixlib=rb-4.1.0&q=80&w=1080,REAL,Male,50+,True
1127,https://images.unsplash.com/photo-1663066313662-36413304da38?crop=entropy&cs=tinysrgb&fit=max&fm=jpg&ixid=M3w5NDQwMTV8MHwxfHNlYXJjaHw0N3x8d29tYW4lMjBmYWNlJTIwcG9ydHJhaXR8ZW58MHx8fHwxNzc4MDY1MjQyfDA&ixlib=rb-4.1.0&q=80&w=1080,REAL,Male,36-50,True
4036,https://api.dicebear.com/7.x/personas/jpg?seed=user978&size=300,FAKE,Unknown,26-35,True
4855,https://api.dicebear.com/7.x/personas/jpg?seed=user1797&size=300,FAKE,Unknown,50+,True
3899,https://api.dicebear.com/7.x/personas/jpg?seed=user841&size=300,FAKE,Unknown,26-35,True
710,https://images.unsplash.com/photo-1631691507991-441dee1f6892?crop=entropy&cs=tinysrgb&fit=max&fm=jpg&ixid=M3w5NDQwMTV8MHwxfHNlYXJjaHwyMDB8fG1hbiUyMGZhY2UlMjBjbG9zZXVwfGVufDB8fHx8MTc3ODA2NTIwOXww&ixlib=rb-4.1.0&q=80&w=1080,REAL,Female,18-25,True
1488,https://images.unsplash.com/photo-1656373913030-f525af796159?crop=entropy&cs=tinysrgb&fit=max&fm=jpg&ixid=M3w5NDQwMTV8MHwxfHNlYXJjaHw0MDh8fHdvbWFuJTIwZmFjZSUyMHBvcnRyYWl0fGVufDB8fHx8MTc3ODA2NTI2N3ww&ixlib=rb-4.1.0&q=80&w=1080,REAL,Unknown,18-25,True
5310,https://api.dicebear.com/7.x/personas/jpg?seed=user2252&size=300,FAKE,Unknown,26-35,True
4826,https://api.dicebear.com/7.x/personas/jpg?seed=user1768&size=300,FAKE,Unknown,18-25,True
206,https://images.unsplash.com/photo-1705045206745-1b2f9f19a1f1?crop=entropy&cs=tinysrgb&fit=max&fm=jpg&ixid=M3w5NDQwMTV8MHwxfHNlYXJjaHwyMDZ8fGh1bWFuJTIwZmFjZSUyMHBvcnRyYWl0fGVufDB8fHx8MTc3ODA2NDc1M3ww&ixlib=rb-4.1.0&q=80&w=1080,REAL,Female,26-35,True
229,https://images.unsplash.com/photo-1570571054888-aa5e6b878160?crop=entropy&cs=tinysrgb&fit=max&fm=jpg&ixid=M3w5NDQwMTV8MHwxfHNlYXJjaHwyNTl8fGh1bWFuJTIwZmFjZSUyMHBvcnRyYWl0fGVufDB8fHx8MTc3ODA2NDg3MHww&ixlib=rb-4.1.0&q=80&w=1080,REAL,Female,26-35,True
129,https://images.unsplash.com/photo-1686464907994-3a9789d27178?crop=entropy&cs=tinysrgb&fit=max&fm=jpg&ixid=M3w5NDQwMTV8MHwxfHNlYXJjaHwxMjl8fGh1bWFuJTIwZmFjZSUyMHBvcnRyYWl0fGVufDB8fHx8MTc3ODA2NDcyNXww&ixlib=rb-4.1.0&q=80&w=1080,REAL,Male,36-50,True
1325,https://images.unsplash.com/photo-1656473030511-726e9b0ce47a?crop=entropy&cs=tinysrgb&fit=max&fm=jpg&ixid=M3w5NDQwMTV8MHwxfHNlYXJjaHwyNDV8fHdvbWFuJTIwZmFjZSUyMHBvcnRyYWl0fGVufDB8fHx8MTc3ODA2NTI1N3ww&ixlib=rb-4.1.0&q=80&w=1080,REAL,Female,18-25,True
5260,https://api.dicebear.com/7.x/personas/jpg?seed=user2202&size=300,FAKE,Unknown,18-25,True
4731,https://api.dicebear.com/7.x/personas/jpg?seed=user1673&size=300,FAKE,Unknown,50+,True
5198,https://api.dicebear.com/7.x/personas/jpg?seed=user2140&size=300,FAKE,Unknown,26-35,True
1170,https://images.unsplash.com/photo-1567425601800-c084c6cd374e?crop=entropy&cs=tinysrgb&fit=max&fm=jpg&ixid=M3w5NDQwMTV8MHwxfHNlYXJjaHw5MHx8d29tYW4lMjBmYWNlJTIwcG9ydHJhaXR8ZW58MHx8fHwxNzc4MDY1MjQ0fDA&ixlib=rb-4.1.0&q=80&w=1080,REAL,Male,18-25,True
4077,https://api.dicebear.com/7.x/personas/jpg?seed=user1019&size=300,FAKE,Unknown,18-25,True
1006,https://images.unsplash.com/photo-1642794453110-5105c08c829f?crop=entropy&cs=tinysrgb&fit=max&fm=jpg&ixid=M3w5NDQwMTV8MHwxfHNlYXJjaHw0OTZ8fG1hbiUyMGZhY2UlMjBjbG9zZXVwfGVufDB8fHx8MTc3ODA2NTIzMnww&ixlib=rb-4.1.0&q=80&w=1080,REAL,Male,50+,True
4022,https://api.dicebear.com/7.x/personas/jpg?seed=user964&size=300,FAKE,Unknown,36-50,True
3990,https://api.dicebear.com/7.x/personas/jpg?seed=user932&size=300,FAKE,Unknown,26-35,True
4635,https://api.dicebear.com/7.x/personas/jpg?seed=user1577&size=300,FAKE,Unknown,26-35,True
5075,https://api.dicebear.com/7.x/personas/jpg?seed=user2017&size=300,FAKE,Unknown,18-25,True
2555,https://images.unsplash.com/photo-1610360665397-c78136fff4e7?crop=entropy&cs=tinysrgb&fit=max&fm=jpg&ixid=M3w5NDQwMTV8MHwxfHNlYXJjaHwzMzV8fGFkdWx0JTIwZmFjZSUyMHBob3RvfGVufDB8fHx8MTc3ODA2ODg1NXww&ixlib=rb-4.1.0&q=80&w=1080,REAL,Male,26-35,True
4736,https://api.dicebear.com/7.x/personas/jpg?seed=user1678&size=300,FAKE,Unknown,26-35,True
2854,https://randomuser.me/api/portraits/men/64.jpg,FAKE,Male,18-25,True
1212,https://images.unsplash.com/photo-1634149134165-6d679d80a800?crop=entropy&cs=tinysrgb&fit=max&fm=jpg&ixid=M3w5NDQwMTV8MHwxfHNlYXJjaHwxMzJ8fHdvbWFuJTIwZmFjZSUyMHBvcnRyYWl0fGVufDB8fHx8MTc3ODA2NTI0OHww&ixlib=rb-4.1.0&q=80&w=1080,REAL,Male,26-35,True
945,https://images.unsplash.com/photo-1643168662222-bbe670f0457c?crop=entropy&cs=tinysrgb&fit=max&fm=jpg&ixid=M3w5NDQwMTV8MHwxfHNlYXJjaHw0MzV8fG1hbiUyMGZhY2UlMjBjbG9zZXVwfGVufDB8fHx8MTc3ODA2NTIyOHww&ixlib=rb-4.1.0&q=80&w=1080,REAL,Male,36-50,True
1898,https://images.unsplash.com/photo-1704286602312-71b5bedda30e?crop=entropy&cs=tinysrgb&fit=max&fm=jpg&ixid=M3w5NDQwMTV8MHwxfHNlYXJjaHwyNDh8fHBlcnNvbiUyMGZhY2UlMjBwaG90b3xlbnwwfHx8fDE3NzgwNjUyOTV8MA&ixlib=rb-4.1.0&q=80&w=1080,REAL,Female,50+,True
2890,https://randomuser.me/api/portraits/women/1.jpg,FAKE,Female,26-35,True
2862,https://randomuser.me/api/portraits/men/72.jpg,FAKE,Male,18-25,True
4532,https://api.dicebear.com/7.x/personas/jpg?seed=user1474&size=300,FAKE,Unknown,26-35,True
1275,https://images.unsplash.com/photo-1698767839718-850659ea2d9b?crop=entropy&cs=tinysrgb&fit=max&fm=jpg&ixid=M3w5NDQwMTV8MHwxfHNlYXJjaHwxOTV8fHdvbWFuJTIwZmFjZSUyMHBvcnRyYWl0fGVufDB8fHx8MTc3ODA2NTI1M3ww&ixlib=rb-4.1.0&q=80&w=1080,REAL,Unknown,26-35,True
3955,https://api.dicebear.com/7.x/personas/jpg?seed=user897&size=300,FAKE,Unknown,50+,True
4374,https://api.dicebear.com/7.x/personas/jpg?seed=user1316&size=300,FAKE,Unknown,18-25,True
766,https://images.unsplash.com/photo-1508840719973-8737865a8eb6?crop=entropy&cs=tinysrgb&fit=max&fm=jpg&ixid=M3w5NDQwMTV8MHwxfHNlYXJjaHwyNTZ8fG1hbiUyMGZhY2UlMjBjbG9zZXVwfGVufDB8fHx8MTc3ODA2NTIxM3ww&ixlib=rb-4.1.0&q=80&w=1080,REAL,Unknown,18-25,True
1672,https://images.unsplash.com/photo-1634641043267-7824a5d5c141?crop=entropy&cs=tinysrgb&fit=max&fm=jpg&ixid=M3w5NDQwMTV8MHwxfHNlYXJjaHwyMnx8cGVyc29uJTIwZmFjZSUyMHBob3RvfGVufDB8fHx8MTc3ODA2NTI3OHww&ixlib=rb-4.1.0&q=80&w=1080,REAL,Unknown,36-50,True
4503,https://api.dicebear.com/7.x/personas/jpg?seed=user1445&size=300,FAKE,Unknown,50+,True
5529,https://api.dicebear.com/7.x/personas/jpg?seed=user2471&size=300,FAKE,Unknown,36-50,True
3443,https://api.dicebear.com/7.x/personas/jpg?seed=user385&size=300,FAKE,Unknown,18-25,True
3218,https://api.dicebear.com/7.x/personas/jpg?seed=user160&size=300,FAKE,Unknown,26-35,True
3112,https://api.dicebear.com/7.x/personas/jpg?seed=user54&size=300,FAKE,Unknown,26-35,True
1569,https://images.unsplash.com/photo-1635788500329-b9f0772d469d?crop=entropy&cs=tinysrgb&fit=max&fm=jpg&ixid=M3w5NDQwMTV8MHwxfHNlYXJjaHw0ODl8fHdvbWFuJTIwZmFjZSUyMHBvcnRyYWl0fGVufDB8fHx8MTc3ODA2NTI3M3ww&ixlib=rb-4.1.0&q=80&w=1080,REAL,Male,50+,True
3682,https://api.dicebear.com/7.x/personas/jpg?seed=user624&size=300,FAKE,Unknown,50+,True
908,https://images.unsplash.com/photo-1774016591089-c9cb5f80fd75?crop=entropy&cs=tinysrgb&fit=max&fm=jpg&ixid=M3w5NDQwMTV8MHwxfHNlYXJjaHwzOTh8fG1hbiUyMGZhY2UlMjBjbG9zZXVwfGVufDB8fHx8MTc3ODA2NTIyNnww&ixlib=rb-4.1.0&q=80&w=1080,REAL,Unknown,26-35,True
5329,https://api.dicebear.com/7.x/personas/jpg?seed=user2271&size=300,FAKE,Unknown,26-35,True
2119,https://images.unsplash.com/photo-1739671586168-ba5e13e014f6?crop=entropy&cs=tinysrgb&fit=max&fm=jpg&ixid=M3w5NDQwMTV8MHwxfHNlYXJjaHw0Njl8fHBlcnNvbiUyMGZhY2UlMjBwaG90b3xlbnwwfHx8fDE3NzgwNjUzMTB8MA&ixlib=rb-4.1.0&q=80&w=1080,REAL,Female,36-50,True
712,https://images.unsplash.com/photo-1619069991208-c132aa634555?crop=entropy&cs=tinysrgb&fit=max&fm=jpg&ixid=M3w5NDQwMTV8MHwxfHNlYXJjaHwyMDJ8fG1hbiUyMGZhY2UlMjBjbG9zZXVwfGVufDB8fHx8MTc3ODA2NTIwOXww&ixlib=rb-4.1.0&q=80&w=1080,REAL,Unknown,26-35,True
1049,https://images.unsplash.com/photo-1592568454695-4b39d56a2310?crop=entropy&cs=tinysrgb&fit=max&fm=jpg&ixid=M3w5NDQwMTV8MHwxfHNlYXJjaHw1Mzl8fG1hbiUyMGZhY2UlMjBjbG9zZXVwfGVufDB8fHx8MTc3ODA2NTIzNHww&ixlib=rb-4.1.0&q=80&w=1080,REAL,Female,18-25,True
2228,https://images.unsplash.com/photo-1586501081992-de543a5b8778?crop=entropy&cs=tinysrgb&fit=max&fm=jpg&ixid=M3w5NDQwMTV8MHwxfHNlYXJjaHw4fHxhZHVsdCUyMGZhY2UlMjBwaG90b3xlbnwwfHx8fDE3NzgwNjg4MzJ8MA&ixlib=rb-4.1.0&q=80&w=1080,REAL,Female,18-25,True
2198,https://images.unsplash.com/photo-1610120441873-a45b01e3e0b1?crop=entropy&cs=tinysrgb&fit=max&fm=jpg&ixid=M3w5NDQwMTV8MHwxfHNlYXJjaHw1NDh8fHlvdW5nJTIwcGVyc29uJTIwZmFjZXxlbnwwfHx8fDE3NzgwNjg4MzB8MA&ixlib=rb-4.1.0&q=80&w=1080,REAL,Male,50+,True
371,https://images.unsplash.com/photo-1586092979708-c33ebaaddbc4?crop=entropy&cs=tinysrgb&fit=max&fm=jpg&ixid=M3w5NDQwMTV8MHwxfHNlYXJjaHw0MDF8fGh1bWFuJTIwZmFjZSUyMHBvcnRyYWl0fGVufDB8fHx8MTc3ODA2NTAwMXww&ixlib=rb-4.1.0&q=80&w=1080,REAL,Male,26-35,True
4046,https://api.dicebear.com/7.x/personas/jpg?seed=user988&size=300,FAKE,Unknown,36-50,True
3363,https://api.dicebear.com/7.x/personas/jpg?seed=user305&size=300,FAKE,Unknown,36-50,True
1652,https://images.unsplash.com/photo-1555474488-63096355d324?crop=entropy&cs=tinysrgb&fit=max&fm=jpg&ixid=M3w5NDQwMTV8MHwxfHNlYXJjaHwyfHxwZXJzb24lMjBmYWNlJTIwcGhvdG98ZW58MHx8fHwxNzc4MDY1Mjc4fDA&ixlib=rb-4.1.0&q=80&w=1080,REAL,Female,50+,True
7,https://images.unsplash.com/photo-1657403669233-a217f09e44a9?crop=entropy&cs=tinysrgb&fit=max&fm=jpg&ixid=M3w5NDQwMTV8MHwxfHNlYXJjaHw3fHxodW1hbiUyMGZhY2UlMjBwb3J0cmFpdHxlbnwwfHx8fDE3NzgwNjQ2ODd8MA&ixlib=rb-4.1.0&q=80&w=1080,REAL,Male,26-35,True
5392,https://api.dicebear.com/7.x/personas/jpg?seed=user2334&size=300,FAKE,Unknown,36-50,True
2939,https://randomuser.me/api/portraits/women/50.jpg,FAKE,Female,36-50,True
3330,https://api.dicebear.com/7.x/personas/jpg?seed=user272&size=300,FAKE,Unknown,18-25,True
3238,https://api.dicebear.com/7.x/personas/jpg?seed=user180&size=300,FAKE,Unknown,50+,True
1917,https://images.unsplash.com/photo-1715622053361-4baf5ad2c51a?crop=entropy&cs=tinysrgb&fit=max&fm=jpg&ixid=M3w5NDQwMTV8MHwxfHNlYXJjaHwyNjd8fHBlcnNvbiUyMGZhY2UlMjBwaG90b3xlbnwwfHx8fDE3NzgwNjUyOTV8MA&ixlib=rb-4.1.0&q=80&w=1080,REAL,Female,18-25,True
3690,https://api.dicebear.com/7.x/personas/jpg?seed=user632&size=300,FAKE,Unknown,50+,True
4301,https://api.dicebear.com/7.x/personas/jpg?seed=user1243&size=300,FAKE,Unknown,18-25,True
173,https://images.unsplash.com/photo-1752330161642-63fa7cdfdbd1?crop=entropy&cs=tinysrgb&fit=max&fm=jpg&ixid=M3w5NDQwMTV8MHwxfHNlYXJjaHwxNzN8fGh1bWFuJTIwZmFjZSUyMHBvcnRyYWl0fGVufDB8fHx8MTc3ODA2NDc0OXww&ixlib=rb-4.1.0&q=80&w=1080,REAL,Female,36-50,True
112,https://images.unsplash.com/photo-1634052970539-224813476367?crop=entropy&cs=tinysrgb&fit=max&fm=jpg&ixid=M3w5NDQwMTV8MHwxfHNlYXJjaHwxMTJ8fGh1bWFuJTIwZmFjZSUyMHBvcnRyYWl0fGVufDB8fHx8MTc3ODA2NDcyMXww&ixlib=rb-4.1.0&q=80&w=1080,REAL,Unknown,26-35,True
2153,https://images.unsplash.com/photo-1700317440755-75d1fddcd219?crop=entropy&cs=tinysrgb&fit=max&fm=jpg&ixid=M3w5NDQwMTV8MHwxfHNlYXJjaHw1MDN8fHBlcnNvbiUyMGZhY2UlMjBwaG90b3xlbnwwfHx8fDE3NzgwNjUzMTN8MA&ixlib=rb-4.1.0&q=80&w=1080,REAL,Female,36-50,True
833,https://images.unsplash.com/photo-1662809556629-4068241e8cd1?crop=entropy&cs=tinysrgb&fit=max&fm=jpg&ixid=M3w5NDQwMTV8MHwxfHNlYXJjaHwzMjN8fG1hbiUyMGZhY2UlMjBjbG9zZXVwfGVufDB8fHx8MTc3ODA2NTIxOHww&ixlib=rb-4.1.0&q=80&w=1080,REAL,Female,50+,True
249,https://images.unsplash.com/photo-1727341556241-e6f5e1029522?crop=entropy&cs=tinysrgb&fit=max&fm=jpg&ixid=M3w5NDQwMTV8MHwxfHNlYXJjaHwyNzl8fGh1bWFuJTIwZmFjZSUyMHBvcnRyYWl0fGVufDB8fHx8MTc3ODA2NDkwMnww&ixlib=rb-4.1.0&q=80&w=1080,REAL,Unknown,26-35,True
4828,https://api.dicebear.com/7.x/personas/jpg?seed=user1770&size=300,FAKE,Unknown,18-25,True
1187,https://images.unsplash.com/photo-1620409467387-bcc006823914?crop=entropy&cs=tinysrgb&fit=max&fm=jpg&ixid=M3w5NDQwMTV8MHwxfHNlYXJjaHwxMDd8fHdvbWFuJTIwZmFjZSUyMHBvcnRyYWl0fGVufDB8fHx8MTc3ODA2NTI0Nnww&ixlib=rb-4.1.0&q=80&w=1080,REAL,Male,18-25,True
1891,https://images.unsplash.com/photo-1617016848795-64d05f3dfdef?crop=entropy&cs=tinysrgb&fit=max&fm=jpg&ixid=M3w5NDQwMTV8MHwxfHNlYXJjaHwyNDF8fHBlcnNvbiUyMGZhY2UlMjBwaG90b3xlbnwwfHx8fDE3NzgwNjUyOTV8MA&ixlib=rb-4.1.0&q=80&w=1080,REAL,Female,36-50,True
3214,https://api.dicebear.com/7.x/personas/jpg?seed=user156&size=300,FAKE,Unknown,18-25,True
2187,https://images.unsplash.com/photo-1744979704702-ffce10b28bf6?crop=entropy&cs=tinysrgb&fit=max&fm=jpg&ixid=M3w5NDQwMTV8MHwxfHNlYXJjaHw1Mzd8fHBlcnNvbiUyMGZhY2UlMjBwaG90b3xlbnwwfHx8fDE3NzgwNjUzMTZ8MA&ixlib=rb-4.1.0&q=80&w=1080,REAL,Female,18-25,True
4803,https://api.dicebear.com/7.x/personas/jpg?seed=user1745&size=300,FAKE,Unknown,26-35,True
11,https://images.unsplash.com/photo-1724225618124-0f0d51cf33f4?crop=entropy&cs=tinysrgb&fit=max&fm=jpg&ixid=M3w5NDQwMTV8MHwxfHNlYXJjaHwxMXx8aHVtYW4lMjBmYWNlJTIwcG9ydHJhaXR8ZW58MHx8fHwxNzc4MDY0Njg3fDA&ixlib=rb-4.1.0&q=80&w=1080,REAL,Unknown,26-35,True
4245,https://api.dicebear.com/7.x/personas/jpg?seed=user1187&size=300,FAKE,Unknown,18-25,True
3459,https://api.dicebear.com/7.x/personas/jpg?seed=user401&size=300,FAKE,Unknown,26-35,True
5119,https://api.dicebear.com/7.x/personas/jpg?seed=user2061&size=300,FAKE,Unknown,26-35,True
372,https://images.unsplash.com/photo-1769961982389-bb243681421a?crop=entropy&cs=tinysrgb&fit=max&fm=jpg&ixid=M3w5NDQwMTV8MHwxfHNlYXJjaHw0MDJ8fGh1bWFuJTIwZmFjZSUyMHBvcnRyYWl0fGVufDB8fHx8MTc3ODA2NTAwMXww&ixlib=rb-4.1.0&q=80&w=1080,REAL,Unknown,18-25,True
4718,https://api.dicebear.com/7.x/personas/jpg?seed=user1660&size=300,FAKE,Unknown,50+,True
2684,https://images.unsplash.com/photo-1568277350366-bde0400afae5?crop=entropy&cs=tinysrgb&fit=max&fm=jpg&ixid=M3w5NDQwMTV8MHwxfHNlYXJjaHw0NjR8fGFkdWx0JTIwZmFjZSUyMHBob3RvfGVufDB8fHx8MTc3ODA2ODg2OHww&ixlib=rb-4.1.0&q=80&w=1080,REAL,Male,26-35,True
4190,https://api.dicebear.com/7.x/personas/jpg?seed=user1132&size=300,FAKE,Unknown,26-35,True
3270,https://api.dicebear.com/7.x/personas/jpg?seed=user212&size=300,FAKE,Unknown,26-35,True
4669,https://api.dicebear.com/7.x/personas/jpg?seed=user1611&size=300,FAKE,Unknown,18-25,True
4604,https://api.dicebear.com/7.x/personas/jpg?seed=user1546&size=300,FAKE,Unknown,50+,True
4228,https://api.dicebear.com/7.x/personas/jpg?seed=user1170&size=300,FAKE,Unknown,50+,True
4708,https://api.dicebear.com/7.x/personas/jpg?seed=user1650&size=300,FAKE,Unknown,36-50,True
2220,https://images.unsplash.com/photo-1759356917833-e01c3f9f0932?crop=entropy&cs=tinysrgb&fit=max&fm=jpg&ixid=M3w5NDQwMTV8MHwxfHNlYXJjaHw1NzB8fHlvdW5nJTIwcGVyc29uJTIwZmFjZXxlbnwwfHx8fDE3NzgwNjg4MzB8MA&ixlib=rb-4.1.0&q=80&w=1080,REAL,Unknown,50+,True
2394,https://images.unsplash.com/photo-1742851101862-0b3ebd3c2438?crop=entropy&cs=tinysrgb&fit=max&fm=jpg&ixid=M3w5NDQwMTV8MHwxfHNlYXJjaHwxNzR8fGFkdWx0JTIwZmFjZSUyMHBob3RvfGVufDB8fHx8MTc3ODA2ODg0Mnww&ixlib=rb-4.1.0&q=80&w=1080,REAL,Unknown,18-25,True
2911,https://randomuser.me/api/portraits/women/22.jpg,FAKE,Female,50+,True
5330,https://api.dicebear.com/7.x/personas/jpg?seed=user2272&size=300,FAKE,Unknown,18-25,True
1991,https://images.unsplash.com/photo-1648484860115-906abc06a59a?crop=entropy&cs=tinysrgb&fit=max&fm=jpg&ixid=M3w5NDQwMTV8MHwxfHNlYXJjaHwzNDF8fHBlcnNvbiUyMGZhY2UlMjBwaG90b3xlbnwwfHx8fDE3NzgwNjUzMDF8MA&ixlib=rb-4.1.0&q=80&w=1080,REAL,Male,50+,True
2668,https://images.unsplash.com/photo-1738091441420-383762ebeb50?crop=entropy&cs=tinysrgb&fit=max&fm=jpg&ixid=M3w5NDQwMTV8MHwxfHNlYXJjaHw0NDh8fGFkdWx0JTIwZmFjZSUyMHBob3RvfGVufDB8fHx8MTc3ODA2ODg2NHww&ixlib=rb-4.1.0&q=80&w=1080,REAL,Male,36-50,True
964,https://images.unsplash.com/photo-1585532487868-ae1ab18246d0?crop=entropy&cs=tinysrgb&fit=max&fm=jpg&ixid=M3w5NDQwMTV8MHwxfHNlYXJjaHw0NTR8fG1hbiUyMGZhY2UlMjBjbG9zZXVwfGVufDB8fHx8MTc3ODA2NTIzMHww&ixlib=rb-4.1.0&q=80&w=1080,REAL,Unknown,18-25,True
3239,https://api.dicebear.com/7.x/personas/jpg?seed=user181&size=300,FAKE,Unknown,36-50,True
2782,https://images.unsplash.com/photo-1743330405511-229aa1997543?crop=entropy&cs=tinysrgb&fit=max&fm=jpg&ixid=M3w5NDQwMTV8MHwxfHNlYXJjaHw1NjJ8fGFkdWx0JTIwZmFjZSUyMHBob3RvfGVufDB8fHx8MTc3ODA2ODg3Nnww&ixlib=rb-4.1.0&q=80&w=1080,REAL,Female,26-35,True
4420,https://api.dicebear.com/7.x/personas/jpg?seed=user1362&size=300,FAKE,Unknown,36-50,True
4089,https://api.dicebear.com/7.x/personas/jpg?seed=user1031&size=300,FAKE,Unknown,36-50,True
3223,https://api.dicebear.com/7.x/personas/jpg?seed=user165&size=300,FAKE,Unknown,50+,True
3100,https://api.dicebear.com/7.x/personas/jpg?seed=user42&size=300,FAKE,Unknown,50+,True
4272,https://api.dicebear.com/7.x/personas/jpg?seed=user1214&size=300,FAKE,Unknown,36-50,True
651,https://images.unsplash.com/photo-1745233917406-b50b3a949f44?crop=entropy&cs=tinysrgb&fit=max&fm=jpg&ixid=M3w5NDQwMTV8MHwxfHNlYXJjaHwxMTF8fG1hbiUyMGZhY2UlMjBjbG9zZXVwfGVufDB8fHx8MTc3ODA2NTA4NHww&ixlib=rb-4.1.0&q=80&w=1080,REAL,Female,36-50,True
2287,https://images.unsplash.com/photo-1730925355309-cb9e4af73ebb?crop=entropy&cs=tinysrgb&fit=max&fm=jpg&ixid=M3w5NDQwMTV8MHwxfHNlYXJjaHw2N3x8YWR1bHQlMjBmYWNlJTIwcGhvdG98ZW58MHx8fHwxNzc4MDY4ODM1fDA&ixlib=rb-4.1.0&q=80&w=1080,REAL,Female,26-35,True
166,https://images.unsplash.com/photo-1748145210748-4a5394bee700?crop=entropy&cs=tinysrgb&fit=max&fm=jpg&ixid=M3w5NDQwMTV8MHwxfHNlYXJjaHwxNjZ8fGh1bWFuJTIwZmFjZSUyMHBvcnRyYWl0fGVufDB8fHx8MTc3ODA2NDc0OXww&ixlib=rb-4.1.0&q=80&w=1080,REAL,Unknown,18-25,True
4416,https://api.dicebear.com/7.x/personas/jpg?seed=user1358&size=300,FAKE,Unknown,36-50,True
961,https://images.unsplash.com/photo-1675434704311-8bc0f1f0f77c?crop=entropy&cs=tinysrgb&fit=max&fm=jpg&ixid=M3w5NDQwMTV8MHwxfHNlYXJjaHw0NTF8fG1hbiUyMGZhY2UlMjBjbG9zZXVwfGVufDB8fHx8MTc3ODA2NTIzMHww&ixlib=rb-4.1.0&q=80&w=1080,REAL,Male,36-50,True
5087,https://api.dicebear.com/7.x/personas/jpg?seed=user2029&size=300,FAKE,Unknown,26-35,True
4712,https://api.dicebear.com/7.x/personas/jpg?seed=user1654&size=300,FAKE,Unknown,26-35,True
1060,https://images.unsplash.com/photo-1638659782656-05c8aa4fb88f?crop=entropy&cs=tinysrgb&fit=max&fm=jpg&ixid=M3w5NDQwMTV8MHwxfHNlYXJjaHw1NTB8fG1hbiUyMGZhY2UlMjBjbG9zZXVwfGVufDB8fHx8MTc3ODA2NTIzNnww&ixlib=rb-4.1.0&q=80&w=1080,REAL,Male,18-25,True
192,https://images.unsplash.com/photo-1687699553800-dde9d84ac002?crop=entropy&cs=tinysrgb&fit=max&fm=jpg&ixid=M3w5NDQwMTV8MHwxfHNlYXJjaHwxOTJ8fGh1bWFuJTIwZmFjZSUyMHBvcnRyYWl0fGVufDB8fHx8MTc3ODA2NDc1M3ww&ixlib=rb-4.1.0&q=80&w=1080,REAL,Male,50+,True
216,https://images.unsplash.com/photo-1646797151620-4f20c2d16944?crop=entropy&cs=tinysrgb&fit=max&fm=jpg&ixid=M3w5NDQwMTV8MHwxfHNlYXJjaHwyNDZ8fGh1bWFuJTIwZmFjZSUyMHBvcnRyYWl0fGVufDB8fHx8MTc3ODA2NDg3MHww&ixlib=rb-4.1.0&q=80&w=1080,REAL,Male,18-25,True
1956,https://images.unsplash.com/photo-1648484859996-fe216479bd74?crop=entropy&cs=tinysrgb&fit=max&fm=jpg&ixid=M3w5NDQwMTV8MHwxfHNlYXJjaHwzMDZ8fHBlcnNvbiUyMGZhY2UlMjBwaG90b3xlbnwwfHx8fDE3NzgwNjUyOTl8MA&ixlib=rb-4.1.0&q=80&w=1080,REAL,Female,36-50,True
729,https://images.unsplash.com/photo-1484640916974-18503b9b0af6?crop=entropy&cs=tinysrgb&fit=max&fm=jpg&ixid=M3w5NDQwMTV8MHwxfHNlYXJjaHwyMTl8fG1hbiUyMGZhY2UlMjBjbG9zZXVwfGVufDB8fHx8MTc3ODA2NTIxMXww&ixlib=rb-4.1.0&q=80&w=1080,REAL,Unknown,26-35,True
1762,https://images.unsplash.com/photo-1711913322812-b22ef78adef2?crop=entropy&cs=tinysrgb&fit=max&fm=jpg&ixid=M3w5NDQwMTV8MHwxfHNlYXJjaHwxMTJ8fHBlcnNvbiUyMGZhY2UlMjBwaG90b3xlbnwwfHx8fDE3NzgwNjUyODR8MA&ixlib=rb-4.1.0&q=80&w=1080,REAL,Female,18-25,True
4869,https://api.dicebear.com/7.x/personas/jpg?seed=user1811&size=300,FAKE,Unknown,18-25,True
610,https://images.unsplash.com/photo-1613325263394-8a5d0540dfd5?crop=entropy&cs=tinysrgb&fit=max&fm=jpg&ixid=M3w5NDQwMTV8MHwxfHNlYXJjaHw3MHx8bWFuJTIwZmFjZSUyMGNsb3NldXB8ZW58MHx8fHwxNzc4MDY1MDgyfDA&ixlib=rb-4.1.0&q=80&w=1080,REAL,Female,26-35,True
4155,https://api.dicebear.com/7.x/personas/jpg?seed=user1097&size=300,FAKE,Unknown,26-35,True
333,https://images.unsplash.com/photo-1639986162619-78e93c413c65?crop=entropy&cs=tinysrgb&fit=max&fm=jpg&ixid=M3w5NDQwMTV8MHwxfHNlYXJjaHwzNjN8fGh1bWFuJTIwZmFjZSUyMHBvcnRyYWl0fGVufDB8fHx8MTc3ODA2NDk5N3ww&ixlib=rb-4.1.0&q=80&w=1080,REAL,Male,50+,True
4078,https://api.dicebear.com/7.x/personas/jpg?seed=user1020&size=300,FAKE,Unknown,18-25,True
3473,https://api.dicebear.com/7.x/personas/jpg?seed=user415&size=300,FAKE,Unknown,36-50,True
3696,https://api.dicebear.com/7.x/personas/jpg?seed=user638&size=300,FAKE,Unknown,36-50,True
5093,https://api.dicebear.com/7.x/personas/jpg?seed=user2035&size=300,FAKE,Unknown,26-35,True
346,https://images.unsplash.com/photo-1581423880761-b15ee286d2a8?crop=entropy&cs=tinysrgb&fit=max&fm=jpg&ixid=M3w5NDQwMTV8MHwxfHNlYXJjaHwzNzZ8fGh1bWFuJTIwZmFjZSUyMHBvcnRyYWl0fGVufDB8fHx8MTc3ODA2NDk5N3ww&ixlib=rb-4.1.0&q=80&w=1080,REAL,Female,50+,True
2330,https://images.unsplash.com/photo-1726741694474-96d9f5a3d28e?crop=entropy&cs=tinysrgb&fit=max&fm=jpg&ixid=M3w5NDQwMTV8MHwxfHNlYXJjaHwxMTB8fGFkdWx0JTIwZmFjZSUyMHBob3RvfGVufDB8fHx8MTc3ODA2ODgzOHww&ixlib=rb-4.1.0&q=80&w=1080,REAL,Unknown,26-35,True
1376,https://images.unsplash.com/photo-1572430767624-3b0cab0f6b1d?crop=entropy&cs=tinysrgb&fit=max&fm=jpg&ixid=M3w5NDQwMTV8MHwxfHNlYXJjaHwyOTZ8fHdvbWFuJTIwZmFjZSUyMHBvcnRyYWl0fGVufDB8fHx8MTc3ODA2NTI1OXww&ixlib=rb-4.1.0&q=80&w=1080,REAL,Male,36-50,True
1826,https://images.unsplash.com/photo-1635457802326-d2274dfd5572?crop=entropy&cs=tinysrgb&fit=max&fm=jpg&ixid=M3w5NDQwMTV8MHwxfHNlYXJjaHwxNzZ8fHBlcnNvbiUyMGZhY2UlMjBwaG90b3xlbnwwfHx8fDE3NzgwNjUyODh8MA&ixlib=rb-4.1.0&q=80&w=1080,REAL,Female,36-50,True
1119,https://images.unsplash.com/photo-1630059312749-94ff927fec2a?crop=entropy&cs=tinysrgb&fit=max&fm=jpg&ixid=M3w5NDQwMTV8MHwxfHNlYXJjaHwzOXx8d29tYW4lMjBmYWNlJTIwcG9ydHJhaXR8ZW58MHx8fHwxNzc4MDY1MjQyfDA&ixlib=rb-4.1.0&q=80&w=1080,REAL,Female,36-50,True
1464,https://images.unsplash.com/photo-1627577303487-48b1a800c0ef?crop=entropy&cs=tinysrgb&fit=max&fm=jpg&ixid=M3w5NDQwMTV8MHwxfHNlYXJjaHwzODR8fHdvbWFuJTIwZmFjZSUyMHBvcnRyYWl0fGVufDB8fHx8MTc3ODA2NTI2NXww&ixlib=rb-4.1.0&q=80&w=1080,REAL,Male,50+,True
4673,https://api.dicebear.com/7.x/personas/jpg?seed=user1615&size=300,FAKE,Unknown,26-35,True
3887,https://api.dicebear.com/7.x/personas/jpg?seed=user829&size=300,FAKE,Unknown,36-50,True
1344,https://images.unsplash.com/photo-1656473014073-ae696e9e4349?crop=entropy&cs=tinysrgb&fit=max&fm=jpg&ixid=M3w5NDQwMTV8MHwxfHNlYXJjaHwyNjR8fHdvbWFuJTIwZmFjZSUyMHBvcnRyYWl0fGVufDB8fHx8MTc3ODA2NTI1N3ww&ixlib=rb-4.1.0&q=80&w=1080,REAL,Female,36-50,True
656,https://images.unsplash.com/photo-1662128518851-d24e655f11c3?crop=entropy&cs=tinysrgb&fit=max&fm=jpg&ixid=M3w5NDQwMTV8MHwxfHNlYXJjaHwxMTZ8fG1hbiUyMGZhY2UlMjBjbG9zZXVwfGVufDB8fHx8MTc3ODA2NTA4NHww&ixlib=rb-4.1.0&q=80&w=1080,REAL,Unknown,26-35,True
4079,https://api.dicebear.com/7.x/personas/jpg?seed=user1021&size=300,FAKE,Unknown,18-25,True
2053,https://images.unsplash.com/photo-1645968093389-704585a7359d?crop=entropy&cs=tinysrgb&fit=max&fm=jpg&ixid=M3w5NDQwMTV8MHwxfHNlYXJjaHw0MDN8fHBlcnNvbiUyMGZhY2UlMjBwaG90b3xlbnwwfHx8fDE3NzgwNjUzMDV8MA&ixlib=rb-4.1.0&q=80&w=1080,REAL,Unknown,26-35,True
5528,https://api.dicebear.com/7.x/personas/jpg?seed=user2470&size=300,FAKE,Unknown,26-35,True
5483,https://api.dicebear.com/7.x/personas/jpg?seed=user2425&size=300,FAKE,Unknown,36-50,True
3408,https://api.dicebear.com/7.x/personas/jpg?seed=user350&size=300,FAKE,Unknown,26-35,True
2680,https://images.unsplash.com/photo-1591688058494-eddec647e201?crop=entropy&cs=tinysrgb&fit=max&fm=jpg&ixid=M3w5NDQwMTV8MHwxfHNlYXJjaHw0NjB8fGFkdWx0JTIwZmFjZSUyMHBob3RvfGVufDB8fHx8MTc3ODA2ODg2OHww&ixlib=rb-4.1.0&q=80&w=1080,REAL,Male,18-25,True
3840,https://api.dicebear.com/7.x/personas/jpg?seed=user782&size=300,FAKE,Unknown,26-35,True
1866,https://images.unsplash.com/photo-1673883431115-70ffca89e69b?crop=entropy&cs=tinysrgb&fit=max&fm=jpg&ixid=M3w5NDQwMTV8MHwxfHNlYXJjaHwyMTZ8fHBlcnNvbiUyMGZhY2UlMjBwaG90b3xlbnwwfHx8fDE3NzgwNjUyOTJ8MA&ixlib=rb-4.1.0&q=80&w=1080,REAL,Unknown,36-50,True
3734,https://api.dicebear.com/7.x/personas/jpg?seed=user676&size=300,FAKE,Unknown,26-35,True
2307,https://images.unsplash.com/photo-1755098452457-e7040b91860c?crop=entropy&cs=tinysrgb&fit=max&fm=jpg&ixid=M3w5NDQwMTV8MHwxfHNlYXJjaHw4N3x8YWR1bHQlMjBmYWNlJTIwcGhvdG98ZW58MHx8fHwxNzc4MDY4ODM1fDA&ixlib=rb-4.1.0&q=80&w=1080,REAL,Female,26-35,True
1754,https://images.unsplash.com/photo-1697822867051-f52c3f3e1b21?crop=entropy&cs=tinysrgb&fit=max&fm=jpg&ixid=M3w5NDQwMTV8MHwxfHNlYXJjaHwxMDR8fHBlcnNvbiUyMGZhY2UlMjBwaG90b3xlbnwwfHx8fDE3NzgwNjUyODR8MA&ixlib=rb-4.1.0&q=80&w=1080,REAL,Unknown,36-50,True
2233,https://images.unsplash.com/photo-1734656913620-7dc20c2fc2ac?crop=entropy&cs=tinysrgb&fit=max&fm=jpg&ixid=M3w5NDQwMTV8MHwxfHNlYXJjaHwxM3x8YWR1bHQlMjBmYWNlJTIwcGhvdG98ZW58MHx8fHwxNzc4MDY4ODMyfDA&ixlib=rb-4.1.0&q=80&w=1080,REAL,Unknown,18-25,True
2462,https://images.unsplash.com/photo-1628125659685-6ca2a5416422?crop=entropy&cs=tinysrgb&fit=max&fm=jpg&ixid=M3w5NDQwMTV8MHwxfHNlYXJjaHwyNDJ8fGFkdWx0JTIwZmFjZSUyMHBob3RvfGVufDB8fHx8MTc3ODA2ODg0OXww&ixlib=rb-4.1.0&q=80&w=1080,REAL,Unknown,36-50,True
2568,https://images.unsplash.com/photo-1629880665002-6e86161fb062?crop=entropy&cs=tinysrgb&fit=max&fm=jpg&ixid=M3w5NDQwMTV8MHwxfHNlYXJjaHwzNDh8fGFkdWx0JTIwZmFjZSUyMHBob3RvfGVufDB8fHx8MTc3ODA2ODg1NXww&ixlib=rb-4.1.0&q=80&w=1080,REAL,Female,50+,True
3142,https://api.dicebear.com/7.x/personas/jpg?seed=user84&size=300,FAKE,Unknown,26-35,True
2449,https://images.unsplash.com/photo-1565368739432-fa208bdd53b7?crop=entropy&cs=tinysrgb&fit=max&fm=jpg&ixid=M3w5NDQwMTV8MHwxfHNlYXJjaHwyMjl8fGFkdWx0JTIwZmFjZSUyMHBob3RvfGVufDB8fHx8MTc3ODA2ODg0Nnww&ixlib=rb-4.1.0&q=80&w=1080,REAL,Unknown,50+,True
3615,https://api.dicebear.com/7.x/personas/jpg?seed=user557&size=300,FAKE,Unknown,50+,True
2879,https://randomuser.me/api/portraits/men/89.jpg,FAKE,Male,26-35,True
979,https://images.unsplash.com/photo-1512911041729-acb19a87d993?crop=entropy&cs=tinysrgb&fit=max&fm=jpg&ixid=M3w5NDQwMTV8MHwxfHNlYXJjaHw0Njl8fG1hbiUyMGZhY2UlMjBjbG9zZXVwfGVufDB8fHx8MTc3ODA2NTIzMHww&ixlib=rb-4.1.0&q=80&w=1080,REAL,Female,26-35,True
475,https://images.unsplash.com/photo-1597094334944-7b13b87d941a?crop=entropy&cs=tinysrgb&fit=max&fm=jpg&ixid=M3w5NDQwMTV8MHwxfHNlYXJjaHw1MDV8fGh1bWFuJTIwZmFjZSUyMHBvcnRyYWl0fGVufDB8fHx8MTc3ODA2NTAzN3ww&ixlib=rb-4.1.0&q=80&w=1080,REAL,Female,36-50,True
95,https://images.unsplash.com/photo-1680184984979-5da729b9e6de?crop=entropy&cs=tinysrgb&fit=max&fm=jpg&ixid=M3w5NDQwMTV8MHwxfHNlYXJjaHw5NXx8aHVtYW4lMjBmYWNlJTIwcG9ydHJhaXR8ZW58MHx8fHwxNzc4MDY0NzIxfDA&ixlib=rb-4.1.0&q=80&w=1080,REAL,Unknown,18-25,True
246,https://images.unsplash.com/photo-1699206790550-e0da8f6e2cec?crop=entropy&cs=tinysrgb&fit=max&fm=jpg&ixid=M3w5NDQwMTV8MHwxfHNlYXJjaHwyNzZ8fGh1bWFuJTIwZmFjZSUyMHBvcnRyYWl0fGVufDB8fHx8MTc3ODA2NDkwMnww&ixlib=rb-4.1.0&q=80&w=1080,REAL,Female,50+,True
4061,https://api.dicebear.com/7.x/personas/jpg?seed=user1003&size=300,FAKE,Unknown,18-25,True
2056,https://images.unsplash.com/photo-1632333526812-c11ff6ba0366?crop=entropy&cs=tinysrgb&fit=max&fm=jpg&ixid=M3w5NDQwMTV8MHwxfHNlYXJjaHw0MDZ8fHBlcnNvbiUyMGZhY2UlMjBwaG90b3xlbnwwfHx8fDE3NzgwNjUzMDV8MA&ixlib=rb-4.1.0&q=80&w=1080,REAL,Female,18-25,True
1402,https://images.unsplash.com/photo-1612018887922-fa838e8b3c79?crop=entropy&cs=tinysrgb&fit=max&fm=jpg&ixid=M3w5NDQwMTV8MHwxfHNlYXJjaHwzMjJ8fHdvbWFuJTIwZmFjZSUyMHBvcnRyYWl0fGVufDB8fHx8MTc3ODA2NTI2MXww&ixlib=rb-4.1.0&q=80&w=1080,REAL,Unknown,18-25,True
4884,https://api.dicebear.com/7.x/personas/jpg?seed=user1826&size=300,FAKE,Unknown,26-35,True
1244,https://images.unsplash.com/photo-1617470071072-b00bab31cf9c?crop=entropy&cs=tinysrgb&fit=max&fm=jpg&ixid=M3w5NDQwMTV8MHwxfHNlYXJjaHwxNjR8fHdvbWFuJTIwZmFjZSUyMHBvcnRyYWl0fGVufDB8fHx8MTc3ODA2NTI1MXww&ixlib=rb-4.1.0&q=80&w=1080,REAL,Male,36-50,True
5231,https://api.dicebear.com/7.x/personas/jpg?seed=user2173&size=300,FAKE,Unknown,26-35,True
3446,https://api.dicebear.com/7.x/personas/jpg?seed=user388&size=300,FAKE,Unknown,26-35,True
1792,https://images.unsplash.com/photo-1727341552984-d0260518e38d?crop=entropy&cs=tinysrgb&fit=max&fm=jpg&ixid=M3w5NDQwMTV8MHwxfHNlYXJjaHwxNDJ8fHBlcnNvbiUyMGZhY2UlMjBwaG90b3xlbnwwfHx8fDE3NzgwNjUyODZ8MA&ixlib=rb-4.1.0&q=80&w=1080,REAL,Unknown,36-50,True
1264,https://images.unsplash.com/photo-1633515104414-6d905d3c30e3?crop=entropy&cs=tinysrgb&fit=max&fm=jpg&ixid=M3w5NDQwMTV8MHwxfHNlYXJjaHwxODR8fHdvbWFuJTIwZmFjZSUyMHBvcnRyYWl0fGVufDB8fHx8MTc3ODA2NTI1M3ww&ixlib=rb-4.1.0&q=80&w=1080,REAL,Female,18-25,True
2770,https://images.unsplash.com/photo-1650213236343-0e65d05ae0e9?crop=entropy&cs=tinysrgb&fit=max&fm=jpg&ixid=M3w5NDQwMTV8MHwxfHNlYXJjaHw1NTB8fGFkdWx0JTIwZmFjZSUyMHBob3RvfGVufDB8fHx8MTc3ODA2ODg3Nnww&ixlib=rb-4.1.0&q=80&w=1080,REAL,Male,18-25,True
5270,https://api.dicebear.com/7.x/personas/jpg?seed=user2212&size=300,FAKE,Unknown,18-25,True
158,https://images.unsplash.com/photo-1646795203089-c7fe40f908c4?crop=entropy&cs=tinysrgb&fit=max&fm=jpg&ixid=M3w5NDQwMTV8MHwxfHNlYXJjaHwxNTh8fGh1bWFuJTIwZmFjZSUyMHBvcnRyYWl0fGVufDB8fHx8MTc3ODA2NDc0OXww&ixlib=rb-4.1.0&q=80&w=1080,REAL,Unknown,36-50,True
1706,https://images.unsplash.com/photo-1633549446051-82a0599e9e02?crop=entropy&cs=tinysrgb&fit=max&fm=jpg&ixid=M3w5NDQwMTV8MHwxfHNlYXJjaHw1Nnx8cGVyc29uJTIwZmFjZSUyMHBob3RvfGVufDB8fHx8MTc3ODA2NTI4MHww&ixlib=rb-4.1.0&q=80&w=1080,REAL,Male,50+,True
5272,https://api.dicebear.com/7.x/personas/jpg?seed=user2214&size=300,FAKE,Unknown,18-25,True
4222,https://api.dicebear.com/7.x/personas/jpg?seed=user1164&size=300,FAKE,Unknown,26-35,True
1628,https://images.unsplash.com/photo-1585980658562-dc05a72b5820?crop=entropy&cs=tinysrgb&fit=max&fm=jpg&ixid=M3w5NDQwMTV8MHwxfHNlYXJjaHw1NDh8fHdvbWFuJTIwZmFjZSUyMHBvcnRyYWl0fGVufDB8fHx8MTc3ODA2NTI3Nnww&ixlib=rb-4.1.0&q=80&w=1080,REAL,Unknown,18-25,True
2679,https://images.unsplash.com/photo-1706951261002-1bfcc612664f?crop=entropy&cs=tinysrgb&fit=max&fm=jpg&ixid=M3w5NDQwMTV8MHwxfHNlYXJjaHw0NTl8fGFkdWx0JTIwZmFjZSUyMHBob3RvfGVufDB8fHx8MTc3ODA2ODg2OHww&ixlib=rb-4.1.0&q=80&w=1080,REAL,Female,50+,True
2599,https://images.unsplash.com/photo-1737091955412-07e7867d4a22?crop=entropy&cs=tinysrgb&fit=max&fm=jpg&ixid=M3w5NDQwMTV8MHwxfHNlYXJjaHwzNzl8fGFkdWx0JTIwZmFjZSUyMHBob3RvfGVufDB8fHx8MTc3ODA2ODg1OHww&ixlib=rb-4.1.0&q=80&w=1080,REAL,Unknown,18-25,True
5413,https://api.dicebear.com/7.x/personas/jpg?seed=user2355&size=300,FAKE,Unknown,50+,True
3295,https://api.dicebear.com/7.x/personas/jpg?seed=user237&size=300,FAKE,Unknown,26-35,True
938,https://images.unsplash.com/photo-1683550066676-be5660a4b8a5?crop=entropy&cs=tinysrgb&fit=max&fm=jpg&ixid=M3w5NDQwMTV8MHwxfHNlYXJjaHw0Mjh8fG1hbiUyMGZhY2UlMjBjbG9zZXVwfGVufDB8fHx8MTc3ODA2NTIyOHww&ixlib=rb-4.1.0&q=80&w=1080,REAL,Female,26-35,True
385,https://images.unsplash.com/photo-1645742285825-4248e07338b9?crop=entropy&cs=tinysrgb&fit=max&fm=jpg&ixid=M3w5NDQwMTV8MHwxfHNlYXJjaHw0MTV8fGh1bWFuJTIwZmFjZSUyMHBvcnRyYWl0fGVufDB8fHx8MTc3ODA2NTAwMXww&ixlib=rb-4.1.0&q=80&w=1080,REAL,Unknown,50+,True
2542,https://images.unsplash.com/photo-1593529772620-47f36b5bf724?crop=entropy&cs=tinysrgb&fit=max&fm=jpg&ixid=M3w5NDQwMTV8MHwxfHNlYXJjaHwzMjJ8fGFkdWx0JTIwZmFjZSUyMHBob3RvfGVufDB8fHx8MTc3ODA2ODg1M3ww&ixlib=rb-4.1.0&q=80&w=1080,REAL,Male,50+,True
260,https://images.unsplash.com/photo-1758874383973-83166565759c?crop=entropy&cs=tinysrgb&fit=max&fm=jpg&ixid=M3w5NDQwMTV8MHwxfHNlYXJjaHwyOTB8fGh1bWFuJTIwZmFjZSUyMHBvcnRyYWl0fGVufDB8fHx8MTc3ODA2NDkwMnww&ixlib=rb-4.1.0&q=80&w=1080,REAL,Unknown,18-25,True
1303,https://images.unsplash.com/photo-1567227277914-def0d7151dd9?crop=entropy&cs=tinysrgb&fit=max&fm=jpg&ixid=M3w5NDQwMTV8MHwxfHNlYXJjaHwyMjN8fHdvbWFuJTIwZmFjZSUyMHBvcnRyYWl0fGVufDB8fHx8MTc3ODA2NTI1NXww&ixlib=rb-4.1.0&q=80&w=1080,REAL,Female,18-25,True
4860,https://api.dicebear.com/7.x/personas/jpg?seed=user1802&size=300,FAKE,Unknown,50+,True
3513,https://api.dicebear.com/7.x/personas/jpg?seed=user455&size=300,FAKE,Unknown,18-25,True
3519,https://api.dicebear.com/7.x/personas/jpg?seed=user461&size=300,FAKE,Unknown,36-50,True
2869,https://randomuser.me/api/portraits/men/79.jpg,FAKE,Male,18-25,True
1347,https://images.unsplash.com/photo-1646795203120-99002af3901b?crop=entropy&cs=tinysrgb&fit=max&fm=jpg&ixid=M3w5NDQwMTV8MHwxfHNlYXJjaHwyNjd8fHdvbWFuJTIwZmFjZSUyMHBvcnRyYWl0fGVufDB8fHx8MTc3ODA2NTI1N3ww&ixlib=rb-4.1.0&q=80&w=1080,REAL,Female,50+,True
857,https://images.unsplash.com/photo-1646799934828-79078c888e9c?crop=entropy&cs=tinysrgb&fit=max&fm=jpg&ixid=M3w5NDQwMTV8MHwxfHNlYXJjaHwzNDd8fG1hbiUyMGZhY2UlMjBjbG9zZXVwfGVufDB8fHx8MTc3ODA2NTIyM3ww&ixlib=rb-4.1.0&q=80&w=1080,REAL,Unknown,36-50,True
5037,https://api.dicebear.com/7.x/personas/jpg?seed=user1979&size=300,FAKE,Unknown,50+,True
3255,https://api.dicebear.com/7.x/personas/jpg?seed=user197&size=300,FAKE,Unknown,50+,True
3186,https://api.dicebear.com/7.x/personas/jpg?seed=user128&size=300,FAKE,Unknown,26-35,True
1772,https://images.unsplash.com/photo-1707915140945-bb040acfff54?crop=entropy&cs=tinysrgb&fit=max&fm=jpg&ixid=M3w5NDQwMTV8MHwxfHNlYXJjaHwxMjJ8fHBlcnNvbiUyMGZhY2UlMjBwaG90b3xlbnwwfHx8fDE3NzgwNjUyODZ8MA&ixlib=rb-4.1.0&q=80&w=1080,REAL,Male,26-35,True
5192,https://api.dicebear.com/7.x/personas/jpg?seed=user2134&size=300,FAKE,Unknown,26-35,True
2619,https://images.unsplash.com/photo-1737366984875-fb81751f6655?crop=entropy&cs=tinysrgb&fit=max&fm=jpg&ixid=M3w5NDQwMTV8MHwxfHNlYXJjaHwzOTl8fGFkdWx0JTIwZmFjZSUyMHBob3RvfGVufDB8fHx8MTc3ODA2ODg2MXww&ixlib=rb-4.1.0&q=80&w=1080,REAL,Female,36-50,True
3749,https://api.dicebear.com/7.x/personas/jpg?seed=user691&size=300,FAKE,Unknown,36-50,True
75,https://images.unsplash.com/photo-1615125946289-16298a82d3c3?crop=entropy&cs=tinysrgb&fit=max&fm=jpg&ixid=M3w5NDQwMTV8MHwxfHNlYXJjaHw3NXx8aHVtYW4lMjBmYWNlJTIwcG9ydHJhaXR8ZW58MHx8fHwxNzc4MDY0NzE3fDA&ixlib=rb-4.1.0&q=80&w=1080,REAL,Unknown,26-35,True
3344,https://api.dicebear.com/7.x/personas/jpg?seed=user286&size=300,FAKE,Unknown,36-50,True
667,https://images.unsplash.com/photo-1583937911194-f2b3beb49209?crop=entropy&cs=tinysrgb&fit=max&fm=jpg&ixid=M3w5NDQwMTV8MHwxfHNlYXJjaHwxMjd8fG1hbiUyMGZhY2UlMjBjbG9zZXVwfGVufDB8fHx8MTc3ODA2NTA4N3ww&ixlib=rb-4.1.0&q=80&w=1080,REAL,Male,50+,True
1923,https://images.unsplash.com/photo-1693039537350-3bba6975add7?crop=entropy&cs=tinysrgb&fit=max&fm=jpg&ixid=M3w5NDQwMTV8MHwxfHNlYXJjaHwyNzN8fHBlcnNvbiUyMGZhY2UlMjBwaG90b3xlbnwwfHx8fDE3NzgwNjUyOTd8MA&ixlib=rb-4.1.0&q=80&w=1080,REAL,Male,18-25,True
4816,https://api.dicebear.com/7.x/personas/jpg?seed=user1758&size=300,FAKE,Unknown,36-50,True
3120,https://api.dicebear.com/7.x/personas/jpg?seed=user62&size=300,FAKE,Unknown,18-25,True
3712,https://api.dicebear.com/7.x/personas/jpg?seed=user654&size=300,FAKE,Unknown,18-25,True
4381,https://api.dicebear.com/7.x/personas/jpg?seed=user1323&size=300,FAKE,Unknown,36-50,True
5297,https://api.dicebear.com/7.x/personas/jpg?seed=user2239&size=300,FAKE,Unknown,18-25,True
77,https://images.unsplash.com/photo-1699207012725-72af224cca65?crop=entropy&cs=tinysrgb&fit=max&fm=jpg&ixid=M3w5NDQwMTV8MHwxfHNlYXJjaHw3N3x8aHVtYW4lMjBmYWNlJTIwcG9ydHJhaXR8ZW58MHx8fHwxNzc4MDY0NzE3fDA&ixlib=rb-4.1.0&q=80&w=1080,REAL,Male,36-50,True
2943,https://randomuser.me/api/portraits/women/54.jpg,FAKE,Female,26-35,True
4150,https://api.dicebear.com/7.x/personas/jpg?seed=user1092&size=300,FAKE,Unknown,26-35,True
2453,https://images.unsplash.com/photo-1547729047-a1f1532c9a38?crop=entropy&cs=tinysrgb&fit=max&fm=jpg&ixid=M3w5NDQwMTV8MHwxfHNlYXJjaHwyMzN8fGFkdWx0JTIwZmFjZSUyMHBob3RvfGVufDB8fHx8MTc3ODA2ODg0Nnww&ixlib=rb-4.1.0&q=80&w=1080,REAL,Female,18-25,True
528,https://images.unsplash.com/photo-1761026968474-1c7eda24be14?crop=entropy&cs=tinysrgb&fit=max&fm=jpg&ixid=M3w5NDQwMTV8MHwxfHNlYXJjaHw1NTh8fGh1bWFuJTIwZmFjZSUyMHBvcnRyYWl0fGVufDB8fHx8MTc3ODA2NTA1NXww&ixlib=rb-4.1.0&q=80&w=1080,REAL,Female,26-35,True
1631,https://images.unsplash.com/photo-1620916118276-77fd7ba727a0?crop=entropy&cs=tinysrgb&fit=max&fm=jpg&ixid=M3w5NDQwMTV8MHwxfHNlYXJjaHw1NTF8fHdvbWFuJTIwZmFjZSUyMHBvcnRyYWl0fGVufDB8fHx8MTc3ODA2NTI3Nnww&ixlib=rb-4.1.0&q=80&w=1080,REAL,Male,36-50,True
1056,https://images.unsplash.com/photo-1729284548045-ad677f669fb9?crop=entropy&cs=tinysrgb&fit=max&fm=jpg&ixid=M3w5NDQwMTV8MHwxfHNlYXJjaHw1NDZ8fG1hbiUyMGZhY2UlMjBjbG9zZXVwfGVufDB8fHx8MTc3ODA2NTIzNnww&ixlib=rb-4.1.0&q=80&w=1080,REAL,Male,26-35,True
2193,https://images.unsplash.com/photo-1759873911617-11762e8803bd?crop=entropy&cs=tinysrgb&fit=max&fm=jpg&ixid=M3w5NDQwMTV8MHwxfHNlYXJjaHw1NDN8fHlvdW5nJTIwcGVyc29uJTIwZmFjZXxlbnwwfHx8fDE3NzgwNjg4MzB8MA&ixlib=rb-4.1.0&q=80&w=1080,REAL,Unknown,50+,True
2549,https://images.unsplash.com/photo-1656283396380-5350a6609a94?crop=entropy&cs=tinysrgb&fit=max&fm=jpg&ixid=M3w5NDQwMTV8MHwxfHNlYXJjaHwzMjl8fGFkdWx0JTIwZmFjZSUyMHBob3RvfGVufDB8fHx8MTc3ODA2ODg1M3ww&ixlib=rb-4.1.0&q=80&w=1080,REAL,Male,50+,True
4090,https://api.dicebear.com/7.x/personas/jpg?seed=user1032&size=300,FAKE,Unknown,36-50,True
1045,https://images.unsplash.com/photo-1776998584094-db1da5aa5ef2?crop=entropy&cs=tinysrgb&fit=max&fm=jpg&ixid=M3w5NDQwMTV8MHwxfHNlYXJjaHw1MzV8fG1hbiUyMGZhY2UlMjBjbG9zZXVwfGVufDB8fHx8MTc3ODA2NTIzNHww&ixlib=rb-4.1.0&q=80&w=1080,REAL,Male,26-35,True
3403,https://api.dicebear.com/7.x/personas/jpg?seed=user345&size=300,FAKE,Unknown,18-25,True
3496,https://api.dicebear.com/7.x/personas/jpg?seed=user438&size=300,FAKE,Unknown,18-25,True
3828,https://api.dicebear.com/7.x/personas/jpg?seed=user770&size=300,FAKE,Unknown,26-35,True
3027,https://i.pravatar.cc/300?img=39,FAKE,Unknown,18-25,True
1934,https://images.unsplash.com/photo-1648484859331-bd85bf2238d5?crop=entropy&cs=tinysrgb&fit=max&fm=jpg&ixid=M3w5NDQwMTV8MHwxfHNlYXJjaHwyODR8fHBlcnNvbiUyMGZhY2UlMjBwaG90b3xlbnwwfHx8fDE3NzgwNjUyOTd8MA&ixlib=rb-4.1.0&q=80&w=1080,REAL,Female,36-50,True
2654,https://images.unsplash.com/photo-1710425808999-cee606a99f0f?crop=entropy&cs=tinysrgb&fit=max&fm=jpg&ixid=M3w5NDQwMTV8MHwxfHNlYXJjaHw0MzR8fGFkdWx0JTIwZmFjZSUyMHBob3RvfGVufDB8fHx8MTc3ODA2ODg2NHww&ixlib=rb-4.1.0&q=80&w=1080,REAL,Female,26-35,True
2243,https://images.unsplash.com/photo-1711913322812-a84d37007924?crop=entropy&cs=tinysrgb&fit=max&fm=jpg&ixid=M3w5NDQwMTV8MHwxfHNlYXJjaHwyM3x8YWR1bHQlMjBmYWNlJTIwcGhvdG98ZW58MHx8fHwxNzc4MDY4ODMyfDA&ixlib=rb-4.1.0&q=80&w=1080,REAL,Male,18-25,True
5235,https://api.dicebear.com/7.x/personas/jpg?seed=user2177&size=300,FAKE,Unknown,36-50,True
530,https://images.unsplash.com/photo-1713392899774-5f1c261c4a77?crop=entropy&cs=tinysrgb&fit=max&fm=jpg&ixid=M3w5NDQwMTV8MHwxfHNlYXJjaHw1NjB8fGh1bWFuJTIwZmFjZSUyMHBvcnRyYWl0fGVufDB8fHx8MTc3ODA2NTA1NXww&ixlib=rb-4.1.0&q=80&w=1080,REAL,Female,18-25,True
3093,https://api.dicebear.com/7.x/personas/jpg?seed=user35&size=300,FAKE,Unknown,50+,True
3546,https://api.dicebear.com/7.x/personas/jpg?seed=user488&size=300,FAKE,Unknown,50+,True
1790,https://images.unsplash.com/photo-1637260228557-a1a7810b991f?crop=entropy&cs=tinysrgb&fit=max&fm=jpg&ixid=M3w5NDQwMTV8MHwxfHNlYXJjaHwxNDB8fHBlcnNvbiUyMGZhY2UlMjBwaG90b3xlbnwwfHx8fDE3NzgwNjUyODZ8MA&ixlib=rb-4.1.0&q=80&w=1080,REAL,Female,36-50,True
1115,https://images.unsplash.com/photo-1644860704583-0c2e71ec4405?crop=entropy&cs=tinysrgb&fit=max&fm=jpg&ixid=M3w5NDQwMTV8MHwxfHNlYXJjaHwzNXx8d29tYW4lMjBmYWNlJTIwcG9ydHJhaXR8ZW58MHx8fHwxNzc4MDY1MjQyfDA&ixlib=rb-4.1.0&q=80&w=1080,REAL,Unknown,26-35,True
5305,https://api.dicebear.com/7.x/personas/jpg?seed=user2247&size=300,FAKE,Unknown,26-35,True
2818,https://randomuser.me/api/portraits/men/28.jpg,FAKE,Male,18-25,True
2495,https://images.unsplash.com/photo-1611063507812-3f9eea0b46e7?crop=entropy&cs=tinysrgb&fit=max&fm=jpg&ixid=M3w5NDQwMTV8MHwxfHNlYXJjaHwyNzV8fGFkdWx0JTIwZmFjZSUyMHBob3RvfGVufDB8fHx8MTc3ODA2ODg1MXww&ixlib=rb-4.1.0&q=80&w=1080,REAL,Female,26-35,True
3997,https://api.dicebear.com/7.x/personas/jpg?seed=user939&size=300,FAKE,Unknown,36-50,True
490,https://images.unsplash.com/photo-1589948800952-156ece44e9ff?crop=entropy&cs=tinysrgb&fit=max&fm=jpg&ixid=M3w5NDQwMTV8MHwxfHNlYXJjaHw1MjB8fGh1bWFuJTIwZmFjZSUyMHBvcnRyYWl0fGVufDB8fHx8MTc3ODA2NTA0OXww&ixlib=rb-4.1.0&q=80&w=1080,REAL,Male,26-35,True
3057,https://i.pravatar.cc/300?img=69,FAKE,Unknown,26-35,True
5532,https://api.dicebear.com/7.x/personas/jpg?seed=user2474&size=300,FAKE,Unknown,50+,True
1780,https://images.unsplash.com/photo-1702449269565-8bbe32972f65?crop=entropy&cs=tinysrgb&fit=max&fm=jpg&ixid=M3w5NDQwMTV8MHwxfHNlYXJjaHwxMzB8fHBlcnNvbiUyMGZhY2UlMjBwaG90b3xlbnwwfHx8fDE3NzgwNjUyODZ8MA&ixlib=rb-4.1.0&q=80&w=1080,REAL,Male,26-35,True
1005,https://images.unsplash.com/photo-1669642604965-efd01d110113?crop=entropy&cs=tinysrgb&fit=max&fm=jpg&ixid=M3w5NDQwMTV8MHwxfHNlYXJjaHw0OTV8fG1hbiUyMGZhY2UlMjBjbG9zZXVwfGVufDB8fHx8MTc3ODA2NTIzMnww&ixlib=rb-4.1.0&q=80&w=1080,REAL,Unknown,18-25,True
2068,https://images.unsplash.com/photo-1689803743729-62563dbde198?crop=entropy&cs=tinysrgb&fit=max&fm=jpg&ixid=M3w5NDQwMTV8MHwxfHNlYXJjaHw0MTh8fHBlcnNvbiUyMGZhY2UlMjBwaG90b3xlbnwwfHx8fDE3NzgwNjUzMDV8MA&ixlib=rb-4.1.0&q=80&w=1080,REAL,Unknown,26-35,True
2803,https://randomuser.me/api/portraits/men/13.jpg,FAKE,Male,18-25,True
5423,https://api.dicebear.com/7.x/personas/jpg?seed=user2365&size=300,FAKE,Unknown,18-25,True
647,https://images.unsplash.com/photo-1666410262859-569d6592353e?crop=entropy&cs=tinysrgb&fit=max&fm=jpg&ixid=M3w5NDQwMTV8MHwxfHNlYXJjaHwxMDd8fG1hbiUyMGZhY2UlMjBjbG9zZXVwfGVufDB8fHx8MTc3ODA2NTA4NHww&ixlib=rb-4.1.0&q=80&w=1080,REAL,Female,50+,True
3471,https://api.dicebear.com/7.x/personas/jpg?seed=user413&size=300,FAKE,Unknown,26-35,True
1043,https://images.unsplash.com/photo-1627554635789-7ff09559975c?crop=entropy&cs=tinysrgb&fit=max&fm=jpg&ixid=M3w5NDQwMTV8MHwxfHNlYXJjaHw1MzN8fG1hbiUyMGZhY2UlMjBjbG9zZXVwfGVufDB8fHx8MTc3ODA2NTIzNHww&ixlib=rb-4.1.0&q=80&w=1080,REAL,Male,26-35,True
955,https://images.unsplash.com/photo-1643132557781-37490b3d7fad?crop=entropy&cs=tinysrgb&fit=max&fm=jpg&ixid=M3w5NDQwMTV8MHwxfHNlYXJjaHw0NDV8fG1hbiUyMGZhY2UlMjBjbG9zZXVwfGVufDB8fHx8MTc3ODA2NTIyOXww&ixlib=rb-4.1.0&q=80&w=1080,REAL,Male,36-50,True
1408,https://images.unsplash.com/photo-1661518837088-8bc47a6c1ec9?crop=entropy&cs=tinysrgb&fit=max&fm=jpg&ixid=M3w5NDQwMTV8MHwxfHNlYXJjaHwzMjh8fHdvbWFuJTIwZmFjZSUyMHBvcnRyYWl0fGVufDB8fHx8MTc3ODA2NTI2MXww&ixlib=rb-4.1.0&q=80&w=1080,REAL,Male,36-50,True
970,https://images.unsplash.com/photo-1623475048664-847a4f3bd7d1?crop=entropy&cs=tinysrgb&fit=max&fm=jpg&ixid=M3w5NDQwMTV8MHwxfHNlYXJjaHw0NjB8fG1hbiUyMGZhY2UlMjBjbG9zZXVwfGVufDB8fHx8MTc3ODA2NTIzMHww&ixlib=rb-4.1.0&q=80&w=1080,REAL,Male,50+,True
3806,https://api.dicebear.com/7.x/personas/jpg?seed=user748&size=300,FAKE,Unknown,36-50,True
5552,https://api.dicebear.com/7.x/personas/jpg?seed=user2494&size=300,FAKE,Unknown,36-50,True
4501,https://api.dicebear.com/7.x/personas/jpg?seed=user1443&size=300,FAKE,Unknown,26-35,True
3591,https://api.dicebear.com/7.x/personas/jpg?seed=user533&size=300,FAKE,Unknown,50+,True
2302,https://images.unsplash.com/photo-1755098452420-3e16a6539123?crop=entropy&cs=tinysrgb&fit=max&fm=jpg&ixid=M3w5NDQwMTV8MHwxfHNlYXJjaHw4Mnx8YWR1bHQlMjBmYWNlJTIwcGhvdG98ZW58MHx8fHwxNzc4MDY4ODM1fDA&ixlib=rb-4.1.0&q=80&w=1080,REAL,Male,36-50,True
115,https://images.unsplash.com/photo-1629902077041-5509cf0a1a20?crop=entropy&cs=tinysrgb&fit=max&fm=jpg&ixid=M3w5NDQwMTV8MHwxfHNlYXJjaHwxMTV8fGh1bWFuJTIwZmFjZSUyMHBvcnRyYWl0fGVufDB8fHx8MTc3ODA2NDcyMXww&ixlib=rb-4.1.0&q=80&w=1080,REAL,Unknown,36-50,True
1281,https://images.unsplash.com/photo-1590702841774-45166f031529?crop=entropy&cs=tinysrgb&fit=max&fm=jpg&ixid=M3w5NDQwMTV8MHwxfHNlYXJjaHwyMDF8fHdvbWFuJTIwZmFjZSUyMHBvcnRyYWl0fGVufDB8fHx8MTc3ODA2NTI1M3ww&ixlib=rb-4.1.0&q=80&w=1080,REAL,Female,50+,True
3144,https://api.dicebear.com/7.x/personas/jpg?seed=user86&size=300,FAKE,Unknown,26-35,True
1938,https://images.unsplash.com/photo-1648500128065-2f67c752ed36?crop=entropy&cs=tinysrgb&fit=max&fm=jpg&ixid=M3w5NDQwMTV8MHwxfHNlYXJjaHwyODh8fHBlcnNvbiUyMGZhY2UlMjBwaG90b3xlbnwwfHx8fDE3NzgwNjUyOTd8MA&ixlib=rb-4.1.0&q=80&w=1080,REAL,Unknown,18-25,True
2908,https://randomuser.me/api/portraits/women/19.jpg,FAKE,Female,26-35,True
3823,https://api.dicebear.com/7.x/personas/jpg?seed=user765&size=300,FAKE,Unknown,26-35,True
4706,https://api.dicebear.com/7.x/personas/jpg?seed=user1648&size=300,FAKE,Unknown,26-35,True
2318,https://images.unsplash.com/photo-1731012100642-77bd00ba59f4?crop=entropy&cs=tinysrgb&fit=max&fm=jpg&ixid=M3w5NDQwMTV8MHwxfHNlYXJjaHw5OHx8YWR1bHQlMjBmYWNlJTIwcGhvdG98ZW58MHx8fHwxNzc4MDY4ODM4fDA&ixlib=rb-4.1.0&q=80&w=1080,REAL,Unknown,18-25,True
1835,https://images.unsplash.com/photo-1637039796091-a3c6279fad80?crop=entropy&cs=tinysrgb&fit=max&fm=jpg&ixid=M3w5NDQwMTV8MHwxfHNlYXJjaHwxODV8fHBlcnNvbiUyMGZhY2UlMjBwaG90b3xlbnwwfHx8fDE3NzgwNjUyOTB8MA&ixlib=rb-4.1.0&q=80&w=1080,REAL,Female,26-35,True
4,https://images.unsplash.com/photo-1724225618557-cd687a6d2523?crop=entropy&cs=tinysrgb&fit=max&fm=jpg&ixid=M3w5NDQwMTV8MHwxfHNlYXJjaHw0fHxodW1hbiUyMGZhY2UlMjBwb3J0cmFpdHxlbnwwfHx8fDE3NzgwNjQ2ODd8MA&ixlib=rb-4.1.0&q=80&w=1080,REAL,Female,26-35,True
3620,https://api.dicebear.com/7.x/personas/jpg?seed=user562&size=300,FAKE,Unknown,50+,True
5539,https://api.dicebear.com/7.x/personas/jpg?seed=user2481&size=300,FAKE,Unknown,36-50,True
756,https://images.unsplash.com/photo-1500619698949-1e9d64ba7110?crop=entropy&cs=tinysrgb&fit=max&fm=jpg&ixid=M3w5NDQwMTV8MHwxfHNlYXJjaHwyNDZ8fG1hbiUyMGZhY2UlMjBjbG9zZXVwfGVufDB8fHx8MTc3ODA2NTIxM3ww&ixlib=rb-4.1.0&q=80&w=1080,REAL,Unknown,36-50,True
4854,https://api.dicebear.com/7.x/personas/jpg?seed=user1796&size=300,FAKE,Unknown,26-35,True
1171,https://images.unsplash.com/photo-1636393915447-cd108d60de7d?crop=entropy&cs=tinysrgb&fit=max&fm=jpg&ixid=M3w5NDQwMTV8MHwxfHNlYXJjaHw5MXx8d29tYW4lMjBmYWNlJTIwcG9ydHJhaXR8ZW58MHx8fHwxNzc4MDY1MjQ2fDA&ixlib=rb-4.1.0&q=80&w=1080,REAL,Male,18-25,True
512,https://images.unsplash.com/photo-1746116572124-43b10c20df90?crop=entropy&cs=tinysrgb&fit=max&fm=jpg&ixid=M3w5NDQwMTV8MHwxfHNlYXJjaHw1NDJ8fGh1bWFuJTIwZmFjZSUyMHBvcnRyYWl0fGVufDB8fHx8MTc3ODA2NTA1NXww&ixlib=rb-4.1.0&q=80&w=1080,REAL,Female,18-25,True
3556,https://api.dicebear.com/7.x/personas/jpg?seed=user498&size=300,FAKE,Unknown,50+,True
352,https://images.unsplash.com/photo-1581922138954-b0310131b725?crop=entropy&cs=tinysrgb&fit=max&fm=jpg&ixid=M3w5NDQwMTV8MHwxfHNlYXJjaHwzODJ8fGh1bWFuJTIwZmFjZSUyMHBvcnRyYWl0fGVufDB8fHx8MTc3ODA2NDk5N3ww&ixlib=rb-4.1.0&q=80&w=1080,REAL,Male,36-50,True
3106,https://api.dicebear.com/7.x/personas/jpg?seed=user48&size=300,FAKE,Unknown,36-50,True
3444,https://api.dicebear.com/7.x/personas/jpg?seed=user386&size=300,FAKE,Unknown,26-35,True
4570,https://api.dicebear.com/7.x/personas/jpg?seed=user1512&size=300,FAKE,Unknown,18-25,True
1770,https://images.unsplash.com/photo-1564484653732-d26db45fdfc7?crop=entropy&cs=tinysrgb&fit=max&fm=jpg&ixid=M3w5NDQwMTV8MHwxfHNlYXJjaHwxMjB8fHBlcnNvbiUyMGZhY2UlMjBwaG90b3xlbnwwfHx8fDE3NzgwNjUyODR8MA&ixlib=rb-4.1.0&q=80&w=1080,REAL,Male,36-50,True
2109,https://images.unsplash.com/photo-1726741697211-585ded8287fa?crop=entropy&cs=tinysrgb&fit=max&fm=jpg&ixid=M3w5NDQwMTV8MHwxfHNlYXJjaHw0NTl8fHBlcnNvbiUyMGZhY2UlMjBwaG90b3xlbnwwfHx8fDE3NzgwNjUzMTB8MA&ixlib=rb-4.1.0&q=80&w=1080,REAL,Unknown,26-35,True
2852,https://randomuser.me/api/portraits/men/62.jpg,FAKE,Male,18-25,True
3411,https://api.dicebear.com/7.x/personas/jpg?seed=user353&size=300,FAKE,Unknown,26-35,True
1677,https://images.unsplash.com/photo-1673883431618-a38246a2b0e1?crop=entropy&cs=tinysrgb&fit=max&fm=jpg&ixid=M3w5NDQwMTV8MHwxfHNlYXJjaHwyN3x8cGVyc29uJTIwZmFjZSUyMHBob3RvfGVufDB8fHx8MTc3ODA2NTI3OHww&ixlib=rb-4.1.0&q=80&w=1080,REAL,Female,36-50,True
1909,https://images.unsplash.com/photo-1628078720690-2e35921026f6?crop=entropy&cs=tinysrgb&fit=max&fm=jpg&ixid=M3w5NDQwMTV8MHwxfHNlYXJjaHwyNTl8fHBlcnNvbiUyMGZhY2UlMjBwaG90b3xlbnwwfHx8fDE3NzgwNjUyOTV8MA&ixlib=rb-4.1.0&q=80&w=1080,REAL,Male,36-50,True
3695,https://api.dicebear.com/7.x/personas/jpg?seed=user637&size=300,FAKE,Unknown,50+,True
1764,https://images.unsplash.com/photo-1710371612131-cdec117cf952?crop=entropy&cs=tinysrgb&fit=max&fm=jpg&ixid=M3w5NDQwMTV8MHwxfHNlYXJjaHwxMTR8fHBlcnNvbiUyMGZhY2UlMjBwaG90b3xlbnwwfHx8fDE3NzgwNjUyODR8MA&ixlib=rb-4.1.0&q=80&w=1080,REAL,Male,26-35,True
3099,https://api.dicebear.com/7.x/personas/jpg?seed=user41&size=300,FAKE,Unknown,36-50,True
3879,https://api.dicebear.com/7.x/personas/jpg?seed=user821&size=300,FAKE,Unknown,50+,True
3699,https://api.dicebear.com/7.x/personas/jpg?seed=user641&size=300,FAKE,Unknown,18-25,True
2565,https://images.unsplash.com/photo-1697158397235-e3a9624bf317?crop=entropy&cs=tinysrgb&fit=max&fm=jpg&ixid=M3w5NDQwMTV8MHwxfHNlYXJjaHwzNDV8fGFkdWx0JTIwZmFjZSUyMHBob3RvfGVufDB8fHx8MTc3ODA2ODg1NXww&ixlib=rb-4.1.0&q=80&w=1080,REAL,Male,50+,True
1253,https://images.unsplash.com/photo-1686296045736-953cb8b06b15?crop=entropy&cs=tinysrgb&fit=max&fm=jpg&ixid=M3w5NDQwMTV8MHwxfHNlYXJjaHwxNzN8fHdvbWFuJTIwZmFjZSUyMHBvcnRyYWl0fGVufDB8fHx8MTc3ODA2NTI1MXww&ixlib=rb-4.1.0&q=80&w=1080,REAL,Unknown,18-25,True
4874,https://api.dicebear.com/7.x/personas/jpg?seed=user1816&size=300,FAKE,Unknown,50+,True
1361,https://images.unsplash.com/photo-1611367540736-b1b38aff784b?crop=entropy&cs=tinysrgb&fit=max&fm=jpg&ixid=M3w5NDQwMTV8MHwxfHNlYXJjaHwyODF8fHdvbWFuJTIwZmFjZSUyMHBvcnRyYWl0fGVufDB8fHx8MTc3ODA2NTI1OXww&ixlib=rb-4.1.0&q=80&w=1080,REAL,Female,36-50,True
4954,https://api.dicebear.com/7.x/personas/jpg?seed=user1896&size=300,FAKE,Unknown,26-35,True
5465,https://api.dicebear.com/7.x/personas/jpg?seed=user2407&size=300,FAKE,Unknown,18-25,True
4480,https://api.dicebear.com/7.x/personas/jpg?seed=user1422&size=300,FAKE,Unknown,36-50,True
3342,https://api.dicebear.com/7.x/personas/jpg?seed=user284&size=300,FAKE,Unknown,50+,True
1637,https://images.unsplash.com/photo-1647969539749-edae0467472b?crop=entropy&cs=tinysrgb&fit=max&fm=jpg&ixid=M3w5NDQwMTV8MHwxfHNlYXJjaHw1NTd8fHdvbWFuJTIwZmFjZSUyMHBvcnRyYWl0fGVufDB8fHx8MTc3ODA2NTI3Nnww&ixlib=rb-4.1.0&q=80&w=1080,REAL,Male,18-25,True
705,https://images.unsplash.com/photo-1668368961945-64de24b06637?crop=entropy&cs=tinysrgb&fit=max&fm=jpg&ixid=M3w5NDQwMTV8MHwxfHNlYXJjaHwxOTV8fG1hbiUyMGZhY2UlMjBjbG9zZXVwfGVufDB8fHx8MTc3ODA2NTIwOXww&ixlib=rb-4.1.0&q=80&w=1080,REAL,Male,50+,True
1075,https://images.unsplash.com/photo-1631182660909-4d24226b0770?crop=entropy&cs=tinysrgb&fit=max&fm=jpg&ixid=M3w5NDQwMTV8MHwxfHNlYXJjaHw1NjV8fG1hbiUyMGZhY2UlMjBjbG9zZXVwfGVufDB8fHx8MTc3ODA2NTIzNnww&ixlib=rb-4.1.0&q=80&w=1080,REAL,Male,26-35,True
3395,https://api.dicebear.com/7.x/personas/jpg?seed=user337&size=300,FAKE,Unknown,50+,True
4833,https://api.dicebear.com/7.x/personas/jpg?seed=user1775&size=300,FAKE,Unknown,36-50,True
316,https://images.unsplash.com/photo-1701615004837-40d8573b6652?crop=entropy&cs=tinysrgb&fit=max&fm=jpg&ixid=M3w5NDQwMTV8MHwxfHNlYXJjaHwzNDZ8fGh1bWFuJTIwZmFjZSUyMHBvcnRyYWl0fGVufDB8fHx8MTc3ODA2NDk5MHww&ixlib=rb-4.1.0&q=80&w=1080,REAL,Female,18-25,True
1150,https://images.unsplash.com/photo-1754315300369-55b6ce473610?crop=entropy&cs=tinysrgb&fit=max&fm=jpg&ixid=M3w5NDQwMTV8MHwxfHNlYXJjaHw3MHx8d29tYW4lMjBmYWNlJTIwcG9ydHJhaXR8ZW58MHx8fHwxNzc4MDY1MjQ0fDA&ixlib=rb-4.1.0&q=80&w=1080,REAL,Male,26-35,True
592,https://images.unsplash.com/photo-1675628121154-989e1f35dd56?crop=entropy&cs=tinysrgb&fit=max&fm=jpg&ixid=M3w5NDQwMTV8MHwxfHNlYXJjaHw1Mnx8bWFuJTIwZmFjZSUyMGNsb3NldXB8ZW58MHx8fHwxNzc4MDY1MDc4fDA&ixlib=rb-4.1.0&q=80&w=1080,REAL,Female,36-50,True
1317,https://images.unsplash.com/photo-1610055601736-b426379cc97f?crop=entropy&cs=tinysrgb&fit=max&fm=jpg&ixid=M3w5NDQwMTV8MHwxfHNlYXJjaHwyMzd8fHdvbWFuJTIwZmFjZSUyMHBvcnRyYWl0fGVufDB8fHx8MTc3ODA2NTI1NXww&ixlib=rb-4.1.0&q=80&w=1080,REAL,Male,50+,True
4147,https://api.dicebear.com/7.x/personas/jpg?seed=user1089&size=300,FAKE,Unknown,36-50,True
1460,https://images.unsplash.com/photo-1678700266390-a0ad04355c56?crop=entropy&cs=tinysrgb&fit=max&fm=jpg&ixid=M3w5NDQwMTV8MHwxfHNlYXJjaHwzODB8fHdvbWFuJTIwZmFjZSUyMHBvcnRyYWl0fGVufDB8fHx8MTc3ODA2NTI2NXww&ixlib=rb-4.1.0&q=80&w=1080,REAL,Female,18-25,True
2072,https://images.unsplash.com/photo-1689803768417-8d868a1aa0f9?crop=entropy&cs=tinysrgb&fit=max&fm=jpg&ixid=M3w5NDQwMTV8MHwxfHNlYXJjaHw0MjJ8fHBlcnNvbiUyMGZhY2UlMjBwaG90b3xlbnwwfHx8fDE3NzgwNjUzMDh8MA&ixlib=rb-4.1.0&q=80&w=1080,REAL,Male,18-25,True
5061,https://api.dicebear.com/7.x/personas/jpg?seed=user2003&size=300,FAKE,Unknown,18-25,True
608,https://images.unsplash.com/photo-1724225618359-a1d2763326f9?crop=entropy&cs=tinysrgb&fit=max&fm=jpg&ixid=M3w5NDQwMTV8MHwxfHNlYXJjaHw2OHx8bWFuJTIwZmFjZSUyMGNsb3NldXB8ZW58MHx8fHwxNzc4MDY1MDgyfDA&ixlib=rb-4.1.0&q=80&w=1080,REAL,Female,36-50,True
1951,https://images.unsplash.com/photo-1648484859322-7a88777a582f?crop=entropy&cs=tinysrgb&fit=max&fm=jpg&ixid=M3w5NDQwMTV8MHwxfHNlYXJjaHwzMDF8fHBlcnNvbiUyMGZhY2UlMjBwaG90b3xlbnwwfHx8fDE3NzgwNjUyOTl8MA&ixlib=rb-4.1.0&q=80&w=1080,REAL,Male,50+,True
4738,https://api.dicebear.com/7.x/personas/jpg?seed=user1680&size=300,FAKE,Unknown,18-25,True
2465,https://images.unsplash.com/photo-1641522198165-f5d420e556a3?crop=entropy&cs=tinysrgb&fit=max&fm=jpg&ixid=M3w5NDQwMTV8MHwxfHNlYXJjaHwyNDV8fGFkdWx0JTIwZmFjZSUyMHBob3RvfGVufDB8fHx8MTc3ODA2ODg0OXww&ixlib=rb-4.1.0&q=80&w=1080,REAL,Male,50+,True
5391,https://api.dicebear.com/7.x/personas/jpg?seed=user2333&size=300,FAKE,Unknown,18-25,True
2309,https://images.unsplash.com/photo-1755098452441-470b25b33d9b?crop=entropy&cs=tinysrgb&fit=max&fm=jpg&ixid=M3w5NDQwMTV8MHwxfHNlYXJjaHw4OXx8YWR1bHQlMjBmYWNlJTIwcGhvdG98ZW58MHx8fHwxNzc4MDY4ODM1fDA&ixlib=rb-4.1.0&q=80&w=1080,REAL,Male,36-50,True
51,https://images.unsplash.com/photo-1761961851855-575e74ccfa30?crop=entropy&cs=tinysrgb&fit=max&fm=jpg&ixid=M3w5NDQwMTV8MHwxfHNlYXJjaHw1MXx8aHVtYW4lMjBmYWNlJTIwcG9ydHJhaXR8ZW58MHx8fHwxNzc4MDY0NzA2fDA&ixlib=rb-4.1.0&q=80&w=1080,REAL,Female,36-50,True
827,https://images.unsplash.com/photo-1775219588643-8ae16e515028?crop=entropy&cs=tinysrgb&fit=max&fm=jpg&ixid=M3w5NDQwMTV8MHwxfHNlYXJjaHwzMTd8fG1hbiUyMGZhY2UlMjBjbG9zZXVwfGVufDB8fHx8MTc3ODA2NTIxOHww&ixlib=rb-4.1.0&q=80&w=1080,REAL,Male,26-35,True
5138,https://api.dicebear.com/7.x/personas/jpg?seed=user2080&size=300,FAKE,Unknown,50+,True
3672,https://api.dicebear.com/7.x/personas/jpg?seed=user614&size=300,FAKE,Unknown,18-25,True
5379,https://api.dicebear.com/7.x/personas/jpg?seed=user2321&size=300,FAKE,Unknown,36-50,True
93,https://images.unsplash.com/photo-1680104072720-ae824ef15c0e?crop=entropy&cs=tinysrgb&fit=max&fm=jpg&ixid=M3w5NDQwMTV8MHwxfHNlYXJjaHw5M3x8aHVtYW4lMjBmYWNlJTIwcG9ydHJhaXR8ZW58MHx8fHwxNzc4MDY0NzIxfDA&ixlib=rb-4.1.0&q=80&w=1080,REAL,Unknown,18-25,True
5522,https://api.dicebear.com/7.x/personas/jpg?seed=user2464&size=300,FAKE,Unknown,50+,True
3479,https://api.dicebear.com/7.x/personas/jpg?seed=user421&size=300,FAKE,Unknown,26-35,True
4560,https://api.dicebear.com/7.x/personas/jpg?seed=user1502&size=300,FAKE,Unknown,50+,True
1021,https://images.unsplash.com/photo-1751383612249-3ecd7d68b7fe?crop=entropy&cs=tinysrgb&fit=max&fm=jpg&ixid=M3w5NDQwMTV8MHwxfHNlYXJjaHw1MTF8fG1hbiUyMGZhY2UlMjBjbG9zZXVwfGVufDB8fHx8MTc3ODA2NTIzNHww&ixlib=rb-4.1.0&q=80&w=1080,REAL,Unknown,36-50,True
3764,https://api.dicebear.com/7.x/personas/jpg?seed=user706&size=300,FAKE,Unknown,50+,True
582,https://images.unsplash.com/photo-1763570477604-8f70b3ca6d3c?crop=entropy&cs=tinysrgb&fit=max&fm=jpg&ixid=M3w5NDQwMTV8MHwxfHNlYXJjaHw0Mnx8bWFuJTIwZmFjZSUyMGNsb3NldXB8ZW58MHx8fHwxNzc4MDY1MDc4fDA&ixlib=rb-4.1.0&q=80&w=1080,REAL,Male,26-35,True
3544,https://api.dicebear.com/7.x/personas/jpg?seed=user486&size=300,FAKE,Unknown,18-25,True
2616,https://images.unsplash.com/photo-1590482634645-39ea413d7a41?crop=entropy&cs=tinysrgb&fit=max&fm=jpg&ixid=M3w5NDQwMTV8MHwxfHNlYXJjaHwzOTZ8fGFkdWx0JTIwZmFjZSUyMHBob3RvfGVufDB8fHx8MTc3ODA2ODg2MXww&ixlib=rb-4.1.0&q=80&w=1080,REAL,Male,18-25,True
3241,https://api.dicebear.com/7.x/personas/jpg?seed=user183&size=300,FAKE,Unknown,26-35,True
3135,https://api.dicebear.com/7.x/personas/jpg?seed=user77&size=300,FAKE,Unknown,26-35,True
1240,https://images.unsplash.com/photo-1613691278947-15a81f50d80f?crop=entropy&cs=tinysrgb&fit=max&fm=jpg&ixid=M3w5NDQwMTV8MHwxfHNlYXJjaHwxNjB8fHdvbWFuJTIwZmFjZSUyMHBvcnRyYWl0fGVufDB8fHx8MTc3ODA2NTI1MXww&ixlib=rb-4.1.0&q=80&w=1080,REAL,Unknown,36-50,True
5162,https://api.dicebear.com/7.x/personas/jpg?seed=user2104&size=300,FAKE,Unknown,36-50,True
5237,https://api.dicebear.com/7.x/personas/jpg?seed=user2179&size=300,FAKE,Unknown,26-35,True
5179,https://api.dicebear.com/7.x/personas/jpg?seed=user2121&size=300,FAKE,Unknown,36-50,True
566,https://images.unsplash.com/photo-1758525589507-1d64a20415ac?crop=entropy&cs=tinysrgb&fit=max&fm=jpg&ixid=M3w5NDQwMTV8MHwxfHNlYXJjaHwyNnx8bWFuJTIwZmFjZSUyMGNsb3NldXB8ZW58MHx8fHwxNzc4MDY1MDYzfDA&ixlib=rb-4.1.0&q=80&w=1080,REAL,Female,18-25,True
2160,https://images.unsplash.com/photo-1703420294575-801fe57ce544?crop=entropy&cs=tinysrgb&fit=max&fm=jpg&ixid=M3w5NDQwMTV8MHwxfHNlYXJjaHw1MTB8fHBlcnNvbiUyMGZhY2UlMjBwaG90b3xlbnwwfHx8fDE3NzgwNjUzMTN8MA&ixlib=rb-4.1.0&q=80&w=1080,REAL,Male,18-25,True
3161,https://api.dicebear.com/7.x/personas/jpg?seed=user103&size=300,FAKE,Unknown,36-50,True
3731,https://api.dicebear.com/7.x/personas/jpg?seed=user673&size=300,FAKE,Unknown,26-35,True
4013,https://api.dicebear.com/7.x/personas/jpg?seed=user955&size=300,FAKE,Unknown,36-50,True
1477,https://images.unsplash.com/photo-1620061945514-5824e238408b?crop=entropy&cs=tinysrgb&fit=max&fm=jpg&ixid=M3w5NDQwMTV8MHwxfHNlYXJjaHwzOTd8fHdvbWFuJTIwZmFjZSUyMHBvcnRyYWl0fGVufDB8fHx8MTc3ODA2NTI2N3ww&ixlib=rb-4.1.0&q=80&w=1080,REAL,Male,36-50,True
373,https://images.unsplash.com/photo-1733232315174-cb774bc7d046?crop=entropy&cs=tinysrgb&fit=max&fm=jpg&ixid=M3w5NDQwMTV8MHwxfHNlYXJjaHw0MDN8fGh1bWFuJTIwZmFjZSUyMHBvcnRyYWl0fGVufDB8fHx8MTc3ODA2NTAwMXww&ixlib=rb-4.1.0&q=80&w=1080,REAL,Female,36-50,True
1055,https://images.unsplash.com/photo-1642878287226-4c9ac523ed73?crop=entropy&cs=tinysrgb&fit=max&fm=jpg&ixid=M3w5NDQwMTV8MHwxfHNlYXJjaHw1NDV8fG1hbiUyMGZhY2UlMjBjbG9zZXVwfGVufDB8fHx8MTc3ODA2NTIzNnww&ixlib=rb-4.1.0&q=80&w=1080,REAL,Unknown,50+,True
287,https://images.unsplash.com/photo-1600886102552-a5d774464ede?crop=entropy&cs=tinysrgb&fit=max&fm=jpg&ixid=M3w5NDQwMTV8MHwxfHNlYXJjaHwzMTd8fGh1bWFuJTIwZmFjZSUyMHBvcnRyYWl0fGVufDB8fHx8MTc3ODA2NDk4N3ww&ixlib=rb-4.1.0&q=80&w=1080,REAL,Unknown,50+,True
2033,https://images.unsplash.com/photo-1645968094374-e2a53ac2ae5d?crop=entropy&cs=tinysrgb&fit=max&fm=jpg&ixid=M3w5NDQwMTV8MHwxfHNlYXJjaHwzODN8fHBlcnNvbiUyMGZhY2UlMjBwaG90b3xlbnwwfHx8fDE3NzgwNjUzMDN8MA&ixlib=rb-4.1.0&q=80&w=1080,REAL,Female,18-25,True
5301,https://api.dicebear.com/7.x/personas/jpg?seed=user2243&size=300,FAKE,Unknown,36-50,True
1906,https://images.unsplash.com/photo-1626112232474-04e226b430ed?crop=entropy&cs=tinysrgb&fit=max&fm=jpg&ixid=M3w5NDQwMTV8MHwxfHNlYXJjaHwyNTZ8fHBlcnNvbiUyMGZhY2UlMjBwaG90b3xlbnwwfHx8fDE3NzgwNjUyOTV8MA&ixlib=rb-4.1.0&q=80&w=1080,REAL,Female,50+,True
5166,https://api.dicebear.com/7.x/personas/jpg?seed=user2108&size=300,FAKE,Unknown,26-35,True
5339,https://api.dicebear.com/7.x/personas/jpg?seed=user2281&size=300,FAKE,Unknown,50+,True
1696,https://images.unsplash.com/photo-1595831539686-095b2be9c9c9?crop=entropy&cs=tinysrgb&fit=max&fm=jpg&ixid=M3w5NDQwMTV8MHwxfHNlYXJjaHw0Nnx8cGVyc29uJTIwZmFjZSUyMHBob3RvfGVufDB8fHx8MTc3ODA2NTI4MHww&ixlib=rb-4.1.0&q=80&w=1080,REAL,Female,50+,True
375,https://images.unsplash.com/photo-1579171817110-e4aa2d543305?crop=entropy&cs=tinysrgb&fit=max&fm=jpg&ixid=M3w5NDQwMTV8MHwxfHNlYXJjaHw0MDV8fGh1bWFuJTIwZmFjZSUyMHBvcnRyYWl0fGVufDB8fHx8MTc3ODA2NTAwMXww&ixlib=rb-4.1.0&q=80&w=1080,REAL,Unknown,26-35,True
4907,https://api.dicebear.com/7.x/personas/jpg?seed=user1849&size=300,FAKE,Unknown,36-50,True
2802,https://randomuser.me/api/portraits/men/12.jpg,FAKE,Male,50+,True
2503,https://images.unsplash.com/photo-1650095663041-78fa245157b1?crop=entropy&cs=tinysrgb&fit=max&fm=jpg&ixid=M3w5NDQwMTV8MHwxfHNlYXJjaHwyODN8fGFkdWx0JTIwZmFjZSUyMHBob3RvfGVufDB8fHx8MTc3ODA2ODg1MXww&ixlib=rb-4.1.0&q=80&w=1080,REAL,Male,18-25,True
4451,https://api.dicebear.com/7.x/personas/jpg?seed=user1393&size=300,FAKE,Unknown,18-25,True
3327,https://api.dicebear.com/7.x/personas/jpg?seed=user269&size=300,FAKE,Unknown,26-35,True
3131,https://api.dicebear.com/7.x/personas/jpg?seed=user73&size=300,FAKE,Unknown,50+,True
1636,https://images.unsplash.com/photo-1628876952472-6acfde923caf?crop=entropy&cs=tinysrgb&fit=max&fm=jpg&ixid=M3w5NDQwMTV8MHwxfHNlYXJjaHw1NTZ8fHdvbWFuJTIwZmFjZSUyMHBvcnRyYWl0fGVufDB8fHx8MTc3ODA2NTI3Nnww&ixlib=rb-4.1.0&q=80&w=1080,REAL,Male,50+,True
506,https://images.unsplash.com/photo-1565749232874-2fc740099200?crop=entropy&cs=tinysrgb&fit=max&fm=jpg&ixid=M3w5NDQwMTV8MHwxfHNlYXJjaHw1MzZ8fGh1bWFuJTIwZmFjZSUyMHBvcnRyYWl0fGVufDB8fHx8MTc3ODA2NTA0OXww&ixlib=rb-4.1.0&q=80&w=1080,REAL,Unknown,36-50,True
1239,https://images.unsplash.com/photo-1620301132592-2579b22c7b86?crop=entropy&cs=tinysrgb&fit=max&fm=jpg&ixid=M3w5NDQwMTV8MHwxfHNlYXJjaHwxNTl8fHdvbWFuJTIwZmFjZSUyMHBvcnRyYWl0fGVufDB8fHx8MTc3ODA2NTI1MXww&ixlib=rb-4.1.0&q=80&w=1080,REAL,Unknown,26-35,True
1304,https://images.unsplash.com/photo-1744580843109-6004130a42b3?crop=entropy&cs=tinysrgb&fit=max&fm=jpg&ixid=M3w5NDQwMTV8MHwxfHNlYXJjaHwyMjR8fHdvbWFuJTIwZmFjZSUyMHBvcnRyYWl0fGVufDB8fHx8MTc3ODA2NTI1NXww&ixlib=rb-4.1.0&q=80&w=1080,REAL,Male,36-50,True
3979,https://api.dicebear.com/7.x/personas/jpg?seed=user921&size=300,FAKE,Unknown,18-25,True
26,https://images.unsplash.com/photo-1673990318432-5fbeeb4617f6?crop=entropy&cs=tinysrgb&fit=max&fm=jpg&ixid=M3w5NDQwMTV8MHwxfHNlYXJjaHwyNnx8aHVtYW4lMjBmYWNlJTIwcG9ydHJhaXR8ZW58MHx8fHwxNzc4MDY0Njg3fDA&ixlib=rb-4.1.0&q=80&w=1080,REAL,Unknown,50+,True
1726,https://images.unsplash.com/photo-1614477323662-66300f4e033c?crop=entropy&cs=tinysrgb&fit=max&fm=jpg&ixid=M3w5NDQwMTV8MHwxfHNlYXJjaHw3Nnx8cGVyc29uJTIwZmFjZSUyMHBob3RvfGVufDB8fHx8MTc3ODA2NTI4Mnww&ixlib=rb-4.1.0&q=80&w=1080,REAL,Male,50+,True
5527,https://api.dicebear.com/7.x/personas/jpg?seed=user2469&size=300,FAKE,Unknown,36-50,True
1029,https://images.unsplash.com/photo-1612374547077-bb9875502a2f?crop=entropy&cs=tinysrgb&fit=max&fm=jpg&ixid=M3w5NDQwMTV8MHwxfHNlYXJjaHw1MTl8fG1hbiUyMGZhY2UlMjBjbG9zZXVwfGVufDB8fHx8MTc3ODA2NTIzNHww&ixlib=rb-4.1.0&q=80&w=1080,REAL,Unknown,18-25,True
1206,https://images.unsplash.com/photo-1627216396534-41c9851eebc0?crop=entropy&cs=tinysrgb&fit=max&fm=jpg&ixid=M3w5NDQwMTV8MHwxfHNlYXJjaHwxMjZ8fHdvbWFuJTIwZmFjZSUyMHBvcnRyYWl0fGVufDB8fHx8MTc3ODA2NTI0OHww&ixlib=rb-4.1.0&q=80&w=1080,REAL,Unknown,36-50,True
312,https://images.unsplash.com/photo-1581423880761-b15ee286d2a8?crop=entropy&cs=tinysrgb&fit=max&fm=jpg&ixid=M3w5NDQwMTV8MHwxfHNlYXJjaHwzNDJ8fGh1bWFuJTIwZmFjZSUyMHBvcnRyYWl0fGVufDB8fHx8MTc3ODA2NDk5MHww&ixlib=rb-4.1.0&q=80&w=1080,REAL,Female,36-50,True
5459,https://api.dicebear.com/7.x/personas/jpg?seed=user2401&size=300,FAKE,Unknown,18-25,True
1136,https://images.unsplash.com/photo-1642786457217-37c74fbc169a?crop=entropy&cs=tinysrgb&fit=max&fm=jpg&ixid=M3w5NDQwMTV8MHwxfHNlYXJjaHw1Nnx8d29tYW4lMjBmYWNlJTIwcG9ydHJhaXR8ZW58MHx8fHwxNzc4MDY1MjQyfDA&ixlib=rb-4.1.0&q=80&w=1080,REAL,Female,36-50,True
5098,https://api.dicebear.com/7.x/personas/jpg?seed=user2040&size=300,FAKE,Unknown,50+,True
5200,https://api.dicebear.com/7.x/personas/jpg?seed=user2142&size=300,FAKE,Unknown,18-25,True
4371,https://api.dicebear.com/7.x/personas/jpg?seed=user1313&size=300,FAKE,Unknown,36-50,True
4168,https://api.dicebear.com/7.x/personas/jpg?seed=user1110&size=300,FAKE,Unknown,50+,True
4615,https://api.dicebear.com/7.x/personas/jpg?seed=user1557&size=300,FAKE,Unknown,26-35,True
2205,https://images.unsplash.com/photo-1760552069335-07d43ca826f4?crop=entropy&cs=tinysrgb&fit=max&fm=jpg&ixid=M3w5NDQwMTV8MHwxfHNlYXJjaHw1NTV8fHlvdW5nJTIwcGVyc29uJTIwZmFjZXxlbnwwfHx8fDE3NzgwNjg4MzB8MA&ixlib=rb-4.1.0&q=80&w=1080,REAL,Male,26-35,True
32,https://images.unsplash.com/photo-1755182592821-ebe9c68bd208?crop=entropy&cs=tinysrgb&fit=max&fm=jpg&ixid=M3w5NDQwMTV8MHwxfHNlYXJjaHwzMnx8aHVtYW4lMjBmYWNlJTIwcG9ydHJhaXR8ZW58MHx8fHwxNzc4MDY0NzA2fDA&ixlib=rb-4.1.0&q=80&w=1080,REAL,Male,18-25,True
1393,https://images.unsplash.com/photo-1679611978819-f10168367155?crop=entropy&cs=tinysrgb&fit=max&fm=jpg&ixid=M3w5NDQwMTV8MHwxfHNlYXJjaHwzMTN8fHdvbWFuJTIwZmFjZSUyMHBvcnRyYWl0fGVufDB8fHx8MTc3ODA2NTI2MXww&ixlib=rb-4.1.0&q=80&w=1080,REAL,Unknown,26-35,True
1868,https://images.unsplash.com/photo-1673883430475-08c6cad65d9a?crop=entropy&cs=tinysrgb&fit=max&fm=jpg&ixid=M3w5NDQwMTV8MHwxfHNlYXJjaHwyMTh8fHBlcnNvbiUyMGZhY2UlMjBwaG90b3xlbnwwfHx8fDE3NzgwNjUyOTJ8MA&ixlib=rb-4.1.0&q=80&w=1080,REAL,Unknown,18-25,True
1525,https://images.unsplash.com/photo-1551972184-e13096265446?crop=entropy&cs=tinysrgb&fit=max&fm=jpg&ixid=M3w5NDQwMTV8MHwxfHNlYXJjaHw0NDV8fHdvbWFuJTIwZmFjZSUyMHBvcnRyYWl0fGVufDB8fHx8MTc3ODA2NTI2OXww&ixlib=rb-4.1.0&q=80&w=1080,REAL,Unknown,36-50,True
2272,https://images.unsplash.com/photo-1748159998064-012d1c427d1d?crop=entropy&cs=tinysrgb&fit=max&fm=jpg&ixid=M3w5NDQwMTV8MHwxfHNlYXJjaHw1Mnx8YWR1bHQlMjBmYWNlJTIwcGhvdG98ZW58MHx8fHwxNzc4MDY4ODMzfDA&ixlib=rb-4.1.0&q=80&w=1080,REAL,Unknown,18-25,True
4105,https://api.dicebear.com/7.x/personas/jpg?seed=user1047&size=300,FAKE,Unknown,26-35,True
349,https://images.unsplash.com/photo-1668536681484-6dd1dd3d6809?crop=entropy&cs=tinysrgb&fit=max&fm=jpg&ixid=M3w5NDQwMTV8MHwxfHNlYXJjaHwzNzl8fGh1bWFuJTIwZmFjZSUyMHBvcnRyYWl0fGVufDB8fHx8MTc3ODA2NDk5N3ww&ixlib=rb-4.1.0&q=80&w=1080,REAL,Unknown,36-50,True
5535,https://api.dicebear.com/7.x/personas/jpg?seed=user2477&size=300,FAKE,Unknown,36-50,True
507,https://images.unsplash.com/photo-1570999450155-7dc85b841f3a?crop=entropy&cs=tinysrgb&fit=max&fm=jpg&ixid=M3w5NDQwMTV8MHwxfHNlYXJjaHw1Mzd8fGh1bWFuJTIwZmFjZSUyMHBvcnRyYWl0fGVufDB8fHx8MTc3ODA2NTA0OXww&ixlib=rb-4.1.0&q=80&w=1080,REAL,Female,26-35,True
5168,https://api.dicebear.com/7.x/personas/jpg?seed=user2110&size=300,FAKE,Unknown,26-35,True
432,https://images.unsplash.com/photo-1576576245194-8590304ae967?crop=entropy&cs=tinysrgb&fit=max&fm=jpg&ixid=M3w5NDQwMTV8MHwxfHNlYXJjaHw0NjJ8fGh1bWFuJTIwZmFjZSUyMHBvcnRyYWl0fGVufDB8fHx8MTc3ODA2NTAzM3ww&ixlib=rb-4.1.0&q=80&w=1080,REAL,Female,18-25,True
4544,https://api.dicebear.com/7.x/personas/jpg?seed=user1486&size=300,FAKE,Unknown,26-35,True
5,https://images.unsplash.com/photo-1724225618238-d03fc678f848?crop=entropy&cs=tinysrgb&fit=max&fm=jpg&ixid=M3w5NDQwMTV8MHwxfHNlYXJjaHw1fHxodW1hbiUyMGZhY2UlMjBwb3J0cmFpdHxlbnwwfHx8fDE3NzgwNjQ2ODd8MA&ixlib=rb-4.1.0&q=80&w=1080,REAL,Male,36-50,True
1589,https://images.unsplash.com/photo-1656610193520-95d42a99c451?crop=entropy&cs=tinysrgb&fit=max&fm=jpg&ixid=M3w5NDQwMTV8MHwxfHNlYXJjaHw1MDl8fHdvbWFuJTIwZmFjZSUyMHBvcnRyYWl0fGVufDB8fHx8MTc3ODA2NTI3M3ww&ixlib=rb-4.1.0&q=80&w=1080,REAL,Unknown,26-35,True
94,https://images.unsplash.com/photo-1623567533471-2c789007ce34?crop=entropy&cs=tinysrgb&fit=max&fm=jpg&ixid=M3w5NDQwMTV8MHwxfHNlYXJjaHw5NHx8aHVtYW4lMjBmYWNlJTIwcG9ydHJhaXR8ZW58MHx8fHwxNzc4MDY0NzIxfDA&ixlib=rb-4.1.0&q=80&w=1080,REAL,Male,36-50,True
660,https://images.unsplash.com/photo-1577741639208-8a0c1da2460f?crop=entropy&cs=tinysrgb&fit=max&fm=jpg&ixid=M3w5NDQwMTV8MHwxfHNlYXJjaHwxMjB8fG1hbiUyMGZhY2UlMjBjbG9zZXVwfGVufDB8fHx8MTc3ODA2NTA4NHww&ixlib=rb-4.1.0&q=80&w=1080,REAL,Male,50+,True
4075,https://api.dicebear.com/7.x/personas/jpg?seed=user1017&size=300,FAKE,Unknown,18-25,True
4139,https://api.dicebear.com/7.x/personas/jpg?seed=user1081&size=300,FAKE,Unknown,36-50,True
4450,https://api.dicebear.com/7.x/personas/jpg?seed=user1392&size=300,FAKE,Unknown,36-50,True
1536,https://images.unsplash.com/photo-1597141716939-18f43b33c8e4?crop=entropy&cs=tinysrgb&fit=max&fm=jpg&ixid=M3w5NDQwMTV8MHwxfHNlYXJjaHw0NTZ8fHdvbWFuJTIwZmFjZSUyMHBvcnRyYWl0fGVufDB8fHx8MTc3ODA2NTI3MXww&ixlib=rb-4.1.0&q=80&w=1080,REAL,Female,26-35,True
3314,https://api.dicebear.com/7.x/personas/jpg?seed=user256&size=300,FAKE,Unknown,36-50,True
2922,https://randomuser.me/api/portraits/women/33.jpg,FAKE,Female,18-25,True
3075,https://api.dicebear.com/7.x/personas/jpg?seed=user17&size=300,FAKE,Unknown,18-25,True
3086,https://api.dicebear.com/7.x/personas/jpg?seed=user28&size=300,FAKE,Unknown,18-25,True
278,https://images.unsplash.com/photo-1607867708773-da3a6f8d0614?crop=entropy&cs=tinysrgb&fit=max&fm=jpg&ixid=M3w5NDQwMTV8MHwxfHNlYXJjaHwzMDh8fGh1bWFuJTIwZmFjZSUyMHBvcnRyYWl0fGVufDB8fHx8MTc3ODA2NDk4N3ww&ixlib=rb-4.1.0&q=80&w=1080,REAL,Female,50+,True
3410,https://api.dicebear.com/7.x/personas/jpg?seed=user352&size=300,FAKE,Unknown,36-50,True
4414,https://api.dicebear.com/7.x/personas/jpg?seed=user1356&size=300,FAKE,Unknown,50+,True
2604,https://images.unsplash.com/photo-1761144863268-219ece9568ce?crop=entropy&cs=tinysrgb&fit=max&fm=jpg&ixid=M3w5NDQwMTV8MHwxfHNlYXJjaHwzODR8fGFkdWx0JTIwZmFjZSUyMHBob3RvfGVufDB8fHx8MTc3ODA2ODg1OHww&ixlib=rb-4.1.0&q=80&w=1080,REAL,Male,18-25,True
1741,https://images.unsplash.com/photo-1697889883363-6438d2a1bb0a?crop=entropy&cs=tinysrgb&fit=max&fm=jpg&ixid=M3w5NDQwMTV8MHwxfHNlYXJjaHw5MXx8cGVyc29uJTIwZmFjZSUyMHBob3RvfGVufDB8fHx8MTc3ODA2NTI4NHww&ixlib=rb-4.1.0&q=80&w=1080,REAL,Male,36-50,True
4071,https://api.dicebear.com/7.x/personas/jpg?seed=user1013&size=300,FAKE,Unknown,26-35,True
3926,https://api.dicebear.com/7.x/personas/jpg?seed=user868&size=300,FAKE,Unknown,36-50,True
3604,https://api.dicebear.com/7.x/personas/jpg?seed=user546&size=300,FAKE,Unknown,50+,True
4756,https://api.dicebear.com/7.x/personas/jpg?seed=user1698&size=300,FAKE,Unknown,36-50,True
4866,https://api.dicebear.com/7.x/personas/jpg?seed=user1808&size=300,FAKE,Unknown,50+,True
3309,https://api.dicebear.com/7.x/personas/jpg?seed=user251&size=300,FAKE,Unknown,36-50,True
587,https://images.unsplash.com/photo-1743674445265-b311b0ba8118?crop=entropy&cs=tinysrgb&fit=max&fm=jpg&ixid=M3w5NDQwMTV8MHwxfHNlYXJjaHw0N3x8bWFuJTIwZmFjZSUyMGNsb3NldXB8ZW58MHx8fHwxNzc4MDY1MDc4fDA&ixlib=rb-4.1.0&q=80&w=1080,REAL,Unknown,18-25,True
4846,https://api.dicebear.com/7.x/personas/jpg?seed=user1788&size=300,FAKE,Unknown,50+,True
2058,https://images.unsplash.com/photo-1689803760979-fbe3c80c5062?crop=entropy&cs=tinysrgb&fit=max&fm=jpg&ixid=M3w5NDQwMTV8MHwxfHNlYXJjaHw0MDh8fHBlcnNvbiUyMGZhY2UlMjBwaG90b3xlbnwwfHx8fDE3NzgwNjUzMDV8MA&ixlib=rb-4.1.0&q=80&w=1080,REAL,Unknown,18-25,True
1445,https://images.unsplash.com/photo-1628757067343-c24fa5ff4078?crop=entropy&cs=tinysrgb&fit=max&fm=jpg&ixid=M3w5NDQwMTV8MHwxfHNlYXJjaHwzNjV8fHdvbWFuJTIwZmFjZSUyMHBvcnRyYWl0fGVufDB8fHx8MTc3ODA2NTI2NXww&ixlib=rb-4.1.0&q=80&w=1080,REAL,Unknown,50+,True
5025,https://api.dicebear.com/7.x/personas/jpg?seed=user1967&size=300,FAKE,Unknown,50+,True
3820,https://api.dicebear.com/7.x/personas/jpg?seed=user762&size=300,FAKE,Unknown,50+,True
2282,https://images.unsplash.com/photo-1755098452537-2b0f0fdd9f3d?crop=entropy&cs=tinysrgb&fit=max&fm=jpg&ixid=M3w5NDQwMTV8MHwxfHNlYXJjaHw2Mnx8YWR1bHQlMjBmYWNlJTIwcGhvdG98ZW58MHx8fHwxNzc4MDY4ODM1fDA&ixlib=rb-4.1.0&q=80&w=1080,REAL,Female,36-50,True
2641,https://images.unsplash.com/photo-1540227207474-7050562c1164?crop=entropy&cs=tinysrgb&fit=max&fm=jpg&ixid=M3w5NDQwMTV8MHwxfHNlYXJjaHw0MjF8fGFkdWx0JTIwZmFjZSUyMHBob3RvfGVufDB8fHx8MTc3ODA2ODg2NHww&ixlib=rb-4.1.0&q=80&w=1080,REAL,Male,50+,True
1681,https://images.unsplash.com/photo-1638986265530-2ebb5fb8a2ea?crop=entropy&cs=tinysrgb&fit=max&fm=jpg&ixid=M3w5NDQwMTV8MHwxfHNlYXJjaHwzMXx8cGVyc29uJTIwZmFjZSUyMHBob3RvfGVufDB8fHx8MTc3ODA2NTI4MHww&ixlib=rb-4.1.0&q=80&w=1080,REAL,Unknown,18-25,True
3193,https://api.dicebear.com/7.x/personas/jpg?seed=user135&size=300,FAKE,Unknown,26-35,True
4766,https://api.dicebear.com/7.x/personas/jpg?seed=user1708&size=300,FAKE,Unknown,50+,True
64,https://images.unsplash.com/photo-1769007355270-a84ca1bc549f?crop=entropy&cs=tinysrgb&fit=max&fm=jpg&ixid=M3w5NDQwMTV8MHwxfHNlYXJjaHw2NHx8aHVtYW4lMjBmYWNlJTIwcG9ydHJhaXR8ZW58MHx8fHwxNzc4MDY0NzE3fDA&ixlib=rb-4.1.0&q=80&w=1080,REAL,Female,18-25,True
201,https://images.unsplash.com/photo-1721136271672-e86448e2504e?crop=entropy&cs=tinysrgb&fit=max&fm=jpg&ixid=M3w5NDQwMTV8MHwxfHNlYXJjaHwyMDF8fGh1bWFuJTIwZmFjZSUyMHBvcnRyYWl0fGVufDB8fHx8MTc3ODA2NDc1M3ww&ixlib=rb-4.1.0&q=80&w=1080,REAL,Male,26-35,True
824,https://images.unsplash.com/photo-1777103329028-5e181ceb7e51?crop=entropy&cs=tinysrgb&fit=max&fm=jpg&ixid=M3w5NDQwMTV8MHwxfHNlYXJjaHwzMTR8fG1hbiUyMGZhY2UlMjBjbG9zZXVwfGVufDB8fHx8MTc3ODA2NTIxOHww&ixlib=rb-4.1.0&q=80&w=1080,REAL,Unknown,50+,True
832,https://images.unsplash.com/photo-1517352778431-f8068bd39389?crop=entropy&cs=tinysrgb&fit=max&fm=jpg&ixid=M3w5NDQwMTV8MHwxfHNlYXJjaHwzMjJ8fG1hbiUyMGZhY2UlMjBjbG9zZXVwfGVufDB8fHx8MTc3ODA2NTIxOHww&ixlib=rb-4.1.0&q=80&w=1080,REAL,Male,26-35,True
3713,https://api.dicebear.com/7.x/personas/jpg?seed=user655&size=300,FAKE,Unknown,50+,True
4375,https://api.dicebear.com/7.x/personas/jpg?seed=user1317&size=300,FAKE,Unknown,36-50,True
4005,https://api.dicebear.com/7.x/personas/jpg?seed=user947&size=300,FAKE,Unknown,26-35,True
5554,https://api.dicebear.com/7.x/personas/jpg?seed=user2496&size=300,FAKE,Unknown,50+,True
2440,https://images.unsplash.com/photo-1686242585398-6a069e7eb7c3?crop=entropy&cs=tinysrgb&fit=max&fm=jpg&ixid=M3w5NDQwMTV8MHwxfHNlYXJjaHwyMjB8fGFkdWx0JTIwZmFjZSUyMHBob3RvfGVufDB8fHx8MTc3ODA2ODg0Nnww&ixlib=rb-4.1.0&q=80&w=1080,REAL,Male,18-25,True
2876,https://randomuser.me/api/portraits/men/86.jpg,FAKE,Male,26-35,True
360,https://images.unsplash.com/photo-1590806758115-ba7371154126?crop=entropy&cs=tinysrgb&fit=max&fm=jpg&ixid=M3w5NDQwMTV8MHwxfHNlYXJjaHwzOTB8fGh1bWFuJTIwZmFjZSUyMHBvcnRyYWl0fGVufDB8fHx8MTc3ODA2NDk5N3ww&ixlib=rb-4.1.0&q=80&w=1080,REAL,Unknown,50+,True
5042,https://api.dicebear.com/7.x/personas/jpg?seed=user1984&size=300,FAKE,Unknown,36-50,True
4603,https://api.dicebear.com/7.x/personas/jpg?seed=user1545&size=300,FAKE,Unknown,26-35,True
3488,https://api.dicebear.com/7.x/personas/jpg?seed=user430&size=300,FAKE,Unknown,36-50,True
209,https://images.unsplash.com/photo-1534528741775-53994a69daeb?crop=entropy&cs=tinysrgb&fit=max&fm=jpg&ixid=M3w5NDQwMTV8MHwxfHNlYXJjaHwyMDl8fGh1bWFuJTIwZmFjZSUyMHBvcnRyYWl0fGVufDB8fHx8MTc3ODA2NDc1M3ww&ixlib=rb-4.1.0&q=80&w=1080,REAL,Unknown,50+,True
5221,https://api.dicebear.com/7.x/personas/jpg?seed=user2163&size=300,FAKE,Unknown,26-35,True
1351,https://images.unsplash.com/photo-1646795203120-99002af3901b?crop=entropy&cs=tinysrgb&fit=max&fm=jpg&ixid=M3w5NDQwMTV8MHwxfHNlYXJjaHwyNzF8fHdvbWFuJTIwZmFjZSUyMHBvcnRyYWl0fGVufDB8fHx8MTc3ODA2NTI1OXww&ixlib=rb-4.1.0&q=80&w=1080,REAL,Male,50+,True
3492,https://api.dicebear.com/7.x/personas/jpg?seed=user434&size=300,FAKE,Unknown,26-35,True
4047,https://api.dicebear.com/7.x/personas/jpg?seed=user989&size=300,FAKE,Unknown,36-50,True
324,https://images.unsplash.com/photo-1563302000-a1a1268259f6?crop=entropy&cs=tinysrgb&fit=max&fm=jpg&ixid=M3w5NDQwMTV8MHwxfHNlYXJjaHwzNTR8fGh1bWFuJTIwZmFjZSUyMHBvcnRyYWl0fGVufDB8fHx8MTc3ODA2NDk5MHww&ixlib=rb-4.1.0&q=80&w=1080,REAL,Female,50+,True
2254,https://images.unsplash.com/photo-1753905262516-c6bc35f1a2ca?crop=entropy&cs=tinysrgb&fit=max&fm=jpg&ixid=M3w5NDQwMTV8MHwxfHNlYXJjaHwzNHx8YWR1bHQlMjBmYWNlJTIwcGhvdG98ZW58MHx8fHwxNzc4MDY4ODMzfDA&ixlib=rb-4.1.0&q=80&w=1080,REAL,Unknown,18-25,True
3040,https://i.pravatar.cc/300?img=52,FAKE,Unknown,26-35,True
1196,https://images.unsplash.com/photo-1647957864118-4ebc8a4ee2d2?crop=entropy&cs=tinysrgb&fit=max&fm=jpg&ixid=M3w5NDQwMTV8MHwxfHNlYXJjaHwxMTZ8fHdvbWFuJTIwZmFjZSUyMHBvcnRyYWl0fGVufDB8fHx8MTc3ODA2NTI0Nnww&ixlib=rb-4.1.0&q=80&w=1080,REAL,Female,26-35,True
1044,https://images.unsplash.com/photo-1644345606232-d1340eef07c9?crop=entropy&cs=tinysrgb&fit=max&fm=jpg&ixid=M3w5NDQwMTV8MHwxfHNlYXJjaHw1MzR8fG1hbiUyMGZhY2UlMjBjbG9zZXVwfGVufDB8fHx8MTc3ODA2NTIzNHww&ixlib=rb-4.1.0&q=80&w=1080,REAL,Female,18-25,True
901,https://images.unsplash.com/photo-1546600882-2c3090f74c7e?crop=entropy&cs=tinysrgb&fit=max&fm=jpg&ixid=M3w5NDQwMTV8MHwxfHNlYXJjaHwzOTF8fG1hbiUyMGZhY2UlMjBjbG9zZXVwfGVufDB8fHx8MTc3ODA2NTIyNnww&ixlib=rb-4.1.0&q=80&w=1080,REAL,Female,18-25,True
3573,https://api.dicebear.com/7.x/personas/jpg?seed=user515&size=300,FAKE,Unknown,36-50,True
3039,https://i.pravatar.cc/300?img=51,FAKE,Unknown,18-25,True
5203,https://api.dicebear.com/7.x/personas/jpg?seed=user2145&size=300,FAKE,Unknown,50+,True
3693,https://api.dicebear.com/7.x/personas/jpg?seed=user635&size=300,FAKE,Unknown,18-25,True
1718,https://images.unsplash.com/photo-1567186937675-a5131c8a89ea?crop=entropy&cs=tinysrgb&fit=max&fm=jpg&ixid=M3w5NDQwMTV8MHwxfHNlYXJjaHw2OHx8cGVyc29uJTIwZmFjZSUyMHBob3RvfGVufDB8fHx8MTc3ODA2NTI4Mnww&ixlib=rb-4.1.0&q=80&w=1080,REAL,Female,18-25,True
422,https://images.unsplash.com/photo-1633531903209-f3c61fcdf1d3?crop=entropy&cs=tinysrgb&fit=max&fm=jpg&ixid=M3w5NDQwMTV8MHwxfHNlYXJjaHw0NTJ8fGh1bWFuJTIwZmFjZSUyMHBvcnRyYWl0fGVufDB8fHx8MTc3ODA2NTAzM3ww&ixlib=rb-4.1.0&q=80&w=1080,REAL,Female,26-35,True
4461,https://api.dicebear.com/7.x/personas/jpg?seed=user1403&size=300,FAKE,Unknown,18-25,True
4965,https://api.dicebear.com/7.x/personas/jpg?seed=user1907&size=300,FAKE,Unknown,50+,True
5165,https://api.dicebear.com/7.x/personas/jpg?seed=user2107&size=300,FAKE,Unknown,50+,True
4283,https://api.dicebear.com/7.x/personas/jpg?seed=user1225&size=300,FAKE,Unknown,26-35,True
182,https://images.unsplash.com/photo-1583486791623-57f75eb2d4a9?crop=entropy&cs=tinysrgb&fit=max&fm=jpg&ixid=M3w5NDQwMTV8MHwxfHNlYXJjaHwxODJ8fGh1bWFuJTIwZmFjZSUyMHBvcnRyYWl0fGVufDB8fHx8MTc3ODA2NDc1M3ww&ixlib=rb-4.1.0&q=80&w=1080,REAL,Unknown,18-25,True
888,https://images.unsplash.com/photo-1607159157609-c0d075340efe?crop=entropy&cs=tinysrgb&fit=max&fm=jpg&ixid=M3w5NDQwMTV8MHwxfHNlYXJjaHwzNzh8fG1hbiUyMGZhY2UlMjBjbG9zZXVwfGVufDB8fHx8MTc3ODA2NTIyNHww&ixlib=rb-4.1.0&q=80&w=1080,REAL,Female,18-25,True
504,https://images.unsplash.com/photo-1777654300908-e25bba73f35b?crop=entropy&cs=tinysrgb&fit=max&fm=jpg&ixid=M3w5NDQwMTV8MHwxfHNlYXJjaHw1MzR8fGh1bWFuJTIwZmFjZSUyMHBvcnRyYWl0fGVufDB8fHx8MTc3ODA2NTA0OXww&ixlib=rb-4.1.0&q=80&w=1080,REAL,Male,18-25,True
235,https://images.unsplash.com/photo-1626451430188-c377211fcf42?crop=entropy&cs=tinysrgb&fit=max&fm=jpg&ixid=M3w5NDQwMTV8MHwxfHNlYXJjaHwyNjV8fGh1bWFuJTIwZmFjZSUyMHBvcnRyYWl0fGVufDB8fHx8MTc3ODA2NDg3MHww&ixlib=rb-4.1.0&q=80&w=1080,REAL,Male,26-35,True
868,https://images.unsplash.com/photo-1664207148557-71bc61a3809e?crop=entropy&cs=tinysrgb&fit=max&fm=jpg&ixid=M3w5NDQwMTV8MHwxfHNlYXJjaHwzNTh8fG1hbiUyMGZhY2UlMjBjbG9zZXVwfGVufDB8fHx8MTc3ODA2NTIyM3ww&ixlib=rb-4.1.0&q=80&w=1080,REAL,Female,36-50,True
4530,https://api.dicebear.com/7.x/personas/jpg?seed=user1472&size=300,FAKE,Unknown,18-25,True
3516,https://api.dicebear.com/7.x/personas/jpg?seed=user458&size=300,FAKE,Unknown,36-50,True
1030,https://images.unsplash.com/photo-1575267685835-9a301978a612?crop=entropy&cs=tinysrgb&fit=max&fm=jpg&ixid=M3w5NDQwMTV8MHwxfHNlYXJjaHw1MjB8fG1hbiUyMGZhY2UlMjBjbG9zZXVwfGVufDB8fHx8MTc3ODA2NTIzNHww&ixlib=rb-4.1.0&q=80&w=1080,REAL,Female,26-35,True
2833,https://randomuser.me/api/portraits/men/43.jpg,FAKE,Male,26-35,True
5012,https://api.dicebear.com/7.x/personas/jpg?seed=user1954&size=300,FAKE,Unknown,50+,True
3014,https://i.pravatar.cc/300?img=26,FAKE,Unknown,36-50,True
5018,https://api.dicebear.com/7.x/personas/jpg?seed=user1960&size=300,FAKE,Unknown,26-35,True
1165,https://images.unsplash.com/photo-1589552207803-c3247402952a?crop=entropy&cs=tinysrgb&fit=max&fm=jpg&ixid=M3w5NDQwMTV8MHwxfHNlYXJjaHw4NXx8d29tYW4lMjBmYWNlJTIwcG9ydHJhaXR8ZW58MHx8fHwxNzc4MDY1MjQ0fDA&ixlib=rb-4.1.0&q=80&w=1080,REAL,Unknown,36-50,True
5432,https://api.dicebear.com/7.x/personas/jpg?seed=user2374&size=300,FAKE,Unknown,18-25,True
4490,https://api.dicebear.com/7.x/personas/jpg?seed=user1432&size=300,FAKE,Unknown,26-35,True
1395,https://images.unsplash.com/photo-1561063764-fcbf429f9ba6?crop=entropy&cs=tinysrgb&fit=max&fm=jpg&ixid=M3w5NDQwMTV8MHwxfHNlYXJjaHwzMTV8fHdvbWFuJTIwZmFjZSUyMHBvcnRyYWl0fGVufDB8fHx8MTc3ODA2NTI2MXww&ixlib=rb-4.1.0&q=80&w=1080,REAL,Male,50+,True
1200,https://images.unsplash.com/photo-1629896295184-37343751c41c?crop=entropy&cs=tinysrgb&fit=max&fm=jpg&ixid=M3w5NDQwMTV8MHwxfHNlYXJjaHwxMjB8fHdvbWFuJTIwZmFjZSUyMHBvcnRyYWl0fGVufDB8fHx8MTc3ODA2NTI0Nnww&ixlib=rb-4.1.0&q=80&w=1080,REAL,Female,26-35,True
127,https://images.unsplash.com/photo-1611435334812-556711033ac9?crop=entropy&cs=tinysrgb&fit=max&fm=jpg&ixid=M3w5NDQwMTV8MHwxfHNlYXJjaHwxMjd8fGh1bWFuJTIwZmFjZSUyMHBvcnRyYWl0fGVufDB8fHx8MTc3ODA2NDcyNXww&ixlib=rb-4.1.0&q=80&w=1080,REAL,Female,18-25,True
5021,https://api.dicebear.com/7.x/personas/jpg?seed=user1963&size=300,FAKE,Unknown,36-50,True
751,https://images.unsplash.com/photo-1571262624963-c03bdef13a33?crop=entropy&cs=tinysrgb&fit=max&fm=jpg&ixid=M3w5NDQwMTV8MHwxfHNlYXJjaHwyNDF8fG1hbiUyMGZhY2UlMjBjbG9zZXVwfGVufDB8fHx8MTc3ODA2NTIxM3ww&ixlib=rb-4.1.0&q=80&w=1080,REAL,Male,50+,True
1274,https://images.unsplash.com/photo-1616571095258-b38b8ebc50b0?crop=entropy&cs=tinysrgb&fit=max&fm=jpg&ixid=M3w5NDQwMTV8MHwxfHNlYXJjaHwxOTR8fHdvbWFuJTIwZmFjZSUyMHBvcnRyYWl0fGVufDB8fHx8MTc3ODA2NTI1M3ww&ixlib=rb-4.1.0&q=80&w=1080,REAL,Female,18-25,True
1046,https://images.unsplash.com/photo-1569917964592-68730914d92c?crop=entropy&cs=tinysrgb&fit=max&fm=jpg&ixid=M3w5NDQwMTV8MHwxfHNlYXJjaHw1MzZ8fG1hbiUyMGZhY2UlMjBjbG9zZXVwfGVufDB8fHx8MTc3ODA2NTIzNHww&ixlib=rb-4.1.0&q=80&w=1080,REAL,Unknown,18-25,True
1989,https://images.unsplash.com/photo-1648500128151-e7cba1a0baf8?crop=entropy&cs=tinysrgb&fit=max&fm=jpg&ixid=M3w5NDQwMTV8MHwxfHNlYXJjaHwzMzl8fHBlcnNvbiUyMGZhY2UlMjBwaG90b3xlbnwwfHx8fDE3NzgwNjUzMDF8MA&ixlib=rb-4.1.0&q=80&w=1080,REAL,Male,18-25,True
4827,https://api.dicebear.com/7.x/personas/jpg?seed=user1769&size=300,FAKE,Unknown,18-25,True
2004,https://images.unsplash.com/photo-1648500128124-9101d372c0e0?crop=entropy&cs=tinysrgb&fit=max&fm=jpg&ixid=M3w5NDQwMTV8MHwxfHNlYXJjaHwzNTR8fHBlcnNvbiUyMGZhY2UlMjBwaG90b3xlbnwwfHx8fDE3NzgwNjUzMDF8MA&ixlib=rb-4.1.0&q=80&w=1080,REAL,Male,50+,True
4713,https://api.dicebear.com/7.x/personas/jpg?seed=user1655&size=300,FAKE,Unknown,50+,True
1744,https://images.unsplash.com/photo-1767617959691-a7984e75de3b?crop=entropy&cs=tinysrgb&fit=max&fm=jpg&ixid=M3w5NDQwMTV8MHwxfHNlYXJjaHw5NHx8cGVyc29uJTIwZmFjZSUyMHBob3RvfGVufDB8fHx8MTc3ODA2NTI4NHww&ixlib=rb-4.1.0&q=80&w=1080,REAL,Unknown,36-50,True
3688,https://api.dicebear.com/7.x/personas/jpg?seed=user630&size=300,FAKE,Unknown,50+,True
749,https://images.unsplash.com/photo-1758874383973-83166565759c?crop=entropy&cs=tinysrgb&fit=max&fm=jpg&ixid=M3w5NDQwMTV8MHwxfHNlYXJjaHwyMzl8fG1hbiUyMGZhY2UlMjBjbG9zZXVwfGVufDB8fHx8MTc3ODA2NTIxMXww&ixlib=rb-4.1.0&q=80&w=1080,REAL,Unknown,36-50,True
3485,https://api.dicebear.com/7.x/personas/jpg?seed=user427&size=300,FAKE,Unknown,36-50,True
2778,https://images.unsplash.com/photo-1588333779083-8ece1abf4547?crop=entropy&cs=tinysrgb&fit=max&fm=jpg&ixid=M3w5NDQwMTV8MHwxfHNlYXJjaHw1NTh8fGFkdWx0JTIwZmFjZSUyMHBob3RvfGVufDB8fHx8MTc3ODA2ODg3Nnww&ixlib=rb-4.1.0&q=80&w=1080,REAL,Unknown,26-35,True
4807,https://api.dicebear.com/7.x/personas/jpg?seed=user1749&size=300,FAKE,Unknown,26-35,True
5172,https://api.dicebear.com/7.x/personas/jpg?seed=user2114&size=300,FAKE,Unknown,18-25,True
5557,https://api.dicebear.com/7.x/personas/jpg?seed=user2499&size=300,FAKE,Unknown,36-50,True
418,https://images.unsplash.com/photo-1758600434324-41712d1f530e?crop=entropy&cs=tinysrgb&fit=max&fm=jpg&ixid=M3w5NDQwMTV8MHwxfHNlYXJjaHw0NDh8fGh1bWFuJTIwZmFjZSUyMHBvcnRyYWl0fGVufDB8fHx8MTc3ODA2NTAyMXww&ixlib=rb-4.1.0&q=80&w=1080,REAL,Male,50+,True
1620,https://images.unsplash.com/photo-1585049302925-b8042ef6f261?crop=entropy&cs=tinysrgb&fit=max&fm=jpg&ixid=M3w5NDQwMTV8MHwxfHNlYXJjaHw1NDB8fHdvbWFuJTIwZmFjZSUyMHBvcnRyYWl0fGVufDB8fHx8MTc3ODA2NTI3NHww&ixlib=rb-4.1.0&q=80&w=1080,REAL,Female,36-50,True
1785,https://images.unsplash.com/photo-1617047671901-34035b399153?crop=entropy&cs=tinysrgb&fit=max&fm=jpg&ixid=M3w5NDQwMTV8MHwxfHNlYXJjaHwxMzV8fHBlcnNvbiUyMGZhY2UlMjBwaG90b3xlbnwwfHx8fDE3NzgwNjUyODZ8MA&ixlib=rb-4.1.0&q=80&w=1080,REAL,Female,18-25,True
238,https://images.unsplash.com/photo-1727341555918-df1d76cbdbe0?crop=entropy&cs=tinysrgb&fit=max&fm=jpg&ixid=M3w5NDQwMTV8MHwxfHNlYXJjaHwyNjh8fGh1bWFuJTIwZmFjZSUyMHBvcnRyYWl0fGVufDB8fHx8MTc3ODA2NDg3MHww&ixlib=rb-4.1.0&q=80&w=1080,REAL,Unknown,50+,True
2860,https://randomuser.me/api/portraits/men/70.jpg,FAKE,Male,36-50,True
544,https://images.unsplash.com/photo-1602492314031-f35f1b450677?crop=entropy&cs=tinysrgb&fit=max&fm=jpg&ixid=M3w5NDQwMTV8MHwxfHNlYXJjaHw0fHxtYW4lMjBmYWNlJTIwY2xvc2V1cHxlbnwwfHx8fDE3NzgwNjUwNjN8MA&ixlib=rb-4.1.0&q=80&w=1080,REAL,Unknown,18-25,True
5461,https://api.dicebear.com/7.x/personas/jpg?seed=user2403&size=300,FAKE,Unknown,36-50,True
3809,https://api.dicebear.com/7.x/personas/jpg?seed=user751&size=300,FAKE,Unknown,50+,True
4924,https://api.dicebear.com/7.x/personas/jpg?seed=user1866&size=300,FAKE,Unknown,26-35,True
426,https://images.unsplash.com/photo-1714023498660-e4c470b285b7?crop=entropy&cs=tinysrgb&fit=max&fm=jpg&ixid=M3w5NDQwMTV8MHwxfHNlYXJjaHw0NTZ8fGh1bWFuJTIwZmFjZSUyMHBvcnRyYWl0fGVufDB8fHx8MTc3ODA2NTAzM3ww&ixlib=rb-4.1.0&q=80&w=1080,REAL,Male,18-25,True
1502,https://images.unsplash.com/photo-1618780943655-cdc2219fee56?crop=entropy&cs=tinysrgb&fit=max&fm=jpg&ixid=M3w5NDQwMTV8MHwxfHNlYXJjaHw0MjJ8fHdvbWFuJTIwZmFjZSUyMHBvcnRyYWl0fGVufDB8fHx8MTc3ODA2NTI2OXww&ixlib=rb-4.1.0&q=80&w=1080,REAL,Unknown,50+,True
1504,https://images.unsplash.com/photo-1545185444-3c6bffcf6ed2?crop=entropy&cs=tinysrgb&fit=max&fm=jpg&ixid=M3w5NDQwMTV8MHwxfHNlYXJjaHw0MjR8fHdvbWFuJTIwZmFjZSUyMHBvcnRyYWl0fGVufDB8fHx8MTc3ODA2NTI2OXww&ixlib=rb-4.1.0&q=80&w=1080,REAL,Male,50+,True
2121,https://images.unsplash.com/photo-1597124926410-071909e0db1e?crop=entropy&cs=tinysrgb&fit=max&fm=jpg&ixid=M3w5NDQwMTV8MHwxfHNlYXJjaHw0NzF8fHBlcnNvbiUyMGZhY2UlMjBwaG90b3xlbnwwfHx8fDE3NzgwNjUzMTB8MA&ixlib=rb-4.1.0&q=80&w=1080,REAL,Male,36-50,True
3856,https://api.dicebear.com/7.x/personas/jpg?seed=user798&size=300,FAKE,Unknown,36-50,True
3729,https://api.dicebear.com/7.x/personas/jpg?seed=user671&size=300,FAKE,Unknown,18-25,True
4315,https://api.dicebear.com/7.x/personas/jpg?seed=user1257&size=300,FAKE,Unknown,26-35,True
1856,https://images.unsplash.com/photo-1634402153378-16bd852cd046?crop=entropy&cs=tinysrgb&fit=max&fm=jpg&ixid=M3w5NDQwMTV8MHwxfHNlYXJjaHwyMDZ8fHBlcnNvbiUyMGZhY2UlMjBwaG90b3xlbnwwfHx8fDE3NzgwNjUyOTB8MA&ixlib=rb-4.1.0&q=80&w=1080,REAL,Female,26-35,True
3476,https://api.dicebear.com/7.x/personas/jpg?seed=user418&size=300,FAKE,Unknown,36-50,True
2903,https://randomuser.me/api/portraits/women/14.jpg,FAKE,Female,36-50,True
3364,https://api.dicebear.com/7.x/personas/jpg?seed=user306&size=300,FAKE,Unknown,26-35,True
4204,https://api.dicebear.com/7.x/personas/jpg?seed=user1146&size=300,FAKE,Unknown,26-35,True
3767,https://api.dicebear.com/7.x/personas/jpg?seed=user709&size=300,FAKE,Unknown,18-25,True
4203,https://api.dicebear.com/7.x/personas/jpg?seed=user1145&size=300,FAKE,Unknown,36-50,True
2625,https://images.unsplash.com/photo-1570553205083-56e0a16842bf?crop=entropy&cs=tinysrgb&fit=max&fm=jpg&ixid=M3w5NDQwMTV8MHwxfHNlYXJjaHw0MDV8fGFkdWx0JTIwZmFjZSUyMHBob3RvfGVufDB8fHx8MTc3ODA2ODg2MXww&ixlib=rb-4.1.0&q=80&w=1080,REAL,Female,36-50,True
2158,https://images.unsplash.com/photo-1726741695246-e71ed81a6a34?crop=entropy&cs=tinysrgb&fit=max&fm=jpg&ixid=M3w5NDQwMTV8MHwxfHNlYXJjaHw1MDh8fHBlcnNvbiUyMGZhY2UlMjBwaG90b3xlbnwwfHx8fDE3NzgwNjUzMTN8MA&ixlib=rb-4.1.0&q=80&w=1080,REAL,Female,26-35,True
3334,https://api.dicebear.com/7.x/personas/jpg?seed=user276&size=300,FAKE,Unknown,50+,True
4752,https://api.dicebear.com/7.x/personas/jpg?seed=user1694&size=300,FAKE,Unknown,50+,True
5039,https://api.dicebear.com/7.x/personas/jpg?seed=user1981&size=300,FAKE,Unknown,18-25,True
789,https://images.unsplash.com/photo-1612719795150-b2971839afbe?crop=entropy&cs=tinysrgb&fit=max&fm=jpg&ixid=M3w5NDQwMTV8MHwxfHNlYXJjaHwyNzl8fG1hbiUyMGZhY2UlMjBjbG9zZXVwfGVufDB8fHx8MTc3ODA2NTIxNnww&ixlib=rb-4.1.0&q=80&w=1080,REAL,Male,26-35,True
4957,https://api.dicebear.com/7.x/personas/jpg?seed=user1899&size=300,FAKE,Unknown,26-35,True
3124,https://api.dicebear.com/7.x/personas/jpg?seed=user66&size=300,FAKE,Unknown,26-35,True
1546,https://images.unsplash.com/photo-1631377307692-36a9b6ae3ef6?crop=entropy&cs=tinysrgb&fit=max&fm=jpg&ixid=M3w5NDQwMTV8MHwxfHNlYXJjaHw0NjZ8fHdvbWFuJTIwZmFjZSUyMHBvcnRyYWl0fGVufDB8fHx8MTc3ODA2NTI3MXww&ixlib=rb-4.1.0&q=80&w=1080,REAL,Female,26-35,True
639,https://images.unsplash.com/photo-1628653955906-609d5e8ecf76?crop=entropy&cs=tinysrgb&fit=max&fm=jpg&ixid=M3w5NDQwMTV8MHwxfHNlYXJjaHw5OXx8bWFuJTIwZmFjZSUyMGNsb3NldXB8ZW58MHx8fHwxNzc4MDY1MDg0fDA&ixlib=rb-4.1.0&q=80&w=1080,REAL,Male,26-35,True
4227,https://api.dicebear.com/7.x/personas/jpg?seed=user1169&size=300,FAKE,Unknown,50+,True
5210,https://api.dicebear.com/7.x/personas/jpg?seed=user2152&size=300,FAKE,Unknown,50+,True
919,https://images.unsplash.com/photo-1614179927453-b9f340aa0a83?crop=entropy&cs=tinysrgb&fit=max&fm=jpg&ixid=M3w5NDQwMTV8MHwxfHNlYXJjaHw0MDl8fG1hbiUyMGZhY2UlMjBjbG9zZXVwfGVufDB8fHx8MTc3ODA2NTIyNnww&ixlib=rb-4.1.0&q=80&w=1080,REAL,Unknown,18-25,True
3090,https://api.dicebear.com/7.x/personas/jpg?seed=user32&size=300,FAKE,Unknown,18-25,True
30,https://images.unsplash.com/photo-1652549752120-d9beb4c86bd4?crop=entropy&cs=tinysrgb&fit=max&fm=jpg&ixid=M3w5NDQwMTV8MHwxfHNlYXJjaHwzMHx8aHVtYW4lMjBmYWNlJTIwcG9ydHJhaXR8ZW58MHx8fHwxNzc4MDY0Njg3fDA&ixlib=rb-4.1.0&q=80&w=1080,REAL,Male,50+,True
3881,https://api.dicebear.com/7.x/personas/jpg?seed=user823&size=300,FAKE,Unknown,36-50,True
54,https://images.unsplash.com/photo-1567226028592-471d722e26ef?crop=entropy&cs=tinysrgb&fit=max&fm=jpg&ixid=M3w5NDQwMTV8MHwxfHNlYXJjaHw1NHx8aHVtYW4lMjBmYWNlJTIwcG9ydHJhaXR8ZW58MHx8fHwxNzc4MDY0NzA2fDA&ixlib=rb-4.1.0&q=80&w=1080,REAL,Female,26-35,True
5553,https://api.dicebear.com/7.x/personas/jpg?seed=user2495&size=300,FAKE,Unknown,18-25,True
2570,https://images.unsplash.com/photo-1625426193702-15200f5c008f?crop=entropy&cs=tinysrgb&fit=max&fm=jpg&ixid=M3w5NDQwMTV8MHwxfHNlYXJjaHwzNTB8fGFkdWx0JTIwZmFjZSUyMHBob3RvfGVufDB8fHx8MTc3ODA2ODg1NXww&ixlib=rb-4.1.0&q=80&w=1080,REAL,Female,36-50,True
44,https://images.unsplash.com/photo-1647058506318-b57fba286105?crop=entropy&cs=tinysrgb&fit=max&fm=jpg&ixid=M3w5NDQwMTV8MHwxfHNlYXJjaHw0NHx8aHVtYW4lMjBmYWNlJTIwcG9ydHJhaXR8ZW58MHx8fHwxNzc4MDY0NzA2fDA&ixlib=rb-4.1.0&q=80&w=1080,REAL,Unknown,18-25,True
2888,https://randomuser.me/api/portraits/men/98.jpg,FAKE,Male,50+,True
1695,https://images.unsplash.com/photo-1646593566754-33812d8de899?crop=entropy&cs=tinysrgb&fit=max&fm=jpg&ixid=M3w5NDQwMTV8MHwxfHNlYXJjaHw0NXx8cGVyc29uJTIwZmFjZSUyMHBob3RvfGVufDB8fHx8MTc3ODA2NTI4MHww&ixlib=rb-4.1.0&q=80&w=1080,REAL,Unknown,18-25,True
4566,https://api.dicebear.com/7.x/personas/jpg?seed=user1508&size=300,FAKE,Unknown,50+,True
5147,https://api.dicebear.com/7.x/personas/jpg?seed=user2089&size=300,FAKE,Unknown,18-25,True
1554,https://images.unsplash.com/photo-1560098332-0455d6f13087?crop=entropy&cs=tinysrgb&fit=max&fm=jpg&ixid=M3w5NDQwMTV8MHwxfHNlYXJjaHw0NzR8fHdvbWFuJTIwZmFjZSUyMHBvcnRyYWl0fGVufDB8fHx8MTc3ODA2NTI3MXww&ixlib=rb-4.1.0&q=80&w=1080,REAL,Male,18-25,True
2899,https://randomuser.me/api/portraits/women/10.jpg,FAKE,Female,50+,True
5474,https://api.dicebear.com/7.x/personas/jpg?seed=user2416&size=300,FAKE,Unknown,18-25,True
4987,https://api.dicebear.com/7.x/personas/jpg?seed=user1929&size=300,FAKE,Unknown,18-25,True
1870,https://images.unsplash.com/photo-1585202600732-4cc815aebdf8?crop=entropy&cs=tinysrgb&fit=max&fm=jpg&ixid=M3w5NDQwMTV8MHwxfHNlYXJjaHwyMjB8fHBlcnNvbiUyMGZhY2UlMjBwaG90b3xlbnwwfHx8fDE3NzgwNjUyOTJ8MA&ixlib=rb-4.1.0&q=80&w=1080,REAL,Unknown,50+,True
1343,https://images.unsplash.com/photo-1637690113767-d74b998a5e0c?crop=entropy&cs=tinysrgb&fit=max&fm=jpg&ixid=M3w5NDQwMTV8MHwxfHNlYXJjaHwyNjN8fHdvbWFuJTIwZmFjZSUyMHBvcnRyYWl0fGVufDB8fHx8MTc3ODA2NTI1N3ww&ixlib=rb-4.1.0&q=80&w=1080,REAL,Male,26-35,True
2348,https://images.unsplash.com/photo-1728567813223-ba7b1404c9f9?crop=entropy&cs=tinysrgb&fit=max&fm=jpg&ixid=M3w5NDQwMTV8MHwxfHNlYXJjaHwxMjh8fGFkdWx0JTIwZmFjZSUyMHBob3RvfGVufDB8fHx8MTc3ODA2ODg0MHww&ixlib=rb-4.1.0&q=80&w=1080,REAL,Male,18-25,True
1436,https://images.unsplash.com/photo-1725144118950-44dc92db3f09?crop=entropy&cs=tinysrgb&fit=max&fm=jpg&ixid=M3w5NDQwMTV8MHwxfHNlYXJjaHwzNTZ8fHdvbWFuJTIwZmFjZSUyMHBvcnRyYWl0fGVufDB8fHx8MTc3ODA2NTI2M3ww&ixlib=rb-4.1.0&q=80&w=1080,REAL,Female,36-50,True
3438,https://api.dicebear.com/7.x/personas/jpg?seed=user380&size=300,FAKE,Unknown,26-35,True
5447,https://api.dicebear.com/7.x/personas/jpg?seed=user2389&size=300,FAKE,Unknown,26-35,True
3234,https://api.dicebear.com/7.x/personas/jpg?seed=user176&size=300,FAKE,Unknown,50+,True
3638,https://api.dicebear.com/7.x/personas/jpg?seed=user580&size=300,FAKE,Unknown,50+,True
5468,https://api.dicebear.com/7.x/personas/jpg?seed=user2410&size=300,FAKE,Unknown,50+,True
2048,https://images.unsplash.com/photo-1645968094392-93803370ed67?crop=entropy&cs=tinysrgb&fit=max&fm=jpg&ixid=M3w5NDQwMTV8MHwxfHNlYXJjaHwzOTh8fHBlcnNvbiUyMGZhY2UlMjBwaG90b3xlbnwwfHx8fDE3NzgwNjUzMDV8MA&ixlib=rb-4.1.0&q=80&w=1080,REAL,Female,26-35,True
272,https://images.unsplash.com/photo-1584464341079-68652a00b284?crop=entropy&cs=tinysrgb&fit=max&fm=jpg&ixid=M3w5NDQwMTV8MHwxfHNlYXJjaHwzMDJ8fGh1bWFuJTIwZmFjZSUyMHBvcnRyYWl0fGVufDB8fHx8MTc3ODA2NDk4N3ww&ixlib=rb-4.1.0&q=80&w=1080,REAL,Female,50+,True
4156,https://api.dicebear.com/7.x/personas/jpg?seed=user1098&size=300,FAKE,Unknown,18-25,True
306,https://images.unsplash.com/photo-1626963100598-5aba4ad154a3?crop=entropy&cs=tinysrgb&fit=max&fm=jpg&ixid=M3w5NDQwMTV8MHwxfHNlYXJjaHwzMzZ8fGh1bWFuJTIwZmFjZSUyMHBvcnRyYWl0fGVufDB8fHx8MTc3ODA2NDk5MHww&ixlib=rb-4.1.0&q=80&w=1080,REAL,Male,26-35,True
2361,https://images.unsplash.com/photo-1729517664974-8949fde5f617?crop=entropy&cs=tinysrgb&fit=max&fm=jpg&ixid=M3w5NDQwMTV8MHwxfHNlYXJjaHwxNDF8fGFkdWx0JTIwZmFjZSUyMHBob3RvfGVufDB8fHx8MTc3ODA2ODg0MHww&ixlib=rb-4.1.0&q=80&w=1080,REAL,Unknown,18-25,True
1435,https://images.unsplash.com/photo-1628757067674-27630549b69d?crop=entropy&cs=tinysrgb&fit=max&fm=jpg&ixid=M3w5NDQwMTV8MHwxfHNlYXJjaHwzNTV8fHdvbWFuJTIwZmFjZSUyMHBvcnRyYWl0fGVufDB8fHx8MTc3ODA2NTI2M3ww&ixlib=rb-4.1.0&q=80&w=1080,REAL,Male,50+,True
693,https://images.unsplash.com/photo-1694015770845-89f7a3981451?crop=entropy&cs=tinysrgb&fit=max&fm=jpg&ixid=M3w5NDQwMTV8MHwxfHNlYXJjaHwxODN8fG1hbiUyMGZhY2UlMjBjbG9zZXVwfGVufDB8fHx8MTc3ODA2NTIwOXww&ixlib=rb-4.1.0&q=80&w=1080,REAL,Unknown,36-50,True
155,https://images.unsplash.com/photo-1646795203092-02a581387f25?crop=entropy&cs=tinysrgb&fit=max&fm=jpg&ixid=M3w5NDQwMTV8MHwxfHNlYXJjaHwxNTV8fGh1bWFuJTIwZmFjZSUyMHBvcnRyYWl0fGVufDB8fHx8MTc3ODA2NDc0OXww&ixlib=rb-4.1.0&q=80&w=1080,REAL,Male,50+,True
777,https://images.unsplash.com/photo-1776998584268-c6d0d6cfbfa7?crop=entropy&cs=tinysrgb&fit=max&fm=jpg&ixid=M3w5NDQwMTV8MHwxfHNlYXJjaHwyNjd8fG1hbiUyMGZhY2UlMjBjbG9zZXVwfGVufDB8fHx8MTc3ODA2NTIxM3ww&ixlib=rb-4.1.0&q=80&w=1080,REAL,Unknown,18-25,True
4727,https://api.dicebear.com/7.x/personas/jpg?seed=user1669&size=300,FAKE,Unknown,50+,True
1671,https://images.unsplash.com/photo-1633623163142-698bf3fe5062?crop=entropy&cs=tinysrgb&fit=max&fm=jpg&ixid=M3w5NDQwMTV8MHwxfHNlYXJjaHwyMXx8cGVyc29uJTIwZmFjZSUyMHBob3RvfGVufDB8fHx8MTc3ODA2NTI3OHww&ixlib=rb-4.1.0&q=80&w=1080,REAL,Unknown,26-35,True
2725,https://images.unsplash.com/photo-1617746652804-f48af8e91ebc?crop=entropy&cs=tinysrgb&fit=max&fm=jpg&ixid=M3w5NDQwMTV8MHwxfHNlYXJjaHw1MDV8fGFkdWx0JTIwZmFjZSUyMHBob3RvfGVufDB8fHx8MTc3ODA2ODg3MXww&ixlib=rb-4.1.0&q=80&w=1080,REAL,Male,50+,True
2824,https://randomuser.me/api/portraits/men/34.jpg,FAKE,Male,36-50,True
1145,https://images.unsplash.com/photo-1642504425405-f40b136bf5c5?crop=entropy&cs=tinysrgb&fit=max&fm=jpg&ixid=M3w5NDQwMTV8MHwxfHNlYXJjaHw2NXx8d29tYW4lMjBmYWNlJTIwcG9ydHJhaXR8ZW58MHx8fHwxNzc4MDY1MjQ0fDA&ixlib=rb-4.1.0&q=80&w=1080,REAL,Female,18-25,True
1425,https://images.unsplash.com/photo-1605661363111-5e415073cdd8?crop=entropy&cs=tinysrgb&fit=max&fm=jpg&ixid=M3w5NDQwMTV8MHwxfHNlYXJjaHwzNDV8fHdvbWFuJTIwZmFjZSUyMHBvcnRyYWl0fGVufDB8fHx8MTc3ODA2NTI2M3ww&ixlib=rb-4.1.0&q=80&w=1080,REAL,Unknown,26-35,True
1593,https://images.unsplash.com/photo-1679950819164-4c7564710346?crop=entropy&cs=tinysrgb&fit=max&fm=jpg&ixid=M3w5NDQwMTV8MHwxfHNlYXJjaHw1MTN8fHdvbWFuJTIwZmFjZSUyMHBvcnRyYWl0fGVufDB8fHx8MTc3ODA2NTI3NHww&ixlib=rb-4.1.0&q=80&w=1080,REAL,Male,36-50,True
1089,https://images.unsplash.com/photo-1647957867246-278e4d0f23fa?crop=entropy&cs=tinysrgb&fit=max&fm=jpg&ixid=M3w5NDQwMTV8MHwxfHNlYXJjaHw5fHx3b21hbiUyMGZhY2UlMjBwb3J0cmFpdHxlbnwwfHx8fDE3NzgwNjUyMzl8MA&ixlib=rb-4.1.0&q=80&w=1080,REAL,Male,36-50,True
3536,https://api.dicebear.com/7.x/personas/jpg?seed=user478&size=300,FAKE,Unknown,50+,True
2653,https://images.unsplash.com/photo-1644791896768-686a06912fd4?crop=entropy&cs=tinysrgb&fit=max&fm=jpg&ixid=M3w5NDQwMTV8MHwxfHNlYXJjaHw0MzN8fGFkdWx0JTIwZmFjZSUyMHBob3RvfGVufDB8fHx8MTc3ODA2ODg2NHww&ixlib=rb-4.1.0&q=80&w=1080,REAL,Female,18-25,True
5294,https://api.dicebear.com/7.x/personas/jpg?seed=user2236&size=300,FAKE,Unknown,50+,True
276,https://images.unsplash.com/photo-1597094665178-a8ecb785a82a?crop=entropy&cs=tinysrgb&fit=max&fm=jpg&ixid=M3w5NDQwMTV8MHwxfHNlYXJjaHwzMDZ8fGh1bWFuJTIwZmFjZSUyMHBvcnRyYWl0fGVufDB8fHx8MTc3ODA2NDk4N3ww&ixlib=rb-4.1.0&q=80&w=1080,REAL,Male,36-50,True
2845,https://randomuser.me/api/portraits/men/55.jpg,FAKE,Male,18-25,True
3816,https://api.dicebear.com/7.x/personas/jpg?seed=user758&size=300,FAKE,Unknown,36-50,True
1806,https://images.unsplash.com/photo-1552495787-ad94c3a760a2?crop=entropy&cs=tinysrgb&fit=max&fm=jpg&ixid=M3w5NDQwMTV8MHwxfHNlYXJjaHwxNTZ8fHBlcnNvbiUyMGZhY2UlMjBwaG90b3xlbnwwfHx8fDE3NzgwNjUyODh8MA&ixlib=rb-4.1.0&q=80&w=1080,REAL,Female,36-50,True
152,https://images.unsplash.com/photo-1631015225323-0b0afd716ae8?crop=entropy&cs=tinysrgb&fit=max&fm=jpg&ixid=M3w5NDQwMTV8MHwxfHNlYXJjaHwxNTJ8fGh1bWFuJTIwZmFjZSUyMHBvcnRyYWl0fGVufDB8fHx8MTc3ODA2NDc0OXww&ixlib=rb-4.1.0&q=80&w=1080,REAL,Female,50+,True
5343,https://api.dicebear.com/7.x/personas/jpg?seed=user2285&size=300,FAKE,Unknown,36-50,True
5521,https://api.dicebear.com/7.x/personas/jpg?seed=user2463&size=300,FAKE,Unknown,36-50,True
5169,https://api.dicebear.com/7.x/personas/jpg?seed=user2111&size=300,FAKE,Unknown,26-35,True
1594,https://images.unsplash.com/photo-1755332172411-cb42f4da5065?crop=entropy&cs=tinysrgb&fit=max&fm=jpg&ixid=M3w5NDQwMTV8MHwxfHNlYXJjaHw1MTR8fHdvbWFuJTIwZmFjZSUyMHBvcnRyYWl0fGVufDB8fHx8MTc3ODA2NTI3NHww&ixlib=rb-4.1.0&q=80&w=1080,REAL,Female,18-25,True
5402,https://api.dicebear.com/7.x/personas/jpg?seed=user2344&size=300,FAKE,Unknown,36-50,True
2364,https://images.unsplash.com/photo-1726741696458-136916da091b?crop=entropy&cs=tinysrgb&fit=max&fm=jpg&ixid=M3w5NDQwMTV8MHwxfHNlYXJjaHwxNDR8fGFkdWx0JTIwZmFjZSUyMHBob3RvfGVufDB8fHx8MTc3ODA2ODg0MHww&ixlib=rb-4.1.0&q=80&w=1080,REAL,Male,26-35,True
4929,https://api.dicebear.com/7.x/personas/jpg?seed=user1871&size=300,FAKE,Unknown,36-50,True
3512,https://api.dicebear.com/7.x/personas/jpg?seed=user454&size=300,FAKE,Unknown,50+,True
1076,https://images.unsplash.com/photo-1533384964163-eab31c5ea103?crop=entropy&cs=tinysrgb&fit=max&fm=jpg&ixid=M3w5NDQwMTV8MHwxfHNlYXJjaHw1NjZ8fG1hbiUyMGZhY2UlMjBjbG9zZXVwfGVufDB8fHx8MTc3ODA2NTIzNnww&ixlib=rb-4.1.0&q=80&w=1080,REAL,Female,26-35,True
1975,https://images.unsplash.com/photo-1730925393994-32cc03584f57?crop=entropy&cs=tinysrgb&fit=max&fm=jpg&ixid=M3w5NDQwMTV8MHwxfHNlYXJjaHwzMjV8fHBlcnNvbiUyMGZhY2UlMjBwaG90b3xlbnwwfHx8fDE3NzgwNjUyOTl8MA&ixlib=rb-4.1.0&q=80&w=1080,REAL,Male,18-25,True
3261,https://api.dicebear.com/7.x/personas/jpg?seed=user203&size=300,FAKE,Unknown,18-25,True
3549,https://api.dicebear.com/7.x/personas/jpg?seed=user491&size=300,FAKE,Unknown,18-25,True
5230,https://api.dicebear.com/7.x/personas/jpg?seed=user2172&size=300,FAKE,Unknown,36-50,True
4556,https://api.dicebear.com/7.x/personas/jpg?seed=user1498&size=300,FAKE,Unknown,18-25,True
4074,https://api.dicebear.com/7.x/personas/jpg?seed=user1016&size=300,FAKE,Unknown,26-35,True
3900,https://api.dicebear.com/7.x/personas/jpg?seed=user842&size=300,FAKE,Unknown,18-25,True
5372,https://api.dicebear.com/7.x/personas/jpg?seed=user2314&size=300,FAKE,Unknown,36-50,True
6,https://images.unsplash.com/photo-1724225618691-ff4daa0915a5?crop=entropy&cs=tinysrgb&fit=max&fm=jpg&ixid=M3w5NDQwMTV8MHwxfHNlYXJjaHw2fHxodW1hbiUyMGZhY2UlMjBwb3J0cmFpdHxlbnwwfHx8fDE3NzgwNjQ2ODd8MA&ixlib=rb-4.1.0&q=80&w=1080,REAL,Unknown,50+,True
3056,https://i.pravatar.cc/300?img=68,FAKE,Unknown,18-25,True
2232,https://images.unsplash.com/photo-1711913322813-fd6f3c039e06?crop=entropy&cs=tinysrgb&fit=max&fm=jpg&ixid=M3w5NDQwMTV8MHwxfHNlYXJjaHwxMnx8YWR1bHQlMjBmYWNlJTIwcGhvdG98ZW58MHx8fHwxNzc4MDY4ODMyfDA&ixlib=rb-4.1.0&q=80&w=1080,REAL,Unknown,26-35,True
1156,https://images.unsplash.com/photo-1647740356588-0891151bc56e?crop=entropy&cs=tinysrgb&fit=max&fm=jpg&ixid=M3w5NDQwMTV8MHwxfHNlYXJjaHw3Nnx8d29tYW4lMjBmYWNlJTIwcG9ydHJhaXR8ZW58MHx8fHwxNzc4MDY1MjQ0fDA&ixlib=rb-4.1.0&q=80&w=1080,REAL,Unknown,18-25,True
2572,https://images.unsplash.com/photo-1603346133925-f81519e36f7c?crop=entropy&cs=tinysrgb&fit=max&fm=jpg&ixid=M3w5NDQwMTV8MHwxfHNlYXJjaHwzNTJ8fGFkdWx0JTIwZmFjZSUyMHBob3RvfGVufDB8fHx8MTc3ODA2ODg1NXww&ixlib=rb-4.1.0&q=80&w=1080,REAL,Unknown,18-25,True
3765,https://api.dicebear.com/7.x/personas/jpg?seed=user707&size=300,FAKE,Unknown,26-35,True
5368,https://api.dicebear.com/7.x/personas/jpg?seed=user2310&size=300,FAKE,Unknown,36-50,True
484,https://images.unsplash.com/photo-1585718540843-11b15b63a18f?crop=entropy&cs=tinysrgb&fit=max&fm=jpg&ixid=M3w5NDQwMTV8MHwxfHNlYXJjaHw1MTR8fGh1bWFuJTIwZmFjZSUyMHBvcnRyYWl0fGVufDB8fHx8MTc3ODA2NTA0OXww&ixlib=rb-4.1.0&q=80&w=1080,REAL,Unknown,36-50,True
1958,https://images.unsplash.com/photo-1648484860038-ed59f4992d9e?crop=entropy&cs=tinysrgb&fit=max&fm=jpg&ixid=M3w5NDQwMTV8MHwxfHNlYXJjaHwzMDh8fHBlcnNvbiUyMGZhY2UlMjBwaG90b3xlbnwwfHx8fDE3NzgwNjUyOTl8MA&ixlib=rb-4.1.0&q=80&w=1080,REAL,Unknown,18-25,True
917,https://images.unsplash.com/photo-1534401683810-9b9984ba066e?crop=entropy&cs=tinysrgb&fit=max&fm=jpg&ixid=M3w5NDQwMTV8MHwxfHNlYXJjaHw0MDd8fG1hbiUyMGZhY2UlMjBjbG9zZXVwfGVufDB8fHx8MTc3ODA2NTIyNnww&ixlib=rb-4.1.0&q=80&w=1080,REAL,Female,36-50,True
4535,https://api.dicebear.com/7.x/personas/jpg?seed=user1477&size=300,FAKE,Unknown,50+,True
2518,https://images.unsplash.com/photo-1754794084957-55cd12d9be45?crop=entropy&cs=tinysrgb&fit=max&fm=jpg&ixid=M3w5NDQwMTV8MHwxfHNlYXJjaHwyOTh8fGFkdWx0JTIwZmFjZSUyMHBob3RvfGVufDB8fHx8MTc3ODA2ODg1MXww&ixlib=rb-4.1.0&q=80&w=1080,REAL,Male,36-50,True
2157,https://images.unsplash.com/photo-1635892267985-a66a54058438?crop=entropy&cs=tinysrgb&fit=max&fm=jpg&ixid=M3w5NDQwMTV8MHwxfHNlYXJjaHw1MDd8fHBlcnNvbiUyMGZhY2UlMjBwaG90b3xlbnwwfHx8fDE3NzgwNjUzMTN8MA&ixlib=rb-4.1.0&q=80&w=1080,REAL,Female,18-25,True
5437,https://api.dicebear.com/7.x/personas/jpg?seed=user2379&size=300,FAKE,Unknown,50+,True
2209,https://images.unsplash.com/photo-1758523981310-0f45f27a8a1e?crop=entropy&cs=tinysrgb&fit=max&fm=jpg&ixid=M3w5NDQwMTV8MHwxfHNlYXJjaHw1NTl8fHlvdW5nJTIwcGVyc29uJTIwZmFjZXxlbnwwfHx8fDE3NzgwNjg4MzB8MA&ixlib=rb-4.1.0&q=80&w=1080,REAL,Male,36-50,True
1168,https://images.unsplash.com/photo-1623317147116-304818702516?crop=entropy&cs=tinysrgb&fit=max&fm=jpg&ixid=M3w5NDQwMTV8MHwxfHNlYXJjaHw4OHx8d29tYW4lMjBmYWNlJTIwcG9ydHJhaXR8ZW58MHx8fHwxNzc4MDY1MjQ0fDA&ixlib=rb-4.1.0&q=80&w=1080,REAL,Unknown,36-50,True
2591,https://images.unsplash.com/photo-1650213235324-6ecea23acca0?crop=entropy&cs=tinysrgb&fit=max&fm=jpg&ixid=M3w5NDQwMTV8MHwxfHNlYXJjaHwzNzF8fGFkdWx0JTIwZmFjZSUyMHBob3RvfGVufDB8fHx8MTc3ODA2ODg1OHww&ixlib=rb-4.1.0&q=80&w=1080,REAL,Unknown,50+,True
3784,https://api.dicebear.com/7.x/personas/jpg?seed=user726&size=300,FAKE,Unknown,50+,True
1933,https://images.unsplash.com/photo-1648484859948-6c6f5a39b7eb?crop=entropy&cs=tinysrgb&fit=max&fm=jpg&ixid=M3w5NDQwMTV8MHwxfHNlYXJjaHwyODN8fHBlcnNvbiUyMGZhY2UlMjBwaG90b3xlbnwwfHx8fDE3NzgwNjUyOTd8MA&ixlib=rb-4.1.0&q=80&w=1080,REAL,Female,50+,True
3605,https://api.dicebear.com/7.x/personas/jpg?seed=user547&size=300,FAKE,Unknown,26-35,True
162,https://images.unsplash.com/photo-1633623163142-698bf3fe5062?crop=entropy&cs=tinysrgb&fit=max&fm=jpg&ixid=M3w5NDQwMTV8MHwxfHNlYXJjaHwxNjJ8fGh1bWFuJTIwZmFjZSUyMHBvcnRyYWl0fGVufDB8fHx8MTc3ODA2NDc0OXww&ixlib=rb-4.1.0&q=80&w=1080,REAL,Female,18-25,True
3613,https://api.dicebear.com/7.x/personas/jpg?seed=user555&size=300,FAKE,Unknown,18-25,True
4294,https://api.dicebear.com/7.x/personas/jpg?seed=user1236&size=300,FAKE,Unknown,36-50,True
1405,https://images.unsplash.com/photo-1641227073830-06873536933e?crop=entropy&cs=tinysrgb&fit=max&fm=jpg&ixid=M3w5NDQwMTV8MHwxfHNlYXJjaHwzMjV8fHdvbWFuJTIwZmFjZSUyMHBvcnRyYWl0fGVufDB8fHx8MTc3ODA2NTI2MXww&ixlib=rb-4.1.0&q=80&w=1080,REAL,Unknown,50+,True
5357,https://api.dicebear.com/7.x/personas/jpg?seed=user2299&size=300,FAKE,Unknown,26-35,True
2211,https://images.unsplash.com/photo-1762796159134-f4c079daae28?crop=entropy&cs=tinysrgb&fit=max&fm=jpg&ixid=M3w5NDQwMTV8MHwxfHNlYXJjaHw1NjF8fHlvdW5nJTIwcGVyc29uJTIwZmFjZXxlbnwwfHx8fDE3NzgwNjg4MzB8MA&ixlib=rb-4.1.0&q=80&w=1080,REAL,Unknown,26-35,True
5285,https://api.dicebear.com/7.x/personas/jpg?seed=user2227&size=300,FAKE,Unknown,18-25,True
413,https://images.unsplash.com/photo-1557236027-bdcccd767dc5?crop=entropy&cs=tinysrgb&fit=max&fm=jpg&ixid=M3w5NDQwMTV8MHwxfHNlYXJjaHw0NDN8fGh1bWFuJTIwZmFjZSUyMHBvcnRyYWl0fGVufDB8fHx8MTc3ODA2NTAyMXww&ixlib=rb-4.1.0&q=80&w=1080,REAL,Unknown,18-25,True
4938,https://api.dicebear.com/7.x/personas/jpg?seed=user1880&size=300,FAKE,Unknown,18-25,True
14,https://images.unsplash.com/photo-1724225619075-3b71ea8af662?crop=entropy&cs=tinysrgb&fit=max&fm=jpg&ixid=M3w5NDQwMTV8MHwxfHNlYXJjaHwxNHx8aHVtYW4lMjBmYWNlJTIwcG9ydHJhaXR8ZW58MHx8fHwxNzc4MDY0Njg3fDA&ixlib=rb-4.1.0&q=80&w=1080,REAL,Female,18-25,True
4909,https://api.dicebear.com/7.x/personas/jpg?seed=user1851&size=300,FAKE,Unknown,18-25,True
1581,https://images.unsplash.com/photo-1663670761152-3b9f3edfdefc?crop=entropy&cs=tinysrgb&fit=max&fm=jpg&ixid=M3w5NDQwMTV8MHwxfHNlYXJjaHw1MDF8fHdvbWFuJTIwZmFjZSUyMHBvcnRyYWl0fGVufDB8fHx8MTc3ODA2NTI3M3ww&ixlib=rb-4.1.0&q=80&w=1080,REAL,Male,36-50,True
4157,https://api.dicebear.com/7.x/personas/jpg?seed=user1099&size=300,FAKE,Unknown,18-25,True
3445,https://api.dicebear.com/7.x/personas/jpg?seed=user387&size=300,FAKE,Unknown,18-25,True
1174,https://images.unsplash.com/photo-1636393915487-b4a4b0cc88c3?crop=entropy&cs=tinysrgb&fit=max&fm=jpg&ixid=M3w5NDQwMTV8MHwxfHNlYXJjaHw5NHx8d29tYW4lMjBmYWNlJTIwcG9ydHJhaXR8ZW58MHx8fHwxNzc4MDY1MjQ2fDA&ixlib=rb-4.1.0&q=80&w=1080,REAL,Male,18-25,True
1245,https://images.unsplash.com/photo-1634149136618-24a98f048647?crop=entropy&cs=tinysrgb&fit=max&fm=jpg&ixid=M3w5NDQwMTV8MHwxfHNlYXJjaHwxNjV8fHdvbWFuJTIwZmFjZSUyMHBvcnRyYWl0fGVufDB8fHx8MTc3ODA2NTI1MXww&ixlib=rb-4.1.0&q=80&w=1080,REAL,Unknown,18-25,True
2571,https://images.unsplash.com/photo-1617925357630-eaad710f9157?crop=entropy&cs=tinysrgb&fit=max&fm=jpg&ixid=M3w5NDQwMTV8MHwxfHNlYXJjaHwzNTF8fGFkdWx0JTIwZmFjZSUyMHBob3RvfGVufDB8fHx8MTc3ODA2ODg1NXww&ixlib=rb-4.1.0&q=80&w=1080,REAL,Male,26-35,True
1519,https://images.unsplash.com/photo-1608854948001-3d887f6d9fe6?crop=entropy&cs=tinysrgb&fit=max&fm=jpg&ixid=M3w5NDQwMTV8MHwxfHNlYXJjaHw0Mzl8fHdvbWFuJTIwZmFjZSUyMHBvcnRyYWl0fGVufDB8fHx8MTc3ODA2NTI2OXww&ixlib=rb-4.1.0&q=80&w=1080,REAL,Unknown,50+,True
4798,https://api.dicebear.com/7.x/personas/jpg?seed=user1740&size=300,FAKE,Unknown,26-35,True
2412,https://images.unsplash.com/photo-1734657481463-cf08cf371ca1?crop=entropy&cs=tinysrgb&fit=max&fm=jpg&ixid=M3w5NDQwMTV8MHwxfHNlYXJjaHwxOTJ8fGFkdWx0JTIwZmFjZSUyMHBob3RvfGVufDB8fHx8MTc3ODA2ODg0NHww&ixlib=rb-4.1.0&q=80&w=1080,REAL,Female,50+,True
5022,https://api.dicebear.com/7.x/personas/jpg?seed=user1964&size=300,FAKE,Unknown,18-25,True
2801,https://randomuser.me/api/portraits/men/11.jpg,FAKE,Male,26-35,True
1885,https://images.unsplash.com/photo-1640562983306-c42fce634c50?crop=entropy&cs=tinysrgb&fit=max&fm=jpg&ixid=M3w5NDQwMTV8MHwxfHNlYXJjaHwyMzV8fHBlcnNvbiUyMGZhY2UlMjBwaG90b3xlbnwwfHx8fDE3NzgwNjUyOTJ8MA&ixlib=rb-4.1.0&q=80&w=1080,REAL,Female,50+,True
4684,https://api.dicebear.com/7.x/personas/jpg?seed=user1626&size=300,FAKE,Unknown,36-50,True
1804,https://images.unsplash.com/photo-1615241866991-cbbc711263d2?crop=entropy&cs=tinysrgb&fit=max&fm=jpg&ixid=M3w5NDQwMTV8MHwxfHNlYXJjaHwxNTR8fHBlcnNvbiUyMGZhY2UlMjBwaG90b3xlbnwwfHx8fDE3NzgwNjUyODh8MA&ixlib=rb-4.1.0&q=80&w=1080,REAL,Female,36-50,True
742,https://images.unsplash.com/photo-1622977531769-69b95e953e35?crop=entropy&cs=tinysrgb&fit=max&fm=jpg&ixid=M3w5NDQwMTV8MHwxfHNlYXJjaHwyMzJ8fG1hbiUyMGZhY2UlMjBjbG9zZXVwfGVufDB8fHx8MTc3ODA2NTIxMXww&ixlib=rb-4.1.0&q=80&w=1080,REAL,Unknown,50+,True
208,https://images.unsplash.com/photo-1646593566754-33812d8de899?crop=entropy&cs=tinysrgb&fit=max&fm=jpg&ixid=M3w5NDQwMTV8MHwxfHNlYXJjaHwyMDh8fGh1bWFuJTIwZmFjZSUyMHBvcnRyYWl0fGVufDB8fHx8MTc3ODA2NDc1M3ww&ixlib=rb-4.1.0&q=80&w=1080,REAL,Unknown,36-50,True
3072,https://api.dicebear.com/7.x/personas/jpg?seed=user14&size=300,FAKE,Unknown,26-35,True
5365,https://api.dicebear.com/7.x/personas/jpg?seed=user2307&size=300,FAKE,Unknown,36-50,True
5016,https://api.dicebear.com/7.x/personas/jpg?seed=user1958&size=300,FAKE,Unknown,26-35,True
479,https://images.unsplash.com/photo-1749639002356-7dac5abc8d0c?crop=entropy&cs=tinysrgb&fit=max&fm=jpg&ixid=M3w5NDQwMTV8MHwxfHNlYXJjaHw1MDl8fGh1bWFuJTIwZmFjZSUyMHBvcnRyYWl0fGVufDB8fHx8MTc3ODA2NTAzN3ww&ixlib=rb-4.1.0&q=80&w=1080,REAL,Unknown,26-35,True
4687,https://api.dicebear.com/7.x/personas/jpg?seed=user1629&size=300,FAKE,Unknown,36-50,True
1211,https://images.unsplash.com/photo-1665779912168-c6d48ec98dcb?crop=entropy&cs=tinysrgb&fit=max&fm=jpg&ixid=M3w5NDQwMTV8MHwxfHNlYXJjaHwxMzF8fHdvbWFuJTIwZmFjZSUyMHBvcnRyYWl0fGVufDB8fHx8MTc3ODA2NTI0OHww&ixlib=rb-4.1.0&q=80&w=1080,REAL,Female,50+,True
4109,https://api.dicebear.com/7.x/personas/jpg?seed=user1051&size=300,FAKE,Unknown,50+,True
5464,https://api.dicebear.com/7.x/personas/jpg?seed=user2406&size=300,FAKE,Unknown,36-50,True
2294,https://images.unsplash.com/photo-1743395473692-bd2cc668efbf?crop=entropy&cs=tinysrgb&fit=max&fm=jpg&ixid=M3w5NDQwMTV8MHwxfHNlYXJjaHw3NHx8YWR1bHQlMjBmYWNlJTIwcGhvdG98ZW58MHx8fHwxNzc4MDY4ODM1fDA&ixlib=rb-4.1.0&q=80&w=1080,REAL,Unknown,50+,True
3715,https://api.dicebear.com/7.x/personas/jpg?seed=user657&size=300,FAKE,Unknown,26-35,True
2006,https://images.unsplash.com/photo-1612985506925-5e06030387bc?crop=entropy&cs=tinysrgb&fit=max&fm=jpg&ixid=M3w5NDQwMTV8MHwxfHNlYXJjaHwzNTZ8fHBlcnNvbiUyMGZhY2UlMjBwaG90b3xlbnwwfHx8fDE3NzgwNjUzMDF8MA&ixlib=rb-4.1.0&q=80&w=1080,REAL,Female,50+,True
4600,https://api.dicebear.com/7.x/personas/jpg?seed=user1542&size=300,FAKE,Unknown,50+,True
1609,https://images.unsplash.com/photo-1583822419264-f405c079a27c?crop=entropy&cs=tinysrgb&fit=max&fm=jpg&ixid=M3w5NDQwMTV8MHwxfHNlYXJjaHw1Mjl8fHdvbWFuJTIwZmFjZSUyMHBvcnRyYWl0fGVufDB8fHx8MTc3ODA2NTI3NHww&ixlib=rb-4.1.0&q=80&w=1080,REAL,Female,36-50,True
2667,https://images.unsplash.com/photo-1608256246030-37c2c74f20e4?crop=entropy&cs=tinysrgb&fit=max&fm=jpg&ixid=M3w5NDQwMTV8MHwxfHNlYXJjaHw0NDd8fGFkdWx0JTIwZmFjZSUyMHBob3RvfGVufDB8fHx8MTc3ODA2ODg2NHww&ixlib=rb-4.1.0&q=80&w=1080,REAL,Unknown,18-25,True
792,https://images.unsplash.com/photo-1566759866053-442833810178?crop=entropy&cs=tinysrgb&fit=max&fm=jpg&ixid=M3w5NDQwMTV8MHwxfHNlYXJjaHwyODJ8fG1hbiUyMGZhY2UlMjBjbG9zZXVwfGVufDB8fHx8MTc3ODA2NTIxNnww&ixlib=rb-4.1.0&q=80&w=1080,REAL,Unknown,26-35,True
4660,https://api.dicebear.com/7.x/personas/jpg?seed=user1602&size=300,FAKE,Unknown,50+,True
1749,https://images.unsplash.com/photo-1710371593371-d9afe4343640?crop=entropy&cs=tinysrgb&fit=max&fm=jpg&ixid=M3w5NDQwMTV8MHwxfHNlYXJjaHw5OXx8cGVyc29uJTIwZmFjZSUyMHBob3RvfGVufDB8fHx8MTc3ODA2NTI4NHww&ixlib=rb-4.1.0&q=80&w=1080,REAL,Male,50+,True
3555,https://api.dicebear.com/7.x/personas/jpg?seed=user497&size=300,FAKE,Unknown,36-50,True
3087,https://api.dicebear.com/7.x/personas/jpg?seed=user29&size=300,FAKE,Unknown,50+,True
1437,https://images.unsplash.com/photo-1628757067343-c24fa5ff4078?crop=entropy&cs=tinysrgb&fit=max&fm=jpg&ixid=M3w5NDQwMTV8MHwxfHNlYXJjaHwzNTd8fHdvbWFuJTIwZmFjZSUyMHBvcnRyYWl0fGVufDB8fHx8MTc3ODA2NTI2M3ww&ixlib=rb-4.1.0&q=80&w=1080,REAL,Female,50+,True
1729,https://images.unsplash.com/photo-1710886289695-4a7e2f214aaf?crop=entropy&cs=tinysrgb&fit=max&fm=jpg&ixid=M3w5NDQwMTV8MHwxfHNlYXJjaHw3OXx8cGVyc29uJTIwZmFjZSUyMHBob3RvfGVufDB8fHx8MTc3ODA2NTI4Mnww&ixlib=rb-4.1.0&q=80&w=1080,REAL,Female,50+,True
3499,https://api.dicebear.com/7.x/personas/jpg?seed=user441&size=300,FAKE,Unknown,26-35,True
3436,https://api.dicebear.com/7.x/personas/jpg?seed=user378&size=300,FAKE,Unknown,36-50,True
1534,https://images.unsplash.com/photo-1642658615965-9672a7bbc91b?crop=entropy&cs=tinysrgb&fit=max&fm=jpg&ixid=M3w5NDQwMTV8MHwxfHNlYXJjaHw0NTR8fHdvbWFuJTIwZmFjZSUyMHBvcnRyYWl0fGVufDB8fHx8MTc3ODA2NTI3MXww&ixlib=rb-4.1.0&q=80&w=1080,REAL,Unknown,26-35,True
5137,https://api.dicebear.com/7.x/personas/jpg?seed=user2079&size=300,FAKE,Unknown,26-35,True
4282,https://api.dicebear.com/7.x/personas/jpg?seed=user1224&size=300,FAKE,Unknown,50+,True
3896,https://api.dicebear.com/7.x/personas/jpg?seed=user838&size=300,FAKE,Unknown,18-25,True
169,https://images.unsplash.com/photo-1646795203120-99002af3901b?crop=entropy&cs=tinysrgb&fit=max&fm=jpg&ixid=M3w5NDQwMTV8MHwxfHNlYXJjaHwxNjl8fGh1bWFuJTIwZmFjZSUyMHBvcnRyYWl0fGVufDB8fHx8MTc3ODA2NDc0OXww&ixlib=rb-4.1.0&q=80&w=1080,REAL,Male,36-50,True
1249,https://images.unsplash.com/photo-1682621077269-cac5773fbd3e?crop=entropy&cs=tinysrgb&fit=max&fm=jpg&ixid=M3w5NDQwMTV8MHwxfHNlYXJjaHwxNjl8fHdvbWFuJTIwZmFjZSUyMHBvcnRyYWl0fGVufDB8fHx8MTc3ODA2NTI1MXww&ixlib=rb-4.1.0&q=80&w=1080,REAL,Male,50+,True
116,https://images.unsplash.com/photo-1594751684241-bcef815d5a57?crop=entropy&cs=tinysrgb&fit=max&fm=jpg&ixid=M3w5NDQwMTV8MHwxfHNlYXJjaHwxMTZ8fGh1bWFuJTIwZmFjZSUyMHBvcnRyYWl0fGVufDB8fHx8MTc3ODA2NDcyMXww&ixlib=rb-4.1.0&q=80&w=1080,REAL,Male,36-50,True
4042,https://api.dicebear.com/7.x/personas/jpg?seed=user984&size=300,FAKE,Unknown,26-35,True
1042,https://images.unsplash.com/photo-1740948267273-85949fd0114e?crop=entropy&cs=tinysrgb&fit=max&fm=jpg&ixid=M3w5NDQwMTV8MHwxfHNlYXJjaHw1MzJ8fG1hbiUyMGZhY2UlMjBjbG9zZXVwfGVufDB8fHx8MTc3ODA2NTIzNHww&ixlib=rb-4.1.0&q=80&w=1080,REAL,Unknown,50+,True
2874,https://randomuser.me/api/portraits/men/84.jpg,FAKE,Male,26-35,True
4642,https://api.dicebear.com/7.x/personas/jpg?seed=user1584&size=300,FAKE,Unknown,18-25,True
3849,https://api.dicebear.com/7.x/personas/jpg?seed=user791&size=300,FAKE,Unknown,36-50,True
2027,https://images.unsplash.com/photo-1724710152008-9c64ee7ab7ed?crop=entropy&cs=tinysrgb&fit=max&fm=jpg&ixid=M3w5NDQwMTV8MHwxfHNlYXJjaHwzNzd8fHBlcnNvbiUyMGZhY2UlMjBwaG90b3xlbnwwfHx8fDE3NzgwNjUzMDN8MA&ixlib=rb-4.1.0&q=80&w=1080,REAL,Male,50+,True
2665,https://images.unsplash.com/photo-1506863530036-1efeddceb993?crop=entropy&cs=tinysrgb&fit=max&fm=jpg&ixid=M3w5NDQwMTV8MHwxfHNlYXJjaHw0NDV8fGFkdWx0JTIwZmFjZSUyMHBob3RvfGVufDB8fHx8MTc3ODA2ODg2NHww&ixlib=rb-4.1.0&q=80&w=1080,REAL,Female,50+,True
2986,https://randomuser.me/api/portraits/women/97.jpg,FAKE,Female,50+,True
3380,https://api.dicebear.com/7.x/personas/jpg?seed=user322&size=300,FAKE,Unknown,36-50,True
2647,https://images.unsplash.com/photo-1605799334389-52b78b6cad14?crop=entropy&cs=tinysrgb&fit=max&fm=jpg&ixid=M3w5NDQwMTV8MHwxfHNlYXJjaHw0Mjd8fGFkdWx0JTIwZmFjZSUyMHBob3RvfGVufDB8fHx8MTc3ODA2ODg2NHww&ixlib=rb-4.1.0&q=80&w=1080,REAL,Female,50+,True
564,https://images.unsplash.com/photo-1758523671894-b5891a2ef3b6?crop=entropy&cs=tinysrgb&fit=max&fm=jpg&ixid=M3w5NDQwMTV8MHwxfHNlYXJjaHwyNHx8bWFuJTIwZmFjZSUyMGNsb3NldXB8ZW58MHx8fHwxNzc4MDY1MDYzfDA&ixlib=rb-4.1.0&q=80&w=1080,REAL,Male,26-35,True
4811,https://api.dicebear.com/7.x/personas/jpg?seed=user1753&size=300,FAKE,Unknown,36-50,True
4467,https://api.dicebear.com/7.x/personas/jpg?seed=user1409&size=300,FAKE,Unknown,50+,True
2628,https://images.unsplash.com/photo-1650056195131-5e4528807deb?crop=entropy&cs=tinysrgb&fit=max&fm=jpg&ixid=M3w5NDQwMTV8MHwxfHNlYXJjaHw0MDh8fGFkdWx0JTIwZmFjZSUyMHBob3RvfGVufDB8fHx8MTc3ODA2ODg2MXww&ixlib=rb-4.1.0&q=80&w=1080,REAL,Unknown,36-50,True
253,https://images.unsplash.com/photo-1587835526880-c3065417ee7d?crop=entropy&cs=tinysrgb&fit=max&fm=jpg&ixid=M3w5NDQwMTV8MHwxfHNlYXJjaHwyODN8fGh1bWFuJTIwZmFjZSUyMHBvcnRyYWl0fGVufDB8fHx8MTc3ODA2NDkwMnww&ixlib=rb-4.1.0&q=80&w=1080,REAL,Unknown,50+,True
5298,https://api.dicebear.com/7.x/personas/jpg?seed=user2240&size=300,FAKE,Unknown,26-35,True
1161,https://images.unsplash.com/photo-1639351823492-9e78ad6d0bae?crop=entropy&cs=tinysrgb&fit=max&fm=jpg&ixid=M3w5NDQwMTV8MHwxfHNlYXJjaHw4MXx8d29tYW4lMjBmYWNlJTIwcG9ydHJhaXR8ZW58MHx8fHwxNzc4MDY1MjQ0fDA&ixlib=rb-4.1.0&q=80&w=1080,REAL,Unknown,18-25,True
699,https://images.unsplash.com/photo-1617428883138-a4d53c4e917d?crop=entropy&cs=tinysrgb&fit=max&fm=jpg&ixid=M3w5NDQwMTV8MHwxfHNlYXJjaHwxODl8fG1hbiUyMGZhY2UlMjBjbG9zZXVwfGVufDB8fHx8MTc3ODA2NTIwOXww&ixlib=rb-4.1.0&q=80&w=1080,REAL,Male,36-50,True
4063,https://api.dicebear.com/7.x/personas/jpg?seed=user1005&size=300,FAKE,Unknown,18-25,True
5394,https://api.dicebear.com/7.x/personas/jpg?seed=user2336&size=300,FAKE,Unknown,36-50,True
4984,https://api.dicebear.com/7.x/personas/jpg?seed=user1926&size=300,FAKE,Unknown,36-50,True
3984,https://api.dicebear.com/7.x/personas/jpg?seed=user926&size=300,FAKE,Unknown,36-50,True
3296,https://api.dicebear.com/7.x/personas/jpg?seed=user238&size=300,FAKE,Unknown,50+,True
3639,https://api.dicebear.com/7.x/personas/jpg?seed=user581&size=300,FAKE,Unknown,50+,True
622,https://images.unsplash.com/photo-1651161529237-93898dd6483d?crop=entropy&cs=tinysrgb&fit=max&fm=jpg&ixid=M3w5NDQwMTV8MHwxfHNlYXJjaHw4Mnx8bWFuJTIwZmFjZSUyMGNsb3NldXB8ZW58MHx8fHwxNzc4MDY1MDgyfDA&ixlib=rb-4.1.0&q=80&w=1080,REAL,Unknown,50+,True
3580,https://api.dicebear.com/7.x/personas/jpg?seed=user522&size=300,FAKE,Unknown,26-35,True
1752,https://images.unsplash.com/photo-1697823084396-de5a371d1e9f?crop=entropy&cs=tinysrgb&fit=max&fm=jpg&ixid=M3w5NDQwMTV8MHwxfHNlYXJjaHwxMDJ8fHBlcnNvbiUyMGZhY2UlMjBwaG90b3xlbnwwfHx8fDE3NzgwNjUyODR8MA&ixlib=rb-4.1.0&q=80&w=1080,REAL,Male,36-50,True
1466,https://images.unsplash.com/photo-1621184320330-55e90efa76b0?crop=entropy&cs=tinysrgb&fit=max&fm=jpg&ixid=M3w5NDQwMTV8MHwxfHNlYXJjaHwzODZ8fHdvbWFuJTIwZmFjZSUyMHBvcnRyYWl0fGVufDB8fHx8MTc3ODA2NTI2NXww&ixlib=rb-4.1.0&q=80&w=1080,REAL,Unknown,18-25,True
2948,https://randomuser.me/api/portraits/women/59.jpg,FAKE,Female,18-25,True
2957,https://randomuser.me/api/portraits/women/68.jpg,FAKE,Female,26-35,True
4038,https://api.dicebear.com/7.x/personas/jpg?seed=user980&size=300,FAKE,Unknown,18-25,True
1799,https://images.unsplash.com/photo-1611780133619-f27d7b6ed77f?crop=entropy&cs=tinysrgb&fit=max&fm=jpg&ixid=M3w5NDQwMTV8MHwxfHNlYXJjaHwxNDl8fHBlcnNvbiUyMGZhY2UlMjBwaG90b3xlbnwwfHx8fDE3NzgwNjUyODZ8MA&ixlib=rb-4.1.0&q=80&w=1080,REAL,Male,36-50,True
562,https://images.unsplash.com/photo-1608649443926-1e224443ef88?crop=entropy&cs=tinysrgb&fit=max&fm=jpg&ixid=M3w5NDQwMTV8MHwxfHNlYXJjaHwyMnx8bWFuJTIwZmFjZSUyMGNsb3NldXB8ZW58MHx8fHwxNzc4MDY1MDYzfDA&ixlib=rb-4.1.0&q=80&w=1080,REAL,Male,26-35,True
4835,https://api.dicebear.com/7.x/personas/jpg?seed=user1777&size=300,FAKE,Unknown,50+,True
186,https://images.unsplash.com/photo-1680730591140-7a8845ebd9b7?crop=entropy&cs=tinysrgb&fit=max&fm=jpg&ixid=M3w5NDQwMTV8MHwxfHNlYXJjaHwxODZ8fGh1bWFuJTIwZmFjZSUyMHBvcnRyYWl0fGVufDB8fHx8MTc3ODA2NDc1M3ww&ixlib=rb-4.1.0&q=80&w=1080,REAL,Unknown,36-50,True
4780,https://api.dicebear.com/7.x/personas/jpg?seed=user1722&size=300,FAKE,Unknown,18-25,True
1610,https://images.unsplash.com/photo-1616432411727-377cc06fdd7c?crop=entropy&cs=tinysrgb&fit=max&fm=jpg&ixid=M3w5NDQwMTV8MHwxfHNlYXJjaHw1MzB8fHdvbWFuJTIwZmFjZSUyMHBvcnRyYWl0fGVufDB8fHx8MTc3ODA2NTI3NHww&ixlib=rb-4.1.0&q=80&w=1080,REAL,Unknown,50+,True
389,https://images.unsplash.com/photo-1586447811171-a58747afce27?crop=entropy&cs=tinysrgb&fit=max&fm=jpg&ixid=M3w5NDQwMTV8MHwxfHNlYXJjaHw0MTl8fGh1bWFuJTIwZmFjZSUyMHBvcnRyYWl0fGVufDB8fHx8MTc3ODA2NTAwMXww&ixlib=rb-4.1.0&q=80&w=1080,REAL,Female,36-50,True
4348,https://api.dicebear.com/7.x/personas/jpg?seed=user1290&size=300,FAKE,Unknown,50+,True
2538,https://images.unsplash.com/photo-1620500152453-6cfd7a034e9b?crop=entropy&cs=tinysrgb&fit=max&fm=jpg&ixid=M3w5NDQwMTV8MHwxfHNlYXJjaHwzMTh8fGFkdWx0JTIwZmFjZSUyMHBob3RvfGVufDB8fHx8MTc3ODA2ODg1M3ww&ixlib=rb-4.1.0&q=80&w=1080,REAL,Unknown,36-50,True
2699,https://images.unsplash.com/photo-1645708673722-d36556d4b03f?crop=entropy&cs=tinysrgb&fit=max&fm=jpg&ixid=M3w5NDQwMTV8MHwxfHNlYXJjaHw0Nzl8fGFkdWx0JTIwZmFjZSUyMHBob3RvfGVufDB8fHx8MTc3ODA2ODg2OHww&ixlib=rb-4.1.0&q=80&w=1080,REAL,Male,36-50,True
2214,https://images.unsplash.com/photo-1758523671918-cfe797ba54cb?crop=entropy&cs=tinysrgb&fit=max&fm=jpg&ixid=M3w5NDQwMTV8MHwxfHNlYXJjaHw1NjR8fHlvdW5nJTIwcGVyc29uJTIwZmFjZXxlbnwwfHx8fDE3NzgwNjg4MzB8MA&ixlib=rb-4.1.0&q=80&w=1080,REAL,Unknown,36-50,True
3503,https://api.dicebear.com/7.x/personas/jpg?seed=user445&size=300,FAKE,Unknown,36-50,True
2659,https://images.unsplash.com/photo-1641832288775-b870b2d9affb?crop=entropy&cs=tinysrgb&fit=max&fm=jpg&ixid=M3w5NDQwMTV8MHwxfHNlYXJjaHw0Mzl8fGFkdWx0JTIwZmFjZSUyMHBob3RvfGVufDB8fHx8MTc3ODA2ODg2NHww&ixlib=rb-4.1.0&q=80&w=1080,REAL,Unknown,18-25,True
3888,https://api.dicebear.com/7.x/personas/jpg?seed=user830&size=300,FAKE,Unknown,26-35,True
4969,https://api.dicebear.com/7.x/personas/jpg?seed=user1911&size=300,FAKE,Unknown,36-50,True
3940,https://api.dicebear.com/7.x/personas/jpg?seed=user882&size=300,FAKE,Unknown,18-25,True
926,https://images.unsplash.com/photo-1637808248259-a27830312ce1?crop=entropy&cs=tinysrgb&fit=max&fm=jpg&ixid=M3w5NDQwMTV8MHwxfHNlYXJjaHw0MTZ8fG1hbiUyMGZhY2UlMjBjbG9zZXVwfGVufDB8fHx8MTc3ODA2NTIyNnww&ixlib=rb-4.1.0&q=80&w=1080,REAL,Female,18-25,True
4430,https://api.dicebear.com/7.x/personas/jpg?seed=user1372&size=300,FAKE,Unknown,18-25,True
2839,https://randomuser.me/api/portraits/men/49.jpg,FAKE,Male,26-35,True
2144,https://images.unsplash.com/photo-1635130439503-fced6db0b8cb?crop=entropy&cs=tinysrgb&fit=max&fm=jpg&ixid=M3w5NDQwMTV8MHwxfHNlYXJjaHw0OTR8fHBlcnNvbiUyMGZhY2UlMjBwaG90b3xlbnwwfHx8fDE3NzgwNjUzMTN8MA&ixlib=rb-4.1.0&q=80&w=1080,REAL,Female,26-35,True
1964,https://images.unsplash.com/photo-1648484860063-30338e0a4992?crop=entropy&cs=tinysrgb&fit=max&fm=jpg&ixid=M3w5NDQwMTV8MHwxfHNlYXJjaHwzMTR8fHBlcnNvbiUyMGZhY2UlMjBwaG90b3xlbnwwfHx8fDE3NzgwNjUyOTl8MA&ixlib=rb-4.1.0&q=80&w=1080,REAL,Female,50+,True
4064,https://api.dicebear.com/7.x/personas/jpg?seed=user1006&size=300,FAKE,Unknown,36-50,True
1209,https://images.unsplash.com/photo-1629896295175-03701f79ce04?crop=entropy&cs=tinysrgb&fit=max&fm=jpg&ixid=M3w5NDQwMTV8MHwxfHNlYXJjaHwxMjl8fHdvbWFuJTIwZmFjZSUyMHBvcnRyYWl0fGVufDB8fHx8MTc3ODA2NTI0OHww&ixlib=rb-4.1.0&q=80&w=1080,REAL,Male,50+,True
3453,https://api.dicebear.com/7.x/personas/jpg?seed=user395&size=300,FAKE,Unknown,26-35,True
4445,https://api.dicebear.com/7.x/personas/jpg?seed=user1387&size=300,FAKE,Unknown,26-35,True
146,https://images.unsplash.com/photo-1635457802326-d2274dfd5572?crop=entropy&cs=tinysrgb&fit=max&fm=jpg&ixid=M3w5NDQwMTV8MHwxfHNlYXJjaHwxNDZ8fGh1bWFuJTIwZmFjZSUyMHBvcnRyYWl0fGVufDB8fHx8MTc3ODA2NDcyNXww&ixlib=rb-4.1.0&q=80&w=1080,REAL,Unknown,50+,True
163,https://images.unsplash.com/photo-1584319521091-da8108479731?crop=entropy&cs=tinysrgb&fit=max&fm=jpg&ixid=M3w5NDQwMTV8MHwxfHNlYXJjaHwxNjN8fGh1bWFuJTIwZmFjZSUyMHBvcnRyYWl0fGVufDB8fHx8MTc3ODA2NDc0OXww&ixlib=rb-4.1.0&q=80&w=1080,REAL,Male,36-50,True
4953,https://api.dicebear.com/7.x/personas/jpg?seed=user1895&size=300,FAKE,Unknown,26-35,True
2288,https://images.unsplash.com/photo-1755098452437-dfee62a90ebc?crop=entropy&cs=tinysrgb&fit=max&fm=jpg&ixid=M3w5NDQwMTV8MHwxfHNlYXJjaHw2OHx8YWR1bHQlMjBmYWNlJTIwcGhvdG98ZW58MHx8fHwxNzc4MDY4ODM1fDA&ixlib=rb-4.1.0&q=80&w=1080,REAL,Female,50+,True
1858,https://images.unsplash.com/photo-1578426443815-274f54c85a29?crop=entropy&cs=tinysrgb&fit=max&fm=jpg&ixid=M3w5NDQwMTV8MHwxfHNlYXJjaHwyMDh8fHBlcnNvbiUyMGZhY2UlMjBwaG90b3xlbnwwfHx8fDE3NzgwNjUyOTB8MA&ixlib=rb-4.1.0&q=80&w=1080,REAL,Male,18-25,True
3579,https://api.dicebear.com/7.x/personas/jpg?seed=user521&size=300,FAKE,Unknown,50+,True
1818,https://images.unsplash.com/photo-1665371723030-4fd9087ce930?crop=entropy&cs=tinysrgb&fit=max&fm=jpg&ixid=M3w5NDQwMTV8MHwxfHNlYXJjaHwxNjh8fHBlcnNvbiUyMGZhY2UlMjBwaG90b3xlbnwwfHx8fDE3NzgwNjUyODh8MA&ixlib=rb-4.1.0&q=80&w=1080,REAL,Female,18-25,True
4086,https://api.dicebear.com/7.x/personas/jpg?seed=user1028&size=300,FAKE,Unknown,18-25,True
279,https://images.unsplash.com/photo-1576527194426-7009645f8b5f?crop=entropy&cs=tinysrgb&fit=max&fm=jpg&ixid=M3w5NDQwMTV8MHwxfHNlYXJjaHwzMDl8fGh1bWFuJTIwZmFjZSUyMHBvcnRyYWl0fGVufDB8fHx8MTc3ODA2NDk4N3ww&ixlib=rb-4.1.0&q=80&w=1080,REAL,Female,36-50,True
5188,https://api.dicebear.com/7.x/personas/jpg?seed=user2130&size=300,FAKE,Unknown,36-50,True
5250,https://api.dicebear.com/7.x/personas/jpg?seed=user2192&size=300,FAKE,Unknown,36-50,True
20,https://images.unsplash.com/photo-1724225618444-39742c8185aa?crop=entropy&cs=tinysrgb&fit=max&fm=jpg&ixid=M3w5NDQwMTV8MHwxfHNlYXJjaHwyMHx8aHVtYW4lMjBmYWNlJTIwcG9ydHJhaXR8ZW58MHx8fHwxNzc4MDY0Njg3fDA&ixlib=rb-4.1.0&q=80&w=1080,REAL,Unknown,26-35,True
3529,https://api.dicebear.com/7.x/personas/jpg?seed=user471&size=300,FAKE,Unknown,18-25,True
580,https://images.unsplash.com/photo-1615724320397-9d4db10ec2a5?crop=entropy&cs=tinysrgb&fit=max&fm=jpg&ixid=M3w5NDQwMTV8MHwxfHNlYXJjaHw0MHx8bWFuJTIwZmFjZSUyMGNsb3NldXB8ZW58MHx8fHwxNzc4MDY1MDc4fDA&ixlib=rb-4.1.0&q=80&w=1080,REAL,Male,26-35,True
3312,https://api.dicebear.com/7.x/personas/jpg?seed=user254&size=300,FAKE,Unknown,36-50,True
2011,https://images.unsplash.com/photo-1636310794789-123951c0fd58?crop=entropy&cs=tinysrgb&fit=max&fm=jpg&ixid=M3w5NDQwMTV8MHwxfHNlYXJjaHwzNjF8fHBlcnNvbiUyMGZhY2UlMjBwaG90b3xlbnwwfHx8fDE3NzgwNjUzMDN8MA&ixlib=rb-4.1.0&q=80&w=1080,REAL,Female,36-50,True
2457,https://images.unsplash.com/photo-1671718648176-ecbcae4c1dc9?crop=entropy&cs=tinysrgb&fit=max&fm=jpg&ixid=M3w5NDQwMTV8MHwxfHNlYXJjaHwyMzd8fGFkdWx0JTIwZmFjZSUyMHBob3RvfGVufDB8fHx8MTc3ODA2ODg0Nnww&ixlib=rb-4.1.0&q=80&w=1080,REAL,Male,18-25,True
3385,https://api.dicebear.com/7.x/personas/jpg?seed=user327&size=300,FAKE,Unknown,18-25,True
3611,https://api.dicebear.com/7.x/personas/jpg?seed=user553&size=300,FAKE,Unknown,36-50,True
3929,https://api.dicebear.com/7.x/personas/jpg?seed=user871&size=300,FAKE,Unknown,26-35,True
2729,https://images.unsplash.com/photo-1743015067236-e1ab7f3e208b?crop=entropy&cs=tinysrgb&fit=max&fm=jpg&ixid=M3w5NDQwMTV8MHwxfHNlYXJjaHw1MDl8fGFkdWx0JTIwZmFjZSUyMHBob3RvfGVufDB8fHx8MTc3ODA2ODg3MXww&ixlib=rb-4.1.0&q=80&w=1080,REAL,Male,36-50,True
673,https://images.unsplash.com/photo-1566930753949-fc3ef91faf3a?crop=entropy&cs=tinysrgb&fit=max&fm=jpg&ixid=M3w5NDQwMTV8MHwxfHNlYXJjaHwxMzN8fG1hbiUyMGZhY2UlMjBjbG9zZXVwfGVufDB8fHx8MTc3ODA2NTA4N3ww&ixlib=rb-4.1.0&q=80&w=1080,REAL,Male,50+,True
2882,https://randomuser.me/api/portraits/men/92.jpg,FAKE,Male,50+,True
4265,https://api.dicebear.com/7.x/personas/jpg?seed=user1207&size=300,FAKE,Unknown,18-25,True
862,https://images.unsplash.com/photo-1617428882846-7e235cbeabe4?crop=entropy&cs=tinysrgb&fit=max&fm=jpg&ixid=M3w5NDQwMTV8MHwxfHNlYXJjaHwzNTJ8fG1hbiUyMGZhY2UlMjBjbG9zZXVwfGVufDB8fHx8MTc3ODA2NTIyM3ww&ixlib=rb-4.1.0&q=80&w=1080,REAL,Male,26-35,True
2848,https://randomuser.me/api/portraits/men/58.jpg,FAKE,Male,18-25,True
1505,https://images.unsplash.com/photo-1631377894823-e405f12a5760?crop=entropy&cs=tinysrgb&fit=max&fm=jpg&ixid=M3w5NDQwMTV8MHwxfHNlYXJjaHw0MjV8fHdvbWFuJTIwZmFjZSUyMHBvcnRyYWl0fGVufDB8fHx8MTc3ODA2NTI2OXww&ixlib=rb-4.1.0&q=80&w=1080,REAL,Unknown,50+,True
4069,https://api.dicebear.com/7.x/personas/jpg?seed=user1011&size=300,FAKE,Unknown,26-35,True
1482,https://images.unsplash.com/photo-1699549844386-f1737605474a?crop=entropy&cs=tinysrgb&fit=max&fm=jpg&ixid=M3w5NDQwMTV8MHwxfHNlYXJjaHw0MDJ8fHdvbWFuJTIwZmFjZSUyMHBvcnRyYWl0fGVufDB8fHx8MTc3ODA2NTI2N3ww&ixlib=rb-4.1.0&q=80&w=1080,REAL,Unknown,50+,True
1201,https://images.unsplash.com/photo-1629896295306-4307148968cd?crop=entropy&cs=tinysrgb&fit=max&fm=jpg&ixid=M3w5NDQwMTV8MHwxfHNlYXJjaHwxMjF8fHdvbWFuJTIwZmFjZSUyMHBvcnRyYWl0fGVufDB8fHx8MTc3ODA2NTI0OHww&ixlib=rb-4.1.0&q=80&w=1080,REAL,Unknown,18-25,True
2099,https://images.unsplash.com/photo-1588276435894-96b967abbf8a?crop=entropy&cs=tinysrgb&fit=max&fm=jpg&ixid=M3w5NDQwMTV8MHwxfHNlYXJjaHw0NDl8fHBlcnNvbiUyMGZhY2UlMjBwaG90b3xlbnwwfHx8fDE3NzgwNjUzMDh8MA&ixlib=rb-4.1.0&q=80&w=1080,REAL,Male,18-25,True
5057,https://api.dicebear.com/7.x/personas/jpg?seed=user1999&size=300,FAKE,Unknown,18-25,True
3597,https://api.dicebear.com/7.x/personas/jpg?seed=user539&size=300,FAKE,Unknown,26-35,True
2611,https://images.unsplash.com/photo-1582875964052-d12f2c4adac2?crop=entropy&cs=tinysrgb&fit=max&fm=jpg&ixid=M3w5NDQwMTV8MHwxfHNlYXJjaHwzOTF8fGFkdWx0JTIwZmFjZSUyMHBob3RvfGVufDB8fHx8MTc3ODA2ODg2MXww&ixlib=rb-4.1.0&q=80&w=1080,REAL,Male,18-25,True
5267,https://api.dicebear.com/7.x/personas/jpg?seed=user2209&size=300,FAKE,Unknown,50+,True
3854,https://api.dicebear.com/7.x/personas/jpg?seed=user796&size=300,FAKE,Unknown,18-25,True
328,https://images.unsplash.com/photo-1586425254691-f556554aeb12?crop=entropy&cs=tinysrgb&fit=max&fm=jpg&ixid=M3w5NDQwMTV8MHwxfHNlYXJjaHwzNTh8fGh1bWFuJTIwZmFjZSUyMHBvcnRyYWl0fGVufDB8fHx8MTc3ODA2NDk5MHww&ixlib=rb-4.1.0&q=80&w=1080,REAL,Male,50+,True
3718,https://api.dicebear.com/7.x/personas/jpg?seed=user660&size=300,FAKE,Unknown,36-50,True
1977,https://images.unsplash.com/photo-1730926113324-2ed98f695074?crop=entropy&cs=tinysrgb&fit=max&fm=jpg&ixid=M3w5NDQwMTV8MHwxfHNlYXJjaHwzMjd8fHBlcnNvbiUyMGZhY2UlMjBwaG90b3xlbnwwfHx8fDE3NzgwNjUyOTl8MA&ixlib=rb-4.1.0&q=80&w=1080,REAL,Unknown,50+,True
2827,https://randomuser.me/api/portraits/men/37.jpg,FAKE,Male,18-25,True
2949,https://randomuser.me/api/portraits/women/60.jpg,FAKE,Female,36-50,True
2617,https://images.unsplash.com/photo-1657152042392-c1f39e52e7c9?crop=entropy&cs=tinysrgb&fit=max&fm=jpg&ixid=M3w5NDQwMTV8MHwxfHNlYXJjaHwzOTd8fGFkdWx0JTIwZmFjZSUyMHBob3RvfGVufDB8fHx8MTc3ODA2ODg2MXww&ixlib=rb-4.1.0&q=80&w=1080,REAL,Male,50+,True
3281,https://api.dicebear.com/7.x/personas/jpg?seed=user223&size=300,FAKE,Unknown,36-50,True
1935,https://images.unsplash.com/photo-1648484860081-8f5bb2c9340f?crop=entropy&cs=tinysrgb&fit=max&fm=jpg&ixid=M3w5NDQwMTV8MHwxfHNlYXJjaHwyODV8fHBlcnNvbiUyMGZhY2UlMjBwaG90b3xlbnwwfHx8fDE3NzgwNjUyOTd8MA&ixlib=rb-4.1.0&q=80&w=1080,REAL,Unknown,18-25,True
1966,https://images.unsplash.com/photo-1648500127266-717dfd1717f4?crop=entropy&cs=tinysrgb&fit=max&fm=jpg&ixid=M3w5NDQwMTV8MHwxfHNlYXJjaHwzMTZ8fHBlcnNvbiUyMGZhY2UlMjBwaG90b3xlbnwwfHx8fDE3NzgwNjUyOTl8MA&ixlib=rb-4.1.0&q=80&w=1080,REAL,Male,26-35,True
1612,https://images.unsplash.com/photo-1770409102621-cfa7af748dd9?crop=entropy&cs=tinysrgb&fit=max&fm=jpg&ixid=M3w5NDQwMTV8MHwxfHNlYXJjaHw1MzJ8fHdvbWFuJTIwZmFjZSUyMHBvcnRyYWl0fGVufDB8fHx8MTc3ODA2NTI3NHww&ixlib=rb-4.1.0&q=80&w=1080,REAL,Unknown,50+,True
2865,https://randomuser.me/api/portraits/men/75.jpg,FAKE,Male,18-25,True
5242,https://api.dicebear.com/7.x/personas/jpg?seed=user2184&size=300,FAKE,Unknown,36-50,True
1470,https://images.unsplash.com/photo-1653157868956-e68d6fe1336a?crop=entropy&cs=tinysrgb&fit=max&fm=jpg&ixid=M3w5NDQwMTV8MHwxfHNlYXJjaHwzOTB8fHdvbWFuJTIwZmFjZSUyMHBvcnRyYWl0fGVufDB8fHx8MTc3ODA2NTI2NXww&ixlib=rb-4.1.0&q=80&w=1080,REAL,Female,18-25,True
184,https://images.unsplash.com/photo-1759349107284-fdd3b76c57eb?crop=entropy&cs=tinysrgb&fit=max&fm=jpg&ixid=M3w5NDQwMTV8MHwxfHNlYXJjaHwxODR8fGh1bWFuJTIwZmFjZSUyMHBvcnRyYWl0fGVufDB8fHx8MTc3ODA2NDc1M3ww&ixlib=rb-4.1.0&q=80&w=1080,REAL,Female,50+,True
4041,https://api.dicebear.com/7.x/personas/jpg?seed=user983&size=300,FAKE,Unknown,36-50,True
4072,https://api.dicebear.com/7.x/personas/jpg?seed=user1014&size=300,FAKE,Unknown,50+,True
3647,https://api.dicebear.com/7.x/personas/jpg?seed=user589&size=300,FAKE,Unknown,18-25,True
800,https://images.unsplash.com/photo-1591425454659-b0f601c8fce2?crop=entropy&cs=tinysrgb&fit=max&fm=jpg&ixid=M3w5NDQwMTV8MHwxfHNlYXJjaHwyOTB8fG1hbiUyMGZhY2UlMjBjbG9zZXVwfGVufDB8fHx8MTc3ODA2NTIxNnww&ixlib=rb-4.1.0&q=80&w=1080,REAL,Female,26-35,True
4297,https://api.dicebear.com/7.x/personas/jpg?seed=user1239&size=300,FAKE,Unknown,50+,True
399,https://images.unsplash.com/photo-1720607633865-5fb9e22ad5fb?crop=entropy&cs=tinysrgb&fit=max&fm=jpg&ixid=M3w5NDQwMTV8MHwxfHNlYXJjaHw0Mjl8fGh1bWFuJTIwZmFjZSUyMHBvcnRyYWl0fGVufDB8fHx8MTc3ODA2NTAyMXww&ixlib=rb-4.1.0&q=80&w=1080,REAL,Female,50+,True
4967,https://api.dicebear.com/7.x/personas/jpg?seed=user1909&size=300,FAKE,Unknown,26-35,True
778,https://images.unsplash.com/photo-1603002885331-577f1751959b?crop=entropy&cs=tinysrgb&fit=max&fm=jpg&ixid=M3w5NDQwMTV8MHwxfHNlYXJjaHwyNjh8fG1hbiUyMGZhY2UlMjBjbG9zZXVwfGVufDB8fHx8MTc3ODA2NTIxM3ww&ixlib=rb-4.1.0&q=80&w=1080,REAL,Unknown,18-25,True
4201,https://api.dicebear.com/7.x/personas/jpg?seed=user1143&size=300,FAKE,Unknown,18-25,True
1570,https://images.unsplash.com/photo-1625391461314-0f48f55bd5b9?crop=entropy&cs=tinysrgb&fit=max&fm=jpg&ixid=M3w5NDQwMTV8MHwxfHNlYXJjaHw0OTB8fHdvbWFuJTIwZmFjZSUyMHBvcnRyYWl0fGVufDB8fHx8MTc3ODA2NTI3M3ww&ixlib=rb-4.1.0&q=80&w=1080,REAL,Male,50+,True
1590,https://images.unsplash.com/photo-1635788500697-05076fcaf2a7?crop=entropy&cs=tinysrgb&fit=max&fm=jpg&ixid=M3w5NDQwMTV8MHwxfHNlYXJjaHw1MTB8fHdvbWFuJTIwZmFjZSUyMHBvcnRyYWl0fGVufDB8fHx8MTc3ODA2NTI3M3ww&ixlib=rb-4.1.0&q=80&w=1080,REAL,Male,50+,True
4098,https://api.dicebear.com/7.x/personas/jpg?seed=user1040&size=300,FAKE,Unknown,50+,True
467,https://images.unsplash.com/photo-1589006227094-fc2fcf082f87?crop=entropy&cs=tinysrgb&fit=max&fm=jpg&ixid=M3w5NDQwMTV8MHwxfHNlYXJjaHw0OTd8fGh1bWFuJTIwZmFjZSUyMHBvcnRyYWl0fGVufDB8fHx8MTc3ODA2NTAzN3ww&ixlib=rb-4.1.0&q=80&w=1080,REAL,Male,50+,True
5499,https://api.dicebear.com/7.x/personas/jpg?seed=user2441&size=300,FAKE,Unknown,50+,True
4364,https://api.dicebear.com/7.x/personas/jpg?seed=user1306&size=300,FAKE,Unknown,36-50,True
3145,https://api.dicebear.com/7.x/personas/jpg?seed=user87&size=300,FAKE,Unknown,26-35,True
3553,https://api.dicebear.com/7.x/personas/jpg?seed=user495&size=300,FAKE,Unknown,18-25,True
4715,https://api.dicebear.com/7.x/personas/jpg?seed=user1657&size=300,FAKE,Unknown,50+,True
4652,https://api.dicebear.com/7.x/personas/jpg?seed=user1594&size=300,FAKE,Unknown,36-50,True
3970,https://api.dicebear.com/7.x/personas/jpg?seed=user912&size=300,FAKE,Unknown,26-35,True
5319,https://api.dicebear.com/7.x/personas/jpg?seed=user2261&size=300,FAKE,Unknown,18-25,True
2066,https://images.unsplash.com/photo-1726741696576-2cbb9161e613?crop=entropy&cs=tinysrgb&fit=max&fm=jpg&ixid=M3w5NDQwMTV8MHwxfHNlYXJjaHw0MTZ8fHBlcnNvbiUyMGZhY2UlMjBwaG90b3xlbnwwfHx8fDE3NzgwNjUzMDV8MA&ixlib=rb-4.1.0&q=80&w=1080,REAL,Male,36-50,True
2297,https://images.unsplash.com/photo-1755098452451-14381eb6330e?crop=entropy&cs=tinysrgb&fit=max&fm=jpg&ixid=M3w5NDQwMTV8MHwxfHNlYXJjaHw3N3x8YWR1bHQlMjBmYWNlJTIwcGhvdG98ZW58MHx8fHwxNzc4MDY4ODM1fDA&ixlib=rb-4.1.0&q=80&w=1080,REAL,Male,36-50,True
5131,https://api.dicebear.com/7.x/personas/jpg?seed=user2073&size=300,FAKE,Unknown,18-25,True
5370,https://api.dicebear.com/7.x/personas/jpg?seed=user2312&size=300,FAKE,Unknown,18-25,True
953,https://images.unsplash.com/photo-1602610201258-501b402b7d9a?crop=entropy&cs=tinysrgb&fit=max&fm=jpg&ixid=M3w5NDQwMTV8MHwxfHNlYXJjaHw0NDN8fG1hbiUyMGZhY2UlMjBjbG9zZXVwfGVufDB8fHx8MTc3ODA2NTIyOHww&ixlib=rb-4.1.0&q=80&w=1080,REAL,Female,18-25,True
5117,https://api.dicebear.com/7.x/personas/jpg?seed=user2059&size=300,FAKE,Unknown,18-25,True
4143,https://api.dicebear.com/7.x/personas/jpg?seed=user1085&size=300,FAKE,Unknown,36-50,True
1740,https://images.unsplash.com/photo-1720521181253-17620a1f1a35?crop=entropy&cs=tinysrgb&fit=max&fm=jpg&ixid=M3w5NDQwMTV8MHwxfHNlYXJjaHw5MHx8cGVyc29uJTIwZmFjZSUyMHBob3RvfGVufDB8fHx8MTc3ODA2NTI4Mnww&ixlib=rb-4.1.0&q=80&w=1080,REAL,Unknown,26-35,True
1869,https://images.unsplash.com/photo-1573146258565-fa7106ae6a37?crop=entropy&cs=tinysrgb&fit=max&fm=jpg&ixid=M3w5NDQwMTV8MHwxfHNlYXJjaHwyMTl8fHBlcnNvbiUyMGZhY2UlMjBwaG90b3xlbnwwfHx8fDE3NzgwNjUyOTJ8MA&ixlib=rb-4.1.0&q=80&w=1080,REAL,Male,50+,True
2506,https://images.unsplash.com/photo-1601869289768-9b8fe05c61fa?crop=entropy&cs=tinysrgb&fit=max&fm=jpg&ixid=M3w5NDQwMTV8MHwxfHNlYXJjaHwyODZ8fGFkdWx0JTIwZmFjZSUyMHBob3RvfGVufDB8fHx8MTc3ODA2ODg1MXww&ixlib=rb-4.1.0&q=80&w=1080,REAL,Unknown,50+,True
47,https://images.unsplash.com/photo-1648415041078-d5b259c683be?crop=entropy&cs=tinysrgb&fit=max&fm=jpg&ixid=M3w5NDQwMTV8MHwxfHNlYXJjaHw0N3x8aHVtYW4lMjBmYWNlJTIwcG9ydHJhaXR8ZW58MHx8fHwxNzc4MDY0NzA2fDA&ixlib=rb-4.1.0&q=80&w=1080,REAL,Male,36-50,True
3048,https://i.pravatar.cc/300?img=60,FAKE,Unknown,36-50,True
4771,https://api.dicebear.com/7.x/personas/jpg?seed=user1713&size=300,FAKE,Unknown,36-50,True
4861,https://api.dicebear.com/7.x/personas/jpg?seed=user1803&size=300,FAKE,Unknown,18-25,True
3166,https://api.dicebear.com/7.x/personas/jpg?seed=user108&size=300,FAKE,Unknown,50+,True
3054,https://i.pravatar.cc/300?img=66,FAKE,Unknown,50+,True
1404,https://images.unsplash.com/photo-1667047999537-455cb286e0e3?crop=entropy&cs=tinysrgb&fit=max&fm=jpg&ixid=M3w5NDQwMTV8MHwxfHNlYXJjaHwzMjR8fHdvbWFuJTIwZmFjZSUyMHBvcnRyYWl0fGVufDB8fHx8MTc3ODA2NTI2MXww&ixlib=rb-4.1.0&q=80&w=1080,REAL,Female,36-50,True
215,https://images.unsplash.com/photo-1657682041300-804b68d609fa?crop=entropy&cs=tinysrgb&fit=max&fm=jpg&ixid=M3w5NDQwMTV8MHwxfHNlYXJjaHwyNDV8fGh1bWFuJTIwZmFjZSUyMHBvcnRyYWl0fGVufDB8fHx8MTc3ODA2NDg3MHww&ixlib=rb-4.1.0&q=80&w=1080,REAL,Male,18-25,True
189,https://images.unsplash.com/photo-1766999712371-1a475df0820b?crop=entropy&cs=tinysrgb&fit=max&fm=jpg&ixid=M3w5NDQwMTV8MHwxfHNlYXJjaHwxODl8fGh1bWFuJTIwZmFjZSUyMHBvcnRyYWl0fGVufDB8fHx8MTc3ODA2NDc1M3ww&ixlib=rb-4.1.0&q=80&w=1080,REAL,Unknown,18-25,True
2758,https://images.unsplash.com/photo-1556694924-4d532e2bc623?crop=entropy&cs=tinysrgb&fit=max&fm=jpg&ixid=M3w5NDQwMTV8MHwxfHNlYXJjaHw1Mzh8fGFkdWx0JTIwZmFjZSUyMHBob3RvfGVufDB8fHx8MTc3ODA2ODg3NHww&ixlib=rb-4.1.0&q=80&w=1080,REAL,Male,50+,True
3028,https://i.pravatar.cc/300?img=40,FAKE,Unknown,18-25,True
5213,https://api.dicebear.com/7.x/personas/jpg?seed=user2155&size=300,FAKE,Unknown,50+,True
4928,https://api.dicebear.com/7.x/personas/jpg?seed=user1870&size=300,FAKE,Unknown,26-35,True
1579,https://images.unsplash.com/photo-1653242411430-1c2583623cc4?crop=entropy&cs=tinysrgb&fit=max&fm=jpg&ixid=M3w5NDQwMTV8MHwxfHNlYXJjaHw0OTl8fHdvbWFuJTIwZmFjZSUyMHBvcnRyYWl0fGVufDB8fHx8MTc3ODA2NTI3M3ww&ixlib=rb-4.1.0&q=80&w=1080,REAL,Unknown,36-50,True
191,https://images.unsplash.com/photo-1639479964650-267b49ea3af6?crop=entropy&cs=tinysrgb&fit=max&fm=jpg&ixid=M3w5NDQwMTV8MHwxfHNlYXJjaHwxOTF8fGh1bWFuJTIwZmFjZSUyMHBvcnRyYWl0fGVufDB8fHx8MTc3ODA2NDc1M3ww&ixlib=rb-4.1.0&q=80&w=1080,REAL,Female,18-25,True
2984,https://randomuser.me/api/portraits/women/95.jpg,FAKE,Female,50+,True
3221,https://api.dicebear.com/7.x/personas/jpg?seed=user163&size=300,FAKE,Unknown,26-35,True
187,https://images.unsplash.com/photo-1758598497232-e89e4cb1f5d4?crop=entropy&cs=tinysrgb&fit=max&fm=jpg&ixid=M3w5NDQwMTV8MHwxfHNlYXJjaHwxODd8fGh1bWFuJTIwZmFjZSUyMHBvcnRyYWl0fGVufDB8fHx8MTc3ODA2NDc1M3ww&ixlib=rb-4.1.0&q=80&w=1080,REAL,Unknown,50+,True
997,https://images.unsplash.com/photo-1587397845856-e6cf49176c70?crop=entropy&cs=tinysrgb&fit=max&fm=jpg&ixid=M3w5NDQwMTV8MHwxfHNlYXJjaHw0ODd8fG1hbiUyMGZhY2UlMjBjbG9zZXVwfGVufDB8fHx8MTc3ODA2NTIzMnww&ixlib=rb-4.1.0&q=80&w=1080,REAL,Female,50+,True
1121,https://images.unsplash.com/photo-1625640450478-e8683280a3d1?crop=entropy&cs=tinysrgb&fit=max&fm=jpg&ixid=M3w5NDQwMTV8MHwxfHNlYXJjaHw0MXx8d29tYW4lMjBmYWNlJTIwcG9ydHJhaXR8ZW58MHx8fHwxNzc4MDY1MjQyfDA&ixlib=rb-4.1.0&q=80&w=1080,REAL,Male,26-35,True
2245,https://images.unsplash.com/photo-1739671191234-1772df1d1b7e?crop=entropy&cs=tinysrgb&fit=max&fm=jpg&ixid=M3w5NDQwMTV8MHwxfHNlYXJjaHwyNXx8YWR1bHQlMjBmYWNlJTIwcGhvdG98ZW58MHx8fHwxNzc4MDY4ODMyfDA&ixlib=rb-4.1.0&q=80&w=1080,REAL,Female,50+,True
2181,https://images.unsplash.com/photo-1637088745733-113d0121fb6d?crop=entropy&cs=tinysrgb&fit=max&fm=jpg&ixid=M3w5NDQwMTV8MHwxfHNlYXJjaHw1MzF8fHBlcnNvbiUyMGZhY2UlMjBwaG90b3xlbnwwfHx8fDE3NzgwNjUzMTZ8MA&ixlib=rb-4.1.0&q=80&w=1080,REAL,Female,18-25,True
4670,https://api.dicebear.com/7.x/personas/jpg?seed=user1612&size=300,FAKE,Unknown,26-35,True
3674,https://api.dicebear.com/7.x/personas/jpg?seed=user616&size=300,FAKE,Unknown,36-50,True
2464,https://images.unsplash.com/photo-1697158608386-d670c8c4e3f9?crop=entropy&cs=tinysrgb&fit=max&fm=jpg&ixid=M3w5NDQwMTV8MHwxfHNlYXJjaHwyNDR8fGFkdWx0JTIwZmFjZSUyMHBob3RvfGVufDB8fHx8MTc3ODA2ODg0OXww&ixlib=rb-4.1.0&q=80&w=1080,REAL,Female,26-35,True
4262,https://api.dicebear.com/7.x/personas/jpg?seed=user1204&size=300,FAKE,Unknown,26-35,True
2768,https://images.unsplash.com/photo-1723179343134-634c9eadde39?crop=entropy&cs=tinysrgb&fit=max&fm=jpg&ixid=M3w5NDQwMTV8MHwxfHNlYXJjaHw1NDh8fGFkdWx0JTIwZmFjZSUyMHBob3RvfGVufDB8fHx8MTc3ODA2ODg3Nnww&ixlib=rb-4.1.0&q=80&w=1080,REAL,Male,36-50,True
570,https://images.unsplash.com/photo-1647106485596-24646623bd7f?crop=entropy&cs=tinysrgb&fit=max&fm=jpg&ixid=M3w5NDQwMTV8MHwxfHNlYXJjaHwzMHx8bWFuJTIwZmFjZSUyMGNsb3NldXB8ZW58MHx8fHwxNzc4MDY1MDYzfDA&ixlib=rb-4.1.0&q=80&w=1080,REAL,Male,26-35,True
4172,https://api.dicebear.com/7.x/personas/jpg?seed=user1114&size=300,FAKE,Unknown,50+,True
2718,https://images.unsplash.com/photo-1644764596721-459022622281?crop=entropy&cs=tinysrgb&fit=max&fm=jpg&ixid=M3w5NDQwMTV8MHwxfHNlYXJjaHw0OTh8fGFkdWx0JTIwZmFjZSUyMHBob3RvfGVufDB8fHx8MTc3ODA2ODg3MXww&ixlib=rb-4.1.0&q=80&w=1080,REAL,Unknown,36-50,True
1517,https://images.unsplash.com/photo-1647740356570-91d83b6bd6e1?crop=entropy&cs=tinysrgb&fit=max&fm=jpg&ixid=M3w5NDQwMTV8MHwxfHNlYXJjaHw0Mzd8fHdvbWFuJTIwZmFjZSUyMHBvcnRyYWl0fGVufDB8fHx8MTc3ODA2NTI2OXww&ixlib=rb-4.1.0&q=80&w=1080,REAL,Female,36-50,True
5324,https://api.dicebear.com/7.x/personas/jpg?seed=user2266&size=300,FAKE,Unknown,36-50,True
1511,https://images.unsplash.com/photo-1597499581969-ef0170b200ee?crop=entropy&cs=tinysrgb&fit=max&fm=jpg&ixid=M3w5NDQwMTV8MHwxfHNlYXJjaHw0MzF8fHdvbWFuJTIwZmFjZSUyMHBvcnRyYWl0fGVufDB8fHx8MTc3ODA2NTI2OXww&ixlib=rb-4.1.0&q=80&w=1080,REAL,Female,26-35,True
3743,https://api.dicebear.com/7.x/personas/jpg?seed=user685&size=300,FAKE,Unknown,26-35,True
4108,https://api.dicebear.com/7.x/personas/jpg?seed=user1050&size=300,FAKE,Unknown,26-35,True
3627,https://api.dicebear.com/7.x/personas/jpg?seed=user569&size=300,FAKE,Unknown,18-25,True
2393,https://images.unsplash.com/photo-1727341553976-8456538f2009?crop=entropy&cs=tinysrgb&fit=max&fm=jpg&ixid=M3w5NDQwMTV8MHwxfHNlYXJjaHwxNzN8fGFkdWx0JTIwZmFjZSUyMHBob3RvfGVufDB8fHx8MTc3ODA2ODg0Mnww&ixlib=rb-4.1.0&q=80&w=1080,REAL,Unknown,36-50,True
320,https://images.unsplash.com/photo-1584969405346-5230ae2bc4fc?crop=entropy&cs=tinysrgb&fit=max&fm=jpg&ixid=M3w5NDQwMTV8MHwxfHNlYXJjaHwzNTB8fGh1bWFuJTIwZmFjZSUyMHBvcnRyYWl0fGVufDB8fHx8MTc3ODA2NDk5MHww&ixlib=rb-4.1.0&q=80&w=1080,REAL,Male,36-50,True
3372,https://api.dicebear.com/7.x/personas/jpg?seed=user314&size=300,FAKE,Unknown,36-50,True
4788,https://api.dicebear.com/7.x/personas/jpg?seed=user1730&size=300,FAKE,Unknown,50+,True
1390,https://images.unsplash.com/photo-1636820531452-d63abb2d4008?crop=entropy&cs=tinysrgb&fit=max&fm=jpg&ixid=M3w5NDQwMTV8MHwxfHNlYXJjaHwzMTB8fHdvbWFuJTIwZmFjZSUyMHBvcnRyYWl0fGVufDB8fHx8MTc3ODA2NTI2MXww&ixlib=rb-4.1.0&q=80&w=1080,REAL,Female,18-25,True
2274,https://images.unsplash.com/photo-1748159997958-4e07233539fb?crop=entropy&cs=tinysrgb&fit=max&fm=jpg&ixid=M3w5NDQwMTV8MHwxfHNlYXJjaHw1NHx8YWR1bHQlMjBmYWNlJTIwcGhvdG98ZW58MHx8fHwxNzc4MDY4ODMzfDA&ixlib=rb-4.1.0&q=80&w=1080,REAL,Male,50+,True
1864,https://images.unsplash.com/photo-1622716453112-5ee26ed091ad?crop=entropy&cs=tinysrgb&fit=max&fm=jpg&ixid=M3w5NDQwMTV8MHwxfHNlYXJjaHwyMTR8fHBlcnNvbiUyMGZhY2UlMjBwaG90b3xlbnwwfHx8fDE3NzgwNjUyOTJ8MA&ixlib=rb-4.1.0&q=80&w=1080,REAL,Unknown,26-35,True
593,https://images.unsplash.com/photo-1598207950594-0fd066748f22?crop=entropy&cs=tinysrgb&fit=max&fm=jpg&ixid=M3w5NDQwMTV8MHwxfHNlYXJjaHw1M3x8bWFuJTIwZmFjZSUyMGNsb3NldXB8ZW58MHx8fHwxNzc4MDY1MDc4fDA&ixlib=rb-4.1.0&q=80&w=1080,REAL,Unknown,18-25,True
4173,https://api.dicebear.com/7.x/personas/jpg?seed=user1115&size=300,FAKE,Unknown,36-50,True
2469,https://images.unsplash.com/photo-1552158732-06dc1d835de0?crop=entropy&cs=tinysrgb&fit=max&fm=jpg&ixid=M3w5NDQwMTV8MHwxfHNlYXJjaHwyNDl8fGFkdWx0JTIwZmFjZSUyMHBob3RvfGVufDB8fHx8MTc3ODA2ODg0OXww&ixlib=rb-4.1.0&q=80&w=1080,REAL,Male,26-35,True
5124,https://api.dicebear.com/7.x/personas/jpg?seed=user2066&size=300,FAKE,Unknown,50+,True
3905,https://api.dicebear.com/7.x/personas/jpg?seed=user847&size=300,FAKE,Unknown,50+,True
2142,https://images.unsplash.com/photo-1726741695768-d77b40ae41de?crop=entropy&cs=tinysrgb&fit=max&fm=jpg&ixid=M3w5NDQwMTV8MHwxfHNlYXJjaHw0OTJ8fHBlcnNvbiUyMGZhY2UlMjBwaG90b3xlbnwwfHx8fDE3NzgwNjUzMTN8MA&ixlib=rb-4.1.0&q=80&w=1080,REAL,Unknown,36-50,True
3226,https://api.dicebear.com/7.x/personas/jpg?seed=user168&size=300,FAKE,Unknown,26-35,True
5111,https://api.dicebear.com/7.x/personas/jpg?seed=user2053&size=300,FAKE,Unknown,50+,True
4120,https://api.dicebear.com/7.x/personas/jpg?seed=user1062&size=300,FAKE,Unknown,36-50,True
1863,https://images.unsplash.com/photo-1641764343067-f35532659966?crop=entropy&cs=tinysrgb&fit=max&fm=jpg&ixid=M3w5NDQwMTV8MHwxfHNlYXJjaHwyMTN8fHBlcnNvbiUyMGZhY2UlMjBwaG90b3xlbnwwfHx8fDE3NzgwNjUyOTJ8MA&ixlib=rb-4.1.0&q=80&w=1080,REAL,Male,26-35,True
5180,https://api.dicebear.com/7.x/personas/jpg?seed=user2122&size=300,FAKE,Unknown,50+,True
638,https://images.unsplash.com/photo-1626691319224-eff735ad2e0e?crop=entropy&cs=tinysrgb&fit=max&fm=jpg&ixid=M3w5NDQwMTV8MHwxfHNlYXJjaHw5OHx8bWFuJTIwZmFjZSUyMGNsb3NldXB8ZW58MHx8fHwxNzc4MDY1MDg0fDA&ixlib=rb-4.1.0&q=80&w=1080,REAL,Male,26-35,True
4023,https://api.dicebear.com/7.x/personas/jpg?seed=user965&size=300,FAKE,Unknown,18-25,True
2428,https://images.unsplash.com/photo-1741900461183-619d9dfcadce?crop=entropy&cs=tinysrgb&fit=max&fm=jpg&ixid=M3w5NDQwMTV8MHwxfHNlYXJjaHwyMDh8fGFkdWx0JTIwZmFjZSUyMHBob3RvfGVufDB8fHx8MTc3ODA2ODg0NHww&ixlib=rb-4.1.0&q=80&w=1080,REAL,Male,26-35,True
4881,https://api.dicebear.com/7.x/personas/jpg?seed=user1823&size=300,FAKE,Unknown,50+,True
2932,https://randomuser.me/api/portraits/women/43.jpg,FAKE,Female,36-50,True
2123,https://images.unsplash.com/photo-1632333524657-19e0870058b1?crop=entropy&cs=tinysrgb&fit=max&fm=jpg&ixid=M3w5NDQwMTV8MHwxfHNlYXJjaHw0NzN8fHBlcnNvbiUyMGZhY2UlMjBwaG90b3xlbnwwfHx8fDE3NzgwNjUzMTB8MA&ixlib=rb-4.1.0&q=80&w=1080,REAL,Unknown,18-25,True
4646,https://api.dicebear.com/7.x/personas/jpg?seed=user1588&size=300,FAKE,Unknown,26-35,True
1192,https://images.unsplash.com/photo-1587485268360-05a266bd5a39?crop=entropy&cs=tinysrgb&fit=max&fm=jpg&ixid=M3w5NDQwMTV8MHwxfHNlYXJjaHwxMTJ8fHdvbWFuJTIwZmFjZSUyMHBvcnRyYWl0fGVufDB8fHx8MTc3ODA2NTI0Nnww&ixlib=rb-4.1.0&q=80&w=1080,REAL,Female,36-50,True
1520,https://images.unsplash.com/photo-1647740356562-dc10731b74aa?crop=entropy&cs=tinysrgb&fit=max&fm=jpg&ixid=M3w5NDQwMTV8MHwxfHNlYXJjaHw0NDB8fHdvbWFuJTIwZmFjZSUyMHBvcnRyYWl0fGVufDB8fHx8MTc3ODA2NTI2OXww&ixlib=rb-4.1.0&q=80&w=1080,REAL,Female,26-35,True
3215,https://api.dicebear.com/7.x/personas/jpg?seed=user157&size=300,FAKE,Unknown,50+,True
2290,https://images.unsplash.com/photo-1755098452353-38b55cd27651?crop=entropy&cs=tinysrgb&fit=max&fm=jpg&ixid=M3w5NDQwMTV8MHwxfHNlYXJjaHw3MHx8YWR1bHQlMjBmYWNlJTIwcGhvdG98ZW58MHx8fHwxNzc4MDY4ODM1fDA&ixlib=rb-4.1.0&q=80&w=1080,REAL,Female,26-35,True
1724,https://images.unsplash.com/photo-1600886102552-a5d774464ede?crop=entropy&cs=tinysrgb&fit=max&fm=jpg&ixid=M3w5NDQwMTV8MHwxfHNlYXJjaHw3NHx8cGVyc29uJTIwZmFjZSUyMHBob3RvfGVufDB8fHx8MTc3ODA2NTI4Mnww&ixlib=rb-4.1.0&q=80&w=1080,REAL,Unknown,50+,True
170,https://images.unsplash.com/photo-1646795202164-128b9f0cb107?crop=entropy&cs=tinysrgb&fit=max&fm=jpg&ixid=M3w5NDQwMTV8MHwxfHNlYXJjaHwxNzB8fGh1bWFuJTIwZmFjZSUyMHBvcnRyYWl0fGVufDB8fHx8MTc3ODA2NDc0OXww&ixlib=rb-4.1.0&q=80&w=1080,REAL,Male,36-50,True
220,https://images.unsplash.com/photo-1745426358430-7d88183c1b90?crop=entropy&cs=tinysrgb&fit=max&fm=jpg&ixid=M3w5NDQwMTV8MHwxfHNlYXJjaHwyNTB8fGh1bWFuJTIwZmFjZSUyMHBvcnRyYWl0fGVufDB8fHx8MTc3ODA2NDg3MHww&ixlib=rb-4.1.0&q=80&w=1080,REAL,Male,18-25,True
459,https://images.unsplash.com/photo-1754671246369-ee51e6208a44?crop=entropy&cs=tinysrgb&fit=max&fm=jpg&ixid=M3w5NDQwMTV8MHwxfHNlYXJjaHw0ODl8fGh1bWFuJTIwZmFjZSUyMHBvcnRyYWl0fGVufDB8fHx8MTc3ODA2NTAzN3ww&ixlib=rb-4.1.0&q=80&w=1080,REAL,Male,26-35,True
3772,https://api.dicebear.com/7.x/personas/jpg?seed=user714&size=300,FAKE,Unknown,36-50,True
61,https://images.unsplash.com/photo-1748145210732-b75109742f14?crop=entropy&cs=tinysrgb&fit=max&fm=jpg&ixid=M3w5NDQwMTV8MHwxfHNlYXJjaHw2MXx8aHVtYW4lMjBmYWNlJTIwcG9ydHJhaXR8ZW58MHx8fHwxNzc4MDY0NzE3fDA&ixlib=rb-4.1.0&q=80&w=1080,REAL,Female,26-35,True
4696,https://api.dicebear.com/7.x/personas/jpg?seed=user1638&size=300,FAKE,Unknown,18-25,True
5256,https://api.dicebear.com/7.x/personas/jpg?seed=user2198&size=300,FAKE,Unknown,36-50,True
263,https://images.unsplash.com/photo-1588028217292-e2d584014cbf?crop=entropy&cs=tinysrgb&fit=max&fm=jpg&ixid=M3w5NDQwMTV8MHwxfHNlYXJjaHwyOTN8fGh1bWFuJTIwZmFjZSUyMHBvcnRyYWl0fGVufDB8fHx8MTc3ODA2NDkwMnww&ixlib=rb-4.1.0&q=80&w=1080,REAL,Male,26-35,True
1129,https://images.unsplash.com/photo-1681455098628-ba27cc8a1b29?crop=entropy&cs=tinysrgb&fit=max&fm=jpg&ixid=M3w5NDQwMTV8MHwxfHNlYXJjaHw0OXx8d29tYW4lMjBmYWNlJTIwcG9ydHJhaXR8ZW58MHx8fHwxNzc4MDY1MjQyfDA&ixlib=rb-4.1.0&q=80&w=1080,REAL,Female,18-25,True
2940,https://randomuser.me/api/portraits/women/51.jpg,FAKE,Female,26-35,True
3477,https://api.dicebear.com/7.x/personas/jpg?seed=user419&size=300,FAKE,Unknown,18-25,True
280,https://images.unsplash.com/photo-1768677129657-bb93b8216570?crop=entropy&cs=tinysrgb&fit=max&fm=jpg&ixid=M3w5NDQwMTV8MHwxfHNlYXJjaHwzMTB8fGh1bWFuJTIwZmFjZSUyMHBvcnRyYWl0fGVufDB8fHx8MTc3ODA2NDk4N3ww&ixlib=rb-4.1.0&q=80&w=1080,REAL,Unknown,36-50,True
2990,https://i.pravatar.cc/300?img=2,FAKE,Unknown,18-25,True
2448,https://images.unsplash.com/photo-1594903833720-f9a68102aae1?crop=entropy&cs=tinysrgb&fit=max&fm=jpg&ixid=M3w5NDQwMTV8MHwxfHNlYXJjaHwyMjh8fGFkdWx0JTIwZmFjZSUyMHBob3RvfGVufDB8fHx8MTc3ODA2ODg0Nnww&ixlib=rb-4.1.0&q=80&w=1080,REAL,Unknown,18-25,True
844,https://images.unsplash.com/photo-1590227110835-bb070162a506?crop=entropy&cs=tinysrgb&fit=max&fm=jpg&ixid=M3w5NDQwMTV8MHwxfHNlYXJjaHwzMzR8fG1hbiUyMGZhY2UlMjBjbG9zZXVwfGVufDB8fHx8MTc3ODA2NTIyMnww&ixlib=rb-4.1.0&q=80&w=1080,REAL,Female,18-25,True
3583,https://api.dicebear.com/7.x/personas/jpg?seed=user525&size=300,FAKE,Unknown,18-25,True
3245,https://api.dicebear.com/7.x/personas/jpg?seed=user187&size=300,FAKE,Unknown,36-50,True
2930,https://randomuser.me/api/portraits/women/41.jpg,FAKE,Female,36-50,True
258,https://images.unsplash.com/photo-1587763827518-2c007fb948d2?crop=entropy&cs=tinysrgb&fit=max&fm=jpg&ixid=M3w5NDQwMTV8MHwxfHNlYXJjaHwyODh8fGh1bWFuJTIwZmFjZSUyMHBvcnRyYWl0fGVufDB8fHx8MTc3ODA2NDkwMnww&ixlib=rb-4.1.0&q=80&w=1080,REAL,Male,36-50,True
2739,https://images.unsplash.com/photo-1626691319224-eff735ad2e0e?crop=entropy&cs=tinysrgb&fit=max&fm=jpg&ixid=M3w5NDQwMTV8MHwxfHNlYXJjaHw1MTl8fGFkdWx0JTIwZmFjZSUyMHBob3RvfGVufDB8fHx8MTc3ODA2ODg3NHww&ixlib=rb-4.1.0&q=80&w=1080,REAL,Unknown,26-35,True
4553,https://api.dicebear.com/7.x/personas/jpg?seed=user1495&size=300,FAKE,Unknown,18-25,True
102,https://images.unsplash.com/photo-1569438839910-0879d27a29c4?crop=entropy&cs=tinysrgb&fit=max&fm=jpg&ixid=M3w5NDQwMTV8MHwxfHNlYXJjaHwxMDJ8fGh1bWFuJTIwZmFjZSUyMHBvcnRyYWl0fGVufDB8fHx8MTc3ODA2NDcyMXww&ixlib=rb-4.1.0&q=80&w=1080,REAL,Unknown,36-50,True
2646,https://images.unsplash.com/photo-1650213237829-2790f1a649da?crop=entropy&cs=tinysrgb&fit=max&fm=jpg&ixid=M3w5NDQwMTV8MHwxfHNlYXJjaHw0MjZ8fGFkdWx0JTIwZmFjZSUyMHBob3RvfGVufDB8fHx8MTc3ODA2ODg2NHww&ixlib=rb-4.1.0&q=80&w=1080,REAL,Unknown,50+,True
5279,https://api.dicebear.com/7.x/personas/jpg?seed=user2221&size=300,FAKE,Unknown,36-50,True
984,https://images.unsplash.com/photo-1617746652974-0be48cd984d1?crop=entropy&cs=tinysrgb&fit=max&fm=jpg&ixid=M3w5NDQwMTV8MHwxfHNlYXJjaHw0NzR8fG1hbiUyMGZhY2UlMjBjbG9zZXVwfGVufDB8fHx8MTc3ODA2NTIzMHww&ixlib=rb-4.1.0&q=80&w=1080,REAL,Female,26-35,True
13,https://images.unsplash.com/photo-1724225619025-e140fb866dc5?crop=entropy&cs=tinysrgb&fit=max&fm=jpg&ixid=M3w5NDQwMTV8MHwxfHNlYXJjaHwxM3x8aHVtYW4lMjBmYWNlJTIwcG9ydHJhaXR8ZW58MHx8fHwxNzc4MDY0Njg3fDA&ixlib=rb-4.1.0&q=80&w=1080,REAL,Unknown,50+,True
3035,https://i.pravatar.cc/300?img=47,FAKE,Unknown,36-50,True
3989,https://api.dicebear.com/7.x/personas/jpg?seed=user931&size=300,FAKE,Unknown,36-50,True
3333,https://api.dicebear.com/7.x/personas/jpg?seed=user275&size=300,FAKE,Unknown,18-25,True
4732,https://api.dicebear.com/7.x/personas/jpg?seed=user1674&size=300,FAKE,Unknown,50+,True
225,https://images.unsplash.com/photo-1730937012608-1b77e4574a59?crop=entropy&cs=tinysrgb&fit=max&fm=jpg&ixid=M3w5NDQwMTV8MHwxfHNlYXJjaHwyNTV8fGh1bWFuJTIwZmFjZSUyMHBvcnRyYWl0fGVufDB8fHx8MTc3ODA2NDg3MHww&ixlib=rb-4.1.0&q=80&w=1080,REAL,Unknown,18-25,True
2897,https://randomuser.me/api/portraits/women/8.jpg,FAKE,Female,26-35,True
5273,https://api.dicebear.com/7.x/personas/jpg?seed=user2215&size=300,FAKE,Unknown,50+,True
5292,https://api.dicebear.com/7.x/personas/jpg?seed=user2234&size=300,FAKE,Unknown,50+,True
5410,https://api.dicebear.com/7.x/personas/jpg?seed=user2352&size=300,FAKE,Unknown,26-35,True
4117,https://api.dicebear.com/7.x/personas/jpg?seed=user1059&size=300,FAKE,Unknown,26-35,True
4205,https://api.dicebear.com/7.x/personas/jpg?seed=user1147&size=300,FAKE,Unknown,18-25,True
3937,https://api.dicebear.com/7.x/personas/jpg?seed=user879&size=300,FAKE,Unknown,26-35,True
3155,https://api.dicebear.com/7.x/personas/jpg?seed=user97&size=300,FAKE,Unknown,18-25,True
3863,https://api.dicebear.com/7.x/personas/jpg?seed=user805&size=300,FAKE,Unknown,36-50,True
992,https://images.unsplash.com/photo-1591554405525-fbe5b58cf68c?crop=entropy&cs=tinysrgb&fit=max&fm=jpg&ixid=M3w5NDQwMTV8MHwxfHNlYXJjaHw0ODJ8fG1hbiUyMGZhY2UlMjBjbG9zZXVwfGVufDB8fHx8MTc3ODA2NTIzMnww&ixlib=rb-4.1.0&q=80&w=1080,REAL,Unknown,26-35,True
1719,https://images.unsplash.com/photo-1586501081992-de543a5b8778?crop=entropy&cs=tinysrgb&fit=max&fm=jpg&ixid=M3w5NDQwMTV8MHwxfHNlYXJjaHw2OXx8cGVyc29uJTIwZmFjZSUyMHBob3RvfGVufDB8fHx8MTc3ODA2NTI4Mnww&ixlib=rb-4.1.0&q=80&w=1080,REAL,Unknown,18-25,True
443,https://images.unsplash.com/photo-1665432799330-febd5d40bd00?crop=entropy&cs=tinysrgb&fit=max&fm=jpg&ixid=M3w5NDQwMTV8MHwxfHNlYXJjaHw0NzN8fGh1bWFuJTIwZmFjZSUyMHBvcnRyYWl0fGVufDB8fHx8MTc3ODA2NTAzM3ww&ixlib=rb-4.1.0&q=80&w=1080,REAL,Female,26-35,True
1257,https://images.unsplash.com/photo-1549064029-3007a478b0ce?crop=entropy&cs=tinysrgb&fit=max&fm=jpg&ixid=M3w5NDQwMTV8MHwxfHNlYXJjaHwxNzd8fHdvbWFuJTIwZmFjZSUyMHBvcnRyYWl0fGVufDB8fHx8MTc3ODA2NTI1MXww&ixlib=rb-4.1.0&q=80&w=1080,REAL,Male,18-25,True
2516,https://images.unsplash.com/photo-1665493079387-bdec8180f00e?crop=entropy&cs=tinysrgb&fit=max&fm=jpg&ixid=M3w5NDQwMTV8MHwxfHNlYXJjaHwyOTZ8fGFkdWx0JTIwZmFjZSUyMHBob3RvfGVufDB8fHx8MTc3ODA2ODg1MXww&ixlib=rb-4.1.0&q=80&w=1080,REAL,Male,50+,True
2052,https://images.unsplash.com/photo-1629797731335-3dd6ead0f1b2?crop=entropy&cs=tinysrgb&fit=max&fm=jpg&ixid=M3w5NDQwMTV8MHwxfHNlYXJjaHw0MDJ8fHBlcnNvbiUyMGZhY2UlMjBwaG90b3xlbnwwfHx8fDE3NzgwNjUzMDV8MA&ixlib=rb-4.1.0&q=80&w=1080,REAL,Female,50+,True
3097,https://api.dicebear.com/7.x/personas/jpg?seed=user39&size=300,FAKE,Unknown,18-25,True
5316,https://api.dicebear.com/7.x/personas/jpg?seed=user2258&size=300,FAKE,Unknown,18-25,True
1031,https://images.unsplash.com/photo-1627034779567-6cfbb7918d28?crop=entropy&cs=tinysrgb&fit=max&fm=jpg&ixid=M3w5NDQwMTV8MHwxfHNlYXJjaHw1MjF8fG1hbiUyMGZhY2UlMjBjbG9zZXVwfGVufDB8fHx8MTc3ODA2NTIzNHww&ixlib=rb-4.1.0&q=80&w=1080,REAL,Female,50+,True
48,https://images.unsplash.com/photo-1657682041043-d6cc9df38657?crop=entropy&cs=tinysrgb&fit=max&fm=jpg&ixid=M3w5NDQwMTV8MHwxfHNlYXJjaHw0OHx8aHVtYW4lMjBmYWNlJTIwcG9ydHJhaXR8ZW58MHx8fHwxNzc4MDY0NzA2fDA&ixlib=rb-4.1.0&q=80&w=1080,REAL,Unknown,50+,True
595,https://images.unsplash.com/photo-1547729047-a1f1532c9a38?crop=entropy&cs=tinysrgb&fit=max&fm=jpg&ixid=M3w5NDQwMTV8MHwxfHNlYXJjaHw1NXx8bWFuJTIwZmFjZSUyMGNsb3NldXB8ZW58MHx8fHwxNzc4MDY1MDc4fDA&ixlib=rb-4.1.0&q=80&w=1080,REAL,Male,26-35,True
3630,https://api.dicebear.com/7.x/personas/jpg?seed=user572&size=300,FAKE,Unknown,36-50,True
5236,https://api.dicebear.com/7.x/personas/jpg?seed=user2178&size=300,FAKE,Unknown,36-50,True
1322,https://images.unsplash.com/photo-1660114436971-b023034b8919?crop=entropy&cs=tinysrgb&fit=max&fm=jpg&ixid=M3w5NDQwMTV8MHwxfHNlYXJjaHwyNDJ8fHdvbWFuJTIwZmFjZSUyMHBvcnRyYWl0fGVufDB8fHx8MTc3ODA2NTI1N3ww&ixlib=rb-4.1.0&q=80&w=1080,REAL,Female,26-35,True
5331,https://api.dicebear.com/7.x/personas/jpg?seed=user2273&size=300,FAKE,Unknown,26-35,True
2021,https://images.unsplash.com/photo-1648500128175-6ab50b669077?crop=entropy&cs=tinysrgb&fit=max&fm=jpg&ixid=M3w5NDQwMTV8MHwxfHNlYXJjaHwzNzF8fHBlcnNvbiUyMGZhY2UlMjBwaG90b3xlbnwwfHx8fDE3NzgwNjUzMDN8MA&ixlib=rb-4.1.0&q=80&w=1080,REAL,Female,50+,True
2459,https://images.unsplash.com/photo-1635187112337-b5f132081538?crop=entropy&cs=tinysrgb&fit=max&fm=jpg&ixid=M3w5NDQwMTV8MHwxfHNlYXJjaHwyMzl8fGFkdWx0JTIwZmFjZSUyMHBob3RvfGVufDB8fHx8MTc3ODA2ODg0Nnww&ixlib=rb-4.1.0&q=80&w=1080,REAL,Female,18-25,True
5045,https://api.dicebear.com/7.x/personas/jpg?seed=user1987&size=300,FAKE,Unknown,18-25,True
1141,https://images.unsplash.com/photo-1642518382417-497dc2b02f80?crop=entropy&cs=tinysrgb&fit=max&fm=jpg&ixid=M3w5NDQwMTV8MHwxfHNlYXJjaHw2MXx8d29tYW4lMjBmYWNlJTIwcG9ydHJhaXR8ZW58MHx8fHwxNzc4MDY1MjQ0fDA&ixlib=rb-4.1.0&q=80&w=1080,REAL,Unknown,50+,True
2445,https://images.unsplash.com/photo-1635187103184-6601bdd547b5?crop=entropy&cs=tinysrgb&fit=max&fm=jpg&ixid=M3w5NDQwMTV8MHwxfHNlYXJjaHwyMjV8fGFkdWx0JTIwZmFjZSUyMHBob3RvfGVufDB8fHx8MTc3ODA2ODg0Nnww&ixlib=rb-4.1.0&q=80&w=1080,REAL,Male,26-35,True
900,https://images.unsplash.com/photo-1650962903665-d66116fe94ef?crop=entropy&cs=tinysrgb&fit=max&fm=jpg&ixid=M3w5NDQwMTV8MHwxfHNlYXJjaHwzOTB8fG1hbiUyMGZhY2UlMjBjbG9zZXVwfGVufDB8fHx8MTc3ODA2NTIyNHww&ixlib=rb-4.1.0&q=80&w=1080,REAL,Unknown,50+,True
4175,https://api.dicebear.com/7.x/personas/jpg?seed=user1117&size=300,FAKE,Unknown,18-25,True
2360,https://images.unsplash.com/photo-1704989983343-21476626a16a?crop=entropy&cs=tinysrgb&fit=max&fm=jpg&ixid=M3w5NDQwMTV8MHwxfHNlYXJjaHwxNDB8fGFkdWx0JTIwZmFjZSUyMHBob3RvfGVufDB8fHx8MTc3ODA2ODg0MHww&ixlib=rb-4.1.0&q=80&w=1080,REAL,Male,50+,True
3948,https://api.dicebear.com/7.x/personas/jpg?seed=user890&size=300,FAKE,Unknown,18-25,True
4872,https://api.dicebear.com/7.x/personas/jpg?seed=user1814&size=300,FAKE,Unknown,26-35,True
5315,https://api.dicebear.com/7.x/personas/jpg?seed=user2257&size=300,FAKE,Unknown,50+,True
3421,https://api.dicebear.com/7.x/personas/jpg?seed=user363&size=300,FAKE,Unknown,50+,True
499,https://images.unsplash.com/photo-1636397754200-1bb318032c69?crop=entropy&cs=tinysrgb&fit=max&fm=jpg&ixid=M3w5NDQwMTV8MHwxfHNlYXJjaHw1Mjl8fGh1bWFuJTIwZmFjZSUyMHBvcnRyYWl0fGVufDB8fHx8MTc3ODA2NTA0OXww&ixlib=rb-4.1.0&q=80&w=1080,REAL,Male,36-50,True
3011,https://i.pravatar.cc/300?img=23,FAKE,Unknown,26-35,True
546,https://images.unsplash.com/photo-1745426358430-7d88183c1b90?crop=entropy&cs=tinysrgb&fit=max&fm=jpg&ixid=M3w5NDQwMTV8MHwxfHNlYXJjaHw2fHxtYW4lMjBmYWNlJTIwY2xvc2V1cHxlbnwwfHx8fDE3NzgwNjUwNjN8MA&ixlib=rb-4.1.0&q=80&w=1080,REAL,Female,50+,True
5516,https://api.dicebear.com/7.x/personas/jpg?seed=user2458&size=300,FAKE,Unknown,18-25,True
4779,https://api.dicebear.com/7.x/personas/jpg?seed=user1721&size=300,FAKE,Unknown,50+,True
1478,https://images.unsplash.com/photo-1620301131826-116e95bc3c18?crop=entropy&cs=tinysrgb&fit=max&fm=jpg&ixid=M3w5NDQwMTV8MHwxfHNlYXJjaHwzOTh8fHdvbWFuJTIwZmFjZSUyMHBvcnRyYWl0fGVufDB8fHx8MTc3ODA2NTI2N3ww&ixlib=rb-4.1.0&q=80&w=1080,REAL,Female,26-35,True
1908,https://images.unsplash.com/photo-1635130579917-8f14ed3c0b16?crop=entropy&cs=tinysrgb&fit=max&fm=jpg&ixid=M3w5NDQwMTV8MHwxfHNlYXJjaHwyNTh8fHBlcnNvbiUyMGZhY2UlMjBwaG90b3xlbnwwfHx8fDE3NzgwNjUyOTV8MA&ixlib=rb-4.1.0&q=80&w=1080,REAL,Unknown,36-50,True
4914,https://api.dicebear.com/7.x/personas/jpg?seed=user1856&size=300,FAKE,Unknown,26-35,True
2929,https://randomuser.me/api/portraits/women/40.jpg,FAKE,Female,36-50,True
2764,https://images.unsplash.com/photo-1631842783270-0cd85a7b0e94?crop=entropy&cs=tinysrgb&fit=max&fm=jpg&ixid=M3w5NDQwMTV8MHwxfHNlYXJjaHw1NDR8fGFkdWx0JTIwZmFjZSUyMHBob3RvfGVufDB8fHx8MTc3ODA2ODg3Nnww&ixlib=rb-4.1.0&q=80&w=1080,REAL,Female,50+,True
2972,https://randomuser.me/api/portraits/women/83.jpg,FAKE,Female,18-25,True
1157,https://images.unsplash.com/photo-1585606240503-7f3bd07d8e8a?crop=entropy&cs=tinysrgb&fit=max&fm=jpg&ixid=M3w5NDQwMTV8MHwxfHNlYXJjaHw3N3x8d29tYW4lMjBmYWNlJTIwcG9ydHJhaXR8ZW58MHx8fHwxNzc4MDY1MjQ0fDA&ixlib=rb-4.1.0&q=80&w=1080,REAL,Male,26-35,True
2638,https://images.unsplash.com/photo-1575632324512-d05db8f9a988?crop=entropy&cs=tinysrgb&fit=max&fm=jpg&ixid=M3w5NDQwMTV8MHwxfHNlYXJjaHw0MTh8fGFkdWx0JTIwZmFjZSUyMHBob3RvfGVufDB8fHx8MTc3ODA2ODg2MXww&ixlib=rb-4.1.0&q=80&w=1080,REAL,Unknown,36-50,True
3710,https://api.dicebear.com/7.x/personas/jpg?seed=user652&size=300,FAKE,Unknown,36-50,True
1705,https://images.unsplash.com/photo-1740074857209-389de8b311df?crop=entropy&cs=tinysrgb&fit=max&fm=jpg&ixid=M3w5NDQwMTV8MHwxfHNlYXJjaHw1NXx8cGVyc29uJTIwZmFjZSUyMHBob3RvfGVufDB8fHx8MTc3ODA2NTI4MHww&ixlib=rb-4.1.0&q=80&w=1080,REAL,Male,50+,True
975,https://images.unsplash.com/photo-1718606446645-d7169dd0789e?crop=entropy&cs=tinysrgb&fit=max&fm=jpg&ixid=M3w5NDQwMTV8MHwxfHNlYXJjaHw0NjV8fG1hbiUyMGZhY2UlMjBjbG9zZXVwfGVufDB8fHx8MTc3ODA2NTIzMHww&ixlib=rb-4.1.0&q=80&w=1080,REAL,Male,50+,True
1459,https://images.unsplash.com/photo-1640901803760-69b81976e994?crop=entropy&cs=tinysrgb&fit=max&fm=jpg&ixid=M3w5NDQwMTV8MHwxfHNlYXJjaHwzNzl8fHdvbWFuJTIwZmFjZSUyMHBvcnRyYWl0fGVufDB8fHx8MTc3ODA2NTI2NXww&ixlib=rb-4.1.0&q=80&w=1080,REAL,Female,18-25,True
1844,https://images.unsplash.com/photo-1727341557146-4abab94d0812?crop=entropy&cs=tinysrgb&fit=max&fm=jpg&ixid=M3w5NDQwMTV8MHwxfHNlYXJjaHwxOTR8fHBlcnNvbiUyMGZhY2UlMjBwaG90b3xlbnwwfHx8fDE3NzgwNjUyOTB8MA&ixlib=rb-4.1.0&q=80&w=1080,REAL,Female,50+,True
5084,https://api.dicebear.com/7.x/personas/jpg?seed=user2026&size=300,FAKE,Unknown,18-25,True
4163,https://api.dicebear.com/7.x/personas/jpg?seed=user1105&size=300,FAKE,Unknown,36-50,True
1406,https://images.unsplash.com/photo-1625690987152-33781d3201c5?crop=entropy&cs=tinysrgb&fit=max&fm=jpg&ixid=M3w5NDQwMTV8MHwxfHNlYXJjaHwzMjZ8fHdvbWFuJTIwZmFjZSUyMHBvcnRyYWl0fGVufDB8fHx8MTc3ODA2NTI2MXww&ixlib=rb-4.1.0&q=80&w=1080,REAL,Female,36-50,True
3885,https://api.dicebear.com/7.x/personas/jpg?seed=user827&size=300,FAKE,Unknown,36-50,True
2173,https://images.unsplash.com/photo-1527888134035-745830ac26fd?crop=entropy&cs=tinysrgb&fit=max&fm=jpg&ixid=M3w5NDQwMTV8MHwxfHNlYXJjaHw1MjN8fHBlcnNvbiUyMGZhY2UlMjBwaG90b3xlbnwwfHx8fDE3NzgwNjUzMTZ8MA&ixlib=rb-4.1.0&q=80&w=1080,REAL,Male,26-35,True
577,https://images.unsplash.com/photo-1758525589308-66a6eb2177d4?crop=entropy&cs=tinysrgb&fit=max&fm=jpg&ixid=M3w5NDQwMTV8MHwxfHNlYXJjaHwzN3x8bWFuJTIwZmFjZSUyMGNsb3NldXB8ZW58MHx8fHwxNzc4MDY1MDc4fDA&ixlib=rb-4.1.0&q=80&w=1080,REAL,Unknown,36-50,True
2376,https://images.unsplash.com/photo-1740523851018-824a7ee75313?crop=entropy&cs=tinysrgb&fit=max&fm=jpg&ixid=M3w5NDQwMTV8MHwxfHNlYXJjaHwxNTZ8fGFkdWx0JTIwZmFjZSUyMHBob3RvfGVufDB8fHx8MTc3ODA2ODg0Mnww&ixlib=rb-4.1.0&q=80&w=1080,REAL,Unknown,50+,True
4341,https://api.dicebear.com/7.x/personas/jpg?seed=user1283&size=300,FAKE,Unknown,36-50,True
1779,https://images.unsplash.com/photo-1623864653909-0104b412f75d?crop=entropy&cs=tinysrgb&fit=max&fm=jpg&ixid=M3w5NDQwMTV8MHwxfHNlYXJjaHwxMjl8fHBlcnNvbiUyMGZhY2UlMjBwaG90b3xlbnwwfHx8fDE3NzgwNjUyODZ8MA&ixlib=rb-4.1.0&q=80&w=1080,REAL,Unknown,36-50,True
282,https://images.unsplash.com/photo-1588398810387-88d16611e7ce?crop=entropy&cs=tinysrgb&fit=max&fm=jpg&ixid=M3w5NDQwMTV8MHwxfHNlYXJjaHwzMTJ8fGh1bWFuJTIwZmFjZSUyMHBvcnRyYWl0fGVufDB8fHx8MTc3ODA2NDk4N3ww&ixlib=rb-4.1.0&q=80&w=1080,REAL,Female,50+,True
331,https://images.unsplash.com/photo-1588028223998-d0332f67341d?crop=entropy&cs=tinysrgb&fit=max&fm=jpg&ixid=M3w5NDQwMTV8MHwxfHNlYXJjaHwzNjF8fGh1bWFuJTIwZmFjZSUyMHBvcnRyYWl0fGVufDB8fHx8MTc3ODA2NDk5N3ww&ixlib=rb-4.1.0&q=80&w=1080,REAL,Male,50+,True
4915,https://api.dicebear.com/7.x/personas/jpg?seed=user1857&size=300,FAKE,Unknown,50+,True
236,https://images.unsplash.com/photo-1601118448163-0f9363e5bbb4?crop=entropy&cs=tinysrgb&fit=max&fm=jpg&ixid=M3w5NDQwMTV8MHwxfHNlYXJjaHwyNjZ8fGh1bWFuJTIwZmFjZSUyMHBvcnRyYWl0fGVufDB8fHx8MTc3ODA2NDg3MHww&ixlib=rb-4.1.0&q=80&w=1080,REAL,Unknown,18-25,True
784,https://images.unsplash.com/photo-1746721705060-4c8f955f317c?crop=entropy&cs=tinysrgb&fit=max&fm=jpg&ixid=M3w5NDQwMTV8MHwxfHNlYXJjaHwyNzR8fG1hbiUyMGZhY2UlMjBjbG9zZXVwfGVufDB8fHx8MTc3ODA2NTIxNnww&ixlib=rb-4.1.0&q=80&w=1080,REAL,Female,50+,True
2165,https://images.unsplash.com/photo-1729517664974-8949fde5f617?crop=entropy&cs=tinysrgb&fit=max&fm=jpg&ixid=M3w5NDQwMTV8MHwxfHNlYXJjaHw1MTV8fHBlcnNvbiUyMGZhY2UlMjBwaG90b3xlbnwwfHx8fDE3NzgwNjUzMTZ8MA&ixlib=rb-4.1.0&q=80&w=1080,REAL,Unknown,18-25,True
1616,https://images.unsplash.com/photo-1700317440795-4f52d9364783?crop=entropy&cs=tinysrgb&fit=max&fm=jpg&ixid=M3w5NDQwMTV8MHwxfHNlYXJjaHw1MzZ8fHdvbWFuJTIwZmFjZSUyMHBvcnRyYWl0fGVufDB8fHx8MTc3ODA2NTI3NHww&ixlib=rb-4.1.0&q=80&w=1080,REAL,Female,50+,True
5024,https://api.dicebear.com/7.x/personas/jpg?seed=user1966&size=300,FAKE,Unknown,26-35,True
4562,https://api.dicebear.com/7.x/personas/jpg?seed=user1504&size=300,FAKE,Unknown,18-25,True
25,https://images.unsplash.com/photo-1712153483492-cab99d90ca71?crop=entropy&cs=tinysrgb&fit=max&fm=jpg&ixid=M3w5NDQwMTV8MHwxfHNlYXJjaHwyNXx8aHVtYW4lMjBmYWNlJTIwcG9ydHJhaXR8ZW58MHx8fHwxNzc4MDY0Njg3fDA&ixlib=rb-4.1.0&q=80&w=1080,REAL,Female,50+,True
308,https://images.unsplash.com/photo-1637766640439-91a8be01ec60?crop=entropy&cs=tinysrgb&fit=max&fm=jpg&ixid=M3w5NDQwMTV8MHwxfHNlYXJjaHwzMzh8fGh1bWFuJTIwZmFjZSUyMHBvcnRyYWl0fGVufDB8fHx8MTc3ODA2NDk5MHww&ixlib=rb-4.1.0&q=80&w=1080,REAL,Male,50+,True
4841,https://api.dicebear.com/7.x/personas/jpg?seed=user1783&size=300,FAKE,Unknown,36-50,True
464,https://images.unsplash.com/photo-1732195636312-5f3aa589bb5d?crop=entropy&cs=tinysrgb&fit=max&fm=jpg&ixid=M3w5NDQwMTV8MHwxfHNlYXJjaHw0OTR8fGh1bWFuJTIwZmFjZSUyMHBvcnRyYWl0fGVufDB8fHx8MTc3ODA2NTAzN3ww&ixlib=rb-4.1.0&q=80&w=1080,REAL,Male,36-50,True
2850,https://randomuser.me/api/portraits/men/60.jpg,FAKE,Male,18-25,True
3967,https://api.dicebear.com/7.x/personas/jpg?seed=user909&size=300,FAKE,Unknown,18-25,True
541,https://images.unsplash.com/photo-1566645320874-9c88e86af873?crop=entropy&cs=tinysrgb&fit=max&fm=jpg&ixid=M3w5NDQwMTV8MHwxfHNlYXJjaHwxfHxtYW4lMjBmYWNlJTIwY2xvc2V1cHxlbnwwfHx8fDE3NzgwNjUwNjN8MA&ixlib=rb-4.1.0&q=80&w=1080,REAL,Male,36-50,True
830,https://images.unsplash.com/photo-1560820038-8417ab9669bb?crop=entropy&cs=tinysrgb&fit=max&fm=jpg&ixid=M3w5NDQwMTV8MHwxfHNlYXJjaHwzMjB8fG1hbiUyMGZhY2UlMjBjbG9zZXVwfGVufDB8fHx8MTc3ODA2NTIxOHww&ixlib=rb-4.1.0&q=80&w=1080,REAL,Male,50+,True
4352,https://api.dicebear.com/7.x/personas/jpg?seed=user1294&size=300,FAKE,Unknown,18-25,True
2038,https://images.unsplash.com/photo-1726741694185-71aa437d6ab2?crop=entropy&cs=tinysrgb&fit=max&fm=jpg&ixid=M3w5NDQwMTV8MHwxfHNlYXJjaHwzODh8fHBlcnNvbiUyMGZhY2UlMjBwaG90b3xlbnwwfHx8fDE3NzgwNjUzMDN8MA&ixlib=rb-4.1.0&q=80&w=1080,REAL,Male,26-35,True
2872,https://randomuser.me/api/portraits/men/82.jpg,FAKE,Male,50+,True
3707,https://api.dicebear.com/7.x/personas/jpg?seed=user649&size=300,FAKE,Unknown,36-50,True
3359,https://api.dicebear.com/7.x/personas/jpg?seed=user301&size=300,FAKE,Unknown,36-50,True
3618,https://api.dicebear.com/7.x/personas/jpg?seed=user560&size=300,FAKE,Unknown,50+,True
750,https://images.unsplash.com/photo-1533387912059-6044599bc4c5?crop=entropy&cs=tinysrgb&fit=max&fm=jpg&ixid=M3w5NDQwMTV8MHwxfHNlYXJjaHwyNDB8fG1hbiUyMGZhY2UlMjBjbG9zZXVwfGVufDB8fHx8MTc3ODA2NTIxMXww&ixlib=rb-4.1.0&q=80&w=1080,REAL,Female,26-35,True
4516,https://api.dicebear.com/7.x/personas/jpg?seed=user1458&size=300,FAKE,Unknown,18-25,True
1218,https://images.unsplash.com/photo-1640059565854-b1f3671f01c4?crop=entropy&cs=tinysrgb&fit=max&fm=jpg&ixid=M3w5NDQwMTV8MHwxfHNlYXJjaHwxMzh8fHdvbWFuJTIwZmFjZSUyMHBvcnRyYWl0fGVufDB8fHx8MTc3ODA2NTI0OHww&ixlib=rb-4.1.0&q=80&w=1080,REAL,Male,50+,True
3730,https://api.dicebear.com/7.x/personas/jpg?seed=user672&size=300,FAKE,Unknown,26-35,True
5350,https://api.dicebear.com/7.x/personas/jpg?seed=user2292&size=300,FAKE,Unknown,26-35,True
4054,https://api.dicebear.com/7.x/personas/jpg?seed=user996&size=300,FAKE,Unknown,18-25,True
4724,https://api.dicebear.com/7.x/personas/jpg?seed=user1666&size=300,FAKE,Unknown,36-50,True
2700,https://images.unsplash.com/photo-1583155937462-7c18e74b6aa3?crop=entropy&cs=tinysrgb&fit=max&fm=jpg&ixid=M3w5NDQwMTV8MHwxfHNlYXJjaHw0ODB8fGFkdWx0JTIwZmFjZSUyMHBob3RvfGVufDB8fHx8MTc3ODA2ODg2OHww&ixlib=rb-4.1.0&q=80&w=1080,REAL,Male,26-35,True
3633,https://api.dicebear.com/7.x/personas/jpg?seed=user575&size=300,FAKE,Unknown,18-25,True
3822,https://api.dicebear.com/7.x/personas/jpg?seed=user764&size=300,FAKE,Unknown,36-50,True
9,https://images.unsplash.com/photo-1724225618338-a2525076e0e2?crop=entropy&cs=tinysrgb&fit=max&fm=jpg&ixid=M3w5NDQwMTV8MHwxfHNlYXJjaHw5fHxodW1hbiUyMGZhY2UlMjBwb3J0cmFpdHxlbnwwfHx8fDE3NzgwNjQ2ODd8MA&ixlib=rb-4.1.0&q=80&w=1080,REAL,Male,26-35,True
5412,https://api.dicebear.com/7.x/personas/jpg?seed=user2354&size=300,FAKE,Unknown,50+,True
2019,https://images.unsplash.com/photo-1648484859960-97a7c372d8d0?crop=entropy&cs=tinysrgb&fit=max&fm=jpg&ixid=M3w5NDQwMTV8MHwxfHNlYXJjaHwzNjl8fHBlcnNvbiUyMGZhY2UlMjBwaG90b3xlbnwwfHx8fDE3NzgwNjUzMDN8MA&ixlib=rb-4.1.0&q=80&w=1080,REAL,Female,50+,True
513,https://images.unsplash.com/photo-1746116572305-6884f0bbad4d?crop=entropy&cs=tinysrgb&fit=max&fm=jpg&ixid=M3w5NDQwMTV8MHwxfHNlYXJjaHw1NDN8fGh1bWFuJTIwZmFjZSUyMHBvcnRyYWl0fGVufDB8fHx8MTc3ODA2NTA1NXww&ixlib=rb-4.1.0&q=80&w=1080,REAL,Male,26-35,True
359,https://images.unsplash.com/photo-1639986162505-c9bcccfc9712?crop=entropy&cs=tinysrgb&fit=max&fm=jpg&ixid=M3w5NDQwMTV8MHwxfHNlYXJjaHwzODl8fGh1bWFuJTIwZmFjZSUyMHBvcnRyYWl0fGVufDB8fHx8MTc3ODA2NDk5N3ww&ixlib=rb-4.1.0&q=80&w=1080,REAL,Unknown,36-50,True
2828,https://randomuser.me/api/portraits/men/38.jpg,FAKE,Male,18-25,True
4242,https://api.dicebear.com/7.x/personas/jpg?seed=user1184&size=300,FAKE,Unknown,26-35,True
207,https://images.unsplash.com/photo-1560884117-8e9be30e4aec?crop=entropy&cs=tinysrgb&fit=max&fm=jpg&ixid=M3w5NDQwMTV8MHwxfHNlYXJjaHwyMDd8fGh1bWFuJTIwZmFjZSUyMHBvcnRyYWl0fGVufDB8fHx8MTc3ODA2NDc1M3ww&ixlib=rb-4.1.0&q=80&w=1080,REAL,Male,36-50,True
1514,https://images.unsplash.com/photo-1647225476703-1d622eb4e30f?crop=entropy&cs=tinysrgb&fit=max&fm=jpg&ixid=M3w5NDQwMTV8MHwxfHNlYXJjaHw0MzR8fHdvbWFuJTIwZmFjZSUyMHBvcnRyYWl0fGVufDB8fHx8MTc3ODA2NTI2OXww&ixlib=rb-4.1.0&q=80&w=1080,REAL,Female,50+,True
5489,https://api.dicebear.com/7.x/personas/jpg?seed=user2431&size=300,FAKE,Unknown,26-35,True
2112,https://images.unsplash.com/photo-1586377794368-976693962b4d?crop=entropy&cs=tinysrgb&fit=max&fm=jpg&ixid=M3w5NDQwMTV8MHwxfHNlYXJjaHw0NjJ8fHBlcnNvbiUyMGZhY2UlMjBwaG90b3xlbnwwfHx8fDE3NzgwNjUzMTB8MA&ixlib=rb-4.1.0&q=80&w=1080,REAL,Male,36-50,True
2338,https://images.unsplash.com/photo-1733860497057-b36b1a8ef426?crop=entropy&cs=tinysrgb&fit=max&fm=jpg&ixid=M3w5NDQwMTV8MHwxfHNlYXJjaHwxMTh8fGFkdWx0JTIwZmFjZSUyMHBob3RvfGVufDB8fHx8MTc3ODA2ODgzOHww&ixlib=rb-4.1.0&q=80&w=1080,REAL,Unknown,36-50,True
3405,https://api.dicebear.com/7.x/personas/jpg?seed=user347&size=300,FAKE,Unknown,36-50,True
1805,https://images.unsplash.com/photo-1611603088259-3a5dbe3479bf?crop=entropy&cs=tinysrgb&fit=max&fm=jpg&ixid=M3w5NDQwMTV8MHwxfHNlYXJjaHwxNTV8fHBlcnNvbiUyMGZhY2UlMjBwaG90b3xlbnwwfHx8fDE3NzgwNjUyODh8MA&ixlib=rb-4.1.0&q=80&w=1080,REAL,Male,18-25,True
430,https://images.unsplash.com/photo-1732195636258-7b5a60f8d0ca?crop=entropy&cs=tinysrgb&fit=max&fm=jpg&ixid=M3w5NDQwMTV8MHwxfHNlYXJjaHw0NjB8fGh1bWFuJTIwZmFjZSUyMHBvcnRyYWl0fGVufDB8fHx8MTc3ODA2NTAzM3ww&ixlib=rb-4.1.0&q=80&w=1080,REAL,Female,18-25,True
3646,https://api.dicebear.com/7.x/personas/jpg?seed=user588&size=300,FAKE,Unknown,50+,True
264,https://images.unsplash.com/photo-1585584011184-55cf0de2ea25?crop=entropy&cs=tinysrgb&fit=max&fm=jpg&ixid=M3w5NDQwMTV8MHwxfHNlYXJjaHwyOTR8fGh1bWFuJTIwZmFjZSUyMHBvcnRyYWl0fGVufDB8fHx8MTc3ODA2NDkwMnww&ixlib=rb-4.1.0&q=80&w=1080,REAL,Male,50+,True
1097,https://images.unsplash.com/photo-1633355130553-2d90ad3507d3?crop=entropy&cs=tinysrgb&fit=max&fm=jpg&ixid=M3w5NDQwMTV8MHwxfHNlYXJjaHwxN3x8d29tYW4lMjBmYWNlJTIwcG9ydHJhaXR8ZW58MHx8fHwxNzc4MDY1MjM5fDA&ixlib=rb-4.1.0&q=80&w=1080,REAL,Male,18-25,True
3301,https://api.dicebear.com/7.x/personas/jpg?seed=user243&size=300,FAKE,Unknown,26-35,True
718,https://images.unsplash.com/photo-1581090466739-3086536d6935?crop=entropy&cs=tinysrgb&fit=max&fm=jpg&ixid=M3w5NDQwMTV8MHwxfHNlYXJjaHwyMDh8fG1hbiUyMGZhY2UlMjBjbG9zZXVwfGVufDB8fHx8MTc3ODA2NTIwOXww&ixlib=rb-4.1.0&q=80&w=1080,REAL,Female,18-25,True
5282,https://api.dicebear.com/7.x/personas/jpg?seed=user2224&size=300,FAKE,Unknown,36-50,True
2064,https://images.unsplash.com/photo-1630280962293-2bf1a65400b5?crop=entropy&cs=tinysrgb&fit=max&fm=jpg&ixid=M3w5NDQwMTV8MHwxfHNlYXJjaHw0MTR8fHBlcnNvbiUyMGZhY2UlMjBwaG90b3xlbnwwfHx8fDE3NzgwNjUzMDV8MA&ixlib=rb-4.1.0&q=80&w=1080,REAL,Female,50+,True
4558,https://api.dicebear.com/7.x/personas/jpg?seed=user1500&size=300,FAKE,Unknown,36-50,True
4612,https://api.dicebear.com/7.x/personas/jpg?seed=user1554&size=300,FAKE,Unknown,36-50,True
1052,https://images.unsplash.com/photo-1668368962688-0ad0f203db55?crop=entropy&cs=tinysrgb&fit=max&fm=jpg&ixid=M3w5NDQwMTV8MHwxfHNlYXJjaHw1NDJ8fG1hbiUyMGZhY2UlMjBjbG9zZXVwfGVufDB8fHx8MTc3ODA2NTIzNnww&ixlib=rb-4.1.0&q=80&w=1080,REAL,Male,36-50,True
1182,https://images.unsplash.com/photo-1755332172378-c694a4fafe6a?crop=entropy&cs=tinysrgb&fit=max&fm=jpg&ixid=M3w5NDQwMTV8MHwxfHNlYXJjaHwxMDJ8fHdvbWFuJTIwZmFjZSUyMHBvcnRyYWl0fGVufDB8fHx8MTc3ODA2NTI0Nnww&ixlib=rb-4.1.0&q=80&w=1080,REAL,Female,18-25,True
3173,https://api.dicebear.com/7.x/personas/jpg?seed=user115&size=300,FAKE,Unknown,18-25,True
291,https://images.unsplash.com/photo-1607867810523-d10955f2a8df?crop=entropy&cs=tinysrgb&fit=max&fm=jpg&ixid=M3w5NDQwMTV8MHwxfHNlYXJjaHwzMjF8fGh1bWFuJTIwZmFjZSUyMHBvcnRyYWl0fGVufDB8fHx8MTc3ODA2NDk4N3ww&ixlib=rb-4.1.0&q=80&w=1080,REAL,Female,18-25,True
5196,https://api.dicebear.com/7.x/personas/jpg?seed=user2138&size=300,FAKE,Unknown,36-50,True
2851,https://randomuser.me/api/portraits/men/61.jpg,FAKE,Male,50+,True
4437,https://api.dicebear.com/7.x/personas/jpg?seed=user1379&size=300,FAKE,Unknown,50+,True
4336,https://api.dicebear.com/7.x/personas/jpg?seed=user1278&size=300,FAKE,Unknown,50+,True
4028,https://api.dicebear.com/7.x/personas/jpg?seed=user970&size=300,FAKE,Unknown,26-35,True
3259,https://api.dicebear.com/7.x/personas/jpg?seed=user201&size=300,FAKE,Unknown,50+,True
1674,https://images.unsplash.com/photo-1636721342571-5a6f304cfc1e?crop=entropy&cs=tinysrgb&fit=max&fm=jpg&ixid=M3w5NDQwMTV8MHwxfHNlYXJjaHwyNHx8cGVyc29uJTIwZmFjZSUyMHBob3RvfGVufDB8fHx8MTc3ODA2NTI3OHww&ixlib=rb-4.1.0&q=80&w=1080,REAL,Female,26-35,True
4726,https://api.dicebear.com/7.x/personas/jpg?seed=user1668&size=300,FAKE,Unknown,50+,True
4512,https://api.dicebear.com/7.x/personas/jpg?seed=user1454&size=300,FAKE,Unknown,26-35,True
3625,https://api.dicebear.com/7.x/personas/jpg?seed=user567&size=300,FAKE,Unknown,18-25,True
1555,https://images.unsplash.com/photo-1636393913936-187da0a372e3?crop=entropy&cs=tinysrgb&fit=max&fm=jpg&ixid=M3w5NDQwMTV8MHwxfHNlYXJjaHw0NzV8fHdvbWFuJTIwZmFjZSUyMHBvcnRyYWl0fGVufDB8fHx8MTc3ODA2NTI3MXww&ixlib=rb-4.1.0&q=80&w=1080,REAL,Female,18-25,True
2901,https://randomuser.me/api/portraits/women/12.jpg,FAKE,Female,50+,True
5494,https://api.dicebear.com/7.x/personas/jpg?seed=user2436&size=300,FAKE,Unknown,26-35,True
2356,https://images.unsplash.com/photo-1730925440675-a84880b1e581?crop=entropy&cs=tinysrgb&fit=max&fm=jpg&ixid=M3w5NDQwMTV8MHwxfHNlYXJjaHwxMzZ8fGFkdWx0JTIwZmFjZSUyMHBob3RvfGVufDB8fHx8MTc3ODA2ODg0MHww&ixlib=rb-4.1.0&q=80&w=1080,REAL,Male,26-35,True
2386,https://images.unsplash.com/photo-1716751037647-4a29ebf9cdc7?crop=entropy&cs=tinysrgb&fit=max&fm=jpg&ixid=M3w5NDQwMTV8MHwxfHNlYXJjaHwxNjZ8fGFkdWx0JTIwZmFjZSUyMHBob3RvfGVufDB8fHx8MTc3ODA2ODg0Mnww&ixlib=rb-4.1.0&q=80&w=1080,REAL,Unknown,50+,True
4571,https://api.dicebear.com/7.x/personas/jpg?seed=user1513&size=300,FAKE,Unknown,50+,True
4643,https://api.dicebear.com/7.x/personas/jpg?seed=user1585&size=300,FAKE,Unknown,26-35,True
101,https://images.unsplash.com/photo-1776661165348-63e1d4ad7b9f?crop=entropy&cs=tinysrgb&fit=max&fm=jpg&ixid=M3w5NDQwMTV8MHwxfHNlYXJjaHwxMDF8fGh1bWFuJTIwZmFjZSUyMHBvcnRyYWl0fGVufDB8fHx8MTc3ODA2NDcyMXww&ixlib=rb-4.1.0&q=80&w=1080,REAL,Male,36-50,True
1346,https://images.unsplash.com/photo-1653854960145-749554cab141?crop=entropy&cs=tinysrgb&fit=max&fm=jpg&ixid=M3w5NDQwMTV8MHwxfHNlYXJjaHwyNjZ8fHdvbWFuJTIwZmFjZSUyMHBvcnRyYWl0fGVufDB8fHx8MTc3ODA2NTI1N3ww&ixlib=rb-4.1.0&q=80&w=1080,REAL,Unknown,18-25,True
1007,https://images.unsplash.com/photo-1599682356923-ad7f50e71016?crop=entropy&cs=tinysrgb&fit=max&fm=jpg&ixid=M3w5NDQwMTV8MHwxfHNlYXJjaHw0OTd8fG1hbiUyMGZhY2UlMjBjbG9zZXVwfGVufDB8fHx8MTc3ODA2NTIzMnww&ixlib=rb-4.1.0&q=80&w=1080,REAL,Female,18-25,True
2742,https://images.unsplash.com/photo-1624182710553-9ca3ec9c5505?crop=entropy&cs=tinysrgb&fit=max&fm=jpg&ixid=M3w5NDQwMTV8MHwxfHNlYXJjaHw1MjJ8fGFkdWx0JTIwZmFjZSUyMHBob3RvfGVufDB8fHx8MTc3ODA2ODg3NHww&ixlib=rb-4.1.0&q=80&w=1080,REAL,Unknown,26-35,True
1584,https://images.unsplash.com/photo-1671653656341-9a9f40051e41?crop=entropy&cs=tinysrgb&fit=max&fm=jpg&ixid=M3w5NDQwMTV8MHwxfHNlYXJjaHw1MDR8fHdvbWFuJTIwZmFjZSUyMHBvcnRyYWl0fGVufDB8fHx8MTc3ODA2NTI3M3ww&ixlib=rb-4.1.0&q=80&w=1080,REAL,Male,50+,True
2195,https://images.unsplash.com/photo-1758523672347-d4a0e2bb33df?crop=entropy&cs=tinysrgb&fit=max&fm=jpg&ixid=M3w5NDQwMTV8MHwxfHNlYXJjaHw1NDV8fHlvdW5nJTIwcGVyc29uJTIwZmFjZXxlbnwwfHx8fDE3NzgwNjg4MzB8MA&ixlib=rb-4.1.0&q=80&w=1080,REAL,Unknown,26-35,True
4235,https://api.dicebear.com/7.x/personas/jpg?seed=user1177&size=300,FAKE,Unknown,26-35,True
2108,https://images.unsplash.com/photo-1726741695254-d2049ba5022f?crop=entropy&cs=tinysrgb&fit=max&fm=jpg&ixid=M3w5NDQwMTV8MHwxfHNlYXJjaHw0NTh8fHBlcnNvbiUyMGZhY2UlMjBwaG90b3xlbnwwfHx8fDE3NzgwNjUzMTB8MA&ixlib=rb-4.1.0&q=80&w=1080,REAL,Female,26-35,True
2550,https://images.unsplash.com/photo-1638659782656-05c8aa4fb88f?crop=entropy&cs=tinysrgb&fit=max&fm=jpg&ixid=M3w5NDQwMTV8MHwxfHNlYXJjaHwzMzB8fGFkdWx0JTIwZmFjZSUyMHBob3RvfGVufDB8fHx8MTc3ODA2ODg1M3ww&ixlib=rb-4.1.0&q=80&w=1080,REAL,Female,36-50,True
4623,https://api.dicebear.com/7.x/personas/jpg?seed=user1565&size=300,FAKE,Unknown,26-35,True
5220,https://api.dicebear.com/7.x/personas/jpg?seed=user2162&size=300,FAKE,Unknown,36-50,True
2723,https://images.unsplash.com/photo-1508682359866-c8ea077eb90b?crop=entropy&cs=tinysrgb&fit=max&fm=jpg&ixid=M3w5NDQwMTV8MHwxfHNlYXJjaHw1MDN8fGFkdWx0JTIwZmFjZSUyMHBob3RvfGVufDB8fHx8MTc3ODA2ODg3MXww&ixlib=rb-4.1.0&q=80&w=1080,REAL,Male,18-25,True
4754,https://api.dicebear.com/7.x/personas/jpg?seed=user1696&size=300,FAKE,Unknown,26-35,True
5128,https://api.dicebear.com/7.x/personas/jpg?seed=user2070&size=300,FAKE,Unknown,26-35,True
3206,https://api.dicebear.com/7.x/personas/jpg?seed=user148&size=300,FAKE,Unknown,36-50,True
4106,https://api.dicebear.com/7.x/personas/jpg?seed=user1048&size=300,FAKE,Unknown,50+,True
652,https://images.unsplash.com/photo-1611938782728-e5f1b1629983?crop=entropy&cs=tinysrgb&fit=max&fm=jpg&ixid=M3w5NDQwMTV8MHwxfHNlYXJjaHwxMTJ8fG1hbiUyMGZhY2UlMjBjbG9zZXVwfGVufDB8fHx8MTc3ODA2NTA4NHww&ixlib=rb-4.1.0&q=80&w=1080,REAL,Male,50+,True
4438,https://api.dicebear.com/7.x/personas/jpg?seed=user1380&size=300,FAKE,Unknown,36-50,True
195,https://images.unsplash.com/photo-1721136271661-4dcfe1d788ec?crop=entropy&cs=tinysrgb&fit=max&fm=jpg&ixid=M3w5NDQwMTV8MHwxfHNlYXJjaHwxOTV8fGh1bWFuJTIwZmFjZSUyMHBvcnRyYWl0fGVufDB8fHx8MTc3ODA2NDc1M3ww&ixlib=rb-4.1.0&q=80&w=1080,REAL,Male,18-25,True
71,https://images.unsplash.com/photo-1725270467420-2981da624bf9?crop=entropy&cs=tinysrgb&fit=max&fm=jpg&ixid=M3w5NDQwMTV8MHwxfHNlYXJjaHw3MXx8aHVtYW4lMjBmYWNlJTIwcG9ydHJhaXR8ZW58MHx8fHwxNzc4MDY0NzE3fDA&ixlib=rb-4.1.0&q=80&w=1080,REAL,Female,50+,True
2425,https://images.unsplash.com/photo-1737412358025-160a0c22e6c5?crop=entropy&cs=tinysrgb&fit=max&fm=jpg&ixid=M3w5NDQwMTV8MHwxfHNlYXJjaHwyMDV8fGFkdWx0JTIwZmFjZSUyMHBob3RvfGVufDB8fHx8MTc3ODA2ODg0NHww&ixlib=rb-4.1.0&q=80&w=1080,REAL,Male,18-25,True
3617,https://api.dicebear.com/7.x/personas/jpg?seed=user559&size=300,FAKE,Unknown,26-35,True
1809,https://images.unsplash.com/photo-1734657420987-06e7f337d016?crop=entropy&cs=tinysrgb&fit=max&fm=jpg&ixid=M3w5NDQwMTV8MHwxfHNlYXJjaHwxNTl8fHBlcnNvbiUyMGZhY2UlMjBwaG90b3xlbnwwfHx8fDE3NzgwNjUyODh8MA&ixlib=rb-4.1.0&q=80&w=1080,REAL,Unknown,36-50,True
3407,https://api.dicebear.com/7.x/personas/jpg?seed=user349&size=300,FAKE,Unknown,26-35,True
2938,https://randomuser.me/api/portraits/women/49.jpg,FAKE,Female,26-35,True
1292,https://images.unsplash.com/photo-1685786870743-f4385131d863?crop=entropy&cs=tinysrgb&fit=max&fm=jpg&ixid=M3w5NDQwMTV8MHwxfHNlYXJjaHwyMTJ8fHdvbWFuJTIwZmFjZSUyMHBvcnRyYWl0fGVufDB8fHx8MTc3ODA2NTI1NXww&ixlib=rb-4.1.0&q=80&w=1080,REAL,Unknown,18-25,True
1642,https://images.unsplash.com/photo-1755872237344-238656a760ef?crop=entropy&cs=tinysrgb&fit=max&fm=jpg&ixid=M3w5NDQwMTV8MHwxfHNlYXJjaHw1NjJ8fHdvbWFuJTIwZmFjZSUyMHBvcnRyYWl0fGVufDB8fHx8MTc3ODA2NTI3Nnww&ixlib=rb-4.1.0&q=80&w=1080,REAL,Male,36-50,True
2884,https://randomuser.me/api/portraits/men/94.jpg,FAKE,Male,36-50,True
5533,https://api.dicebear.com/7.x/personas/jpg?seed=user2475&size=300,FAKE,Unknown,26-35,True
3267,https://api.dicebear.com/7.x/personas/jpg?seed=user209&size=300,FAKE,Unknown,18-25,True
2804,https://randomuser.me/api/portraits/men/14.jpg,FAKE,Male,50+,True
748,https://images.unsplash.com/photo-1508682359866-c8ea077eb90b?crop=entropy&cs=tinysrgb&fit=max&fm=jpg&ixid=M3w5NDQwMTV8MHwxfHNlYXJjaHwyMzh8fG1hbiUyMGZhY2UlMjBjbG9zZXVwfGVufDB8fHx8MTc3ODA2NTIxMXww&ixlib=rb-4.1.0&q=80&w=1080,REAL,Female,36-50,True
3387,https://api.dicebear.com/7.x/personas/jpg?seed=user329&size=300,FAKE,Unknown,36-50,True
4775,https://api.dicebear.com/7.x/personas/jpg?seed=user1717&size=300,FAKE,Unknown,26-35,True
3269,https://api.dicebear.com/7.x/personas/jpg?seed=user211&size=300,FAKE,Unknown,36-50,True
3080,https://api.dicebear.com/7.x/personas/jpg?seed=user22&size=300,FAKE,Unknown,36-50,True
4992,https://api.dicebear.com/7.x/personas/jpg?seed=user1934&size=300,FAKE,Unknown,18-25,True
1041,https://images.unsplash.com/photo-1610767540673-4ae1befdb182?crop=entropy&cs=tinysrgb&fit=max&fm=jpg&ixid=M3w5NDQwMTV8MHwxfHNlYXJjaHw1MzF8fG1hbiUyMGZhY2UlMjBjbG9zZXVwfGVufDB8fHx8MTc3ODA2NTIzNHww&ixlib=rb-4.1.0&q=80&w=1080,REAL,Female,36-50,True
4794,https://api.dicebear.com/7.x/personas/jpg?seed=user1736&size=300,FAKE,Unknown,50+,True
1526,https://images.unsplash.com/photo-1569124589089-bb9bcc84af86?crop=entropy&cs=tinysrgb&fit=max&fm=jpg&ixid=M3w5NDQwMTV8MHwxfHNlYXJjaHw0NDZ8fHdvbWFuJTIwZmFjZSUyMHBvcnRyYWl0fGVufDB8fHx8MTc3ODA2NTI2OXww&ixlib=rb-4.1.0&q=80&w=1080,REAL,Unknown,36-50,True
3465,https://api.dicebear.com/7.x/personas/jpg?seed=user407&size=300,FAKE,Unknown,36-50,True
1638,https://images.unsplash.com/photo-1619118700545-813abbd986a5?crop=entropy&cs=tinysrgb&fit=max&fm=jpg&ixid=M3w5NDQwMTV8MHwxfHNlYXJjaHw1NTh8fHdvbWFuJTIwZmFjZSUyMHBvcnRyYWl0fGVufDB8fHx8MTc3ODA2NTI3Nnww&ixlib=rb-4.1.0&q=80&w=1080,REAL,Unknown,26-35,True
2367,https://images.unsplash.com/photo-1726741695535-79425d470af5?crop=entropy&cs=tinysrgb&fit=max&fm=jpg&ixid=M3w5NDQwMTV8MHwxfHNlYXJjaHwxNDd8fGFkdWx0JTIwZmFjZSUyMHBob3RvfGVufDB8fHx8MTc3ODA2ODg0MHww&ixlib=rb-4.1.0&q=80&w=1080,REAL,Female,50+,True
2373,https://images.unsplash.com/photo-1729517516456-24d42dbe8f67?crop=entropy&cs=tinysrgb&fit=max&fm=jpg&ixid=M3w5NDQwMTV8MHwxfHNlYXJjaHwxNTN8fGFkdWx0JTIwZmFjZSUyMHBob3RvfGVufDB8fHx8MTc3ODA2ODg0Mnww&ixlib=rb-4.1.0&q=80&w=1080,REAL,Female,26-35,True
550,https://images.unsplash.com/photo-1602697579058-cb09b4cc9a6e?crop=entropy&cs=tinysrgb&fit=max&fm=jpg&ixid=M3w5NDQwMTV8MHwxfHNlYXJjaHwxMHx8bWFuJTIwZmFjZSUyMGNsb3NldXB8ZW58MHx8fHwxNzc4MDY1MDYzfDA&ixlib=rb-4.1.0&q=80&w=1080,REAL,Female,26-35,True
3181,https://api.dicebear.com/7.x/personas/jpg?seed=user123&size=300,FAKE,Unknown,50+,True
5352,https://api.dicebear.com/7.x/personas/jpg?seed=user2294&size=300,FAKE,Unknown,50+,True
1228,https://images.unsplash.com/photo-1634149135349-d03e6f9bfedc?crop=entropy&cs=tinysrgb&fit=max&fm=jpg&ixid=M3w5NDQwMTV8MHwxfHNlYXJjaHwxNDh8fHdvbWFuJTIwZmFjZSUyMHBvcnRyYWl0fGVufDB8fHx8MTc3ODA2NTI0OHww&ixlib=rb-4.1.0&q=80&w=1080,REAL,Male,50+,True
1453,https://images.unsplash.com/photo-1650750588473-c187151ef420?crop=entropy&cs=tinysrgb&fit=max&fm=jpg&ixid=M3w5NDQwMTV8MHwxfHNlYXJjaHwzNzN8fHdvbWFuJTIwZmFjZSUyMHBvcnRyYWl0fGVufDB8fHx8MTc3ODA2NTI2NXww&ixlib=rb-4.1.0&q=80&w=1080,REAL,Unknown,26-35,True
740,https://images.unsplash.com/photo-1756802522304-51a9236f902a?crop=entropy&cs=tinysrgb&fit=max&fm=jpg&ixid=M3w5NDQwMTV8MHwxfHNlYXJjaHwyMzB8fG1hbiUyMGZhY2UlMjBjbG9zZXVwfGVufDB8fHx8MTc3ODA2NTIxMXww&ixlib=rb-4.1.0&q=80&w=1080,REAL,Male,18-25,True
3033,https://i.pravatar.cc/300?img=45,FAKE,Unknown,36-50,True
3379,https://api.dicebear.com/7.x/personas/jpg?seed=user321&size=300,FAKE,Unknown,18-25,True
2622,https://images.unsplash.com/photo-1616356061044-e9c1d7724d30?crop=entropy&cs=tinysrgb&fit=max&fm=jpg&ixid=M3w5NDQwMTV8MHwxfHNlYXJjaHw0MDJ8fGFkdWx0JTIwZmFjZSUyMHBob3RvfGVufDB8fHx8MTc3ODA2ODg2MXww&ixlib=rb-4.1.0&q=80&w=1080,REAL,Male,50+,True
2821,https://randomuser.me/api/portraits/men/31.jpg,FAKE,Male,50+,True
609,https://images.unsplash.com/photo-1648844495307-aa5b4b591822?crop=entropy&cs=tinysrgb&fit=max&fm=jpg&ixid=M3w5NDQwMTV8MHwxfHNlYXJjaHw2OXx8bWFuJTIwZmFjZSUyMGNsb3NldXB8ZW58MHx8fHwxNzc4MDY1MDgyfDA&ixlib=rb-4.1.0&q=80&w=1080,REAL,Female,26-35,True
4504,https://api.dicebear.com/7.x/personas/jpg?seed=user1446&size=300,FAKE,Unknown,18-25,True
2402,https://images.unsplash.com/photo-1747937779248-6c621bab7511?crop=entropy&cs=tinysrgb&fit=max&fm=jpg&ixid=M3w5NDQwMTV8MHwxfHNlYXJjaHwxODJ8fGFkdWx0JTIwZmFjZSUyMHBob3RvfGVufDB8fHx8MTc3ODA2ODg0NHww&ixlib=rb-4.1.0&q=80&w=1080,REAL,Male,36-50,True
2301,https://images.unsplash.com/photo-1755098452550-269e05f68d59?crop=entropy&cs=tinysrgb&fit=max&fm=jpg&ixid=M3w5NDQwMTV8MHwxfHNlYXJjaHw4MXx8YWR1bHQlMjBmYWNlJTIwcGhvdG98ZW58MHx8fHwxNzc4MDY4ODM1fDA&ixlib=rb-4.1.0&q=80&w=1080,REAL,Male,18-25,True
4666,https://api.dicebear.com/7.x/personas/jpg?seed=user1608&size=300,FAKE,Unknown,36-50,True
2400,https://images.unsplash.com/photo-1726741692510-0eb5d1187780?crop=entropy&cs=tinysrgb&fit=max&fm=jpg&ixid=M3w5NDQwMTV8MHwxfHNlYXJjaHwxODB8fGFkdWx0JTIwZmFjZSUyMHBob3RvfGVufDB8fHx8MTc3ODA2ODg0Mnww&ixlib=rb-4.1.0&q=80&w=1080,REAL,Female,36-50,True
5094,https://api.dicebear.com/7.x/personas/jpg?seed=user2036&size=300,FAKE,Unknown,50+,True
2877,https://randomuser.me/api/portraits/men/87.jpg,FAKE,Male,50+,True
2838,https://randomuser.me/api/portraits/men/48.jpg,FAKE,Male,36-50,True
1439,https://images.unsplash.com/photo-1619128829535-b51beaea4cb9?crop=entropy&cs=tinysrgb&fit=max&fm=jpg&ixid=M3w5NDQwMTV8MHwxfHNlYXJjaHwzNTl8fHdvbWFuJTIwZmFjZSUyMHBvcnRyYWl0fGVufDB8fHx8MTc3ODA2NTI2M3ww&ixlib=rb-4.1.0&q=80&w=1080,REAL,Female,18-25,True
395,https://images.unsplash.com/photo-1596011406015-b9b847fd7053?crop=entropy&cs=tinysrgb&fit=max&fm=jpg&ixid=M3w5NDQwMTV8MHwxfHNlYXJjaHw0MjV8fGh1bWFuJTIwZmFjZSUyMHBvcnRyYWl0fGVufDB8fHx8MTc3ODA2NTAyMXww&ixlib=rb-4.1.0&q=80&w=1080,REAL,Unknown,18-25,True
954,https://images.unsplash.com/photo-1587526345205-4c9ee20d1073?crop=entropy&cs=tinysrgb&fit=max&fm=jpg&ixid=M3w5NDQwMTV8MHwxfHNlYXJjaHw0NDR8fG1hbiUyMGZhY2UlMjBjbG9zZXVwfGVufDB8fHx8MTc3ODA2NTIyOXww&ixlib=rb-4.1.0&q=80&w=1080,REAL,Unknown,50+,True
3832,https://api.dicebear.com/7.x/personas/jpg?seed=user774&size=300,FAKE,Unknown,36-50,True
2279,https://images.unsplash.com/photo-1755127761414-c4f552bb3549?crop=entropy&cs=tinysrgb&fit=max&fm=jpg&ixid=M3w5NDQwMTV8MHwxfHNlYXJjaHw1OXx8YWR1bHQlMjBmYWNlJTIwcGhvdG98ZW58MHx8fHwxNzc4MDY4ODMzfDA&ixlib=rb-4.1.0&q=80&w=1080,REAL,Unknown,26-35,True
1947,https://images.unsplash.com/photo-1648484859889-2876efe3b735?crop=entropy&cs=tinysrgb&fit=max&fm=jpg&ixid=M3w5NDQwMTV8MHwxfHNlYXJjaHwyOTd8fHBlcnNvbiUyMGZhY2UlMjBwaG90b3xlbnwwfHx8fDE3NzgwNjUyOTd8MA&ixlib=rb-4.1.0&q=80&w=1080,REAL,Male,18-25,True
1509,https://images.unsplash.com/photo-1663064662504-d124b76847a1?crop=entropy&cs=tinysrgb&fit=max&fm=jpg&ixid=M3w5NDQwMTV8MHwxfHNlYXJjaHw0Mjl8fHdvbWFuJTIwZmFjZSUyMHBvcnRyYWl0fGVufDB8fHx8MTc3ODA2NTI2OXww&ixlib=rb-4.1.0&q=80&w=1080,REAL,Male,18-25,True
1747,https://images.unsplash.com/photo-1645742285825-4248e07338b9?crop=entropy&cs=tinysrgb&fit=max&fm=jpg&ixid=M3w5NDQwMTV8MHwxfHNlYXJjaHw5N3x8cGVyc29uJTIwZmFjZSUyMHBob3RvfGVufDB8fHx8MTc3ODA2NTI4NHww&ixlib=rb-4.1.0&q=80&w=1080,REAL,Unknown,18-25,True
3376,https://api.dicebear.com/7.x/personas/jpg?seed=user318&size=300,FAKE,Unknown,50+,True
4149,https://api.dicebear.com/7.x/personas/jpg?seed=user1091&size=300,FAKE,Unknown,36-50,True
653,https://images.unsplash.com/photo-1754794084957-55cd12d9be45?crop=entropy&cs=tinysrgb&fit=max&fm=jpg&ixid=M3w5NDQwMTV8MHwxfHNlYXJjaHwxMTN8fG1hbiUyMGZhY2UlMjBjbG9zZXVwfGVufDB8fHx8MTc3ODA2NTA4NHww&ixlib=rb-4.1.0&q=80&w=1080,REAL,Unknown,26-35,True
2710,https://images.unsplash.com/photo-1676812125226-a8d037f4052d?crop=entropy&cs=tinysrgb&fit=max&fm=jpg&ixid=M3w5NDQwMTV8MHwxfHNlYXJjaHw0OTB8fGFkdWx0JTIwZmFjZSUyMHBob3RvfGVufDB8fHx8MTc3ODA2ODg3MXww&ixlib=rb-4.1.0&q=80&w=1080,REAL,Male,36-50,True
4488,https://api.dicebear.com/7.x/personas/jpg?seed=user1430&size=300,FAKE,Unknown,26-35,True
2147,https://images.unsplash.com/photo-1640677909806-fe6cfd89730c?crop=entropy&cs=tinysrgb&fit=max&fm=jpg&ixid=M3w5NDQwMTV8MHwxfHNlYXJjaHw0OTd8fHBlcnNvbiUyMGZhY2UlMjBwaG90b3xlbnwwfHx8fDE3NzgwNjUzMTN8MA&ixlib=rb-4.1.0&q=80&w=1080,REAL,Female,26-35,True
5422,https://api.dicebear.com/7.x/personas/jpg?seed=user2364&size=300,FAKE,Unknown,18-25,True
3045,https://i.pravatar.cc/300?img=57,FAKE,Unknown,26-35,True
3101,https://api.dicebear.com/7.x/personas/jpg?seed=user43&size=300,FAKE,Unknown,36-50,True
1289,https://images.unsplash.com/photo-1622791899824-8770a9f4687d?crop=entropy&cs=tinysrgb&fit=max&fm=jpg&ixid=M3w5NDQwMTV8MHwxfHNlYXJjaHwyMDl8fHdvbWFuJTIwZmFjZSUyMHBvcnRyYWl0fGVufDB8fHx8MTc3ODA2NTI1M3ww&ixlib=rb-4.1.0&q=80&w=1080,REAL,Female,26-35,True
5082,https://api.dicebear.com/7.x/personas/jpg?seed=user2024&size=300,FAKE,Unknown,50+,True
5217,https://api.dicebear.com/7.x/personas/jpg?seed=user2159&size=300,FAKE,Unknown,26-35,True
5322,https://api.dicebear.com/7.x/personas/jpg?seed=user2264&size=300,FAKE,Unknown,18-25,True
224,https://images.unsplash.com/photo-1620136094441-02b6622f5968?crop=entropy&cs=tinysrgb&fit=max&fm=jpg&ixid=M3w5NDQwMTV8MHwxfHNlYXJjaHwyNTR8fGh1bWFuJTIwZmFjZSUyMHBvcnRyYWl0fGVufDB8fHx8MTc3ODA2NDg3MHww&ixlib=rb-4.1.0&q=80&w=1080,REAL,Male,36-50,True
4059,https://api.dicebear.com/7.x/personas/jpg?seed=user1001&size=300,FAKE,Unknown,36-50,True
4897,https://api.dicebear.com/7.x/personas/jpg?seed=user1839&size=300,FAKE,Unknown,26-35,True
1961,https://images.unsplash.com/photo-1648484860078-d548c57d48fb?crop=entropy&cs=tinysrgb&fit=max&fm=jpg&ixid=M3w5NDQwMTV8MHwxfHNlYXJjaHwzMTF8fHBlcnNvbiUyMGZhY2UlMjBwaG90b3xlbnwwfHx8fDE3NzgwNjUyOTl8MA&ixlib=rb-4.1.0&q=80&w=1080,REAL,Female,26-35,True
188,https://images.unsplash.com/photo-1711913322812-b22ef78adef2?crop=entropy&cs=tinysrgb&fit=max&fm=jpg&ixid=M3w5NDQwMTV8MHwxfHNlYXJjaHwxODh8fGh1bWFuJTIwZmFjZSUyMHBvcnRyYWl0fGVufDB8fHx8MTc3ODA2NDc1M3ww&ixlib=rb-4.1.0&q=80&w=1080,REAL,Unknown,18-25,True
598,https://images.unsplash.com/photo-1626691318072-6f6e0ae5e799?crop=entropy&cs=tinysrgb&fit=max&fm=jpg&ixid=M3w5NDQwMTV8MHwxfHNlYXJjaHw1OHx8bWFuJTIwZmFjZSUyMGNsb3NldXB8ZW58MHx8fHwxNzc4MDY1MDc4fDA&ixlib=rb-4.1.0&q=80&w=1080,REAL,Unknown,36-50,True
3347,https://api.dicebear.com/7.x/personas/jpg?seed=user289&size=300,FAKE,Unknown,18-25,True
3306,https://api.dicebear.com/7.x/personas/jpg?seed=user248&size=300,FAKE,Unknown,18-25,True
73,https://images.unsplash.com/photo-1777103329028-5e181ceb7e51?crop=entropy&cs=tinysrgb&fit=max&fm=jpg&ixid=M3w5NDQwMTV8MHwxfHNlYXJjaHw3M3x8aHVtYW4lMjBmYWNlJTIwcG9ydHJhaXR8ZW58MHx8fHwxNzc4MDY0NzE3fDA&ixlib=rb-4.1.0&q=80&w=1080,REAL,Female,50+,True
2843,https://randomuser.me/api/portraits/men/53.jpg,FAKE,Male,26-35,True
302,https://images.unsplash.com/photo-1485011136168-8c69d1e193ea?crop=entropy&cs=tinysrgb&fit=max&fm=jpg&ixid=M3w5NDQwMTV8MHwxfHNlYXJjaHwzMzJ8fGh1bWFuJTIwZmFjZSUyMHBvcnRyYWl0fGVufDB8fHx8MTc3ODA2NDk5MHww&ixlib=rb-4.1.0&q=80&w=1080,REAL,Unknown,26-35,True
271,https://images.unsplash.com/photo-1698681417703-5dbd88010397?crop=entropy&cs=tinysrgb&fit=max&fm=jpg&ixid=M3w5NDQwMTV8MHwxfHNlYXJjaHwzMDF8fGh1bWFuJTIwZmFjZSUyMHBvcnRyYWl0fGVufDB8fHx8MTc3ODA2NDk4N3ww&ixlib=rb-4.1.0&q=80&w=1080,REAL,Female,26-35,True
292,https://images.unsplash.com/photo-1611455159106-ef9acece52f4?crop=entropy&cs=tinysrgb&fit=max&fm=jpg&ixid=M3w5NDQwMTV8MHwxfHNlYXJjaHwzMjJ8fGh1bWFuJTIwZmFjZSUyMHBvcnRyYWl0fGVufDB8fHx8MTc3ODA2NDk4N3ww&ixlib=rb-4.1.0&q=80&w=1080,REAL,Male,36-50,True
1256,https://images.unsplash.com/photo-1579623374984-462747d13f28?crop=entropy&cs=tinysrgb&fit=max&fm=jpg&ixid=M3w5NDQwMTV8MHwxfHNlYXJjaHwxNzZ8fHdvbWFuJTIwZmFjZSUyMHBvcnRyYWl0fGVufDB8fHx8MTc3ODA2NTI1MXww&ixlib=rb-4.1.0&q=80&w=1080,REAL,Female,36-50,True
5469,https://api.dicebear.com/7.x/personas/jpg?seed=user2411&size=300,FAKE,Unknown,18-25,True
4330,https://api.dicebear.com/7.x/personas/jpg?seed=user1272&size=300,FAKE,Unknown,36-50,True
4576,https://api.dicebear.com/7.x/personas/jpg?seed=user1518&size=300,FAKE,Unknown,50+,True
2490,https://images.unsplash.com/photo-1565023629598-385c80373b3e?crop=entropy&cs=tinysrgb&fit=max&fm=jpg&ixid=M3w5NDQwMTV8MHwxfHNlYXJjaHwyNzB8fGFkdWx0JTIwZmFjZSUyMHBob3RvfGVufDB8fHx8MTc3ODA2ODg0OXww&ixlib=rb-4.1.0&q=80&w=1080,REAL,Male,50+,True
2216,https://images.unsplash.com/photo-1771621089868-47780cb7dfb9?crop=entropy&cs=tinysrgb&fit=max&fm=jpg&ixid=M3w5NDQwMTV8MHwxfHNlYXJjaHw1NjZ8fHlvdW5nJTIwcGVyc29uJTIwZmFjZXxlbnwwfHx8fDE3NzgwNjg4MzB8MA&ixlib=rb-4.1.0&q=80&w=1080,REAL,Female,50+,True
1926,https://images.unsplash.com/photo-1659303387119-cd2b3d745bcb?crop=entropy&cs=tinysrgb&fit=max&fm=jpg&ixid=M3w5NDQwMTV8MHwxfHNlYXJjaHwyNzZ8fHBlcnNvbiUyMGZhY2UlMjBwaG90b3xlbnwwfHx8fDE3NzgwNjUyOTd8MA&ixlib=rb-4.1.0&q=80&w=1080,REAL,Female,36-50,True
2103,https://images.unsplash.com/photo-1637133111206-6a1b88c476a2?crop=entropy&cs=tinysrgb&fit=max&fm=jpg&ixid=M3w5NDQwMTV8MHwxfHNlYXJjaHw0NTN8fHBlcnNvbiUyMGZhY2UlMjBwaG90b3xlbnwwfHx8fDE3NzgwNjUzMTB8MA&ixlib=rb-4.1.0&q=80&w=1080,REAL,Female,18-25,True
16,https://images.unsplash.com/photo-1724225618183-359e8cbd00b9?crop=entropy&cs=tinysrgb&fit=max&fm=jpg&ixid=M3w5NDQwMTV8MHwxfHNlYXJjaHwxNnx8aHVtYW4lMjBmYWNlJTIwcG9ydHJhaXR8ZW58MHx8fHwxNzc4MDY0Njg3fDA&ixlib=rb-4.1.0&q=80&w=1080,REAL,Female,36-50,True
885,https://images.unsplash.com/photo-1670678848339-6a9a7b37d5b3?crop=entropy&cs=tinysrgb&fit=max&fm=jpg&ixid=M3w5NDQwMTV8MHwxfHNlYXJjaHwzNzV8fG1hbiUyMGZhY2UlMjBjbG9zZXVwfGVufDB8fHx8MTc3ODA2NTIyNHww&ixlib=rb-4.1.0&q=80&w=1080,REAL,Unknown,36-50,True
3852,https://api.dicebear.com/7.x/personas/jpg?seed=user794&size=300,FAKE,Unknown,36-50,True
3345,https://api.dicebear.com/7.x/personas/jpg?seed=user287&size=300,FAKE,Unknown,18-25,True
2950,https://randomuser.me/api/portraits/women/61.jpg,FAKE,Female,50+,True
942,https://images.unsplash.com/photo-1542909168-82c3e7fdca5c?crop=entropy&cs=tinysrgb&fit=max&fm=jpg&ixid=M3w5NDQwMTV8MHwxfHNlYXJjaHw0MzJ8fG1hbiUyMGZhY2UlMjBjbG9zZXVwfGVufDB8fHx8MTc3ODA2NTIyOHww&ixlib=rb-4.1.0&q=80&w=1080,REAL,Female,50+,True
2632,https://images.unsplash.com/photo-1696430579543-093cf7225668?crop=entropy&cs=tinysrgb&fit=max&fm=jpg&ixid=M3w5NDQwMTV8MHwxfHNlYXJjaHw0MTJ8fGFkdWx0JTIwZmFjZSUyMHBob3RvfGVufDB8fHx8MTc3ODA2ODg2MXww&ixlib=rb-4.1.0&q=80&w=1080,REAL,Male,26-35,True
2180,https://images.unsplash.com/photo-1643565983849-6868de1f608f?crop=entropy&cs=tinysrgb&fit=max&fm=jpg&ixid=M3w5NDQwMTV8MHwxfHNlYXJjaHw1MzB8fHBlcnNvbiUyMGZhY2UlMjBwaG90b3xlbnwwfHx8fDE3NzgwNjUzMTZ8MA&ixlib=rb-4.1.0&q=80&w=1080,REAL,Female,26-35,True
2085,https://images.unsplash.com/photo-1670000037492-fe5825592bf9?crop=entropy&cs=tinysrgb&fit=max&fm=jpg&ixid=M3w5NDQwMTV8MHwxfHNlYXJjaHw0MzV8fHBlcnNvbiUyMGZhY2UlMjBwaG90b3xlbnwwfHx8fDE3NzgwNjUzMDh8MA&ixlib=rb-4.1.0&q=80&w=1080,REAL,Male,26-35,True
1614,https://images.unsplash.com/photo-1586246698829-4258572d1e76?crop=entropy&cs=tinysrgb&fit=max&fm=jpg&ixid=M3w5NDQwMTV8MHwxfHNlYXJjaHw1MzR8fHdvbWFuJTIwZmFjZSUyMHBvcnRyYWl0fGVufDB8fHx8MTc3ODA2NTI3NHww&ixlib=rb-4.1.0&q=80&w=1080,REAL,Female,36-50,True
715,https://images.unsplash.com/photo-1511109918392-06b364875b26?crop=entropy&cs=tinysrgb&fit=max&fm=jpg&ixid=M3w5NDQwMTV8MHwxfHNlYXJjaHwyMDV8fG1hbiUyMGZhY2UlMjBjbG9zZXVwfGVufDB8fHx8MTc3ODA2NTIwOXww&ixlib=rb-4.1.0&q=80&w=1080,REAL,Female,50+,True
4268,https://api.dicebear.com/7.x/personas/jpg?seed=user1210&size=300,FAKE,Unknown,18-25,True
325,https://images.unsplash.com/photo-1614477323662-66300f4e033c?crop=entropy&cs=tinysrgb&fit=max&fm=jpg&ixid=M3w5NDQwMTV8MHwxfHNlYXJjaHwzNTV8fGh1bWFuJTIwZmFjZSUyMHBvcnRyYWl0fGVufDB8fHx8MTc3ODA2NDk5MHww&ixlib=rb-4.1.0&q=80&w=1080,REAL,Unknown,18-25,True
2864,https://randomuser.me/api/portraits/men/74.jpg,FAKE,Male,26-35,True
952,https://images.unsplash.com/photo-1589686990601-331878efafa9?crop=entropy&cs=tinysrgb&fit=max&fm=jpg&ixid=M3w5NDQwMTV8MHwxfHNlYXJjaHw0NDJ8fG1hbiUyMGZhY2UlMjBjbG9zZXVwfGVufDB8fHx8MTc3ODA2NTIyOHww&ixlib=rb-4.1.0&q=80&w=1080,REAL,Male,18-25,True
878,https://images.unsplash.com/photo-1617428883064-011492edfbc3?crop=entropy&cs=tinysrgb&fit=max&fm=jpg&ixid=M3w5NDQwMTV8MHwxfHNlYXJjaHwzNjh8fG1hbiUyMGZhY2UlMjBjbG9zZXVwfGVufDB8fHx8MTc3ODA2NTIyNHww&ixlib=rb-4.1.0&q=80&w=1080,REAL,Unknown,18-25,True
2002,https://images.unsplash.com/photo-1744670111274-b2552edd7cbf?crop=entropy&cs=tinysrgb&fit=max&fm=jpg&ixid=M3w5NDQwMTV8MHwxfHNlYXJjaHwzNTJ8fHBlcnNvbiUyMGZhY2UlMjBwaG90b3xlbnwwfHx8fDE3NzgwNjUzMDF8MA&ixlib=rb-4.1.0&q=80&w=1080,REAL,Unknown,36-50,True
3999,https://api.dicebear.com/7.x/personas/jpg?seed=user941&size=300,FAKE,Unknown,36-50,True
2082,https://images.unsplash.com/photo-1726741697783-e3e84e683962?crop=entropy&cs=tinysrgb&fit=max&fm=jpg&ixid=M3w5NDQwMTV8MHwxfHNlYXJjaHw0MzJ8fHBlcnNvbiUyMGZhY2UlMjBwaG90b3xlbnwwfHx8fDE3NzgwNjUzMDh8MA&ixlib=rb-4.1.0&q=80&w=1080,REAL,Unknown,18-25,True
4281,https://api.dicebear.com/7.x/personas/jpg?seed=user1223&size=300,FAKE,Unknown,18-25,True
614,https://images.unsplash.com/photo-1594930077027-f400df9b3fdd?crop=entropy&cs=tinysrgb&fit=max&fm=jpg&ixid=M3w5NDQwMTV8MHwxfHNlYXJjaHw3NHx8bWFuJTIwZmFjZSUyMGNsb3NldXB8ZW58MHx8fHwxNzc4MDY1MDgyfDA&ixlib=rb-4.1.0&q=80&w=1080,REAL,Female,50+,True
3515,https://api.dicebear.com/7.x/personas/jpg?seed=user457&size=300,FAKE,Unknown,36-50,True
2312,https://images.unsplash.com/photo-1739809006763-49663591bdcd?crop=entropy&cs=tinysrgb&fit=max&fm=jpg&ixid=M3w5NDQwMTV8MHwxfHNlYXJjaHw5Mnx8YWR1bHQlMjBmYWNlJTIwcGhvdG98ZW58MHx8fHwxNzc4MDY4ODM4fDA&ixlib=rb-4.1.0&q=80&w=1080,REAL,Unknown,50+,True
2524,https://images.unsplash.com/photo-1576099374988-92c106eab519?crop=entropy&cs=tinysrgb&fit=max&fm=jpg&ixid=M3w5NDQwMTV8MHwxfHNlYXJjaHwzMDR8fGFkdWx0JTIwZmFjZSUyMHBob3RvfGVufDB8fHx8MTc3ODA2ODg1M3ww&ixlib=rb-4.1.0&q=80&w=1080,REAL,Male,50+,True
1982,https://images.unsplash.com/photo-1629604834139-d950e2808f3e?crop=entropy&cs=tinysrgb&fit=max&fm=jpg&ixid=M3w5NDQwMTV8MHwxfHNlYXJjaHwzMzJ8fHBlcnNvbiUyMGZhY2UlMjBwaG90b3xlbnwwfHx8fDE3NzgwNjUzMDF8MA&ixlib=rb-4.1.0&q=80&w=1080,REAL,Male,26-35,True
100,https://images.unsplash.com/photo-1680104073088-ad3ef1ba4a1c?crop=entropy&cs=tinysrgb&fit=max&fm=jpg&ixid=M3w5NDQwMTV8MHwxfHNlYXJjaHwxMDB8fGh1bWFuJTIwZmFjZSUyMHBvcnRyYWl0fGVufDB8fHx8MTc3ODA2NDcyMXww&ixlib=rb-4.1.0&q=80&w=1080,REAL,Female,36-50,True
3510,https://api.dicebear.com/7.x/personas/jpg?seed=user452&size=300,FAKE,Unknown,26-35,True
5076,https://api.dicebear.com/7.x/personas/jpg?seed=user2018&size=300,FAKE,Unknown,18-25,True
5047,https://api.dicebear.com/7.x/personas/jpg?seed=user1989&size=300,FAKE,Unknown,26-35,True
2438,https://images.unsplash.com/photo-1686242585085-dc1b1a0a0cb8?crop=entropy&cs=tinysrgb&fit=max&fm=jpg&ixid=M3w5NDQwMTV8MHwxfHNlYXJjaHwyMTh8fGFkdWx0JTIwZmFjZSUyMHBob3RvfGVufDB8fHx8MTc3ODA2ODg0Nnww&ixlib=rb-4.1.0&q=80&w=1080,REAL,Female,50+,True
634,https://images.unsplash.com/photo-1562087926-662f8573327b?crop=entropy&cs=tinysrgb&fit=max&fm=jpg&ixid=M3w5NDQwMTV8MHwxfHNlYXJjaHw5NHx8bWFuJTIwZmFjZSUyMGNsb3NldXB8ZW58MHx8fHwxNzc4MDY1MDg0fDA&ixlib=rb-4.1.0&q=80&w=1080,REAL,Male,26-35,True
74,https://images.unsplash.com/photo-1668834894230-d2ba3e55baa9?crop=entropy&cs=tinysrgb&fit=max&fm=jpg&ixid=M3w5NDQwMTV8MHwxfHNlYXJjaHw3NHx8aHVtYW4lMjBmYWNlJTIwcG9ydHJhaXR8ZW58MHx8fHwxNzc4MDY0NzE3fDA&ixlib=rb-4.1.0&q=80&w=1080,REAL,Unknown,18-25,True
4934,https://api.dicebear.com/7.x/personas/jpg?seed=user1876&size=300,FAKE,Unknown,36-50,True
4799,https://api.dicebear.com/7.x/personas/jpg?seed=user1741&size=300,FAKE,Unknown,26-35,True
3506,https://api.dicebear.com/7.x/personas/jpg?seed=user448&size=300,FAKE,Unknown,36-50,True
1057,https://images.unsplash.com/photo-1709371525938-080a46bc4e38?crop=entropy&cs=tinysrgb&fit=max&fm=jpg&ixid=M3w5NDQwMTV8MHwxfHNlYXJjaHw1NDd8fG1hbiUyMGZhY2UlMjBjbG9zZXVwfGVufDB8fHx8MTc3ODA2NTIzNnww&ixlib=rb-4.1.0&q=80&w=1080,REAL,Unknown,26-35,True
5342,https://api.dicebear.com/7.x/personas/jpg?seed=user2284&size=300,FAKE,Unknown,18-25,True
3396,https://api.dicebear.com/7.x/personas/jpg?seed=user338&size=300,FAKE,Unknown,50+,True
4580,https://api.dicebear.com/7.x/personas/jpg?seed=user1522&size=300,FAKE,Unknown,18-25,True
3518,https://api.dicebear.com/7.x/personas/jpg?seed=user460&size=300,FAKE,Unknown,36-50,True
4114,https://api.dicebear.com/7.x/personas/jpg?seed=user1056&size=300,FAKE,Unknown,18-25,True
4596,https://api.dicebear.com/7.x/personas/jpg?seed=user1538&size=300,FAKE,Unknown,50+,True
4975,https://api.dicebear.com/7.x/personas/jpg?seed=user1917&size=300,FAKE,Unknown,50+,True
1431,https://images.unsplash.com/photo-1776661154295-ed08a215eb9d?crop=entropy&cs=tinysrgb&fit=max&fm=jpg&ixid=M3w5NDQwMTV8MHwxfHNlYXJjaHwzNTF8fHdvbWFuJTIwZmFjZSUyMHBvcnRyYWl0fGVufDB8fHx8MTc3ODA2NTI2M3ww&ixlib=rb-4.1.0&q=80&w=1080,REAL,Female,50+,True
1647,https://images.unsplash.com/photo-1614001313538-00f2026a248b?crop=entropy&cs=tinysrgb&fit=max&fm=jpg&ixid=M3w5NDQwMTV8MHwxfHNlYXJjaHw1Njd8fHdvbWFuJTIwZmFjZSUyMHBvcnRyYWl0fGVufDB8fHx8MTc3ODA2NTI3Nnww&ixlib=rb-4.1.0&q=80&w=1080,REAL,Unknown,18-25,True
5106,https://api.dicebear.com/7.x/personas/jpg?seed=user2048&size=300,FAKE,Unknown,26-35,True
1499,https://images.unsplash.com/photo-1629559915090-ee09fc9787c1?crop=entropy&cs=tinysrgb&fit=max&fm=jpg&ixid=M3w5NDQwMTV8MHwxfHNlYXJjaHw0MTl8fHdvbWFuJTIwZmFjZSUyMHBvcnRyYWl0fGVufDB8fHx8MTc3ODA2NTI2N3ww&ixlib=rb-4.1.0&q=80&w=1080,REAL,Female,36-50,True
4944,https://api.dicebear.com/7.x/personas/jpg?seed=user1886&size=300,FAKE,Unknown,36-50,True
4103,https://api.dicebear.com/7.x/personas/jpg?seed=user1045&size=300,FAKE,Unknown,18-25,True
1085,https://images.unsplash.com/photo-1610983214328-8d84eb6e32c6?crop=entropy&cs=tinysrgb&fit=max&fm=jpg&ixid=M3w5NDQwMTV8MHwxfHNlYXJjaHw1fHx3b21hbiUyMGZhY2UlMjBwb3J0cmFpdHxlbnwwfHx8fDE3NzgwNjUyMzl8MA&ixlib=rb-4.1.0&q=80&w=1080,REAL,Unknown,36-50,True
1434,https://images.unsplash.com/photo-1656103743126-2a5c4bee465c?crop=entropy&cs=tinysrgb&fit=max&fm=jpg&ixid=M3w5NDQwMTV8MHwxfHNlYXJjaHwzNTR8fHdvbWFuJTIwZmFjZSUyMHBvcnRyYWl0fGVufDB8fHx8MTc3ODA2NTI2M3ww&ixlib=rb-4.1.0&q=80&w=1080,REAL,Female,36-50,True
167,https://images.unsplash.com/photo-1636721342571-5a6f304cfc1e?crop=entropy&cs=tinysrgb&fit=max&fm=jpg&ixid=M3w5NDQwMTV8MHwxfHNlYXJjaHwxNjd8fGh1bWFuJTIwZmFjZSUyMHBvcnRyYWl0fGVufDB8fHx8MTc3ODA2NDc0OXww&ixlib=rb-4.1.0&q=80&w=1080,REAL,Unknown,18-25,True
586,https://images.unsplash.com/photo-1645864304100-04bb5f21e479?crop=entropy&cs=tinysrgb&fit=max&fm=jpg&ixid=M3w5NDQwMTV8MHwxfHNlYXJjaHw0Nnx8bWFuJTIwZmFjZSUyMGNsb3NldXB8ZW58MHx8fHwxNzc4MDY1MDc4fDA&ixlib=rb-4.1.0&q=80&w=1080,REAL,Unknown,26-35,True
5382,https://api.dicebear.com/7.x/personas/jpg?seed=user2324&size=300,FAKE,Unknown,26-35,True
3370,https://api.dicebear.com/7.x/personas/jpg?seed=user312&size=300,FAKE,Unknown,26-35,True
198,https://images.unsplash.com/photo-1721136271663-5f582cd17d9b?crop=entropy&cs=tinysrgb&fit=max&fm=jpg&ixid=M3w5NDQwMTV8MHwxfHNlYXJjaHwxOTh8fGh1bWFuJTIwZmFjZSUyMHBvcnRyYWl0fGVufDB8fHx8MTc3ODA2NDc1M3ww&ixlib=rb-4.1.0&q=80&w=1080,REAL,Female,50+,True
4129,https://api.dicebear.com/7.x/personas/jpg?seed=user1071&size=300,FAKE,Unknown,18-25,True
1222,https://images.unsplash.com/photo-1659500599203-fb8535fcdf37?crop=entropy&cs=tinysrgb&fit=max&fm=jpg&ixid=M3w5NDQwMTV8MHwxfHNlYXJjaHwxNDJ8fHdvbWFuJTIwZmFjZSUyMHBvcnRyYWl0fGVufDB8fHx8MTc3ODA2NTI0OHww&ixlib=rb-4.1.0&q=80&w=1080,REAL,Male,36-50,True
904,https://images.unsplash.com/photo-1635600814634-26d06f76f229?crop=entropy&cs=tinysrgb&fit=max&fm=jpg&ixid=M3w5NDQwMTV8MHwxfHNlYXJjaHwzOTR8fG1hbiUyMGZhY2UlMjBjbG9zZXVwfGVufDB8fHx8MTc3ODA2NTIyNnww&ixlib=rb-4.1.0&q=80&w=1080,REAL,Male,50+,True
4049,https://api.dicebear.com/7.x/personas/jpg?seed=user991&size=300,FAKE,Unknown,50+,True
55,https://images.unsplash.com/photo-1666011312995-e7a0cce85699?crop=entropy&cs=tinysrgb&fit=max&fm=jpg&ixid=M3w5NDQwMTV8MHwxfHNlYXJjaHw1NXx8aHVtYW4lMjBmYWNlJTIwcG9ydHJhaXR8ZW58MHx8fHwxNzc4MDY0NzA2fDA&ixlib=rb-4.1.0&q=80&w=1080,REAL,Unknown,36-50,True
3013,https://i.pravatar.cc/300?img=25,FAKE,Unknown,50+,True
2840,https://randomuser.me/api/portraits/men/50.jpg,FAKE,Male,36-50,True
1527,https://images.unsplash.com/photo-1558507652-2d9626c4e67a?crop=entropy&cs=tinysrgb&fit=max&fm=jpg&ixid=M3w5NDQwMTV8MHwxfHNlYXJjaHw0NDd8fHdvbWFuJTIwZmFjZSUyMHBvcnRyYWl0fGVufDB8fHx8MTc3ODA2NTI2OXww&ixlib=rb-4.1.0&q=80&w=1080,REAL,Male,50+,True
340,https://images.unsplash.com/photo-1579830341203-ab32d752ecaf?crop=entropy&cs=tinysrgb&fit=max&fm=jpg&ixid=M3w5NDQwMTV8MHwxfHNlYXJjaHwzNzB8fGh1bWFuJTIwZmFjZSUyMHBvcnRyYWl0fGVufDB8fHx8MTc3ODA2NDk5N3ww&ixlib=rb-4.1.0&q=80&w=1080,REAL,Unknown,50+,True
3258,https://api.dicebear.com/7.x/personas/jpg?seed=user200&size=300,FAKE,Unknown,18-25,True
1263,https://images.unsplash.com/photo-1643580605913-264c1676ff40?crop=entropy&cs=tinysrgb&fit=max&fm=jpg&ixid=M3w5NDQwMTV8MHwxfHNlYXJjaHwxODN8fHdvbWFuJTIwZmFjZSUyMHBvcnRyYWl0fGVufDB8fHx8MTc3ODA2NTI1M3ww&ixlib=rb-4.1.0&q=80&w=1080,REAL,Male,36-50,True
2188,https://images.unsplash.com/photo-1617818195753-a90d286cdbb2?crop=entropy&cs=tinysrgb&fit=max&fm=jpg&ixid=M3w5NDQwMTV8MHwxfHNlYXJjaHw1Mzh8fHBlcnNvbiUyMGZhY2UlMjBwaG90b3xlbnwwfHx8fDE3NzgwNjUzMTZ8MA&ixlib=rb-4.1.0&q=80&w=1080,REAL,Unknown,18-25,True
3814,https://api.dicebear.com/7.x/personas/jpg?seed=user756&size=300,FAKE,Unknown,36-50,True
3189,https://api.dicebear.com/7.x/personas/jpg?seed=user131&size=300,FAKE,Unknown,18-25,True
1269,https://images.unsplash.com/photo-1633380691989-5062bd5601ec?crop=entropy&cs=tinysrgb&fit=max&fm=jpg&ixid=M3w5NDQwMTV8MHwxfHNlYXJjaHwxODl8fHdvbWFuJTIwZmFjZSUyMHBvcnRyYWl0fGVufDB8fHx8MTc3ODA2NTI1M3ww&ixlib=rb-4.1.0&q=80&w=1080,REAL,Male,36-50,True
3122,https://api.dicebear.com/7.x/personas/jpg?seed=user64&size=300,FAKE,Unknown,36-50,True
1083,https://images.unsplash.com/photo-1644860704769-c61c84be7836?crop=entropy&cs=tinysrgb&fit=max&fm=jpg&ixid=M3w5NDQwMTV8MHwxfHNlYXJjaHwzfHx3b21hbiUyMGZhY2UlMjBwb3J0cmFpdHxlbnwwfHx8fDE3NzgwNjUyMzl8MA&ixlib=rb-4.1.0&q=80&w=1080,REAL,Female,36-50,True
1557,https://images.unsplash.com/photo-1661373058785-e918e0382753?crop=entropy&cs=tinysrgb&fit=max&fm=jpg&ixid=M3w5NDQwMTV8MHwxfHNlYXJjaHw0Nzd8fHdvbWFuJTIwZmFjZSUyMHBvcnRyYWl0fGVufDB8fHx8MTc3ODA2NTI3MXww&ixlib=rb-4.1.0&q=80&w=1080,REAL,Female,26-35,True
392,https://images.unsplash.com/photo-1697141520247-28ba1dd41791?crop=entropy&cs=tinysrgb&fit=max&fm=jpg&ixid=M3w5NDQwMTV8MHwxfHNlYXJjaHw0MjJ8fGh1bWFuJTIwZmFjZSUyMHBvcnRyYWl0fGVufDB8fHx8MTc3ODA2NTAyMXww&ixlib=rb-4.1.0&q=80&w=1080,REAL,Unknown,50+,True
1925,https://images.unsplash.com/photo-1648500128152-fa49f73e36df?crop=entropy&cs=tinysrgb&fit=max&fm=jpg&ixid=M3w5NDQwMTV8MHwxfHNlYXJjaHwyNzV8fHBlcnNvbiUyMGZhY2UlMjBwaG90b3xlbnwwfHx8fDE3NzgwNjUyOTd8MA&ixlib=rb-4.1.0&q=80&w=1080,REAL,Female,18-25,True
1035,https://images.unsplash.com/photo-1552408434-fefbd9da4640?crop=entropy&cs=tinysrgb&fit=max&fm=jpg&ixid=M3w5NDQwMTV8MHwxfHNlYXJjaHw1MjV8fG1hbiUyMGZhY2UlMjBjbG9zZXVwfGVufDB8fHx8MTc3ODA2NTIzNHww&ixlib=rb-4.1.0&q=80&w=1080,REAL,Unknown,18-25,True
3705,https://api.dicebear.com/7.x/personas/jpg?seed=user647&size=300,FAKE,Unknown,18-25,True
4174,https://api.dicebear.com/7.x/personas/jpg?seed=user1116&size=300,FAKE,Unknown,50+,True
696,https://images.unsplash.com/photo-1674147241560-80bc0ff56cd0?crop=entropy&cs=tinysrgb&fit=max&fm=jpg&ixid=M3w5NDQwMTV8MHwxfHNlYXJjaHwxODZ8fG1hbiUyMGZhY2UlMjBjbG9zZXVwfGVufDB8fHx8MTc3ODA2NTIwOXww&ixlib=rb-4.1.0&q=80&w=1080,REAL,Male,26-35,True
1673,https://images.unsplash.com/photo-1591624653534-5a9c93e4c5af?crop=entropy&cs=tinysrgb&fit=max&fm=jpg&ixid=M3w5NDQwMTV8MHwxfHNlYXJjaHwyM3x8cGVyc29uJTIwZmFjZSUyMHBob3RvfGVufDB8fHx8MTc3ODA2NTI3OHww&ixlib=rb-4.1.0&q=80&w=1080,REAL,Unknown,26-35,True
1743,https://images.unsplash.com/photo-1621687279203-9cbef79771b9?crop=entropy&cs=tinysrgb&fit=max&fm=jpg&ixid=M3w5NDQwMTV8MHwxfHNlYXJjaHw5M3x8cGVyc29uJTIwZmFjZSUyMHBob3RvfGVufDB8fHx8MTc3ODA2NTI4NHww&ixlib=rb-4.1.0&q=80&w=1080,REAL,Female,26-35,True
4251,https://api.dicebear.com/7.x/personas/jpg?seed=user1193&size=300,FAKE,Unknown,36-50,True
1827,https://images.unsplash.com/photo-1588851799505-f701f0e30bcf?crop=entropy&cs=tinysrgb&fit=max&fm=jpg&ixid=M3w5NDQwMTV8MHwxfHNlYXJjaHwxNzd8fHBlcnNvbiUyMGZhY2UlMjBwaG90b3xlbnwwfHx8fDE3NzgwNjUyODh8MA&ixlib=rb-4.1.0&q=80&w=1080,REAL,Female,50+,True
5511,https://api.dicebear.com/7.x/personas/jpg?seed=user2453&size=300,FAKE,Unknown,18-25,True
1221,https://images.unsplash.com/photo-1690444963408-9573a17a8058?crop=entropy&cs=tinysrgb&fit=max&fm=jpg&ixid=M3w5NDQwMTV8MHwxfHNlYXJjaHwxNDF8fHdvbWFuJTIwZmFjZSUyMHBvcnRyYWl0fGVufDB8fHx8MTc3ODA2NTI0OHww&ixlib=rb-4.1.0&q=80&w=1080,REAL,Unknown,36-50,True
2346,https://images.unsplash.com/photo-1704989977281-a741f7e1f7a0?crop=entropy&cs=tinysrgb&fit=max&fm=jpg&ixid=M3w5NDQwMTV8MHwxfHNlYXJjaHwxMjZ8fGFkdWx0JTIwZmFjZSUyMHBob3RvfGVufDB8fHx8MTc3ODA2ODg0MHww&ixlib=rb-4.1.0&q=80&w=1080,REAL,Unknown,26-35,True
912,https://images.unsplash.com/photo-1634710663764-a3f6cd868227?crop=entropy&cs=tinysrgb&fit=max&fm=jpg&ixid=M3w5NDQwMTV8MHwxfHNlYXJjaHw0MDJ8fG1hbiUyMGZhY2UlMjBjbG9zZXVwfGVufDB8fHx8MTc3ODA2NTIyNnww&ixlib=rb-4.1.0&q=80&w=1080,REAL,Male,26-35,True
21,https://images.unsplash.com/photo-1724225618782-1efa4b0cea18?crop=entropy&cs=tinysrgb&fit=max&fm=jpg&ixid=M3w5NDQwMTV8MHwxfHNlYXJjaHwyMXx8aHVtYW4lMjBmYWNlJTIwcG9ydHJhaXR8ZW58MHx8fHwxNzc4MDY0Njg3fDA&ixlib=rb-4.1.0&q=80&w=1080,REAL,Unknown,50+,True
4279,https://api.dicebear.com/7.x/personas/jpg?seed=user1221&size=300,FAKE,Unknown,26-35,True
5151,https://api.dicebear.com/7.x/personas/jpg?seed=user2093&size=300,FAKE,Unknown,26-35,True
3563,https://api.dicebear.com/7.x/personas/jpg?seed=user505&size=300,FAKE,Unknown,50+,True
4039,https://api.dicebear.com/7.x/personas/jpg?seed=user981&size=300,FAKE,Unknown,50+,True
2161,https://images.unsplash.com/photo-1656339781704-0afb3becfd90?crop=entropy&cs=tinysrgb&fit=max&fm=jpg&ixid=M3w5NDQwMTV8MHwxfHNlYXJjaHw1MTF8fHBlcnNvbiUyMGZhY2UlMjBwaG90b3xlbnwwfHx8fDE3NzgwNjUzMTZ8MA&ixlib=rb-4.1.0&q=80&w=1080,REAL,Unknown,18-25,True
4602,https://api.dicebear.com/7.x/personas/jpg?seed=user1544&size=300,FAKE,Unknown,26-35,True
1512,https://images.unsplash.com/photo-1548606007-7c9e58217d35?crop=entropy&cs=tinysrgb&fit=max&fm=jpg&ixid=M3w5NDQwMTV8MHwxfHNlYXJjaHw0MzJ8fHdvbWFuJTIwZmFjZSUyMHBvcnRyYWl0fGVufDB8fHx8MTc3ODA2NTI2OXww&ixlib=rb-4.1.0&q=80&w=1080,REAL,Male,18-25,True
4378,https://api.dicebear.com/7.x/personas/jpg?seed=user1320&size=300,FAKE,Unknown,18-25,True
3096,https://api.dicebear.com/7.x/personas/jpg?seed=user38&size=300,FAKE,Unknown,50+,True
2303,https://images.unsplash.com/photo-1755098453727-633861910fdd?crop=entropy&cs=tinysrgb&fit=max&fm=jpg&ixid=M3w5NDQwMTV8MHwxfHNlYXJjaHw4M3x8YWR1bHQlMjBmYWNlJTIwcGhvdG98ZW58MHx8fHwxNzc4MDY4ODM1fDA&ixlib=rb-4.1.0&q=80&w=1080,REAL,Female,50+,True
1880,https://images.unsplash.com/photo-1585095284510-4e377c7e0ab0?crop=entropy&cs=tinysrgb&fit=max&fm=jpg&ixid=M3w5NDQwMTV8MHwxfHNlYXJjaHwyMzB8fHBlcnNvbiUyMGZhY2UlMjBwaG90b3xlbnwwfHx8fDE3NzgwNjUyOTJ8MA&ixlib=rb-4.1.0&q=80&w=1080,REAL,Male,26-35,True
1657,https://images.unsplash.com/photo-1591135576895-a23c6e8e24af?crop=entropy&cs=tinysrgb&fit=max&fm=jpg&ixid=M3w5NDQwMTV8MHwxfHNlYXJjaHw3fHxwZXJzb24lMjBmYWNlJTIwcGhvdG98ZW58MHx8fHwxNzc4MDY1Mjc4fDA&ixlib=rb-4.1.0&q=80&w=1080,REAL,Female,36-50,True
5290,https://api.dicebear.com/7.x/personas/jpg?seed=user2232&size=300,FAKE,Unknown,50+,True
1038,https://images.unsplash.com/photo-1671680134210-7ffdbff92630?crop=entropy&cs=tinysrgb&fit=max&fm=jpg&ixid=M3w5NDQwMTV8MHwxfHNlYXJjaHw1Mjh8fG1hbiUyMGZhY2UlMjBjbG9zZXVwfGVufDB8fHx8MTc3ODA2NTIzNHww&ixlib=rb-4.1.0&q=80&w=1080,REAL,Male,50+,True
5389,https://api.dicebear.com/7.x/personas/jpg?seed=user2331&size=300,FAKE,Unknown,36-50,True
5109,https://api.dicebear.com/7.x/personas/jpg?seed=user2051&size=300,FAKE,Unknown,50+,True
3151,https://api.dicebear.com/7.x/personas/jpg?seed=user93&size=300,FAKE,Unknown,50+,True
4737,https://api.dicebear.com/7.x/personas/jpg?seed=user1679&size=300,FAKE,Unknown,36-50,True
2135,https://images.unsplash.com/photo-1726741694972-4e5a65e1b069?crop=entropy&cs=tinysrgb&fit=max&fm=jpg&ixid=M3w5NDQwMTV8MHwxfHNlYXJjaHw0ODV8fHBlcnNvbiUyMGZhY2UlMjBwaG90b3xlbnwwfHx8fDE3NzgwNjUzMTN8MA&ixlib=rb-4.1.0&q=80&w=1080,REAL,Male,18-25,True
4609,https://api.dicebear.com/7.x/personas/jpg?seed=user1551&size=300,FAKE,Unknown,18-25,True
1874,https://images.unsplash.com/photo-1673883429995-ee6cdde789c6?crop=entropy&cs=tinysrgb&fit=max&fm=jpg&ixid=M3w5NDQwMTV8MHwxfHNlYXJjaHwyMjR8fHBlcnNvbiUyMGZhY2UlMjBwaG90b3xlbnwwfHx8fDE3NzgwNjUyOTJ8MA&ixlib=rb-4.1.0&q=80&w=1080,REAL,Female,36-50,True
4645,https://api.dicebear.com/7.x/personas/jpg?seed=user1587&size=300,FAKE,Unknown,36-50,True
5498,https://api.dicebear.com/7.x/personas/jpg?seed=user2440&size=300,FAKE,Unknown,36-50,True
4280,https://api.dicebear.com/7.x/personas/jpg?seed=user1222&size=300,FAKE,Unknown,50+,True
4171,https://api.dicebear.com/7.x/personas/jpg?seed=user1113&size=300,FAKE,Unknown,26-35,True
309,https://images.unsplash.com/photo-1568324328423-60af661da9c7?crop=entropy&cs=tinysrgb&fit=max&fm=jpg&ixid=M3w5NDQwMTV8MHwxfHNlYXJjaHwzMzl8fGh1bWFuJTIwZmFjZSUyMHBvcnRyYWl0fGVufDB8fHx8MTc3ODA2NDk5MHww&ixlib=rb-4.1.0&q=80&w=1080,REAL,Female,36-50,True
3428,https://api.dicebear.com/7.x/personas/jpg?seed=user370&size=300,FAKE,Unknown,18-25,True
1903,https://images.unsplash.com/photo-1630635280270-00799dd04da6?crop=entropy&cs=tinysrgb&fit=max&fm=jpg&ixid=M3w5NDQwMTV8MHwxfHNlYXJjaHwyNTN8fHBlcnNvbiUyMGZhY2UlMjBwaG90b3xlbnwwfHx8fDE3NzgwNjUyOTV8MA&ixlib=rb-4.1.0&q=80&w=1080,REAL,Unknown,18-25,True
4383,https://api.dicebear.com/7.x/personas/jpg?seed=user1325&size=300,FAKE,Unknown,26-35,True
767,https://images.unsplash.com/photo-1761144863268-219ece9568ce?crop=entropy&cs=tinysrgb&fit=max&fm=jpg&ixid=M3w5NDQwMTV8MHwxfHNlYXJjaHwyNTd8fG1hbiUyMGZhY2UlMjBjbG9zZXVwfGVufDB8fHx8MTc3ODA2NTIxM3ww&ixlib=rb-4.1.0&q=80&w=1080,REAL,Male,18-25,True
3736,https://api.dicebear.com/7.x/personas/jpg?seed=user678&size=300,FAKE,Unknown,18-25,True
2333,https://images.unsplash.com/photo-1726741695254-d2049ba5022f?crop=entropy&cs=tinysrgb&fit=max&fm=jpg&ixid=M3w5NDQwMTV8MHwxfHNlYXJjaHwxMTN8fGFkdWx0JTIwZmFjZSUyMHBob3RvfGVufDB8fHx8MTc3ODA2ODgzOHww&ixlib=rb-4.1.0&q=80&w=1080,REAL,Unknown,18-25,True
5040,https://api.dicebear.com/7.x/personas/jpg?seed=user1982&size=300,FAKE,Unknown,26-35,True
3876,https://api.dicebear.com/7.x/personas/jpg?seed=user818&size=300,FAKE,Unknown,26-35,True
2162,https://images.unsplash.com/photo-1510753825673-db997abad99e?crop=entropy&cs=tinysrgb&fit=max&fm=jpg&ixid=M3w5NDQwMTV8MHwxfHNlYXJjaHw1MTJ8fHBlcnNvbiUyMGZhY2UlMjBwaG90b3xlbnwwfHx8fDE3NzgwNjUzMTZ8MA&ixlib=rb-4.1.0&q=80&w=1080,REAL,Unknown,50+,True
1538,https://images.unsplash.com/photo-1643810630527-d6cde3757382?crop=entropy&cs=tinysrgb&fit=max&fm=jpg&ixid=M3w5NDQwMTV8MHwxfHNlYXJjaHw0NTh8fHdvbWFuJTIwZmFjZSUyMHBvcnRyYWl0fGVufDB8fHx8MTc3ODA2NTI3MXww&ixlib=rb-4.1.0&q=80&w=1080,REAL,Female,36-50,True
1623,https://images.unsplash.com/photo-1591169267781-c13544606703?crop=entropy&cs=tinysrgb&fit=max&fm=jpg&ixid=M3w5NDQwMTV8MHwxfHNlYXJjaHw1NDN8fHdvbWFuJTIwZmFjZSUyMHBvcnRyYWl0fGVufDB8fHx8MTc3ODA2NTI3Nnww&ixlib=rb-4.1.0&q=80&w=1080,REAL,Unknown,36-50,True
1383,https://images.unsplash.com/photo-1634900858246-63273cdd05eb?crop=entropy&cs=tinysrgb&fit=max&fm=jpg&ixid=M3w5NDQwMTV8MHwxfHNlYXJjaHwzMDN8fHdvbWFuJTIwZmFjZSUyMHBvcnRyYWl0fGVufDB8fHx8MTc3ODA2NTI2MXww&ixlib=rb-4.1.0&q=80&w=1080,REAL,Unknown,36-50,True
2535,https://images.unsplash.com/photo-1642423889116-93ace7263b18?crop=entropy&cs=tinysrgb&fit=max&fm=jpg&ixid=M3w5NDQwMTV8MHwxfHNlYXJjaHwzMTV8fGFkdWx0JTIwZmFjZSUyMHBob3RvfGVufDB8fHx8MTc3ODA2ODg1M3ww&ixlib=rb-4.1.0&q=80&w=1080,REAL,Female,18-25,True
3987,https://api.dicebear.com/7.x/personas/jpg?seed=user929&size=300,FAKE,Unknown,26-35,True
1118,https://images.unsplash.com/photo-1634595477722-7bc68dd410fd?crop=entropy&cs=tinysrgb&fit=max&fm=jpg&ixid=M3w5NDQwMTV8MHwxfHNlYXJjaHwzOHx8d29tYW4lMjBmYWNlJTIwcG9ydHJhaXR8ZW58MHx8fHwxNzc4MDY1MjQyfDA&ixlib=rb-4.1.0&q=80&w=1080,REAL,Unknown,36-50,True
471,https://images.unsplash.com/photo-1579105728744-9d6b14a45389?crop=entropy&cs=tinysrgb&fit=max&fm=jpg&ixid=M3w5NDQwMTV8MHwxfHNlYXJjaHw1MDF8fGh1bWFuJTIwZmFjZSUyMHBvcnRyYWl0fGVufDB8fHx8MTc3ODA2NTAzN3ww&ixlib=rb-4.1.0&q=80&w=1080,REAL,Female,50+,True
697,https://images.unsplash.com/photo-1456693934704-633d98ea0371?crop=entropy&cs=tinysrgb&fit=max&fm=jpg&ixid=M3w5NDQwMTV8MHwxfHNlYXJjaHwxODd8fG1hbiUyMGZhY2UlMjBjbG9zZXVwfGVufDB8fHx8MTc3ODA2NTIwOXww&ixlib=rb-4.1.0&q=80&w=1080,REAL,Unknown,36-50,True
33,https://images.unsplash.com/photo-1589552207803-c3247402952a?crop=entropy&cs=tinysrgb&fit=max&fm=jpg&ixid=M3w5NDQwMTV8MHwxfHNlYXJjaHwzM3x8aHVtYW4lMjBmYWNlJTIwcG9ydHJhaXR8ZW58MHx8fHwxNzc4MDY0NzA2fDA&ixlib=rb-4.1.0&q=80&w=1080,REAL,Unknown,50+,True
2797,https://randomuser.me/api/portraits/men/7.jpg,FAKE,Male,36-50,True
2891,https://randomuser.me/api/portraits/women/2.jpg,FAKE,Female,26-35,True
3133,https://api.dicebear.com/7.x/personas/jpg?seed=user75&size=300,FAKE,Unknown,18-25,True
1400,https://images.unsplash.com/photo-1699435743279-c939e8eb8f80?crop=entropy&cs=tinysrgb&fit=max&fm=jpg&ixid=M3w5NDQwMTV8MHwxfHNlYXJjaHwzMjB8fHdvbWFuJTIwZmFjZSUyMHBvcnRyYWl0fGVufDB8fHx8MTc3ODA2NTI2MXww&ixlib=rb-4.1.0&q=80&w=1080,REAL,Male,26-35,True
3336,https://api.dicebear.com/7.x/personas/jpg?seed=user278&size=300,FAKE,Unknown,36-50,True
3505,https://api.dicebear.com/7.x/personas/jpg?seed=user447&size=300,FAKE,Unknown,50+,True
3658,https://api.dicebear.com/7.x/personas/jpg?seed=user600&size=300,FAKE,Unknown,26-35,True
1016,https://images.unsplash.com/photo-1564564244080-5141046f5e21?crop=entropy&cs=tinysrgb&fit=max&fm=jpg&ixid=M3w5NDQwMTV8MHwxfHNlYXJjaHw1MDZ8fG1hbiUyMGZhY2UlMjBjbG9zZXVwfGVufDB8fHx8MTc3ODA2NTIzMnww&ixlib=rb-4.1.0&q=80&w=1080,REAL,Unknown,18-25,True
1634,https://images.unsplash.com/photo-1678700266329-0f759ade138d?crop=entropy&cs=tinysrgb&fit=max&fm=jpg&ixid=M3w5NDQwMTV8MHwxfHNlYXJjaHw1NTR8fHdvbWFuJTIwZmFjZSUyMHBvcnRyYWl0fGVufDB8fHx8MTc3ODA2NTI3Nnww&ixlib=rb-4.1.0&q=80&w=1080,REAL,Male,50+,True
1633,https://images.unsplash.com/photo-1706022298109-633a3fdd7777?crop=entropy&cs=tinysrgb&fit=max&fm=jpg&ixid=M3w5NDQwMTV8MHwxfHNlYXJjaHw1NTN8fHdvbWFuJTIwZmFjZSUyMHBvcnRyYWl0fGVufDB8fHx8MTc3ODA2NTI3Nnww&ixlib=rb-4.1.0&q=80&w=1080,REAL,Female,26-35,True
1978,https://images.unsplash.com/photo-1661911148708-8f38b98f191b?crop=entropy&cs=tinysrgb&fit=max&fm=jpg&ixid=M3w5NDQwMTV8MHwxfHNlYXJjaHwzMjh8fHBlcnNvbiUyMGZhY2UlMjBwaG90b3xlbnwwfHx8fDE3NzgwNjUyOTl8MA&ixlib=rb-4.1.0&q=80&w=1080,REAL,Female,36-50,True
2354,https://images.unsplash.com/photo-1704989969259-39f5189359bf?crop=entropy&cs=tinysrgb&fit=max&fm=jpg&ixid=M3w5NDQwMTV8MHwxfHNlYXJjaHwxMzR8fGFkdWx0JTIwZmFjZSUyMHBob3RvfGVufDB8fHx8MTc3ODA2ODg0MHww&ixlib=rb-4.1.0&q=80&w=1080,REAL,Female,36-50,True
4783,https://api.dicebear.com/7.x/personas/jpg?seed=user1725&size=300,FAKE,Unknown,36-50,True
3140,https://api.dicebear.com/7.x/personas/jpg?seed=user82&size=300,FAKE,Unknown,36-50,True
3248,https://api.dicebear.com/7.x/personas/jpg?seed=user190&size=300,FAKE,Unknown,36-50,True
5360,https://api.dicebear.com/7.x/personas/jpg?seed=user2302&size=300,FAKE,Unknown,50+,True
4913,https://api.dicebear.com/7.x/personas/jpg?seed=user1855&size=300,FAKE,Unknown,36-50,True
2820,https://randomuser.me/api/portraits/men/30.jpg,FAKE,Male,26-35,True
2675,https://images.unsplash.com/photo-1586865972860-651ee6c4308a?crop=entropy&cs=tinysrgb&fit=max&fm=jpg&ixid=M3w5NDQwMTV8MHwxfHNlYXJjaHw0NTV8fGFkdWx0JTIwZmFjZSUyMHBob3RvfGVufDB8fHx8MTc3ODA2ODg2OHww&ixlib=rb-4.1.0&q=80&w=1080,REAL,Unknown,26-35,True
4890,https://api.dicebear.com/7.x/personas/jpg?seed=user1832&size=300,FAKE,Unknown,26-35,True
4432,https://api.dicebear.com/7.x/personas/jpg?seed=user1374&size=300,FAKE,Unknown,36-50,True
3818,https://api.dicebear.com/7.x/personas/jpg?seed=user760&size=300,FAKE,Unknown,50+,True
966,https://images.unsplash.com/photo-1611055114622-4ae289ce3c15?crop=entropy&cs=tinysrgb&fit=max&fm=jpg&ixid=M3w5NDQwMTV8MHwxfHNlYXJjaHw0NTZ8fG1hbiUyMGZhY2UlMjBjbG9zZXVwfGVufDB8fHx8MTc3ODA2NTIzMHww&ixlib=rb-4.1.0&q=80&w=1080,REAL,Female,18-25,True
193,https://images.unsplash.com/photo-1629974952957-686485f3e849?crop=entropy&cs=tinysrgb&fit=max&fm=jpg&ixid=M3w5NDQwMTV8MHwxfHNlYXJjaHwxOTN8fGh1bWFuJTIwZmFjZSUyMHBvcnRyYWl0fGVufDB8fHx8MTc3ODA2NDc1M3ww&ixlib=rb-4.1.0&q=80&w=1080,REAL,Unknown,36-50,True
4764,https://api.dicebear.com/7.x/personas/jpg?seed=user1706&size=300,FAKE,Unknown,50+,True
1193,https://images.unsplash.com/photo-1682887101248-bd942bfb98b3?crop=entropy&cs=tinysrgb&fit=max&fm=jpg&ixid=M3w5NDQwMTV8MHwxfHNlYXJjaHwxMTN8fHdvbWFuJTIwZmFjZSUyMHBvcnRyYWl0fGVufDB8fHx8MTc3ODA2NTI0Nnww&ixlib=rb-4.1.0&q=80&w=1080,REAL,Male,18-25,True
3341,https://api.dicebear.com/7.x/personas/jpg?seed=user283&size=300,FAKE,Unknown,50+,True
1508,https://images.unsplash.com/photo-1567425601834-0768cf9f3c78?crop=entropy&cs=tinysrgb&fit=max&fm=jpg&ixid=M3w5NDQwMTV8MHwxfHNlYXJjaHw0Mjh8fHdvbWFuJTIwZmFjZSUyMHBvcnRyYWl0fGVufDB8fHx8MTc3ODA2NTI2OXww&ixlib=rb-4.1.0&q=80&w=1080,REAL,Unknown,36-50,True
1288,https://images.unsplash.com/photo-1623853589874-864b1dd4d922?crop=entropy&cs=tinysrgb&fit=max&fm=jpg&ixid=M3w5NDQwMTV8MHwxfHNlYXJjaHwyMDh8fHdvbWFuJTIwZmFjZSUyMHBvcnRyYWl0fGVufDB8fHx8MTc3ODA2NTI1M3ww&ixlib=rb-4.1.0&q=80&w=1080,REAL,Male,18-25,True
974,https://images.unsplash.com/photo-1554306352-f039722ccb55?crop=entropy&cs=tinysrgb&fit=max&fm=jpg&ixid=M3w5NDQwMTV8MHwxfHNlYXJjaHw0NjR8fG1hbiUyMGZhY2UlMjBjbG9zZXVwfGVufDB8fHx8MTc3ODA2NTIzMHww&ixlib=rb-4.1.0&q=80&w=1080,REAL,Male,26-35,True
3073,https://api.dicebear.com/7.x/personas/jpg?seed=user15&size=300,FAKE,Unknown,50+,True
5136,https://api.dicebear.com/7.x/personas/jpg?seed=user2078&size=300,FAKE,Unknown,26-35,True
3357,https://api.dicebear.com/7.x/personas/jpg?seed=user299&size=300,FAKE,Unknown,26-35,True
2814,https://randomuser.me/api/portraits/men/24.jpg,FAKE,Male,50+,True
2783,https://images.unsplash.com/photo-1617860341229-12e83793caae?crop=entropy&cs=tinysrgb&fit=max&fm=jpg&ixid=M3w5NDQwMTV8MHwxfHNlYXJjaHw1NjN8fGFkdWx0JTIwZmFjZSUyMHBob3RvfGVufDB8fHx8MTc3ODA2ODg3Nnww&ixlib=rb-4.1.0&q=80&w=1080,REAL,Female,26-35,True
284,https://images.unsplash.com/photo-1579830341173-519fb8c07ca2?crop=entropy&cs=tinysrgb&fit=max&fm=jpg&ixid=M3w5NDQwMTV8MHwxfHNlYXJjaHwzMTR8fGh1bWFuJTIwZmFjZSUyMHBvcnRyYWl0fGVufDB8fHx8MTc3ODA2NDk4N3ww&ixlib=rb-4.1.0&q=80&w=1080,REAL,Unknown,50+,True
1834,https://images.unsplash.com/photo-1734067129129-bcb732801efe?crop=entropy&cs=tinysrgb&fit=max&fm=jpg&ixid=M3w5NDQwMTV8MHwxfHNlYXJjaHwxODR8fHBlcnNvbiUyMGZhY2UlMjBwaG90b3xlbnwwfHx8fDE3NzgwNjUyOTB8MA&ixlib=rb-4.1.0&q=80&w=1080,REAL,Unknown,18-25,True
788,https://images.unsplash.com/photo-1775219588608-9191846e6da3?crop=entropy&cs=tinysrgb&fit=max&fm=jpg&ixid=M3w5NDQwMTV8MHwxfHNlYXJjaHwyNzh8fG1hbiUyMGZhY2UlMjBjbG9zZXVwfGVufDB8fHx8MTc3ODA2NTIxNnww&ixlib=rb-4.1.0&q=80&w=1080,REAL,Female,18-25,True
5341,https://api.dicebear.com/7.x/personas/jpg?seed=user2283&size=300,FAKE,Unknown,50+,True
4716,https://api.dicebear.com/7.x/personas/jpg?seed=user1658&size=300,FAKE,Unknown,36-50,True
2883,https://randomuser.me/api/portraits/men/93.jpg,FAKE,Male,18-25,True
1494,https://images.unsplash.com/photo-1648198721083-7bb68dc6840c?crop=entropy&cs=tinysrgb&fit=max&fm=jpg&ixid=M3w5NDQwMTV8MHwxfHNlYXJjaHw0MTR8fHdvbWFuJTIwZmFjZSUyMHBvcnRyYWl0fGVufDB8fHx8MTc3ODA2NTI2N3ww&ixlib=rb-4.1.0&q=80&w=1080,REAL,Male,26-35,True
4849,https://api.dicebear.com/7.x/personas/jpg?seed=user1791&size=300,FAKE,Unknown,50+,True
3697,https://api.dicebear.com/7.x/personas/jpg?seed=user639&size=300,FAKE,Unknown,50+,True
314,https://images.unsplash.com/photo-1587337905415-bb0d87a75610?crop=entropy&cs=tinysrgb&fit=max&fm=jpg&ixid=M3w5NDQwMTV8MHwxfHNlYXJjaHwzNDR8fGh1bWFuJTIwZmFjZSUyMHBvcnRyYWl0fGVufDB8fHx8MTc3ODA2NDk5MHww&ixlib=rb-4.1.0&q=80&w=1080,REAL,Unknown,26-35,True
2610,https://images.unsplash.com/photo-1676732619792-7d468a350aa7?crop=entropy&cs=tinysrgb&fit=max&fm=jpg&ixid=M3w5NDQwMTV8MHwxfHNlYXJjaHwzOTB8fGFkdWx0JTIwZmFjZSUyMHBob3RvfGVufDB8fHx8MTc3ODA2ODg1OHww&ixlib=rb-4.1.0&q=80&w=1080,REAL,Male,50+,True
4592,https://api.dicebear.com/7.x/personas/jpg?seed=user1534&size=300,FAKE,Unknown,36-50,True
5526,https://api.dicebear.com/7.x/personas/jpg?seed=user2468&size=300,FAKE,Unknown,36-50,True
2069,https://images.unsplash.com/photo-1646174884178-442159ec346a?crop=entropy&cs=tinysrgb&fit=max&fm=jpg&ixid=M3w5NDQwMTV8MHwxfHNlYXJjaHw0MTl8fHBlcnNvbiUyMGZhY2UlMjBwaG90b3xlbnwwfHx8fDE3NzgwNjUzMDV8MA&ixlib=rb-4.1.0&q=80&w=1080,REAL,Unknown,26-35,True
1306,https://images.unsplash.com/photo-1653512489056-f06ca821de1b?crop=entropy&cs=tinysrgb&fit=max&fm=jpg&ixid=M3w5NDQwMTV8MHwxfHNlYXJjaHwyMjZ8fHdvbWFuJTIwZmFjZSUyMHBvcnRyYWl0fGVufDB8fHx8MTc3ODA2NTI1NXww&ixlib=rb-4.1.0&q=80&w=1080,REAL,Female,50+,True
2834,https://randomuser.me/api/portraits/men/44.jpg,FAKE,Male,18-25,True
1335,https://images.unsplash.com/photo-1646795203089-c7fe40f908c4?crop=entropy&cs=tinysrgb&fit=max&fm=jpg&ixid=M3w5NDQwMTV8MHwxfHNlYXJjaHwyNTV8fHdvbWFuJTIwZmFjZSUyMHBvcnRyYWl0fGVufDB8fHx8MTc3ODA2NTI1N3ww&ixlib=rb-4.1.0&q=80&w=1080,REAL,Female,26-35,True
5515,https://api.dicebear.com/7.x/personas/jpg?seed=user2457&size=300,FAKE,Unknown,50+,True
2036,https://images.unsplash.com/photo-1689803757010-c779c255d3ec?crop=entropy&cs=tinysrgb&fit=max&fm=jpg&ixid=M3w5NDQwMTV8MHwxfHNlYXJjaHwzODZ8fHBlcnNvbiUyMGZhY2UlMjBwaG90b3xlbnwwfHx8fDE3NzgwNjUzMDN8MA&ixlib=rb-4.1.0&q=80&w=1080,REAL,Unknown,50+,True
1175,https://images.unsplash.com/photo-1636393915605-359f65e81082?crop=entropy&cs=tinysrgb&fit=max&fm=jpg&ixid=M3w5NDQwMTV8MHwxfHNlYXJjaHw5NXx8d29tYW4lMjBmYWNlJTIwcG9ydHJhaXR8ZW58MHx8fHwxNzc4MDY1MjQ2fDA&ixlib=rb-4.1.0&q=80&w=1080,REAL,Female,50+,True
2995,https://i.pravatar.cc/300?img=7,FAKE,Unknown,36-50,True
2065,https://images.unsplash.com/photo-1726741694559-b3e23a2db831?crop=entropy&cs=tinysrgb&fit=max&fm=jpg&ixid=M3w5NDQwMTV8MHwxfHNlYXJjaHw0MTV8fHBlcnNvbiUyMGZhY2UlMjBwaG90b3xlbnwwfHx8fDE3NzgwNjUzMDV8MA&ixlib=rb-4.1.0&q=80&w=1080,REAL,Male,50+,True
2816,https://randomuser.me/api/portraits/men/26.jpg,FAKE,Male,50+,True
1011,https://images.unsplash.com/photo-1615290788929-606761603023?crop=entropy&cs=tinysrgb&fit=max&fm=jpg&ixid=M3w5NDQwMTV8MHwxfHNlYXJjaHw1MDF8fG1hbiUyMGZhY2UlMjBjbG9zZXVwfGVufDB8fHx8MTc3ODA2NTIzMnww&ixlib=rb-4.1.0&q=80&w=1080,REAL,Unknown,26-35,True
440,https://images.unsplash.com/photo-1643742325159-011b6078d5fe?crop=entropy&cs=tinysrgb&fit=max&fm=jpg&ixid=M3w5NDQwMTV8MHwxfHNlYXJjaHw0NzB8fGh1bWFuJTIwZmFjZSUyMHBvcnRyYWl0fGVufDB8fHx8MTc3ODA2NTAzM3ww&ixlib=rb-4.1.0&q=80&w=1080,REAL,Male,26-35,True
1651,https://images.unsplash.com/photo-1585950689374-86d54b0efd6c?crop=entropy&cs=tinysrgb&fit=max&fm=jpg&ixid=M3w5NDQwMTV8MHwxfHNlYXJjaHwxfHxwZXJzb24lMjBmYWNlJTIwcGhvdG98ZW58MHx8fHwxNzc4MDY1Mjc4fDA&ixlib=rb-4.1.0&q=80&w=1080,REAL,Unknown,26-35,True
3113,https://api.dicebear.com/7.x/personas/jpg?seed=user55&size=300,FAKE,Unknown,36-50,True
4412,https://api.dicebear.com/7.x/personas/jpg?seed=user1354&size=300,FAKE,Unknown,26-35,True
4250,https://api.dicebear.com/7.x/personas/jpg?seed=user1192&size=300,FAKE,Unknown,50+,True
